pedido_id,cliente_id,produto_id,quantidade,preco_unitario,desconto,frete,valor_total,status,data_pedido,status_data
1,655,115,1.0,11128.43,0.0,29.54,10378.98,PAGO,2025-02-23,PEDIDO COM DATA
2,666,719,9.0,6304.41,0.13,48.95,49412.48,PAGO,2022-07-09,PEDIDO COM DATA
3,368,868,6.0,9063.82,0.24,112.16,41443.18,PENDENTE,,PEDIDO SEM DATA
4,792,297,2.0,12832.66,0.26,63.22,19055.56,PAGO,2022-12-17,PEDIDO COM DATA
5,251,168,8.0,5704.24,0.3,80.39,32043.34,CANCELADO,2022-05-16,PEDIDO COM DATA
6,966,581,6.0,3205.15,0.15,133.86,16480.12,ENVIADO,2024-01-12,PEDIDO COM DATA
7,142,522,8.0,1381.82,0.01,25.35,25248.04,PAGO,2022-08-23,PEDIDO COM DATA
10,88,750,8.0,12244.03,0.29,84.58,69630.67,PENDENTE,2023-10-01,PEDIDO COM DATA
12,881,339,2.0,7722.06,0.08,77.96,14286.55,PAGO,2022-07-18,PEDIDO COM DATA
13,363,434,7.0,7016.03,0.22,104.27,38411.79,ENVIADO,2022-10-15,PEDIDO COM DATA
14,286,474,4.0,13119.8,0.0,123.12,51552.74,PENDENTE,2022-12-07,PEDIDO COM DATA
20,289,620,4.0,10769.83,0.06,98.79,40593.35,PAGO,2023-11-15,PEDIDO COM DATA
22,921,956,1.0,13485.89,0.06,44.93,12721.67,PENDENTE,2022-12-29,PEDIDO COM DATA
23,26,184,6.0,11740.15,0.12,80.39,62091.78,PENDENTE,2024-07-31,PEDIDO COM DATA
25,268,183,10.0,14438.76,0.08,25.18,132861.77,CANCELADO,2022-04-01,PEDIDO COM DATA
26,2,533,9.0,10309.12,0.28,113.19,66916.29,CANCELADO,2024-11-04,PEDIDO COM DATA
27,419,335,7.0,10464.18,0.17,36.86,60833.75,CANCELADO,2023-08-11,PEDIDO COM DATA
28,805,594,10.0,9827.49,0.14,71.9,84588.31,CANCELADO,2022-07-11,PEDIDO COM DATA
29,770,241,5.0,3385.12,0.06,13.42,25248.04,ENVIADO,2024-10-09,PEDIDO COM DATA
30,152,672,1.0,13392.04,0.26,133.97,10044.08,PAGO,2024-07-23,PEDIDO COM DATA
31,476,684,9.0,14818.63,0.18,143.01,109504.5,ENVIADO,2024-07-10,PEDIDO COM DATA
33,66,425,7.0,4976.6,0.0,18.72,29977.85,ENVIADO,2022-01-13,PEDIDO COM DATA
34,306,772,7.0,12804.65,0.29,68.66,63707.77,PAGO,2024-04-08,PEDIDO COM DATA
35,861,479,3.0,14711.22,0.16,136.97,37209.24,CANCELADO,2023-03-10,PEDIDO COM DATA
36,346,780,7.0,4188.28,0.29,69.02,25248.04,PAGO,2022-03-05,PEDIDO COM DATA
39,580,802,1.0,5221.11,0.13,61.88,4604.25,ENVIADO,2022-11-10,PEDIDO COM DATA
40,752,535,5.0,9246.37,0.28,118.45,33405.38,ENVIADO,2023-05-15,PEDIDO COM DATA
41,584,625,7.0,5059.22,0.15,55.5,30157.86,PENDENTE,2022-06-25,PEDIDO COM DATA
42,417,501,9.0,11377.31,0.21,100.43,80993.1,ENVIADO,2025-02-07,PEDIDO COM DATA
44,604,779,9.0,8959.93,0.29,80.39,57380.52,PAGO,2022-09-16,PEDIDO COM DATA
46,577,972,5.0,1296.01,0.07,88.13,6114.58,ENVIADO,2023-09-18,PEDIDO COM DATA
47,62,625,2.0,14214.9,0.06,39.54,-500.0,PAGO,2023-04-20,PEDIDO COM DATA
48,290,720,8.0,1086.27,0.07,47.04,8128.89,CANCELADO,,PEDIDO SEM DATA
49,812,315,10.0,11239.39,0.17,50.41,93337.35,PAGO,2024-06-03,PEDIDO COM DATA
50,619,257,1.0,1388.08,0.29,80.39,1112.57,ENVIADO,2024-11-28,PEDIDO COM DATA
51,939,285,3.0,14954.24,0.13,123.99,39154.56,ENVIADO,2023-08-14,PEDIDO COM DATA
52,411,834,9.0,569.72,0.0,45.34,5019.0,PAGO,2023-01-20,PEDIDO COM DATA
56,594,676,8.0,12981.6,0.13,77.81,90429.75,ENVIADO,2023-04-24,PEDIDO COM DATA
57,421,45,6.0,11175.68,0.21,80.39,53096.32,CANCELADO,2022-07-25,PEDIDO COM DATA
59,909,778,8.0,13088.3,0.01,19.58,103678.92,PAGO,2024-06-27,PEDIDO COM DATA
60,307,926,1.0,708.94,0.24,51.07,589.86,CANCELADO,2024-02-23,PEDIDO COM DATA
62,468,866,5.0,3004.27,0.12,77.65,13296.44,CANCELADO,2022-01-17,PEDIDO COM DATA
64,662,41,5.0,11833.39,0.01,61.08,58636.36,CANCELADO,2024-12-23,PEDIDO COM DATA
65,280,851,3.0,3869.41,0.25,77.46,8783.63,ENVIADO,2025-02-15,PEDIDO COM DATA
67,651,844,8.0,13642.63,0.09,67.16,99385.51,ENVIADO,2024-01-30,PEDIDO COM DATA
75,486,69,2.0,12479.94,0.03,23.52,24234.6,CANCELADO,2024-05-16,PEDIDO COM DATA
76,739,53,5.0,9014.14,0.11,90.91,40203.83,PENDENTE,2024-05-28,PEDIDO COM DATA
77,998,786,10.0,9211.33,0.19,13.68,74625.45,PAGO,2023-01-07,PEDIDO COM DATA
78,580,674,7.0,1062.39,0.22,146.05,5946.7,PAGO,2022-04-18,PEDIDO COM DATA
80,47,226,7.0,14767.0,0.02,38.62,101340.24,PENDENTE,2024-02-18,PEDIDO COM DATA
82,22,990,6.0,2594.66,0.28,74.41,11283.34,CANCELADO,2023-09-28,PEDIDO COM DATA
83,227,342,3.0,1164.16,0.19,84.28,2913.19,CANCELADO,2023-02-09,PEDIDO COM DATA
84,157,779,2.0,2673.65,0.23,79.18,4196.6,CANCELADO,2022-11-06,PEDIDO COM DATA
87,537,536,10.0,2398.02,0.11,49.61,21391.99,ENVIADO,2023-08-05,PEDIDO COM DATA
88,873,673,10.0,13101.73,0.1,91.58,118007.15,CANCELADO,2025-02-18,PEDIDO COM DATA
89,811,337,3.0,10058.34,0.25,113.43,22744.69,PENDENTE,2023-12-01,PEDIDO COM DATA
90,498,197,4.0,14999.65,0.05,51.41,57050.08,PENDENTE,2024-02-11,PEDIDO COM DATA
91,186,852,10.0,12139.47,0.05,71.27,115396.24,PENDENTE,2023-09-26,PEDIDO COM DATA
92,804,481,4.0,5530.26,0.28,147.82,16074.97,PENDENTE,,PEDIDO SEM DATA
93,896,381,9.0,14015.72,0.21,82.23,99734.0,PENDENTE,2024-07-12,PEDIDO COM DATA
95,143,778,8.0,6740.05,0.0,21.09,53941.49,CANCELADO,,PEDIDO SEM DATA
99,38,301,4.0,676.22,0.06,15.87,2558.46,CANCELADO,2022-04-08,PEDIDO COM DATA
103,242,798,6.0,5445.02,0.28,14.53,23537.02,CANCELADO,2023-07-25,PEDIDO COM DATA
106,125,206,3.0,3566.31,0.15,60.53,9154.62,ENVIADO,2024-12-12,PEDIDO COM DATA
107,420,844,10.0,1124.79,0.29,99.93,8085.94,PENDENTE,2024-06-05,PEDIDO COM DATA
108,890,57,2.0,7781.17,0.09,32.68,14194.41,CANCELADO,2022-09-14,PEDIDO COM DATA
109,630,547,2.0,7548.55,0.05,141.82,14484.06,PAGO,,PEDIDO SEM DATA
110,272,667,4.0,11509.05,0.12,99.46,40611.32,CANCELADO,,PEDIDO SEM DATA
112,126,274,8.0,3733.82,0.03,50.63,29025.07,CANCELADO,2023-01-24,PEDIDO COM DATA
113,511,528,8.0,7491.42,0.09,13.24,54550.78,ENVIADO,2023-08-09,PEDIDO COM DATA
119,627,943,8.0,13094.81,0.22,18.72,81730.33,CANCELADO,2025-01-23,PEDIDO COM DATA
120,791,889,5.0,9158.95,0.06,44.51,43091.57,CANCELADO,2024-09-09,PEDIDO COM DATA
121,957,957,5.0,4331.08,0.17,80.39,18060.03,PAGO,2023-12-11,PEDIDO COM DATA
122,672,263,8.0,3225.52,0.25,47.96,19401.08,PENDENTE,,PEDIDO SEM DATA
123,339,735,8.0,1526.16,0.23,10.73,9411.88,CANCELADO,2023-10-20,PEDIDO COM DATA
125,767,986,5.0,13153.61,0.0,89.51,65857.56,ENVIADO,2023-07-13,PEDIDO COM DATA
127,411,686,2.0,2788.02,0.04,55.3,5408.3,PAGO,2023-06-20,PEDIDO COM DATA
128,710,242,1.0,10023.44,0.14,32.36,8652.52,CANCELADO,2023-03-29,PEDIDO COM DATA
129,137,490,3.0,6835.58,0.3,62.31,14417.03,PAGO,2024-12-12,PEDIDO COM DATA
130,721,371,2.0,13760.33,0.03,126.03,26821.07,ENVIADO,2022-07-06,PEDIDO COM DATA
133,929,387,7.0,1222.14,0.29,132.44,6206.48,PAGO,2022-02-16,PEDIDO COM DATA
134,475,690,9.0,6373.44,0.11,80.39,51093.4,PAGO,2023-05-08,PEDIDO COM DATA
136,750,590,6.0,8670.57,0.23,124.57,40182.6,PENDENTE,2024-05-24,PEDIDO COM DATA
137,49,996,6.0,14124.96,0.2,120.01,67919.82,CANCELADO,2022-10-23,PEDIDO COM DATA
138,937,60,9.0,6201.91,0.12,84.2,25248.04,PENDENTE,2022-04-16,PEDIDO COM DATA
139,690,620,10.0,612.42,0.02,122.65,6124.37,PENDENTE,2023-01-25,PEDIDO COM DATA
140,121,765,8.0,13718.33,0.21,108.53,86808.38,CANCELADO,2024-11-16,PEDIDO COM DATA
142,338,236,7.0,8555.45,0.07,87.09,55783.07,CANCELADO,2022-12-13,PEDIDO COM DATA
145,715,691,7.0,12096.39,0.27,24.98,61837.53,CANCELADO,2024-04-11,PEDIDO COM DATA
148,34,184,6.0,254.56,0.06,30.19,1465.91,CANCELADO,2024-02-26,PEDIDO COM DATA
149,144,810,2.0,7521.88,0.29,17.52,10698.59,PAGO,2023-07-14,PEDIDO COM DATA
152,568,96,10.0,8978.7,0.1,63.93,80872.23,PENDENTE,2024-02-19,PEDIDO COM DATA
154,7,972,7.0,4996.61,0.19,122.57,28453.35,PENDENTE,2024-09-08,PEDIDO COM DATA
155,988,408,6.0,4385.89,0.21,78.74,20867.86,PENDENTE,,PEDIDO SEM DATA
156,966,726,4.0,6588.06,0.09,107.0,24087.54,ENVIADO,,PEDIDO SEM DATA
158,628,46,10.0,14754.45,0.2,65.95,25248.04,PENDENTE,2024-07-01,PEDIDO COM DATA
159,475,791,10.0,10362.75,0.05,149.68,98595.8,CANCELADO,2024-07-21,PEDIDO COM DATA
160,534,495,6.0,7152.91,0.13,107.55,37445.74,PENDENTE,2023-05-15,PEDIDO COM DATA
161,566,164,6.0,8406.54,0.0,42.46,35854.32,ENVIADO,,PEDIDO SEM DATA
163,357,361,8.0,9268.09,0.24,108.84,56458.83,PENDENTE,2024-11-12,PEDIDO COM DATA
164,611,142,10.0,5767.98,0.06,98.97,54317.98,ENVIADO,2022-04-20,PEDIDO COM DATA
165,975,10,8.0,2065.29,0.24,144.94,12701.9,PAGO,2023-03-28,PEDIDO COM DATA
166,282,231,9.0,4344.28,0.23,89.19,30195.05,PAGO,2024-06-22,PEDIDO COM DATA
167,436,105,4.0,4479.68,0.3,72.96,12616.06,CANCELADO,2024-05-26,PEDIDO COM DATA
168,143,804,4.0,12206.68,0.24,89.81,37198.12,PAGO,2022-10-05,PEDIDO COM DATA
169,805,422,1.0,14887.44,0.26,27.76,11044.47,CANCELADO,2024-04-28,PEDIDO COM DATA
170,78,649,2.0,6054.7,0.22,107.26,9552.59,ENVIADO,2024-01-04,PEDIDO COM DATA
171,815,548,7.0,3283.09,0.13,39.66,20033.68,PAGO,2022-04-05,PEDIDO COM DATA
172,803,857,8.0,263.89,0.28,32.12,1552.13,CANCELADO,2022-07-11,PEDIDO COM DATA
173,257,85,6.0,9974.34,0.19,17.25,48492.54,PAGO,2022-09-29,PEDIDO COM DATA
174,532,697,8.0,159.12,0.21,124.4,25248.04,CANCELADO,2023-09-05,PEDIDO COM DATA
176,103,144,2.0,8851.82,0.12,144.85,15724.05,PAGO,2023-09-10,PEDIDO COM DATA
177,622,522,4.0,11222.7,0.09,17.64,40868.27,PAGO,2024-01-10,PEDIDO COM DATA
180,748,977,4.0,887.43,0.03,70.83,3514.06,PAGO,2022-12-02,PEDIDO COM DATA
181,356,536,9.0,11749.15,0.22,80.39,82512.4,CANCELADO,,PEDIDO SEM DATA
183,13,251,1.0,7087.03,0.11,31.01,6338.47,ENVIADO,2023-10-18,PEDIDO COM DATA
187,996,146,5.0,1413.54,0.28,135.62,5224.36,ENVIADO,2022-06-03,PEDIDO COM DATA
189,461,478,6.0,6109.56,0.16,145.05,30937.23,PAGO,2023-03-17,PEDIDO COM DATA
191,813,144,2.0,199.11,0.25,147.56,446.23,PAGO,2022-02-14,PEDIDO COM DATA
193,220,931,3.0,4139.23,0.13,30.81,10834.2,ENVIADO,2022-10-09,PEDIDO COM DATA
195,327,612,4.0,458.97,0.24,49.33,1444.6,PENDENTE,2023-06-30,PEDIDO COM DATA
196,811,940,1.0,11465.46,0.28,90.6,8345.73,CANCELADO,2022-02-27,PEDIDO COM DATA
197,361,971,10.0,8462.83,0.17,36.35,70277.84,PENDENTE,2022-02-10,PEDIDO COM DATA
198,1,340,10.0,3037.94,0.04,110.37,25248.04,CANCELADO,2022-05-29,PEDIDO COM DATA
199,965,679,7.0,8798.53,0.1,55.16,55485.9,CANCELADO,2023-04-03,PEDIDO COM DATA
200,835,180,7.0,4616.21,0.21,27.83,25555.47,CANCELADO,2023-10-14,PEDIDO COM DATA
203,592,667,4.0,2456.59,0.02,128.41,0.0,PAGO,2023-11-24,PEDIDO COM DATA
205,99,51,7.0,8585.11,0.25,31.5,45103.33,PAGO,2023-08-21,PEDIDO COM DATA
206,485,865,2.0,4639.13,0.12,78.47,8243.34,CANCELADO,2024-06-19,PEDIDO COM DATA
207,232,858,5.0,8472.41,0.05,107.51,40351.46,PAGO,2024-12-06,PEDIDO COM DATA
209,172,996,4.0,12130.74,0.04,69.27,46651.31,PAGO,2022-06-28,PEDIDO COM DATA
211,104,805,5.0,13014.78,0.26,132.91,48287.6,ENVIADO,2022-03-21,PEDIDO COM DATA
212,901,340,4.0,758.38,0.14,47.6,2656.43,PENDENTE,2022-10-03,PEDIDO COM DATA
213,762,454,6.0,4055.91,0.13,100.38,21272.23,PENDENTE,2022-05-15,PEDIDO COM DATA
214,519,414,3.0,11712.14,0.16,89.61,-500.0,CANCELADO,2024-01-25,PEDIDO COM DATA
215,518,407,2.0,10223.99,0.07,78.43,19095.05,PAGO,,PEDIDO SEM DATA
216,167,875,10.0,11701.86,0.06,40.99,110038.47,ENVIADO,2022-09-28,PEDIDO COM DATA
218,407,599,2.0,130.07,0.3,145.31,327.41,CANCELADO,2023-10-28,PEDIDO COM DATA
220,415,398,1.0,8753.7,0.3,124.24,6251.83,CANCELADO,2022-12-15,PEDIDO COM DATA
221,898,572,3.0,4420.89,0.14,113.73,11519.63,PENDENTE,2023-09-21,PEDIDO COM DATA
222,909,340,6.0,3923.18,0.09,129.17,21549.73,ENVIADO,2024-12-21,PEDIDO COM DATA
223,56,892,3.0,2077.73,0.06,67.29,5926.49,PENDENTE,2023-10-04,PEDIDO COM DATA
224,5,463,5.0,3156.55,0.23,90.68,12243.4,ENVIADO,,PEDIDO SEM DATA
229,679,533,5.0,9349.51,0.21,68.64,36999.2,CANCELADO,2024-12-07,PEDIDO COM DATA
230,367,721,7.0,4444.36,0.01,79.49,-500.0,PENDENTE,2022-07-04,PEDIDO COM DATA
231,77,741,-1.0,13573.6,0.19,73.95,22063.18,ENVIADO,2022-08-26,PEDIDO COM DATA
232,777,912,1.0,164.89,0.04,100.61,258.9,PAGO,2024-03-31,PEDIDO COM DATA
233,468,279,7.0,10354.74,0.14,69.04,62404.57,ENVIADO,2025-03-11,PEDIDO COM DATA
234,186,626,7.0,11691.88,0.18,130.76,67242.15,PAGO,2023-06-20,PEDIDO COM DATA
235,13,722,9.0,11517.58,0.17,89.1,86125.42,PENDENTE,2024-09-13,PEDIDO COM DATA
239,340,574,10.0,9007.27,0.21,60.86,25248.04,CANCELADO,,PEDIDO SEM DATA
240,505,144,7.0,1622.28,0.18,36.26,9348.15,PAGO,2024-07-11,PEDIDO COM DATA
243,717,908,9.0,4497.72,0.21,130.5,32109.29,PENDENTE,2022-12-31,PEDIDO COM DATA
244,711,653,6.0,10661.08,0.23,88.72,49342.91,ENVIADO,2022-01-27,PEDIDO COM DATA
245,26,391,3.0,814.91,0.02,47.38,2443.22,PAGO,2024-01-05,PEDIDO COM DATA
246,105,631,9.0,12975.33,0.22,88.58,91175.4,CANCELADO,,PEDIDO SEM DATA
247,208,636,8.0,12453.15,0.27,108.65,72835.05,PENDENTE,2022-06-02,PEDIDO COM DATA
248,178,753,9.0,1807.92,0.01,49.08,25248.04,CANCELADO,2022-04-15,PEDIDO COM DATA
249,641,631,5.0,7368.45,0.17,60.13,30639.2,ENVIADO,2022-07-08,PEDIDO COM DATA
250,905,219,6.0,4979.38,0.09,143.04,27330.45,PENDENTE,2023-05-15,PEDIDO COM DATA
252,198,329,9.0,1253.53,0.03,146.03,11089.35,PAGO,2023-02-26,PEDIDO COM DATA
254,462,646,7.0,6506.72,0.01,104.26,45195.83,CANCELADO,2022-08-06,PEDIDO COM DATA
258,257,101,4.0,10889.33,0.15,56.32,37080.04,CANCELADO,2025-04-11,PEDIDO COM DATA
259,581,374,6.0,14380.71,0.05,53.85,82023.9,ENVIADO,2024-08-05,PEDIDO COM DATA
260,794,313,8.0,8284.04,0.05,94.93,63053.63,PAGO,2022-02-08,PEDIDO COM DATA
262,523,93,7.0,5470.71,0.0,43.44,38338.41,PENDENTE,2024-09-17,PEDIDO COM DATA
264,992,534,5.0,12526.39,0.08,86.21,57707.6,PENDENTE,2024-11-23,PEDIDO COM DATA
265,837,889,6.0,7313.19,0.14,94.59,25248.04,PAGO,2023-04-17,PEDIDO COM DATA
266,339,738,0.0,7233.12,0.14,39.5,12480.47,PENDENTE,2022-04-25,PEDIDO COM DATA
268,421,616,3.0,11923.35,0.25,35.46,26863.0,ENVIADO,2022-09-28,PEDIDO COM DATA
269,208,536,9.0,10271.83,0.25,94.77,69429.62,PENDENTE,2025-01-09,PEDIDO COM DATA
270,919,961,7.0,7840.22,0.11,16.08,48860.65,PAGO,2024-05-21,PEDIDO COM DATA
271,489,785,0.0,13653.08,0.03,80.39,53067.71,CANCELADO,2024-04-17,PEDIDO COM DATA
272,159,437,10.0,3819.42,0.26,69.3,28333.01,CANCELADO,2025-02-19,PEDIDO COM DATA
273,260,315,10.0,5178.46,0.21,113.01,41022.84,ENVIADO,2023-11-25,PEDIDO COM DATA
274,629,714,1.0,2427.86,0.29,10.74,1734.52,PAGO,2024-02-27,PEDIDO COM DATA
275,411,629,9.0,4311.31,0.29,80.39,25248.04,PENDENTE,2022-12-14,PEDIDO COM DATA
276,369,245,1.0,14635.18,0.0,48.63,14244.75,CANCELADO,2025-02-19,PEDIDO COM DATA
278,589,257,8.0,14491.51,0.17,80.39,96341.43,PAGO,2024-02-23,PEDIDO COM DATA
280,224,916,10.0,4050.76,0.28,105.64,29271.11,PENDENTE,2023-12-31,PEDIDO COM DATA
283,706,9,1.0,10118.06,0.11,24.1,9029.17,PENDENTE,2024-10-18,PEDIDO COM DATA
284,430,718,6.0,5488.87,0.12,73.1,29054.33,ENVIADO,2023-02-06,PEDIDO COM DATA
285,983,757,3.0,7105.35,0.0,69.01,21385.06,PAGO,2024-03-26,PEDIDO COM DATA
288,980,149,3.0,9615.9,0.28,69.05,25248.04,CANCELADO,2024-03-20,PEDIDO COM DATA
289,456,800,6.0,11223.47,0.16,73.04,56639.33,PENDENTE,2022-12-08,PEDIDO COM DATA
290,98,66,8.0,8235.54,0.01,65.58,65291.06,PENDENTE,2023-08-05,PEDIDO COM DATA
291,130,135,9.0,12581.0,0.01,102.9,112199.61,PENDENTE,2024-07-24,PEDIDO COM DATA
292,652,899,10.0,6535.96,0.19,84.73,53026.01,PAGO,2022-01-01,PEDIDO COM DATA
293,777,869,3.0,5171.4,0.14,11.16,25248.04,CANCELADO,2023-01-22,PEDIDO COM DATA
294,575,448,-1.0,3763.44,0.21,100.44,20912.26,CANCELADO,2023-08-07,PEDIDO COM DATA
295,545,829,5.0,6205.3,0.26,35.54,22995.15,PAGO,,PEDIDO SEM DATA
296,289,276,3.0,10733.64,0.22,42.59,25159.31,PAGO,2023-11-08,PEDIDO COM DATA
297,769,975,3.0,859.45,0.23,19.99,2005.32,PENDENTE,2024-02-28,PEDIDO COM DATA
298,454,254,1.0,3003.71,0.22,23.15,2366.04,PAGO,2023-06-03,PEDIDO COM DATA
299,306,204,6.0,13315.04,0.26,40.49,59159.27,PAGO,2022-03-28,PEDIDO COM DATA
300,708,487,10.0,2341.78,0.23,44.82,18076.53,PENDENTE,2025-01-03,PEDIDO COM DATA
301,129,500,4.0,4764.76,0.17,100.25,25248.04,ENVIADO,2024-06-15,PEDIDO COM DATA
302,556,714,8.0,2862.84,0.06,58.67,21587.23,CANCELADO,2023-06-24,PEDIDO COM DATA
307,184,572,9.0,6239.47,0.03,99.41,54569.98,CANCELADO,2022-11-20,PEDIDO COM DATA
308,615,454,6.0,13539.22,0.17,149.56,67574.88,ENVIADO,2025-01-31,PEDIDO COM DATA
309,261,369,8.0,6723.55,0.12,111.68,47445.47,CANCELADO,2022-02-14,PEDIDO COM DATA
310,966,707,5.0,13788.3,0.15,89.89,58690.17,CANCELADO,2023-09-08,PEDIDO COM DATA
312,944,790,6.0,5231.99,0.25,80.39,23612.26,ENVIADO,2022-04-21,PEDIDO COM DATA
314,152,136,6.0,1256.53,0.17,16.9,6274.42,ENVIADO,2024-03-20,PEDIDO COM DATA
315,201,575,10.0,14956.24,0.16,43.92,125676.34,PENDENTE,2023-10-19,PEDIDO COM DATA
316,672,25,5.0,2555.44,0.1,125.02,11624.5,PAGO,2022-08-19,PEDIDO COM DATA
319,935,676,6.0,12966.95,0.01,131.44,77155.12,PAGO,2023-01-17,PEDIDO COM DATA
322,157,437,5.0,13647.84,0.1,85.91,61501.19,PENDENTE,2024-05-30,PEDIDO COM DATA
325,867,620,8.0,10686.05,0.11,129.3,-500.0,PENDENTE,,PEDIDO SEM DATA
326,888,632,8.0,10324.18,0.26,134.26,61253.41,PAGO,2024-12-02,PEDIDO COM DATA
329,462,26,3.0,6816.14,0.27,135.41,15062.76,PAGO,2022-08-22,PEDIDO COM DATA
330,650,372,2.0,7866.78,0.12,120.75,13966.28,PENDENTE,2022-11-29,PEDIDO COM DATA
331,184,788,1.0,6305.33,0.09,117.61,5855.46,ENVIADO,2024-10-16,PEDIDO COM DATA
332,557,827,1.0,9127.6,0.0,40.36,7798.82,PENDENTE,2022-04-11,PEDIDO COM DATA
333,57,669,6.0,570.08,0.26,103.38,25248.04,PENDENTE,2024-07-21,PEDIDO COM DATA
335,215,627,1.0,1657.35,0.22,98.06,1390.79,CANCELADO,2023-06-16,PEDIDO COM DATA
336,639,363,3.0,9222.06,0.15,112.09,23628.34,ENVIADO,2022-08-30,PEDIDO COM DATA
337,213,819,-1.0,14984.83,0.12,56.73,131923.23,CANCELADO,2022-01-13,PEDIDO COM DATA
338,342,350,7.0,10871.46,0.18,14.08,62416.26,ENVIADO,2022-11-15,PEDIDO COM DATA
340,288,861,1.0,5100.5,0.11,84.8,4624.24,PAGO,2023-07-11,PEDIDO COM DATA
341,509,899,4.0,5586.32,0.25,52.37,0.0,PAGO,2024-10-21,PEDIDO COM DATA
342,349,946,8.0,10991.97,0.16,118.57,73984.61,ENVIADO,2024-03-04,PEDIDO COM DATA
343,535,119,1.0,4678.5,0.01,128.74,4760.45,CANCELADO,2023-10-02,PEDIDO COM DATA
344,215,329,4.0,2904.33,0.0,54.68,10742.61,PENDENTE,2025-01-16,PEDIDO COM DATA
345,327,278,3.0,14150.3,0.24,80.39,32353.05,PAGO,2022-08-05,PEDIDO COM DATA
348,904,333,8.0,7322.85,0.02,25.8,57436.94,PAGO,2023-10-30,PEDIDO COM DATA
349,73,812,5.0,8000.53,0.12,67.88,35270.21,ENVIADO,2025-03-07,PEDIDO COM DATA
350,558,711,4.0,2612.82,0.2,113.51,8474.53,CANCELADO,,PEDIDO SEM DATA
351,702,834,10.0,11574.72,0.11,79.2,103094.21,PAGO,2022-11-02,PEDIDO COM DATA
354,404,641,6.0,10682.37,0.12,70.93,56473.84,CANCELADO,2022-09-15,PEDIDO COM DATA
355,74,664,1.0,2177.06,0.27,102.11,1691.36,ENVIADO,2023-01-04,PEDIDO COM DATA
360,85,130,9.0,1171.4,0.24,45.29,8057.67,ENVIADO,2024-01-28,PEDIDO COM DATA
361,268,802,4.0,7284.08,0.24,130.68,22274.28,ENVIADO,2023-05-03,PEDIDO COM DATA
362,744,653,3.0,3178.63,0.22,58.31,7496.3,PENDENTE,2024-02-17,PEDIDO COM DATA
363,400,486,5.0,2194.34,0.26,80.39,8130.72,CANCELADO,2024-06-03,PEDIDO COM DATA
364,668,879,5.0,5037.81,0.08,23.76,23197.69,CANCELADO,2023-01-04,PEDIDO COM DATA
365,11,689,1.0,12478.71,0.0,80.39,12502.39,PENDENTE,2022-09-07,PEDIDO COM DATA
366,123,89,10.0,1966.01,0.2,135.99,15864.07,ENVIADO,2023-07-21,PEDIDO COM DATA
369,1,956,1.0,9975.8,0.08,108.01,9285.75,PAGO,2025-01-11,PEDIDO COM DATA
370,394,978,0.0,1835.63,0.16,148.82,12484.25,CANCELADO,2023-02-20,PEDIDO COM DATA
372,65,812,-5.0,9658.25,0.15,145.09,-500.0,ENVIADO,2025-01-03,PEDIDO COM DATA
373,594,239,-1.0,572.43,0.04,101.54,-500.0,PENDENTE,2022-05-11,PEDIDO COM DATA
375,813,219,1.0,8904.42,0.1,26.9,8040.88,PAGO,2024-02-10,PEDIDO COM DATA
376,17,901,8.0,1229.22,0.0,139.66,9973.42,PENDENTE,2023-07-09,PEDIDO COM DATA
381,149,222,10.0,6835.76,0.12,29.1,60183.79,PAGO,2022-08-16,PEDIDO COM DATA
382,470,429,3.0,11409.89,0.07,51.32,31884.91,ENVIADO,2024-12-04,PEDIDO COM DATA
383,222,606,8.0,12558.1,0.08,112.2,92539.82,PAGO,2024-05-05,PEDIDO COM DATA
385,245,664,2.0,258.63,0.2,32.65,446.46,PENDENTE,2024-01-29,PEDIDO COM DATA
387,57,528,6.0,13321.91,0.03,61.18,77594.7,CANCELADO,2023-05-04,PEDIDO COM DATA
388,665,490,10.0,13069.55,0.21,115.44,103364.89,ENVIADO,2024-09-22,PEDIDO COM DATA
389,850,126,8.0,10653.18,0.2,84.6,68264.95,PAGO,2022-06-28,PEDIDO COM DATA
390,920,184,5.0,14374.68,0.02,80.39,70469.0,PENDENTE,2024-08-28,PEDIDO COM DATA
392,136,920,-5.0,2592.62,0.08,77.79,12003.84,CANCELADO,2023-01-09,PEDIDO COM DATA
393,860,726,3.0,2435.6,0.04,149.13,7163.66,PENDENTE,2024-02-03,PEDIDO COM DATA
394,999,167,9.0,4537.37,0.0,66.64,29468.8,CANCELADO,2023-08-29,PEDIDO COM DATA
395,297,993,10.0,10009.98,0.0,112.0,76187.85,PAGO,2024-04-02,PEDIDO COM DATA
396,226,457,6.0,1405.37,0.0,99.78,8363.36,PAGO,2024-11-14,PEDIDO COM DATA
397,503,326,10.0,9084.07,0.28,137.18,65542.48,ENVIADO,2025-02-22,PEDIDO COM DATA
398,746,910,8.0,11128.08,0.12,71.95,78413.63,PENDENTE,2023-03-02,PEDIDO COM DATA
399,889,538,6.0,1010.41,0.29,115.86,4420.21,PENDENTE,2023-02-13,PEDIDO COM DATA
400,391,297,9.0,7368.97,0.25,52.28,49792.83,ENVIADO,2022-09-12,PEDIDO COM DATA
402,751,590,1.0,12682.3,0.05,18.19,12066.38,CANCELADO,2022-04-10,PEDIDO COM DATA
404,361,844,3.0,213.21,0.16,62.22,599.51,PAGO,2024-05-04,PEDIDO COM DATA
405,79,120,3.0,13852.68,0.14,53.62,35793.53,PAGO,2022-08-31,PEDIDO COM DATA
406,878,711,3.0,10326.95,0.0,39.38,28231.95,PENDENTE,,PEDIDO SEM DATA
407,608,61,8.0,1801.45,0.08,19.27,13277.94,CANCELADO,2022-03-01,PEDIDO COM DATA
408,867,765,5.0,14232.9,0.1,32.48,64080.53,PAGO,2023-01-28,PEDIDO COM DATA
409,176,924,9.0,84.85,0.22,139.39,735.04,CANCELADO,2024-02-17,PEDIDO COM DATA
410,527,234,7.0,1710.43,0.3,80.39,8408.42,PAGO,2024-02-28,PEDIDO COM DATA
411,615,754,5.0,10311.96,0.25,41.62,38711.47,CANCELADO,,PEDIDO SEM DATA
412,689,108,7.0,6582.11,0.2,21.9,36881.72,PAGO,2023-11-25,PEDIDO COM DATA
414,151,787,8.0,1638.39,0.08,80.39,-500.0,CANCELADO,2022-11-09,PEDIDO COM DATA
415,639,99,2.0,9922.99,0.16,78.91,16749.53,PAGO,2022-03-06,PEDIDO COM DATA
417,113,583,8.0,9907.98,0.21,90.11,62708.54,CANCELADO,2023-08-06,PEDIDO COM DATA
418,29,605,1.0,1940.41,0.11,123.34,1850.3,PAGO,2023-05-16,PEDIDO COM DATA
419,664,320,10.0,1292.43,0.21,131.65,25248.04,ENVIADO,2022-02-15,PEDIDO COM DATA
420,387,585,7.0,4849.87,0.03,78.37,33008.99,ENVIADO,2023-02-18,PEDIDO COM DATA
422,487,438,4.0,5222.8,0.02,125.32,20598.7,PENDENTE,2022-02-08,PEDIDO COM DATA
424,474,152,4.0,2274.08,0.21,52.04,0.0,PENDENTE,2023-06-10,PEDIDO COM DATA
425,242,416,4.0,1721.11,0.06,80.39,6515.75,PENDENTE,2022-03-01,PEDIDO COM DATA
427,860,742,3.0,3555.9,0.17,80.03,8934.22,PAGO,2023-10-04,PEDIDO COM DATA
428,599,755,7.0,12091.51,0.22,140.97,66160.61,CANCELADO,2024-02-07,PEDIDO COM DATA
429,116,325,9.0,6368.24,0.2,80.39,45996.19,PAGO,2022-04-22,PEDIDO COM DATA
430,808,688,4.0,3809.68,0.12,99.45,13509.52,PAGO,2023-06-08,PEDIDO COM DATA
431,959,843,4.0,4475.4,0.26,32.43,13279.61,ENVIADO,2024-08-22,PEDIDO COM DATA
434,328,463,8.0,13105.12,0.04,34.29,100681.61,PENDENTE,2022-02-12,PEDIDO COM DATA
435,946,572,10.0,9406.88,0.27,146.38,68816.6,CANCELADO,2022-12-15,PEDIDO COM DATA
436,121,15,9.0,6538.68,0.28,73.52,42444.17,ENVIADO,2024-02-22,PEDIDO COM DATA
437,877,212,10.0,3249.19,0.25,111.74,25248.04,ENVIADO,,PEDIDO SEM DATA
438,893,332,7.0,10309.05,0.21,109.18,25248.04,PAGO,2022-01-11,PEDIDO COM DATA
440,267,120,6.0,681.55,0.04,132.04,4057.77,CANCELADO,2024-11-24,PEDIDO COM DATA
441,915,169,6.0,11058.3,0.15,143.01,56540.34,ENVIADO,2023-06-17,PEDIDO COM DATA
442,479,447,2.0,14928.12,0.28,15.71,21512.2,PAGO,2023-02-22,PEDIDO COM DATA
443,185,855,3.0,11254.05,0.25,88.85,25248.04,ENVIADO,2022-07-13,PEDIDO COM DATA
445,672,638,8.0,4887.23,0.22,112.8,25248.04,CANCELADO,2024-02-21,PEDIDO COM DATA
446,262,183,4.0,14476.44,0.26,22.49,42872.75,ENVIADO,2024-06-04,PEDIDO COM DATA
448,437,96,1.0,7709.86,0.29,104.7,5578.7,PAGO,2024-09-05,PEDIDO COM DATA
452,833,998,10.0,5423.72,0.2,106.64,-500.0,PAGO,2023-03-05,PEDIDO COM DATA
454,881,461,10.0,3654.59,0.09,126.12,33382.89,CANCELADO,2022-03-17,PEDIDO COM DATA
455,498,526,0.0,10874.72,0.28,136.71,78434.69,ENVIADO,2024-08-27,PEDIDO COM DATA
456,638,962,6.0,6735.91,0.13,32.59,35194.04,ENVIADO,2022-09-26,PEDIDO COM DATA
457,741,729,7.0,14397.85,0.25,104.24,75692.95,ENVIADO,2022-09-22,PEDIDO COM DATA
458,161,621,0.0,1531.54,0.12,149.13,10931.17,PAGO,2022-05-11,PEDIDO COM DATA
460,449,819,8.0,14440.45,0.23,146.45,89099.62,PAGO,2023-02-25,PEDIDO COM DATA
462,486,350,5.0,7585.24,0.03,62.14,36850.55,ENVIADO,2024-04-26,PEDIDO COM DATA
464,677,945,3.0,13539.62,0.02,98.43,39904.91,CANCELADO,2023-10-05,PEDIDO COM DATA
465,9,847,5.0,13505.12,0.18,30.56,55401.55,ENVIADO,2023-02-09,PEDIDO COM DATA
466,87,38,9.0,5030.7,0.22,113.61,35429.12,PENDENTE,,PEDIDO SEM DATA
467,607,265,4.0,12486.79,0.09,69.18,45521.1,PAGO,2024-07-08,PEDIDO COM DATA
469,254,108,6.0,7756.45,0.06,119.0,43865.38,PENDENTE,,PEDIDO SEM DATA
470,413,603,9.0,7793.8,0.12,46.92,61773.82,PENDENTE,2024-11-01,PEDIDO COM DATA
472,586,297,-1.0,7851.21,0.04,80.39,7589.85,CANCELADO,2023-03-18,PEDIDO COM DATA
473,758,501,1.0,1852.47,0.1,131.86,1799.08,PENDENTE,2022-10-11,PEDIDO COM DATA
474,472,780,8.0,10014.97,0.04,111.9,77026.87,ENVIADO,2024-06-26,PEDIDO COM DATA
475,662,91,3.0,10613.99,0.17,121.46,26550.3,PAGO,2025-03-13,PEDIDO COM DATA
478,418,695,3.0,902.53,0.29,35.4,1957.79,PAGO,2022-04-17,PEDIDO COM DATA
479,771,612,10.0,3562.64,0.15,80.39,30363.06,PAGO,2023-07-06,PEDIDO COM DATA
480,601,692,2.0,3709.82,0.17,119.93,6278.23,PENDENTE,2023-05-18,PEDIDO COM DATA
481,434,985,9.0,6787.1,0.0,75.05,25248.04,CANCELADO,2023-03-12,PEDIDO COM DATA
482,523,289,1.0,2438.02,0.16,19.79,2067.73,CANCELADO,2023-12-03,PEDIDO COM DATA
483,771,725,8.0,4109.74,0.2,55.03,26357.37,PAGO,2022-01-20,PEDIDO COM DATA
486,991,372,1.0,4225.73,0.27,108.98,3193.76,PENDENTE,2025-03-04,PEDIDO COM DATA
488,3,961,7.0,9621.67,0.28,17.26,48510.48,PAGO,,PEDIDO SEM DATA
492,443,68,2.0,10169.92,0.17,51.29,16933.36,PAGO,2024-08-08,PEDIDO COM DATA
494,522,263,-5.0,6326.68,0.22,72.25,29681.11,PENDENTE,2022-10-29,PEDIDO COM DATA
496,684,488,8.0,9004.44,0.1,90.98,64922.95,PAGO,2022-01-08,PEDIDO COM DATA
497,710,236,8.0,9366.32,0.07,112.84,69798.26,PAGO,,PEDIDO SEM DATA
499,181,864,5.0,13661.52,0.01,104.84,67729.36,PENDENTE,2024-12-15,PEDIDO COM DATA
500,639,903,7.0,13178.25,0.02,30.22,90433.01,PENDENTE,2022-04-05,PEDIDO COM DATA
501,602,194,9.0,4426.86,0.04,44.6,38292.67,ENVIADO,2022-05-13,PEDIDO COM DATA
503,208,463,4.0,5950.58,0.09,134.42,21794.53,CANCELADO,2023-04-17,PEDIDO COM DATA
506,142,876,9.0,13687.49,0.0,51.93,123239.34,PENDENTE,2024-03-25,PEDIDO COM DATA
507,741,768,4.0,7127.09,0.15,120.04,24352.15,ENVIADO,2023-03-06,PEDIDO COM DATA
509,582,805,1.0,13833.72,0.05,143.37,13285.4,ENVIADO,2022-05-11,PEDIDO COM DATA
510,193,487,2.0,4946.04,0.29,99.46,7122.84,PAGO,2022-05-23,PEDIDO COM DATA
513,457,66,7.0,9080.63,0.07,56.04,-500.0,CANCELADO,2024-03-11,PEDIDO COM DATA
514,830,871,3.0,6237.49,0.05,96.48,17873.33,CANCELADO,2022-11-20,PEDIDO COM DATA
515,644,551,5.0,10006.52,0.02,111.72,49143.67,CANCELADO,2024-04-19,PEDIDO COM DATA
516,259,213,9.0,688.63,0.01,80.39,6235.13,PENDENTE,2023-11-01,PEDIDO COM DATA
517,476,497,8.0,1042.19,0.16,80.39,7047.44,CANCELADO,2022-09-12,PEDIDO COM DATA
518,401,173,2.0,10077.45,0.0,48.26,20203.16,ENVIADO,2024-12-06,PEDIDO COM DATA
520,197,697,2.0,3324.11,0.26,121.57,5041.25,PENDENTE,2023-03-01,PEDIDO COM DATA
521,405,962,7.0,1829.64,0.06,59.92,12098.95,CANCELADO,,PEDIDO SEM DATA
526,391,534,-1.0,2769.51,0.19,19.05,13478.87,PENDENTE,2023-04-29,PEDIDO COM DATA
527,437,743,8.0,4685.72,0.22,44.29,29283.18,PAGO,2024-01-07,PEDIDO COM DATA
528,172,483,8.0,6352.0,0.18,70.68,41739.8,CANCELADO,2025-01-05,PEDIDO COM DATA
529,745,180,5.0,5719.14,0.09,49.65,26071.74,CANCELADO,2024-10-22,PEDIDO COM DATA
530,384,504,7.0,13886.85,0.28,80.39,70135.59,ENVIADO,2025-03-04,PEDIDO COM DATA
531,782,447,5.0,11573.63,0.23,58.8,25248.04,PAGO,2024-01-11,PEDIDO COM DATA
532,693,29,3.0,3934.73,0.0,105.35,10256.95,ENVIADO,2024-03-25,PEDIDO COM DATA
533,998,923,2.0,7787.68,0.06,69.21,14710.05,ENVIADO,2022-07-02,PEDIDO COM DATA
536,893,419,8.0,9410.02,0.19,131.57,61108.5,PAGO,,PEDIDO SEM DATA
537,682,597,1.0,1470.69,0.16,11.02,1246.4,CANCELADO,2023-12-04,PEDIDO COM DATA
538,837,246,6.0,9982.87,0.11,18.01,53326.54,PENDENTE,2022-02-22,PEDIDO COM DATA
540,895,47,6.0,10175.38,0.07,77.84,56856.46,PAGO,2024-02-28,PEDIDO COM DATA
542,494,679,9.0,3628.71,0.06,115.46,30814.35,CANCELADO,2023-03-28,PEDIDO COM DATA
543,682,488,2.0,9988.84,0.28,98.7,14482.63,PAGO,2024-02-12,PEDIDO COM DATA
546,605,228,2.0,5941.78,0.16,74.48,10056.67,PAGO,2023-10-18,PEDIDO COM DATA
548,54,946,3.0,12854.55,0.22,51.87,25248.04,ENVIADO,,PEDIDO SEM DATA
549,290,714,4.0,10522.61,0.16,23.62,25248.04,ENVIADO,2023-08-20,PEDIDO COM DATA
550,215,224,4.0,11035.08,0.0,111.63,44251.95,PAGO,2022-07-16,PEDIDO COM DATA
551,486,184,1.0,1777.86,0.15,57.39,1568.57,PENDENTE,2024-02-08,PEDIDO COM DATA
552,815,687,2.0,11670.41,0.26,101.04,17373.25,PENDENTE,2022-02-17,PEDIDO COM DATA
555,712,185,1.0,8329.73,0.24,80.39,6357.82,CANCELADO,2024-01-15,PEDIDO COM DATA
556,176,434,1.0,3740.09,0.01,142.41,3845.1,CANCELADO,2025-01-07,PEDIDO COM DATA
557,705,102,1.0,3571.76,0.06,51.96,3409.41,PAGO,2025-01-31,PEDIDO COM DATA
560,92,372,6.0,11675.5,0.04,121.73,67372.61,CANCELADO,2024-09-29,PEDIDO COM DATA
561,358,718,10.0,12983.67,0.17,95.05,107859.51,ENVIADO,2024-09-03,PEDIDO COM DATA
562,266,10,9.0,10704.08,0.2,29.97,77099.35,ENVIADO,2024-07-26,PEDIDO COM DATA
563,363,818,8.0,7543.39,0.08,69.89,55589.24,CANCELADO,2022-07-04,PEDIDO COM DATA
567,879,121,5.0,4501.69,0.09,39.83,20522.52,PAGO,2024-08-06,PEDIDO COM DATA
569,500,8,3.0,11546.33,0.08,75.9,31943.77,ENVIADO,2022-11-28,PEDIDO COM DATA
571,564,508,3.0,4886.82,0.23,133.45,11422.0,PAGO,2023-12-06,PEDIDO COM DATA
575,660,53,5.0,1668.62,0.0,142.02,7567.38,CANCELADO,2024-08-24,PEDIDO COM DATA
580,408,507,9.0,13056.43,0.29,33.17,83463.76,PENDENTE,2022-01-19,PEDIDO COM DATA
581,810,526,8.0,7567.19,0.22,46.24,47265.51,PENDENTE,2023-07-23,PEDIDO COM DATA
584,264,891,10.0,8272.15,0.25,40.89,62082.01,CANCELADO,2022-10-31,PEDIDO COM DATA
585,96,508,3.0,6901.66,0.24,34.66,15770.44,PENDENTE,2022-05-23,PEDIDO COM DATA
586,437,252,8.0,13638.78,0.29,80.39,77492.3,PAGO,2022-09-28,PEDIDO COM DATA
588,491,159,4.0,857.02,0.21,97.85,2806.03,PENDENTE,2022-02-19,PEDIDO COM DATA
589,395,151,6.0,9837.36,0.07,133.06,55025.53,CANCELADO,,PEDIDO SEM DATA
590,122,370,2.0,13435.89,0.18,34.93,22069.79,CANCELADO,2022-08-01,PEDIDO COM DATA
592,438,983,5.0,2187.12,0.1,27.86,9869.9,PENDENTE,2023-05-19,PEDIDO COM DATA
593,563,510,9.0,8015.88,0.16,125.0,60725.05,PENDENTE,,PEDIDO SEM DATA
594,372,572,8.0,14365.08,0.28,18.34,82761.2,ENVIADO,2023-05-12,PEDIDO COM DATA
595,230,58,3.0,1776.19,0.21,30.03,-500.0,PENDENTE,2022-03-03,PEDIDO COM DATA
598,727,233,7.0,13973.12,0.08,22.87,90009.76,PAGO,2024-08-17,PEDIDO COM DATA
599,669,658,7.0,12412.26,0.05,122.47,25248.04,PENDENTE,2025-01-14,PEDIDO COM DATA
601,317,9,6.0,11280.16,0.29,80.03,48133.51,PAGO,2024-10-25,PEDIDO COM DATA
603,514,529,10.0,9777.9,0.28,57.8,70458.68,ENVIADO,2023-05-05,PEDIDO COM DATA
606,500,41,6.0,12887.87,0.12,129.98,68177.93,ENVIADO,2023-06-23,PEDIDO COM DATA
610,485,219,1.0,3188.16,0.01,116.21,3272.49,ENVIADO,2024-05-09,PEDIDO COM DATA
612,710,585,7.0,12348.78,0.17,135.13,71881.54,CANCELADO,2022-01-30,PEDIDO COM DATA
613,470,957,3.0,7501.7,0.09,120.88,20600.52,PAGO,2022-03-16,PEDIDO COM DATA
614,193,431,9.0,11620.28,0.18,40.26,85797.93,CANCELADO,2024-10-25,PEDIDO COM DATA
615,128,717,8.0,9740.7,0.14,67.45,67083.47,PENDENTE,2025-02-06,PEDIDO COM DATA
616,556,447,7.0,4289.72,0.2,105.24,24127.67,PAGO,2022-02-03,PEDIDO COM DATA
618,481,974,2.0,5272.19,0.24,74.95,8088.68,CANCELADO,2023-06-26,PEDIDO COM DATA
621,821,130,9.0,1793.22,0.17,64.88,13460.23,PAGO,,PEDIDO SEM DATA
622,943,996,2.0,8585.47,0.01,112.78,17112.01,PENDENTE,2024-02-14,PEDIDO COM DATA
625,926,183,10.0,9475.58,0.0,26.41,70145.7,PAGO,2023-01-30,PEDIDO COM DATA
626,549,24,9.0,7685.94,0.05,131.36,65846.15,ENVIADO,2023-02-13,PEDIDO COM DATA
627,357,726,9.0,9785.83,0.14,123.26,75865.58,ENVIADO,2022-07-30,PEDIDO COM DATA
628,785,602,5.0,2501.48,0.06,111.09,11868.05,PENDENTE,2025-03-07,PEDIDO COM DATA
630,440,810,3.0,5379.01,0.0,101.97,15916.26,CANCELADO,2023-04-22,PEDIDO COM DATA
631,395,291,10.0,3198.38,0.07,88.53,29833.46,ENVIADO,2023-10-13,PEDIDO COM DATA
634,321,506,10.0,725.15,0.09,147.76,6746.62,PAGO,2022-10-12,PEDIDO COM DATA
636,705,628,7.0,4063.28,0.05,29.29,27050.1,ENVIADO,2022-09-08,PEDIDO COM DATA
637,247,592,8.0,9925.81,0.29,55.07,56433.67,PENDENTE,,PEDIDO SEM DATA
638,62,218,1.0,10064.07,0.14,63.91,8719.01,ENVIADO,2022-11-12,PEDIDO COM DATA
639,109,937,3.0,3297.4,0.11,146.51,8950.57,PAGO,2022-10-29,PEDIDO COM DATA
643,176,805,4.0,5227.54,0.09,93.48,19121.73,PENDENTE,2022-12-15,PEDIDO COM DATA
644,72,171,-5.0,4995.69,0.14,144.71,13033.59,PAGO,2024-08-28,PEDIDO COM DATA
646,360,559,5.0,9957.86,0.08,74.23,45880.39,ENVIADO,2022-08-19,PEDIDO COM DATA
651,788,575,3.0,14306.21,0.0,29.97,33935.69,ENVIADO,2024-05-15,PEDIDO COM DATA
652,926,101,5.0,13804.51,0.18,34.26,56632.75,PENDENTE,2023-09-09,PEDIDO COM DATA
654,421,473,1.0,13690.12,0.01,117.35,13670.57,CANCELADO,2022-04-20,PEDIDO COM DATA
655,403,129,7.0,10057.79,0.14,116.82,60664.72,CANCELADO,2025-03-04,PEDIDO COM DATA
656,340,886,1.0,1839.21,0.18,81.51,1589.66,PENDENTE,2023-09-09,PEDIDO COM DATA
658,308,415,8.0,14740.79,0.25,127.84,88572.58,PENDENTE,2022-10-18,PEDIDO COM DATA
659,674,247,3.0,7682.49,0.21,38.05,18245.55,PAGO,2024-08-08,PEDIDO COM DATA
661,163,367,-1.0,12840.48,0.15,58.84,98288.51,PENDENTE,2023-07-25,PEDIDO COM DATA
662,675,311,7.0,1041.79,0.25,77.72,5547.12,CANCELADO,2025-04-04,PEDIDO COM DATA
663,633,850,7.0,1032.2,0.01,112.6,7265.75,PENDENTE,2022-08-04,PEDIDO COM DATA
665,387,137,10.0,8355.89,0.06,78.75,78624.12,PAGO,2022-07-17,PEDIDO COM DATA
671,509,520,0.0,9762.05,0.13,52.48,0.0,PAGO,2025-02-05,PEDIDO COM DATA
672,397,785,7.0,10437.7,0.13,69.76,63635.35,PAGO,2023-05-03,PEDIDO COM DATA
675,965,376,9.0,4404.4,0.2,83.76,25248.04,PENDENTE,2022-10-08,PEDIDO COM DATA
676,534,237,5.0,11133.79,0.06,62.13,52390.94,ENVIADO,2022-03-11,PEDIDO COM DATA
677,603,394,5.0,12411.14,0.0,49.07,60243.1,ENVIADO,,PEDIDO SEM DATA
679,951,754,1.0,12114.8,0.17,143.35,10198.63,CANCELADO,2022-11-29,PEDIDO COM DATA
682,284,919,10.0,8280.69,0.29,71.66,58864.56,PAGO,2023-04-22,PEDIDO COM DATA
684,80,520,8.0,1715.47,0.02,38.57,25248.04,CANCELADO,2023-11-18,PEDIDO COM DATA
687,622,484,9.0,7814.63,0.1,37.3,63335.8,PAGO,2023-05-09,PEDIDO COM DATA
689,932,418,10.0,9995.22,0.18,121.42,82082.22,PENDENTE,2023-01-04,PEDIDO COM DATA
690,16,171,2.0,6291.01,0.0,109.59,9797.75,CANCELADO,2024-12-20,PEDIDO COM DATA
691,926,433,6.0,1929.25,0.21,43.8,9188.44,PAGO,2023-12-28,PEDIDO COM DATA
694,327,776,3.0,14303.63,0.01,142.31,42624.09,PENDENTE,2022-08-31,PEDIDO COM DATA
695,499,450,4.0,13282.53,0.09,138.48,48486.89,PENDENTE,2022-02-26,PEDIDO COM DATA
697,734,724,2.0,6677.19,0.13,46.83,11665.14,PAGO,2023-11-01,PEDIDO COM DATA
698,344,283,8.0,9466.75,0.15,118.79,64492.69,PAGO,2022-01-17,PEDIDO COM DATA
700,503,572,10.0,3144.03,0.05,68.54,29936.83,CANCELADO,2023-04-20,PEDIDO COM DATA
701,685,497,8.0,11955.26,0.12,60.0,84225.03,CANCELADO,2023-05-22,PEDIDO COM DATA
703,221,912,7.0,930.83,0.23,46.62,5063.79,CANCELADO,2022-04-04,PEDIDO COM DATA
704,420,227,10.0,13136.82,0.16,119.14,110468.43,PAGO,2022-07-04,PEDIDO COM DATA
705,342,935,6.0,11507.29,0.17,101.69,57407.99,PENDENTE,2024-02-05,PEDIDO COM DATA
706,221,567,4.0,14101.41,0.01,12.8,55854.38,PENDENTE,2022-03-11,PEDIDO COM DATA
708,880,320,6.0,6388.79,0.22,52.3,29951.84,ENVIADO,2025-02-22,PEDIDO COM DATA
709,292,930,9.0,7608.77,0.11,149.04,61095.29,CANCELADO,2023-04-21,PEDIDO COM DATA
710,489,577,2.0,9649.42,0.1,123.36,17492.32,ENVIADO,2024-12-07,PEDIDO COM DATA
712,983,668,4.0,4841.13,0.21,82.02,15379.99,PENDENTE,2024-11-30,PEDIDO COM DATA
713,171,203,8.0,13048.84,0.03,133.97,101392.97,PAGO,2024-06-10,PEDIDO COM DATA
714,738,945,5.0,7846.75,0.18,62.03,32233.71,CANCELADO,2024-08-24,PEDIDO COM DATA
715,959,339,3.0,2480.29,0.0,76.34,5954.63,PAGO,2025-01-06,PEDIDO COM DATA
716,97,63,10.0,7041.04,0.05,59.06,66948.94,CANCELADO,2024-01-23,PEDIDO COM DATA
717,413,957,5.0,8425.46,0.19,38.36,34161.47,ENVIADO,2023-11-08,PEDIDO COM DATA
719,896,1,6.0,1185.26,0.29,29.18,5078.39,ENVIADO,2024-08-29,PEDIDO COM DATA
720,859,535,6.0,7969.67,0.26,127.91,35513.24,CANCELADO,2022-09-04,PEDIDO COM DATA
721,446,668,6.0,2686.63,0.26,129.75,12058.39,CANCELADO,2023-01-02,PEDIDO COM DATA
722,11,201,8.0,5427.65,0.0,92.07,40908.0,ENVIADO,,PEDIDO SEM DATA
723,281,641,1.0,14567.69,0.25,130.85,11056.62,PAGO,2022-03-20,PEDIDO COM DATA
724,628,916,3.0,10590.48,0.05,129.13,30312.0,CANCELADO,2023-02-02,PEDIDO COM DATA
725,756,18,6.0,12562.36,0.25,54.31,56584.93,PAGO,2022-05-14,PEDIDO COM DATA
726,780,514,3.0,10939.78,0.03,72.08,31906.84,PAGO,2025-02-22,PEDIDO COM DATA
727,350,478,10.0,12544.86,0.03,140.24,121825.38,PAGO,2022-01-22,PEDIDO COM DATA
728,384,472,2.0,13160.43,0.28,53.09,19004.11,CANCELADO,2022-12-31,PEDIDO COM DATA
730,395,160,9.0,8539.3,0.3,70.74,53868.33,CANCELADO,2022-07-05,PEDIDO COM DATA
731,216,265,4.0,7025.97,0.01,26.14,27848.98,PAGO,2023-10-23,PEDIDO COM DATA
732,645,368,1.0,2398.08,0.14,57.13,2119.48,ENVIADO,2025-03-25,PEDIDO COM DATA
734,276,977,10.0,6023.24,0.01,81.71,59711.79,PENDENTE,2023-11-14,PEDIDO COM DATA
737,326,782,3.0,6010.26,0.1,49.65,16277.35,PAGO,2023-03-31,PEDIDO COM DATA
738,183,787,4.0,5549.61,0.1,125.25,20103.85,ENVIADO,2022-07-10,PEDIDO COM DATA
739,670,185,7.0,2278.2,0.09,104.54,14616.67,PAGO,2023-12-11,PEDIDO COM DATA
740,104,672,7.0,12057.18,0.0,54.66,84454.92,CANCELADO,2024-05-20,PEDIDO COM DATA
741,650,119,10.0,12110.73,0.27,80.29,88488.62,ENVIADO,2022-06-13,PEDIDO COM DATA
742,346,971,10.0,3882.39,0.15,96.03,25248.04,CANCELADO,2023-06-01,PEDIDO COM DATA
744,745,149,8.0,6477.89,0.08,146.06,47823.33,PAGO,2023-10-31,PEDIDO COM DATA
745,151,624,2.0,5741.06,0.29,21.03,25248.04,PAGO,2022-08-27,PEDIDO COM DATA
748,227,66,10.0,4331.71,0.21,80.39,34346.29,CANCELADO,2024-06-29,PEDIDO COM DATA
750,323,463,8.0,462.88,0.19,33.34,25248.04,PENDENTE,2024-02-15,PEDIDO COM DATA
752,286,328,6.0,9461.53,0.2,106.16,45521.5,CANCELADO,2024-07-09,PEDIDO COM DATA
753,895,182,7.0,4340.35,0.16,56.77,25578.03,PAGO,2023-04-05,PEDIDO COM DATA
754,635,516,2.0,9001.53,0.22,142.37,14184.76,ENVIADO,2025-02-04,PEDIDO COM DATA
755,198,871,3.0,6877.38,0.22,80.39,16136.57,ENVIADO,2023-05-17,PEDIDO COM DATA
756,455,248,3.0,14592.62,0.15,25.56,37236.74,PAGO,2024-04-12,PEDIDO COM DATA
758,849,843,1.0,5463.33,0.21,81.62,4397.65,PAGO,2022-12-13,PEDIDO COM DATA
763,67,351,4.0,4653.44,0.07,48.96,17359.76,PENDENTE,2023-02-19,PEDIDO COM DATA
765,735,468,3.0,622.69,0.18,87.28,0.0,ENVIADO,2024-08-08,PEDIDO COM DATA
766,903,801,1.0,4796.5,0.19,37.5,3922.67,ENVIADO,2022-08-17,PEDIDO COM DATA
768,545,255,6.0,4143.82,0.17,53.23,20689.45,PENDENTE,,PEDIDO SEM DATA
769,690,312,2.0,13880.92,0.13,99.3,24252.1,ENVIADO,2022-07-30,PEDIDO COM DATA
770,950,625,4.0,8573.71,0.05,31.89,32611.99,ENVIADO,2023-07-06,PEDIDO COM DATA
771,270,484,5.0,5574.45,0.09,80.39,25475.49,PAGO,2024-04-17,PEDIDO COM DATA
772,825,144,8.0,11510.39,0.01,108.61,91270.9,PENDENTE,2023-03-17,PEDIDO COM DATA
774,622,601,7.0,908.57,0.02,57.98,6290.77,ENVIADO,2022-11-07,PEDIDO COM DATA
775,604,307,10.0,3015.91,0.03,80.39,29298.66,PAGO,2023-10-05,PEDIDO COM DATA
777,438,406,8.0,11975.49,0.25,18.44,71871.38,ENVIADO,2023-08-02,PEDIDO COM DATA
778,650,69,2.0,8488.3,0.29,119.28,12172.67,PAGO,2024-06-01,PEDIDO COM DATA
779,477,463,3.0,9763.65,0.02,80.39,28805.83,PAGO,,PEDIDO SEM DATA
780,331,438,3.0,3897.62,0.07,104.44,10978.8,PENDENTE,2023-01-22,PEDIDO COM DATA
782,278,239,4.0,11589.73,0.01,132.87,0.0,PENDENTE,2024-02-19,PEDIDO COM DATA
783,128,96,3.0,7610.42,0.17,82.31,19032.26,PENDENTE,2022-07-05,PEDIDO COM DATA
784,369,490,5.0,7640.85,0.28,12.26,27519.32,CANCELADO,2023-09-08,PEDIDO COM DATA
785,719,87,-1.0,13141.61,0.0,144.99,92136.26,ENVIADO,,PEDIDO SEM DATA
786,888,758,5.0,5588.13,0.12,32.05,24619.82,PAGO,,PEDIDO SEM DATA
787,314,414,6.0,13636.53,0.08,80.39,0.0,PENDENTE,2022-11-20,PEDIDO COM DATA
788,358,919,4.0,1400.02,0.3,25.74,3945.8,CANCELADO,2024-09-02,PEDIDO COM DATA
790,762,98,7.0,4248.85,0.18,44.97,24433.37,CANCELADO,2022-09-27,PEDIDO COM DATA
791,384,678,-1.0,8698.94,0.0,14.79,18804.5,PENDENTE,2022-11-28,PEDIDO COM DATA
792,12,586,8.0,7268.0,0.1,98.02,52427.62,CANCELADO,2024-11-19,PEDIDO COM DATA
793,346,914,3.0,3844.16,0.24,78.23,8842.91,PAGO,2025-01-17,PEDIDO COM DATA
794,233,999,8.0,12454.57,0.04,109.78,95760.88,PENDENTE,2024-03-25,PEDIDO COM DATA
795,907,524,4.0,2142.79,0.2,118.63,6975.56,CANCELADO,2024-01-13,PEDIDO COM DATA
796,711,970,9.0,2517.97,0.05,105.26,21633.9,ENVIADO,2023-02-19,PEDIDO COM DATA
797,983,993,7.0,4461.52,0.0,146.08,22944.45,CANCELADO,2023-03-04,PEDIDO COM DATA
798,628,609,2.0,907.15,0.12,30.13,1626.71,ENVIADO,2023-02-01,PEDIDO COM DATA
801,478,437,10.0,2543.47,0.21,131.17,20224.58,PENDENTE,2024-10-09,PEDIDO COM DATA
803,249,600,8.0,3336.39,0.13,47.21,23268.48,ENVIADO,2022-03-28,PEDIDO COM DATA
804,605,859,2.0,8642.87,0.04,116.96,16711.27,ENVIADO,2024-08-01,PEDIDO COM DATA
806,260,368,6.0,5298.63,0.29,48.73,22620.89,CANCELADO,2024-04-01,PEDIDO COM DATA
807,800,836,3.0,12673.9,0.26,56.73,28192.79,ENVIADO,2023-10-03,PEDIDO COM DATA
808,655,191,7.0,3048.19,0.26,80.39,15867.58,CANCELADO,2024-11-02,PEDIDO COM DATA
809,574,304,9.0,8083.05,0.12,107.39,64125.15,CANCELADO,2024-03-23,PEDIDO COM DATA
810,395,107,5.0,9209.03,0.29,80.39,32747.4,PENDENTE,2023-05-18,PEDIDO COM DATA
812,397,765,5.0,10607.05,0.29,122.48,37777.51,PENDENTE,2023-10-21,PEDIDO COM DATA
815,67,978,5.0,8554.91,0.28,111.89,30909.57,CANCELADO,2023-11-08,PEDIDO COM DATA
817,166,751,4.0,3747.02,0.18,116.23,12406.46,ENVIADO,2024-04-14,PEDIDO COM DATA
818,486,142,6.0,2761.18,0.09,34.84,15110.88,PAGO,2023-11-27,PEDIDO COM DATA
821,839,456,1.0,9338.8,0.28,134.35,6858.29,PENDENTE,2022-07-24,PEDIDO COM DATA
823,414,43,6.0,898.19,0.29,77.26,3903.55,ENVIADO,2025-01-23,PEDIDO COM DATA
824,290,329,3.0,6729.61,0.06,142.19,-500.0,ENVIADO,2023-08-12,PEDIDO COM DATA
825,716,57,9.0,12472.23,0.06,80.39,105537.56,PAGO,2024-02-28,PEDIDO COM DATA
826,988,551,1.0,12359.72,0.0,70.73,9834.91,PENDENTE,2023-03-30,PEDIDO COM DATA
828,847,234,6.0,13765.4,0.12,31.83,72713.14,CANCELADO,2023-02-24,PEDIDO COM DATA
829,670,755,5.0,6149.87,0.0,80.39,30874.65,PAGO,2024-07-08,PEDIDO COM DATA
832,39,854,7.0,2783.49,0.23,80.39,15125.91,PENDENTE,2023-03-07,PEDIDO COM DATA
833,45,583,1.0,14229.87,0.1,143.06,12949.94,PAGO,2023-04-07,PEDIDO COM DATA
834,200,344,8.0,399.14,0.13,128.08,2906.09,CANCELADO,,PEDIDO SEM DATA
835,742,956,6.0,5568.17,0.04,24.53,32097.19,PAGO,2025-02-28,PEDIDO COM DATA
837,157,466,9.0,13194.08,0.07,50.16,110484.61,CANCELADO,,PEDIDO SEM DATA
840,219,403,3.0,7064.08,0.16,73.32,17874.8,ENVIADO,2024-11-25,PEDIDO COM DATA
841,966,454,1.0,10415.66,0.12,103.38,9269.16,ENVIADO,2023-10-11,PEDIDO COM DATA
842,889,757,3.0,11444.05,0.15,95.45,-500.0,CANCELADO,2022-04-19,PEDIDO COM DATA
844,576,164,3.0,2465.59,0.04,137.43,7238.33,PAGO,2022-10-28,PEDIDO COM DATA
847,972,806,2.0,5333.58,0.3,79.26,7546.27,PAGO,2024-09-29,PEDIDO COM DATA
848,171,54,4.0,10513.71,0.08,149.46,38839.91,CANCELADO,2022-01-22,PEDIDO COM DATA
849,20,310,7.0,3010.64,0.14,64.38,18188.43,CANCELADO,2022-09-29,PEDIDO COM DATA
850,737,268,9.0,2909.69,0.08,21.66,24113.89,PAGO,2022-08-08,PEDIDO COM DATA
852,109,628,2.0,861.37,0.04,138.52,1792.35,PAGO,2024-03-03,PEDIDO COM DATA
854,270,148,9.0,8640.0,0.06,27.36,73121.76,CANCELADO,2024-04-24,PEDIDO COM DATA
857,782,501,6.0,8197.84,0.22,41.94,38407.83,ENVIADO,2024-08-07,PEDIDO COM DATA
859,189,223,2.0,265.51,0.14,47.92,504.6,ENVIADO,2024-06-05,PEDIDO COM DATA
861,647,163,6.0,9464.28,0.21,70.06,44930.75,ENVIADO,,PEDIDO SEM DATA
865,336,365,10.0,7248.65,0.04,48.19,69635.23,PAGO,2023-08-29,PEDIDO COM DATA
866,754,907,4.0,7862.06,0.15,44.75,26775.75,ENVIADO,,PEDIDO SEM DATA
867,795,932,3.0,6711.34,0.11,31.98,17951.26,PENDENTE,2023-10-24,PEDIDO COM DATA
868,127,54,6.0,8297.58,0.11,54.14,44363.22,PAGO,2023-08-03,PEDIDO COM DATA
873,550,8,10.0,4235.63,0.17,81.52,35237.25,CANCELADO,,PEDIDO SEM DATA
874,991,668,9.0,11554.85,0.06,25.78,97779.81,PENDENTE,2023-09-14,PEDIDO COM DATA
875,56,664,4.0,8511.36,0.27,45.33,24898.5,CANCELADO,2024-07-26,PEDIDO COM DATA
876,617,772,3.0,13813.87,0.14,93.54,-500.0,PAGO,2023-07-16,PEDIDO COM DATA
877,311,456,7.0,10936.65,0.29,23.61,54378.76,CANCELADO,2022-03-13,PEDIDO COM DATA
878,310,146,5.0,6864.78,0.28,147.66,24860.87,PENDENTE,2022-01-30,PEDIDO COM DATA
879,743,241,8.0,13049.48,0.17,88.04,86736.59,PAGO,2022-03-18,PEDIDO COM DATA
880,851,477,7.0,2641.84,0.0,135.64,18628.52,CANCELADO,2023-01-21,PEDIDO COM DATA
881,459,830,1.0,14937.65,0.01,88.85,14877.12,PAGO,2024-01-23,PEDIDO COM DATA
883,770,911,8.0,10142.15,0.12,144.59,71545.33,PENDENTE,2022-03-29,PEDIDO COM DATA
884,941,881,3.0,8989.91,0.16,126.48,22781.05,ENVIADO,2022-08-18,PEDIDO COM DATA
885,558,43,9.0,1575.15,0.0,140.83,14317.18,CANCELADO,2025-01-28,PEDIDO COM DATA
886,536,673,7.0,3301.69,0.11,67.12,20636.65,PAGO,2024-10-30,PEDIDO COM DATA
887,508,148,2.0,10430.16,0.09,80.39,19098.7,PENDENTE,2023-01-16,PEDIDO COM DATA
888,697,74,2.0,3816.44,0.29,69.07,5488.41,ENVIADO,2022-03-27,PEDIDO COM DATA
890,986,500,2.0,7133.58,0.16,21.62,12006.03,PAGO,2023-10-24,PEDIDO COM DATA
891,796,721,8.0,3264.0,0.12,11.44,22990.0,ENVIADO,2025-01-02,PEDIDO COM DATA
893,6,397,3.0,11591.49,0.01,35.57,34462.3,PAGO,2022-12-03,PEDIDO COM DATA
896,560,383,9.0,3959.84,0.02,120.6,35046.39,PAGO,,PEDIDO SEM DATA
897,116,538,5.0,8791.88,0.0,133.25,44092.65,PAGO,2022-12-20,PEDIDO COM DATA
900,810,522,7.0,9697.69,0.0,32.02,52302.57,PENDENTE,2022-03-23,PEDIDO COM DATA
901,403,288,8.0,9759.5,0.3,57.81,54711.01,PENDENTE,2024-08-19,PEDIDO COM DATA
902,709,502,6.0,8000.43,0.18,18.81,39380.93,PENDENTE,2025-03-05,PEDIDO COM DATA
903,996,314,4.0,12389.51,0.16,67.62,41696.37,CANCELADO,2023-01-25,PEDIDO COM DATA
905,830,509,6.0,3699.59,0.15,47.9,18915.81,ENVIADO,,PEDIDO SEM DATA
906,951,507,8.0,14022.57,0.17,124.96,93234.82,ENVIADO,2024-03-03,PEDIDO COM DATA
907,144,186,2.0,5432.8,0.24,17.63,8275.49,PENDENTE,2022-03-23,PEDIDO COM DATA
911,455,454,3.0,11092.68,0.12,96.11,29380.79,CANCELADO,2022-02-12,PEDIDO COM DATA
912,631,398,8.0,9106.18,0.11,108.48,64944.48,PENDENTE,2023-08-19,PEDIDO COM DATA
914,262,357,4.0,4051.44,0.27,46.38,11876.58,PAGO,,PEDIDO SEM DATA
917,79,69,2.0,4050.28,0.23,84.75,6322.18,CANCELADO,2022-12-18,PEDIDO COM DATA
920,663,966,9.0,5321.95,0.18,110.57,39386.56,PENDENTE,2022-05-31,PEDIDO COM DATA
922,146,17,4.0,13556.88,0.08,65.89,49955.21,PAGO,2023-08-29,PEDIDO COM DATA
923,359,477,7.0,13307.96,0.26,20.94,25248.04,PENDENTE,2022-01-23,PEDIDO COM DATA
927,168,880,1.0,3997.31,0.14,19.25,3456.94,CANCELADO,2024-08-18,PEDIDO COM DATA
928,265,591,9.0,8227.92,0.27,113.9,54171.33,PENDENTE,2023-04-09,PEDIDO COM DATA
929,445,495,5.0,4935.74,0.15,79.84,21056.73,PENDENTE,2023-03-25,PEDIDO COM DATA
930,255,476,3.0,13892.25,0.21,80.82,33005.45,PAGO,2023-10-05,PEDIDO COM DATA
932,241,294,4.0,9166.38,0.05,80.39,34864.53,ENVIADO,2022-07-09,PEDIDO COM DATA
933,813,828,3.0,14877.72,0.0,34.86,44668.02,PAGO,2022-12-05,PEDIDO COM DATA
935,474,621,5.0,2377.76,0.23,82.08,9236.46,ENVIADO,2024-01-05,PEDIDO COM DATA
936,314,301,7.0,6281.18,0.28,80.39,31778.35,PAGO,2022-10-30,PEDIDO COM DATA
937,460,130,3.0,10847.09,0.08,56.58,29994.55,CANCELADO,2023-03-06,PEDIDO COM DATA
941,152,341,9.0,4116.22,0.12,80.39,32684.48,CANCELADO,2025-01-08,PEDIDO COM DATA
942,468,46,5.0,5002.43,0.12,97.79,22108.48,CANCELADO,2023-04-02,PEDIDO COM DATA
944,922,560,7.0,264.82,0.26,112.59,1484.36,CANCELADO,2022-08-26,PEDIDO COM DATA
946,426,166,7.0,3077.32,0.05,23.66,20487.84,PAGO,,PEDIDO SEM DATA
948,826,194,9.0,14175.21,0.22,137.53,99647.5,PENDENTE,2024-09-07,PEDIDO COM DATA
950,957,935,-1.0,8370.72,0.0,55.11,25248.04,CANCELADO,2024-05-01,PEDIDO COM DATA
951,8,993,6.0,12932.86,0.03,128.02,75397.27,CANCELADO,2022-09-03,PEDIDO COM DATA
955,103,917,7.0,11289.48,0.01,138.64,-500.0,PAGO,2022-03-29,PEDIDO COM DATA
956,370,416,9.0,1621.23,0.05,141.55,14003.07,PAGO,2024-08-21,PEDIDO COM DATA
957,726,130,3.0,11073.17,0.25,105.54,25020.17,ENVIADO,2025-01-26,PEDIDO COM DATA
958,441,217,10.0,10009.9,0.06,83.89,94176.95,PAGO,2024-05-10,PEDIDO COM DATA
959,620,510,1.0,14667.68,0.12,36.76,12944.32,PAGO,2023-04-18,PEDIDO COM DATA
960,763,48,2.0,10267.34,0.04,80.39,19753.83,PENDENTE,2024-07-04,PEDIDO COM DATA
961,742,664,2.0,13034.64,0.1,67.56,23529.91,PENDENTE,2024-09-30,PEDIDO COM DATA
962,281,448,1.0,3796.63,0.13,32.2,3335.27,CANCELADO,2023-07-27,PEDIDO COM DATA
963,788,15,8.0,11789.71,0.16,92.11,79318.96,PENDENTE,2024-09-10,PEDIDO COM DATA
964,927,137,1.0,11719.5,0.19,63.84,9556.64,PAGO,2023-07-11,PEDIDO COM DATA
967,412,686,10.0,8486.93,0.11,63.19,75596.87,ENVIADO,2023-04-12,PEDIDO COM DATA
968,576,17,2.0,1565.82,0.27,42.38,2328.48,ENVIADO,2022-10-05,PEDIDO COM DATA
969,220,224,6.0,1470.91,0.08,138.55,8257.97,PAGO,2022-07-11,PEDIDO COM DATA
970,811,613,9.0,11201.34,0.28,43.77,72628.45,PENDENTE,2024-04-23,PEDIDO COM DATA
971,103,91,9.0,8751.53,0.28,80.39,56758.78,PAGO,2023-07-18,PEDIDO COM DATA
972,843,161,4.0,11067.38,0.22,37.42,34567.65,PENDENTE,2024-01-21,PEDIDO COM DATA
974,162,217,2.0,2323.02,0.03,42.1,4548.76,CANCELADO,2024-07-16,PEDIDO COM DATA
975,609,546,10.0,3249.5,0.13,34.1,28304.75,PENDENTE,2024-04-11,PEDIDO COM DATA
976,792,549,8.0,13910.17,0.26,26.15,82374.36,PENDENTE,2022-04-19,PEDIDO COM DATA
978,183,46,7.0,7367.82,0.25,29.56,38710.61,PAGO,2023-10-22,PEDIDO COM DATA
979,698,283,6.0,468.8,0.23,119.21,2285.07,PAGO,2022-06-19,PEDIDO COM DATA
981,88,559,-1.0,9013.22,0.17,76.75,22519.67,PAGO,,PEDIDO SEM DATA
983,817,276,9.0,3433.11,0.0,102.59,27910.78,PAGO,2024-04-12,PEDIDO COM DATA
987,22,249,7.0,11352.06,0.04,111.11,76396.95,PAGO,2023-08-21,PEDIDO COM DATA
989,482,387,5.0,6179.65,0.08,50.68,28477.07,PENDENTE,2023-07-19,PEDIDO COM DATA
990,996,138,8.0,9159.23,0.21,104.31,57990.64,CANCELADO,2023-02-02,PEDIDO COM DATA
991,264,602,6.0,13254.53,0.04,111.98,76458.07,PAGO,,PEDIDO SEM DATA
992,247,608,2.0,9470.49,0.06,40.35,17844.87,ENVIADO,2023-11-02,PEDIDO COM DATA
994,858,612,9.0,13866.41,0.07,62.82,116124.67,ENVIADO,2022-01-07,PEDIDO COM DATA
1000,522,564,3.0,6554.88,0.03,97.69,19172.39,PAGO,2022-08-26,PEDIDO COM DATA
1001,918,568,1.0,11911.29,0.3,119.23,8457.13,PENDENTE,2023-04-24,PEDIDO COM DATA
1002,630,742,-5.0,819.94,0.2,73.21,1385.11,PENDENTE,2022-02-02,PEDIDO COM DATA
1003,464,262,10.0,12113.73,0.12,93.7,106694.52,ENVIADO,2022-07-03,PEDIDO COM DATA
1004,303,149,9.0,11757.29,0.17,99.15,87926.11,PENDENTE,2022-12-25,PEDIDO COM DATA
1006,428,996,1.0,9636.2,0.05,40.23,9194.62,PENDENTE,2024-12-01,PEDIDO COM DATA
1007,919,575,1.0,12542.85,0.29,125.92,9031.34,CANCELADO,2022-03-03,PEDIDO COM DATA
1008,870,803,3.0,6105.34,0.23,86.23,14189.57,PENDENTE,2022-01-31,PEDIDO COM DATA
1009,829,437,2.0,10086.73,0.21,30.4,15967.43,CANCELADO,2024-03-27,PEDIDO COM DATA
1010,247,602,5.0,12749.46,0.0,135.86,58783.38,ENVIADO,,PEDIDO SEM DATA
1011,120,854,7.0,7568.41,0.0,103.56,52022.85,CANCELADO,2022-06-14,PEDIDO COM DATA
1012,622,75,6.0,833.77,0.12,34.81,4437.12,PENDENTE,2023-07-28,PEDIDO COM DATA
1013,918,508,8.0,6651.57,0.08,32.72,48988.28,CANCELADO,2022-02-09,PEDIDO COM DATA
1015,994,200,4.0,3055.94,0.07,141.21,11509.31,PAGO,,PEDIDO SEM DATA
1016,695,105,2.0,9051.85,0.0,25.77,18129.47,CANCELADO,2024-02-10,PEDIDO COM DATA
1019,655,95,8.0,13416.11,0.18,125.83,88135.51,ENVIADO,2024-06-15,PEDIDO COM DATA
1020,437,888,4.0,13123.5,0.0,132.73,44227.69,PAGO,2024-10-06,PEDIDO COM DATA
1022,386,554,3.0,1283.6,0.25,35.26,2923.36,PAGO,2025-01-09,PEDIDO COM DATA
1025,737,613,5.0,7620.27,0.09,28.2,34700.43,ENVIADO,2025-01-22,PEDIDO COM DATA
1026,986,830,1.0,10435.3,0.13,59.97,9138.68,PAGO,2024-07-14,PEDIDO COM DATA
1027,799,80,10.0,970.95,0.19,146.27,8010.97,PENDENTE,2022-09-23,PEDIDO COM DATA
1028,591,201,8.0,14912.99,0.01,100.06,118210.94,PAGO,2022-03-03,PEDIDO COM DATA
1030,537,403,8.0,8912.05,0.06,59.42,67078.04,CANCELADO,2024-03-12,PEDIDO COM DATA
1031,228,888,4.0,8201.81,0.27,90.16,24039.45,ENVIADO,2022-12-31,PEDIDO COM DATA
1032,352,399,3.0,14530.05,0.05,142.45,41553.09,PAGO,2025-02-20,PEDIDO COM DATA
1033,379,375,1.0,14275.39,0.15,46.8,12180.88,CANCELADO,,PEDIDO SEM DATA
1038,141,958,6.0,8369.95,0.27,118.62,36779.0,CANCELADO,2023-09-04,PEDIDO COM DATA
1039,142,505,6.0,7662.92,0.29,135.04,32779.08,CANCELADO,2022-12-31,PEDIDO COM DATA
1040,312,981,10.0,13659.09,0.29,80.39,97103.28,CANCELADO,2023-04-16,PEDIDO COM DATA
1042,649,436,9.0,11077.56,0.2,49.75,79808.18,PENDENTE,2024-05-16,PEDIDO COM DATA
1043,653,808,8.0,10796.02,0.09,67.86,78662.89,PAGO,2024-12-12,PEDIDO COM DATA
1044,834,178,9.0,12119.78,0.03,28.72,105834.4,PAGO,2024-02-12,PEDIDO COM DATA
1045,907,93,-1.0,3686.33,0.08,32.42,30555.23,PENDENTE,2023-01-06,PEDIDO COM DATA
1046,492,476,6.0,3919.9,0.0,88.69,16787.46,ENVIADO,2024-02-23,PEDIDO COM DATA
1047,568,247,2.0,5899.58,0.16,35.43,0.0,PENDENTE,2022-03-01,PEDIDO COM DATA
1048,177,159,10.0,14328.79,0.27,39.97,104640.14,PAGO,2023-04-29,PEDIDO COM DATA
1049,148,243,3.0,4890.04,0.11,144.98,13201.39,ENVIADO,2024-10-06,PEDIDO COM DATA
1050,828,403,5.0,3722.09,0.01,56.57,18480.92,ENVIADO,2022-01-06,PEDIDO COM DATA
1052,969,937,9.0,3660.55,0.04,123.72,31750.87,PENDENTE,2022-03-19,PEDIDO COM DATA
1053,272,780,9.0,7344.4,0.24,106.04,50341.74,CANCELADO,2024-11-19,PEDIDO COM DATA
1054,243,653,9.0,5927.3,0.02,127.3,52406.09,PAGO,2025-03-18,PEDIDO COM DATA
1055,588,329,2.0,6914.02,0.1,132.06,12577.3,PENDENTE,2023-12-15,PEDIDO COM DATA
1056,95,311,4.0,7179.97,0.2,112.89,25248.04,ENVIADO,2022-07-10,PEDIDO COM DATA
1057,118,149,7.0,745.28,0.05,31.25,4987.36,PAGO,2022-08-24,PEDIDO COM DATA
1059,638,765,4.0,574.6,0.17,70.4,1978.07,PAGO,2022-11-03,PEDIDO COM DATA
1061,861,843,10.0,2920.94,0.25,80.39,22056.29,CANCELADO,2022-09-20,PEDIDO COM DATA
1063,266,965,2.0,13323.77,0.23,13.59,20532.2,PAGO,2022-12-07,PEDIDO COM DATA
1064,63,454,2.0,6479.7,0.26,13.13,9603.09,PENDENTE,2022-01-16,PEDIDO COM DATA
1067,527,126,1.0,3124.15,0.24,113.14,2487.49,PAGO,,PEDIDO SEM DATA
1068,832,745,6.0,6727.46,0.04,80.39,38764.44,PENDENTE,2022-04-21,PEDIDO COM DATA
1069,235,341,2.0,14532.25,0.24,50.28,22139.3,PAGO,2025-03-03,PEDIDO COM DATA
1071,830,942,8.0,13831.1,0.25,134.55,0.0,PAGO,2022-04-28,PEDIDO COM DATA
1073,557,787,9.0,1037.81,0.21,116.02,0.0,PENDENTE,2022-03-28,PEDIDO COM DATA
1074,624,514,1.0,12121.32,0.09,126.22,11156.62,PENDENTE,2024-08-06,PEDIDO COM DATA
1076,179,781,6.0,6564.67,0.06,106.44,37131.18,PAGO,2023-06-25,PEDIDO COM DATA
1077,442,869,3.0,414.08,0.14,82.18,1150.51,PAGO,2023-06-16,PEDIDO COM DATA
1078,954,924,9.0,14156.84,0.24,42.93,96875.72,PENDENTE,2022-08-18,PEDIDO COM DATA
1079,456,986,1.0,10969.73,0.16,97.63,9312.2,CANCELADO,2023-09-15,PEDIDO COM DATA
1081,266,554,1.0,6293.44,0.1,103.32,5767.42,PAGO,2022-11-20,PEDIDO COM DATA
1082,512,691,10.0,4070.83,0.05,103.86,38776.75,ENVIADO,2022-04-13,PEDIDO COM DATA
1083,603,364,4.0,10706.46,0.08,120.67,25248.04,PENDENTE,2023-11-14,PEDIDO COM DATA
1084,363,110,8.0,8723.89,0.26,102.21,51747.64,ENVIADO,2024-02-25,PEDIDO COM DATA
1085,738,272,10.0,6451.04,0.08,81.64,59431.21,PENDENTE,2024-04-12,PEDIDO COM DATA
1086,560,129,1.0,7547.94,0.17,120.51,6385.3,CANCELADO,2024-03-20,PEDIDO COM DATA
1087,771,540,0.0,9037.1,0.02,13.09,70863.95,PENDENTE,2023-02-23,PEDIDO COM DATA
1088,111,239,4.0,7137.15,0.12,10.06,25132.83,PAGO,2022-12-06,PEDIDO COM DATA
1089,980,286,5.0,7443.97,0.08,96.28,34338.54,PAGO,2024-08-20,PEDIDO COM DATA
1090,496,919,2.0,11590.55,0.04,46.22,22300.08,ENVIADO,2025-02-02,PEDIDO COM DATA
1093,696,185,1.0,12675.38,0.23,149.26,-500.0,PAGO,2023-04-11,PEDIDO COM DATA
1095,672,667,10.0,4530.97,0.04,84.25,43581.56,ENVIADO,2024-06-02,PEDIDO COM DATA
1096,52,335,7.0,3946.72,0.0,120.67,27747.71,CANCELADO,2023-10-16,PEDIDO COM DATA
1097,197,801,9.0,12082.86,0.01,28.32,107686.6,ENVIADO,2023-11-21,PEDIDO COM DATA
1100,655,398,1.0,111.67,0.27,85.16,166.68,PAGO,2022-12-21,PEDIDO COM DATA
1101,904,965,6.0,6672.44,0.24,11.91,30438.24,PAGO,2022-10-29,PEDIDO COM DATA
1102,942,169,1.0,3074.29,0.08,112.96,2941.31,ENVIADO,2025-02-08,PEDIDO COM DATA
1103,839,651,3.0,5540.07,0.08,81.97,15372.56,CANCELADO,,PEDIDO SEM DATA
1104,261,313,-1.0,4292.4,0.14,113.57,22262.35,ENVIADO,2022-06-23,PEDIDO COM DATA
1105,923,793,7.0,11467.08,0.07,51.09,25248.04,ENVIADO,2023-12-26,PEDIDO COM DATA
1106,671,556,1.0,12021.92,0.02,119.77,11901.25,PENDENTE,2023-10-28,PEDIDO COM DATA
1107,516,850,0.0,4016.14,0.27,56.34,8851.69,CANCELADO,2024-11-19,PEDIDO COM DATA
1108,863,436,6.0,14833.7,0.08,45.62,25248.04,PAGO,2024-08-31,PEDIDO COM DATA
1110,824,638,10.0,8697.61,0.3,83.88,60967.15,PENDENTE,2024-09-08,PEDIDO COM DATA
1111,860,461,3.0,3821.82,0.07,123.43,10786.31,PENDENTE,2025-02-14,PEDIDO COM DATA
1112,607,461,3.0,7831.52,0.0,120.93,21970.87,PENDENTE,2022-12-20,PEDIDO COM DATA
1114,47,932,1.0,7628.69,0.0,104.01,6283.25,CANCELADO,2024-02-25,PEDIDO COM DATA
1115,296,64,4.0,13468.16,0.09,54.71,49078.81,PENDENTE,2023-02-04,PEDIDO COM DATA
1117,77,340,1.0,13546.03,0.01,70.6,25248.04,PAGO,2023-04-06,PEDIDO COM DATA
1118,2,828,8.0,8133.97,0.03,80.39,63215.59,PENDENTE,2024-05-30,PEDIDO COM DATA
1120,699,677,8.0,11728.21,0.02,14.29,91963.46,CANCELADO,2023-04-30,PEDIDO COM DATA
1121,966,90,3.0,6485.56,0.21,148.36,15519.14,PAGO,2025-02-07,PEDIDO COM DATA
1122,780,967,10.0,5540.79,0.04,20.2,53211.78,PENDENTE,2024-09-26,PEDIDO COM DATA
1125,47,327,7.0,11696.94,0.04,80.39,78731.73,PAGO,2024-03-28,PEDIDO COM DATA
1126,722,921,6.0,6161.93,0.29,74.31,26324.13,CANCELADO,,PEDIDO SEM DATA
1127,498,533,9.0,2757.87,0.21,110.39,19718.85,CANCELADO,2022-01-13,PEDIDO COM DATA
1130,263,928,2.0,13161.3,0.17,53.72,21901.48,PENDENTE,2024-04-24,PEDIDO COM DATA
1131,610,264,5.0,14349.12,0.23,67.88,55311.99,PAGO,2023-03-13,PEDIDO COM DATA
1132,743,793,2.0,552.11,0.1,31.52,1025.32,CANCELADO,2024-06-15,PEDIDO COM DATA
1134,516,200,9.0,4568.52,0.05,122.03,39182.88,CANCELADO,,PEDIDO SEM DATA
1135,950,284,1.0,5914.23,0.13,80.39,5202.36,PAGO,2023-10-27,PEDIDO COM DATA
1136,506,645,5.0,10964.69,0.2,94.01,43952.77,PAGO,2022-10-19,PEDIDO COM DATA
1138,915,85,3.0,2749.97,0.27,119.89,25248.04,PAGO,2022-08-16,PEDIDO COM DATA
1140,454,722,4.0,12670.98,0.0,87.1,43675.27,PAGO,,PEDIDO SEM DATA
1141,295,981,10.0,3259.15,0.09,80.39,29769.26,PAGO,2024-11-03,PEDIDO COM DATA
1142,996,779,5.0,984.85,0.16,97.76,4234.13,CANCELADO,2023-12-10,PEDIDO COM DATA
1144,397,735,8.0,7172.96,0.01,107.36,56917.2,CANCELADO,2023-09-21,PEDIDO COM DATA
1147,586,41,7.0,12587.18,0.01,80.39,87273.36,PAGO,2022-07-01,PEDIDO COM DATA
1148,455,226,3.0,9251.67,0.0,135.49,27890.5,ENVIADO,2023-10-25,PEDIDO COM DATA
1149,882,191,2.0,2581.46,0.22,117.95,4145.03,PAGO,2022-10-17,PEDIDO COM DATA
1151,718,981,3.0,1502.64,0.24,111.58,3537.6,CANCELADO,2025-03-04,PEDIDO COM DATA
1152,109,792,2.0,7556.93,0.06,62.0,14269.03,PAGO,2024-02-21,PEDIDO COM DATA
1153,46,726,1.0,11261.18,0.23,138.4,8809.51,PENDENTE,2024-11-07,PEDIDO COM DATA
1155,302,550,3.0,9386.58,0.25,42.01,21161.81,PENDENTE,2024-12-10,PEDIDO COM DATA
1157,134,735,8.0,7480.44,0.26,27.81,0.0,ENVIADO,2023-06-04,PEDIDO COM DATA
1160,863,989,9.0,12321.25,0.02,64.19,108737.62,CANCELADO,2024-04-11,PEDIDO COM DATA
1163,386,172,8.0,2862.8,0.25,63.95,17240.75,CANCELADO,2025-02-10,PEDIDO COM DATA
1165,742,319,2.0,9877.06,0.17,63.24,16459.16,ENVIADO,2023-01-18,PEDIDO COM DATA
1168,246,448,6.0,8473.48,0.3,47.92,35636.54,PENDENTE,2022-06-11,PEDIDO COM DATA
1169,293,379,1.0,8041.59,0.27,90.18,5960.54,PENDENTE,2023-10-24,PEDIDO COM DATA
1170,381,590,7.0,5968.18,0.25,35.44,31368.38,PAGO,2023-06-29,PEDIDO COM DATA
1171,126,956,5.0,808.53,0.2,47.07,3281.19,CANCELADO,2023-03-14,PEDIDO COM DATA
1172,58,464,10.0,6201.49,0.2,74.11,-500.0,PENDENTE,2022-10-18,PEDIDO COM DATA
1174,697,667,8.0,748.17,0.15,99.99,25248.04,PENDENTE,2023-04-01,PEDIDO COM DATA
1175,474,464,3.0,8668.02,0.12,80.39,22938.92,CANCELADO,2022-11-09,PEDIDO COM DATA
1176,955,550,-1.0,388.31,0.28,55.57,614.74,PAGO,2023-10-17,PEDIDO COM DATA
1177,868,969,4.0,1816.33,0.01,52.16,7244.83,PAGO,2024-10-09,PEDIDO COM DATA
1178,931,36,4.0,1841.91,0.0,58.42,6615.62,ENVIADO,2023-05-20,PEDIDO COM DATA
1179,737,383,10.0,5296.69,0.27,102.3,38768.14,PENDENTE,2024-12-05,PEDIDO COM DATA
1180,179,2,5.0,5466.59,0.14,107.09,23613.43,PAGO,2024-08-19,PEDIDO COM DATA
1181,930,51,9.0,14642.33,0.01,36.24,130499.4,PAGO,2022-01-29,PEDIDO COM DATA
1182,160,406,2.0,5326.23,0.25,125.31,8114.65,ENVIADO,2024-06-09,PEDIDO COM DATA
1185,363,415,1.0,5667.86,0.25,96.51,4347.4,ENVIADO,,PEDIDO SEM DATA
1187,226,794,7.0,2634.23,0.2,81.22,14832.91,CANCELADO,,PEDIDO SEM DATA
1188,258,583,2.0,11993.25,0.28,102.36,25248.04,CANCELADO,2022-02-04,PEDIDO COM DATA
1189,687,94,10.0,10819.03,0.18,80.39,88755.66,CANCELADO,2022-12-12,PEDIDO COM DATA
1190,163,683,1.0,1085.39,0.26,79.46,0.0,ENVIADO,2024-08-05,PEDIDO COM DATA
1192,348,713,10.0,14458.24,0.16,76.52,121525.74,CANCELADO,2023-02-20,PEDIDO COM DATA
1193,94,646,7.0,4945.66,0.06,80.39,32685.97,PAGO,2023-12-22,PEDIDO COM DATA
1194,794,358,8.0,12117.16,0.0,49.59,-500.0,ENVIADO,2023-09-20,PEDIDO COM DATA
1195,682,781,7.0,7456.25,0.09,72.7,47569.01,PAGO,2023-06-11,PEDIDO COM DATA
1196,34,24,7.0,3679.07,0.09,40.88,23476.56,PAGO,2022-08-14,PEDIDO COM DATA
1198,212,437,5.0,3536.87,0.02,53.96,17384.62,CANCELADO,2024-04-27,PEDIDO COM DATA
1200,968,879,5.0,4151.3,0.14,41.7,17892.29,PENDENTE,,PEDIDO SEM DATA
1201,513,431,3.0,9089.47,0.14,140.93,23591.76,PENDENTE,2022-11-19,PEDIDO COM DATA
1202,9,916,10.0,6694.24,0.02,34.27,65637.82,ENVIADO,2024-01-29,PEDIDO COM DATA
1206,556,564,6.0,739.91,0.0,134.63,4307.72,CANCELADO,2023-01-11,PEDIDO COM DATA
1207,213,672,2.0,300.37,0.07,73.11,631.8,PAGO,2025-02-04,PEDIDO COM DATA
1208,973,667,6.0,10667.12,0.27,89.67,46811.66,ENVIADO,2024-06-16,PEDIDO COM DATA
1209,66,477,5.0,2841.09,0.01,80.39,14102.5,CANCELADO,2024-05-14,PEDIDO COM DATA
1210,186,460,6.0,10952.89,0.23,116.23,50718.58,ENVIADO,2025-03-20,PEDIDO COM DATA
1212,490,625,10.0,5223.65,0.24,44.88,39744.62,CANCELADO,2024-09-25,PEDIDO COM DATA
1214,678,817,3.0,4404.26,0.26,18.19,9795.65,PAGO,2024-09-02,PEDIDO COM DATA
1215,708,508,6.0,12376.11,0.12,97.12,65442.98,ENVIADO,2022-11-12,PEDIDO COM DATA
1216,481,645,3.0,5105.39,0.26,18.97,11352.94,CANCELADO,2023-06-06,PEDIDO COM DATA
1217,743,758,-1.0,14208.37,0.15,97.81,36329.15,ENVIADO,,PEDIDO SEM DATA
1218,705,567,0.0,12113.99,0.22,17.0,66159.39,PENDENTE,2022-11-06,PEDIDO COM DATA
1219,602,995,10.0,9266.41,0.21,34.95,73239.59,ENVIADO,2023-06-06,PEDIDO COM DATA
1220,571,466,3.0,2469.98,0.11,50.5,6645.35,PENDENTE,2023-02-04,PEDIDO COM DATA
1221,2,709,9.0,12250.48,0.06,50.59,103689.65,CANCELADO,2022-01-25,PEDIDO COM DATA
1222,22,824,-5.0,174.66,0.11,105.64,571.98,PENDENTE,2024-03-24,PEDIDO COM DATA
1223,674,215,3.0,14215.48,0.18,54.31,35024.39,PENDENTE,2022-02-05,PEDIDO COM DATA
1227,230,722,3.0,982.2,0.19,34.75,25248.04,CANCELADO,2025-01-07,PEDIDO COM DATA
1231,627,260,9.0,3270.03,0.29,49.4,20944.89,ENVIADO,2022-11-11,PEDIDO COM DATA
1232,417,603,10.0,8919.04,0.18,80.39,73226.68,ENVIADO,2024-05-14,PEDIDO COM DATA
1233,756,705,3.0,10599.33,0.02,58.7,31220.73,PAGO,2023-10-31,PEDIDO COM DATA
1234,277,251,9.0,13489.18,0.16,10.27,101988.47,PAGO,2022-05-03,PEDIDO COM DATA
1235,547,715,7.0,2476.93,0.14,71.06,14982.18,ENVIADO,2023-02-22,PEDIDO COM DATA
1236,496,418,2.0,7594.76,0.19,133.66,12437.17,CANCELADO,,PEDIDO SEM DATA
1239,77,637,3.0,7016.99,0.13,67.37,18381.71,CANCELADO,2023-12-18,PEDIDO COM DATA
1240,183,753,1.0,14860.32,0.25,31.09,11176.33,PAGO,2022-10-11,PEDIDO COM DATA
1241,210,316,10.0,7618.3,0.17,143.34,63375.23,PENDENTE,2025-04-01,PEDIDO COM DATA
1242,24,456,5.0,9418.48,0.04,96.43,45305.13,PAGO,2025-02-07,PEDIDO COM DATA
1245,171,679,9.0,12096.93,0.26,55.73,80621.28,CANCELADO,2025-02-06,PEDIDO COM DATA
1247,554,565,4.0,9290.44,0.22,80.39,29032.84,ENVIADO,2024-01-29,PEDIDO COM DATA
1248,49,1,4.0,707.95,0.1,64.65,2613.27,CANCELADO,2024-03-04,PEDIDO COM DATA
1249,572,268,10.0,2889.9,0.13,85.79,25227.92,PAGO,2022-08-31,PEDIDO COM DATA
1250,166,425,-5.0,487.83,0.19,38.57,433.71,PAGO,2024-03-16,PEDIDO COM DATA
1253,296,702,6.0,5598.03,0.07,71.19,31308.2,PENDENTE,2023-08-12,PEDIDO COM DATA
1255,656,147,8.0,7429.91,0.13,47.9,51760.07,PENDENTE,2025-04-11,PEDIDO COM DATA
1257,95,265,8.0,6822.54,0.08,42.24,50256.13,CANCELADO,2022-08-18,PEDIDO COM DATA
1260,492,557,8.0,2960.56,0.09,87.68,21640.56,PENDENTE,2023-11-02,PEDIDO COM DATA
1261,495,832,9.0,769.04,0.15,130.89,6014.05,ENVIADO,2022-11-29,PEDIDO COM DATA
1262,408,603,2.0,14804.32,0.07,123.91,27659.95,PAGO,2025-03-23,PEDIDO COM DATA
1263,30,707,1.0,1700.24,0.16,87.57,1515.77,PAGO,2025-01-11,PEDIDO COM DATA
1264,680,535,5.0,13570.94,0.05,51.27,64513.23,ENVIADO,2025-04-08,PEDIDO COM DATA
1267,769,595,9.0,4502.75,0.29,139.56,28912.13,ENVIADO,2024-12-07,PEDIDO COM DATA
1268,187,744,4.0,9580.17,0.06,80.39,36101.83,PAGO,2023-07-18,PEDIDO COM DATA
1271,685,327,4.0,1915.52,0.12,114.46,0.0,ENVIADO,2023-09-22,PEDIDO COM DATA
1274,411,582,4.0,3150.61,0.07,96.62,11816.89,CANCELADO,2023-08-21,PEDIDO COM DATA
1275,253,89,6.0,12914.4,0.25,43.52,58158.32,PAGO,2022-10-02,PEDIDO COM DATA
1277,263,71,7.0,1166.62,0.27,97.28,6058.71,CANCELADO,2024-04-18,PEDIDO COM DATA
1278,44,999,6.0,14450.75,0.01,103.7,0.0,PAGO,2023-06-24,PEDIDO COM DATA
1280,518,550,5.0,14078.5,0.15,117.14,59950.76,ENVIADO,2022-10-06,PEDIDO COM DATA
1282,214,605,9.0,11404.9,0.27,81.02,75011.21,CANCELADO,2024-08-30,PEDIDO COM DATA
1283,850,258,2.0,3503.57,0.0,11.74,7018.88,CANCELADO,2022-09-19,PEDIDO COM DATA
1284,358,271,3.0,14548.93,0.0,19.49,31445.18,PENDENTE,2022-01-15,PEDIDO COM DATA
1287,188,182,6.0,1190.37,0.15,51.8,6122.69,PAGO,2024-12-28,PEDIDO COM DATA
1291,833,390,10.0,638.02,0.15,133.84,25248.04,ENVIADO,2022-08-18,PEDIDO COM DATA
1292,114,584,3.0,8216.42,0.3,19.58,17274.06,CANCELADO,2023-08-24,PEDIDO COM DATA
1294,760,844,8.0,11971.59,0.14,35.24,82399.78,ENVIADO,,PEDIDO SEM DATA
1296,114,328,9.0,8730.0,0.25,33.9,58961.4,CANCELADO,2024-09-07,PEDIDO COM DATA
1299,748,641,3.0,12507.41,0.24,147.15,28664.04,ENVIADO,2023-10-15,PEDIDO COM DATA
1300,192,152,1.0,2539.22,0.3,37.9,1815.35,PENDENTE,,PEDIDO SEM DATA
1301,562,532,7.0,3745.03,0.09,110.0,25248.04,PAGO,2022-09-06,PEDIDO COM DATA
1302,416,818,1.0,366.68,0.29,129.06,389.4,ENVIADO,2022-04-02,PEDIDO COM DATA
1303,555,815,6.0,4517.02,0.3,143.13,19114.61,CANCELADO,2024-11-20,PEDIDO COM DATA
1304,225,256,7.0,1798.74,0.03,126.9,12340.34,CANCELADO,2023-06-15,PEDIDO COM DATA
1305,145,778,10.0,14443.53,0.09,146.19,25248.04,ENVIADO,2022-03-03,PEDIDO COM DATA
1306,385,967,10.0,9116.0,0.08,91.48,83958.68,PAGO,2022-10-13,PEDIDO COM DATA
1308,909,72,8.0,3945.96,0.1,29.03,28439.94,ENVIADO,,PEDIDO SEM DATA
1311,764,930,0.0,3023.55,0.27,89.49,6711.06,CANCELADO,2022-01-24,PEDIDO COM DATA
1313,225,873,5.0,5754.63,0.29,24.99,20453.93,CANCELADO,2024-10-04,PEDIDO COM DATA
1314,266,241,6.0,8383.85,0.13,78.76,43842.46,PENDENTE,2024-03-18,PEDIDO COM DATA
1315,4,522,7.0,12712.61,0.21,64.24,70364.97,ENVIADO,2024-04-17,PEDIDO COM DATA
1316,453,523,-1.0,11855.8,0.0,75.39,54019.28,CANCELADO,2024-10-22,PEDIDO COM DATA
1319,628,505,4.0,8209.6,0.02,30.55,32212.18,PENDENTE,2022-05-13,PEDIDO COM DATA
1321,768,286,2.0,12036.17,0.06,80.39,22758.85,ENVIADO,2022-10-19,PEDIDO COM DATA
1323,34,961,1.0,3163.65,0.28,76.48,2354.31,ENVIADO,2022-04-04,PEDIDO COM DATA
1324,108,906,7.0,13263.91,0.05,148.28,88353.28,CANCELADO,2024-08-13,PEDIDO COM DATA
1325,337,889,6.0,13820.54,0.19,20.79,67188.61,ENVIADO,2024-12-06,PEDIDO COM DATA
1326,483,141,8.0,8989.19,0.02,41.74,70516.99,PENDENTE,2022-09-23,PEDIDO COM DATA
1328,294,561,1.0,10112.57,0.21,61.29,25248.04,PENDENTE,2023-03-13,PEDIDO COM DATA
1329,988,191,3.0,14554.76,0.04,91.91,42009.62,ENVIADO,2022-02-10,PEDIDO COM DATA
1332,720,767,2.0,9307.64,0.0,90.9,13866.21,PAGO,2022-02-01,PEDIDO COM DATA
1333,235,48,3.0,1531.99,0.27,62.79,3417.85,PENDENTE,2023-11-07,PEDIDO COM DATA
1334,564,93,2.0,67.04,0.01,26.59,159.33,ENVIADO,2022-09-08,PEDIDO COM DATA
1338,771,236,8.0,9975.4,0.02,23.68,78230.82,PAGO,2024-10-27,PEDIDO COM DATA
1339,723,471,3.0,5762.17,0.05,34.19,16456.37,CANCELADO,2022-04-04,PEDIDO COM DATA
1340,439,257,-1.0,174.08,0.2,62.81,480.6,ENVIADO,2024-05-05,PEDIDO COM DATA
1341,367,619,3.0,3283.96,0.0,111.08,8386.66,ENVIADO,2023-04-24,PEDIDO COM DATA
1345,151,494,2.0,1614.12,0.02,75.07,3238.75,PAGO,2022-11-19,PEDIDO COM DATA
1347,765,424,10.0,11924.81,0.0,149.56,119397.66,PAGO,2024-07-11,PEDIDO COM DATA
1348,909,778,1.0,13825.44,0.24,21.25,10528.58,PENDENTE,2023-03-04,PEDIDO COM DATA
1350,577,34,7.0,11348.36,0.1,18.52,71513.19,PENDENTE,2022-09-18,PEDIDO COM DATA
1351,162,777,8.0,2719.13,0.26,32.41,16129.66,PAGO,2022-09-14,PEDIDO COM DATA
1353,1,518,9.0,6534.04,0.24,68.62,44761.45,PAGO,2025-03-03,PEDIDO COM DATA
1355,921,161,-1.0,14357.63,0.07,34.26,80149.84,PAGO,2022-08-21,PEDIDO COM DATA
1358,901,594,1.0,6676.08,0.1,93.78,6102.25,ENVIADO,,PEDIDO SEM DATA
1359,317,603,6.0,4182.27,0.02,12.08,24603.83,PAGO,2025-04-15,PEDIDO COM DATA
1360,406,458,2.0,10550.8,0.03,62.13,20530.68,ENVIADO,2023-05-31,PEDIDO COM DATA
1362,196,171,2.0,960.66,0.21,130.41,1648.25,PENDENTE,2022-04-12,PEDIDO COM DATA
1363,453,497,10.0,6925.71,0.04,75.26,66562.08,CANCELADO,2023-10-21,PEDIDO COM DATA
1365,604,604,9.0,6461.38,0.03,132.16,56540.01,CANCELADO,2023-11-15,PEDIDO COM DATA
1366,805,804,6.0,11033.91,0.16,126.14,55737.05,PAGO,2024-11-06,PEDIDO COM DATA
1367,494,129,10.0,11688.2,0.11,139.36,104164.34,PENDENTE,2023-01-11,PEDIDO COM DATA
1368,9,774,2.0,8008.59,0.11,121.41,14376.7,CANCELADO,2023-01-05,PEDIDO COM DATA
1371,87,589,4.0,3699.24,0.23,85.42,11479.08,PAGO,2024-05-09,PEDIDO COM DATA
1376,485,336,6.0,1519.3,0.17,12.77,7578.88,PAGO,2023-08-11,PEDIDO COM DATA
1377,456,316,5.0,11577.0,0.02,79.47,56806.77,PAGO,2022-12-05,PEDIDO COM DATA
1379,233,513,6.0,9394.81,0.09,113.87,51409.53,PAGO,2025-04-06,PEDIDO COM DATA
1380,489,547,2.0,3942.52,0.13,52.66,6912.64,CANCELADO,2023-03-11,PEDIDO COM DATA
1382,829,923,2.0,5528.79,0.09,107.16,10169.56,PENDENTE,2025-03-27,PEDIDO COM DATA
1384,455,274,7.0,8890.26,0.07,13.79,57889.38,PENDENTE,2023-01-10,PEDIDO COM DATA
1385,431,421,8.0,13670.14,0.19,118.65,88701.16,PAGO,2024-03-04,PEDIDO COM DATA
1389,953,164,8.0,1817.57,0.05,108.34,13921.87,ENVIADO,2023-09-23,PEDIDO COM DATA
1390,176,415,10.0,4393.21,0.01,110.51,43603.29,CANCELADO,2022-02-09,PEDIDO COM DATA
1391,368,794,10.0,9165.23,0.13,80.39,79751.25,PENDENTE,2023-07-11,PEDIDO COM DATA
1394,2,205,8.0,11625.17,0.03,17.62,-500.0,PAGO,2024-07-19,PEDIDO COM DATA
1397,484,416,7.0,2003.83,0.17,84.25,0.0,CANCELADO,2023-07-29,PEDIDO COM DATA
1401,783,436,5.0,7528.46,0.02,84.59,36974.04,CANCELADO,2024-11-10,PEDIDO COM DATA
1402,122,361,10.0,6787.51,0.15,82.49,57776.33,PAGO,2024-08-07,PEDIDO COM DATA
1405,605,931,10.0,9866.42,0.05,138.07,93869.06,ENVIADO,2025-02-12,PEDIDO COM DATA
1408,678,233,1.0,13063.31,0.22,88.96,10278.34,ENVIADO,,PEDIDO SEM DATA
1411,135,901,1.0,1295.92,0.2,44.44,1081.18,PENDENTE,2023-08-18,PEDIDO COM DATA
1413,508,202,3.0,1117.65,0.3,58.95,2406.01,PAGO,2023-02-11,PEDIDO COM DATA
1414,199,216,8.0,623.92,0.09,80.39,4577.88,ENVIADO,2022-02-22,PEDIDO COM DATA
1417,363,522,1.0,5177.81,0.16,21.07,4370.43,CANCELADO,2023-05-25,PEDIDO COM DATA
1419,255,619,9.0,2261.18,0.02,85.55,20029.16,CANCELADO,2025-01-19,PEDIDO COM DATA
1420,701,972,5.0,9432.56,0.21,12.95,37271.56,ENVIADO,2023-08-02,PEDIDO COM DATA
1422,861,443,8.0,657.72,0.22,94.72,-500.0,CANCELADO,,PEDIDO SEM DATA
1425,696,792,3.0,13779.64,0.27,21.19,30198.6,ENVIADO,2024-09-22,PEDIDO COM DATA
1428,90,663,7.0,4004.41,0.0,86.3,28117.17,PAGO,2022-10-21,PEDIDO COM DATA
1430,734,547,7.0,664.11,0.26,74.89,3514.98,PENDENTE,2022-03-31,PEDIDO COM DATA
1432,866,290,6.0,5984.09,0.12,131.37,31727.37,PAGO,2023-04-26,PEDIDO COM DATA
1436,832,328,8.0,8761.2,0.1,74.43,63155.07,CANCELADO,2024-04-08,PEDIDO COM DATA
1437,440,339,7.0,13279.92,0.17,37.27,77193.61,ENVIADO,,PEDIDO SEM DATA
1438,994,249,8.0,12716.52,0.24,80.39,77338.86,ENVIADO,2023-05-11,PEDIDO COM DATA
1439,871,837,3.0,10359.24,0.18,80.39,25560.8,PENDENTE,2023-10-22,PEDIDO COM DATA
1440,168,836,7.0,14022.87,0.27,74.43,71731.3,PENDENTE,2023-04-04,PEDIDO COM DATA
1441,889,347,3.0,720.08,0.07,35.53,25248.04,CANCELADO,2023-08-24,PEDIDO COM DATA
1444,443,641,3.0,13705.89,0.15,80.39,35025.46,CANCELADO,,PEDIDO SEM DATA
1445,4,213,9.0,5435.36,0.07,121.66,45615.62,PAGO,2024-08-26,PEDIDO COM DATA
1448,459,274,6.0,8933.29,0.19,39.24,43455.03,CANCELADO,2022-06-08,PEDIDO COM DATA
1449,936,724,9.0,6420.19,0.18,96.83,47477.83,ENVIADO,2023-08-31,PEDIDO COM DATA
1451,296,576,6.0,3435.12,0.0,107.97,20718.69,CANCELADO,2024-10-16,PEDIDO COM DATA
1455,61,588,3.0,6269.37,0.12,28.54,16579.68,ENVIADO,2024-12-06,PEDIDO COM DATA
1456,331,336,6.0,13329.24,0.11,148.77,25248.04,ENVIADO,2024-12-23,PEDIDO COM DATA
1462,656,655,4.0,8604.1,0.2,80.39,27667.48,CANCELADO,2023-07-08,PEDIDO COM DATA
1463,893,829,1.0,12025.43,0.29,59.53,8597.59,CANCELADO,,PEDIDO SEM DATA
1464,578,762,8.0,9981.52,0.14,84.56,68757.42,CANCELADO,2024-12-06,PEDIDO COM DATA
1465,207,4,9.0,7839.29,0.22,127.47,55159.29,PENDENTE,2023-05-17,PEDIDO COM DATA
1466,226,173,7.0,486.3,0.19,111.16,2868.48,PAGO,2024-06-27,PEDIDO COM DATA
1467,3,394,7.0,2743.26,0.18,102.01,15848.32,ENVIADO,2025-01-12,PEDIDO COM DATA
1468,302,798,3.0,13297.58,0.25,125.04,30044.6,ENVIADO,2022-10-23,PEDIDO COM DATA
1469,486,122,8.0,9377.61,0.28,13.78,54028.81,ENVIADO,2023-10-10,PEDIDO COM DATA
1470,894,819,9.0,9422.76,0.13,103.95,73884.16,ENVIADO,2024-10-13,PEDIDO COM DATA
1471,208,608,9.0,1179.36,0.25,131.09,8091.77,CANCELADO,2024-10-08,PEDIDO COM DATA
1472,572,595,5.0,5556.52,0.3,116.69,19564.51,PAGO,2022-11-15,PEDIDO COM DATA
1473,702,491,7.0,1207.52,0.0,65.88,7926.84,PAGO,2022-11-13,PEDIDO COM DATA
1475,49,466,10.0,1996.69,0.14,30.54,17202.07,ENVIADO,2023-09-15,PEDIDO COM DATA
1476,466,944,1.0,3654.3,0.09,68.9,3394.31,CANCELADO,2023-12-27,PEDIDO COM DATA
1478,34,367,3.0,9662.74,0.16,80.39,24446.6,PENDENTE,2022-08-03,PEDIDO COM DATA
1479,319,66,5.0,13318.7,0.29,101.2,47382.58,ENVIADO,2022-08-22,PEDIDO COM DATA
1480,769,403,9.0,9034.07,0.22,91.59,63510.76,CANCELADO,2023-07-01,PEDIDO COM DATA
1482,138,628,6.0,7206.89,0.23,80.84,33376.67,PENDENTE,2024-06-18,PEDIDO COM DATA
1483,522,403,9.0,11614.87,0.06,15.28,98277.08,PENDENTE,2023-04-10,PEDIDO COM DATA
1484,93,385,6.0,1053.21,0.1,113.44,25248.04,ENVIADO,2023-06-06,PEDIDO COM DATA
1485,745,126,6.0,11150.3,0.17,86.27,55614.76,ENVIADO,2022-01-07,PEDIDO COM DATA
1486,972,166,3.0,1172.3,0.2,66.63,2880.15,CANCELADO,2024-09-09,PEDIDO COM DATA
1487,911,60,10.0,3842.08,0.17,107.16,31996.42,CANCELADO,2023-05-10,PEDIDO COM DATA
1490,226,276,10.0,8833.98,0.01,135.95,87592.35,PAGO,2024-08-29,PEDIDO COM DATA
1491,630,74,6.0,2262.8,0.09,124.0,12478.89,ENVIADO,2024-01-09,PEDIDO COM DATA
1492,315,144,7.0,12207.07,0.03,63.72,82949.73,ENVIADO,2023-11-17,PEDIDO COM DATA
1493,777,162,3.0,7299.79,0.13,129.11,25248.04,CANCELADO,,PEDIDO SEM DATA
1494,852,960,5.0,11696.72,0.28,80.39,42154.0,PENDENTE,,PEDIDO SEM DATA
1495,283,388,2.0,5619.39,0.14,91.24,9756.59,CANCELADO,,PEDIDO SEM DATA
1496,297,15,10.0,4847.02,0.07,79.38,45156.67,ENVIADO,2025-01-02,PEDIDO COM DATA
1502,757,629,1.0,12758.04,0.03,39.08,12414.38,PAGO,2023-03-16,PEDIDO COM DATA
1503,751,613,5.0,5046.32,0.26,105.1,18776.48,PAGO,2022-12-21,PEDIDO COM DATA
1505,564,653,6.0,2676.66,0.14,42.49,13854.06,CANCELADO,2025-02-26,PEDIDO COM DATA
1507,715,380,3.0,4342.38,0.13,148.94,11482.55,ENVIADO,2022-09-18,PEDIDO COM DATA
1511,404,919,9.0,9843.56,0.21,22.37,70010.08,PAGO,2022-07-15,PEDIDO COM DATA
1512,629,434,8.0,14384.71,0.27,12.67,84019.38,PENDENTE,2023-09-02,PEDIDO COM DATA
1513,453,407,3.0,4863.25,0.08,30.18,13452.75,PENDENTE,2022-08-11,PEDIDO COM DATA
1515,581,472,2.0,9313.92,0.14,80.39,16124.05,PAGO,2022-12-14,PEDIDO COM DATA
1516,792,585,0.0,1721.56,0.23,44.57,1370.17,ENVIADO,2024-09-14,PEDIDO COM DATA
1521,392,61,2.0,4872.4,0.14,129.73,8510.26,PAGO,2022-10-05,PEDIDO COM DATA
1522,476,686,1.0,2440.35,0.28,87.79,1844.84,ENVIADO,2022-06-03,PEDIDO COM DATA
1523,623,219,7.0,7157.02,0.15,78.72,42662.99,ENVIADO,2023-09-10,PEDIDO COM DATA
1524,114,674,7.0,1849.27,0.17,50.08,10794.34,PENDENTE,,PEDIDO SEM DATA
1525,680,444,3.0,5840.27,0.12,45.46,15463.77,PAGO,2024-01-15,PEDIDO COM DATA
1526,738,829,2.0,14014.87,0.14,85.99,24191.57,PENDENTE,,PEDIDO SEM DATA
1527,606,644,6.0,6501.63,0.1,102.88,35211.68,PAGO,2024-07-22,PEDIDO COM DATA
1529,979,985,7.0,12919.97,0.08,120.24,25248.04,PAGO,2024-09-22,PEDIDO COM DATA
1530,145,8,8.0,6126.5,0.06,110.82,46182.1,PENDENTE,,PEDIDO SEM DATA
1532,105,722,2.0,14041.47,0.1,14.16,25288.81,PENDENTE,2022-01-16,PEDIDO COM DATA
1533,448,297,2.0,9600.56,0.28,60.31,13885.12,PAGO,2022-02-18,PEDIDO COM DATA
1534,105,637,5.0,13652.3,0.21,56.12,53982.71,CANCELADO,2023-08-13,PEDIDO COM DATA
1536,992,26,4.0,6980.59,0.18,26.16,22922.5,PENDENTE,2024-04-04,PEDIDO COM DATA
1537,15,327,6.0,8297.19,0.29,138.1,35484.13,PAGO,2024-05-08,PEDIDO COM DATA
1538,441,581,0.0,10348.27,0.11,31.45,9241.41,ENVIADO,2023-07-14,PEDIDO COM DATA
1539,916,45,2.0,5998.12,0.04,68.01,11584.4,PAGO,2024-11-14,PEDIDO COM DATA
1540,491,741,7.0,9247.16,0.05,95.8,61589.41,PAGO,2024-12-24,PEDIDO COM DATA
1542,347,323,8.0,4241.19,0.29,139.94,24229.9,PENDENTE,2023-03-13,PEDIDO COM DATA
1543,148,636,6.0,10141.33,0.09,35.38,55407.04,PAGO,2022-10-14,PEDIDO COM DATA
1544,402,189,10.0,9009.41,0.13,23.89,78405.76,PENDENTE,2022-09-02,PEDIDO COM DATA
1545,247,605,3.0,13499.71,0.11,39.39,36083.62,PAGO,2023-04-18,PEDIDO COM DATA
1547,87,619,1.0,50.88,0.19,35.73,76.94,CANCELADO,,PEDIDO SEM DATA
1549,395,667,8.0,6992.79,0.23,80.39,43193.16,CANCELADO,2023-12-24,PEDIDO COM DATA
1550,630,717,2.0,13801.55,0.2,146.36,0.0,PAGO,,PEDIDO SEM DATA
1552,846,490,7.0,3083.38,0.07,31.16,20103.96,CANCELADO,2024-11-15,PEDIDO COM DATA
1554,75,213,3.0,3909.6,0.1,102.22,10658.14,PAGO,2024-10-02,PEDIDO COM DATA
1555,207,821,8.0,6202.76,0.17,133.53,-500.0,PAGO,2023-12-25,PEDIDO COM DATA
1556,439,403,-1.0,2776.16,0.13,121.02,12197.32,PENDENTE,2024-09-28,PEDIDO COM DATA
1557,375,689,7.0,4723.95,0.23,95.9,25557.99,CANCELADO,2024-01-23,PEDIDO COM DATA
1558,23,315,7.0,9389.6,0.09,144.2,59955.95,PAGO,2024-05-13,PEDIDO COM DATA
1561,996,505,10.0,6965.34,0.26,62.3,51605.82,PAGO,2023-08-23,PEDIDO COM DATA
1562,697,862,3.0,11617.09,0.06,100.32,32860.51,ENVIADO,2024-03-30,PEDIDO COM DATA
1564,862,51,9.0,4396.83,0.28,27.71,28519.17,ENVIADO,2022-02-16,PEDIDO COM DATA
1565,522,171,-5.0,9086.68,0.15,113.61,69626.71,PENDENTE,2022-02-19,PEDIDO COM DATA
1566,380,940,7.0,4213.38,0.21,17.28,23317.27,PAGO,,PEDIDO SEM DATA
1568,70,63,-1.0,940.31,0.07,58.8,4431.24,PENDENTE,2024-09-04,PEDIDO COM DATA
1569,328,361,9.0,768.08,0.01,99.48,6943.07,CANCELADO,2022-03-15,PEDIDO COM DATA
1571,951,399,7.0,14714.67,0.16,69.14,86591.4,PENDENTE,2022-11-24,PEDIDO COM DATA
1572,488,891,1.0,10796.87,0.26,56.6,8046.28,ENVIADO,2022-11-04,PEDIDO COM DATA
1573,253,374,4.0,14811.09,0.17,93.06,49265.88,ENVIADO,2023-11-18,PEDIDO COM DATA
1574,69,698,6.0,8100.6,0.08,80.39,44784.86,CANCELADO,2023-02-23,PEDIDO COM DATA
1575,846,474,3.0,7195.27,0.12,92.95,19088.46,PENDENTE,2024-11-26,PEDIDO COM DATA
1577,733,865,3.0,14252.96,0.24,75.68,32572.43,ENVIADO,2024-10-29,PEDIDO COM DATA
1580,409,413,8.0,6112.66,0.01,80.39,48507.59,PENDENTE,2022-11-27,PEDIDO COM DATA
1581,860,289,3.0,14796.47,0.11,109.77,39616.34,PAGO,2023-05-15,PEDIDO COM DATA
1583,726,849,3.0,6297.5,0.01,14.58,18718.16,PENDENTE,2023-03-28,PEDIDO COM DATA
1584,520,513,4.0,5385.19,0.27,94.02,15818.77,ENVIADO,2024-03-04,PEDIDO COM DATA
1585,696,852,4.0,12188.45,0.01,39.07,48305.33,PENDENTE,2023-09-28,PEDIDO COM DATA
1587,604,25,9.0,11490.04,0.08,125.35,95262.88,PENDENTE,2023-10-18,PEDIDO COM DATA
1589,4,829,5.0,12807.05,0.16,16.28,53805.89,PENDENTE,2022-04-14,PEDIDO COM DATA
1590,236,51,5.0,10600.03,0.19,68.4,42998.52,PENDENTE,2022-10-08,PEDIDO COM DATA
1591,440,533,2.0,5244.88,0.3,80.39,7459.37,PENDENTE,2022-05-31,PEDIDO COM DATA
1593,599,128,5.0,2116.16,0.13,42.59,-500.0,PAGO,2024-11-08,PEDIDO COM DATA
1594,408,891,3.0,9879.87,0.16,80.39,25041.42,ENVIADO,2022-11-27,PEDIDO COM DATA
1595,412,177,-1.0,2400.55,0.13,70.9,20955.69,CANCELADO,2022-12-13,PEDIDO COM DATA
1597,445,331,10.0,12542.47,0.0,80.39,111641.47,ENVIADO,2023-08-19,PEDIDO COM DATA
1601,586,773,1.0,6034.47,0.19,58.25,4946.17,ENVIADO,2022-12-11,PEDIDO COM DATA
1603,812,753,5.0,14912.25,0.21,55.73,58959.12,CANCELADO,2024-04-15,PEDIDO COM DATA
1604,931,508,5.0,764.5,0.11,136.45,3538.47,PAGO,2024-05-28,PEDIDO COM DATA
1605,999,550,7.0,5321.96,0.26,37.81,27605.56,CANCELADO,2025-01-25,PEDIDO COM DATA
1606,646,164,7.0,12485.23,0.06,147.01,25248.04,CANCELADO,2023-08-19,PEDIDO COM DATA
1607,792,906,7.0,11576.37,0.18,40.58,66488.94,PAGO,,PEDIDO SEM DATA
1608,327,819,1.0,5430.45,0.22,93.42,4329.17,PENDENTE,,PEDIDO SEM DATA
1609,458,233,8.0,13606.64,0.25,92.64,81732.48,PAGO,2024-05-13,PEDIDO COM DATA
1610,573,360,2.0,5328.12,0.2,106.48,8631.47,PENDENTE,2022-05-13,PEDIDO COM DATA
1612,673,362,10.0,457.3,0.3,33.36,3234.46,CANCELADO,2022-08-16,PEDIDO COM DATA
1613,537,373,8.0,3367.2,0.06,110.09,25431.43,PAGO,2025-04-12,PEDIDO COM DATA
1615,426,467,4.0,3726.81,0.08,23.37,13738.03,PENDENTE,2024-05-21,PEDIDO COM DATA
1616,104,178,7.0,450.64,0.08,26.59,25248.04,ENVIADO,,PEDIDO SEM DATA
1617,946,634,-5.0,5053.69,0.02,114.26,49640.42,PENDENTE,2024-05-07,PEDIDO COM DATA
1618,693,824,2.0,14215.69,0.29,40.14,20226.42,PAGO,2023-08-21,PEDIDO COM DATA
1621,815,87,1.0,10291.43,0.0,103.03,7718.69,ENVIADO,2022-09-17,PEDIDO COM DATA
1623,608,564,4.0,5968.11,0.27,120.16,17547.04,ENVIADO,,PEDIDO SEM DATA
1626,702,707,8.0,10197.71,0.09,19.63,74258.96,PENDENTE,2024-07-03,PEDIDO COM DATA
1628,758,202,2.0,13224.63,0.2,83.22,21242.63,PAGO,2024-09-07,PEDIDO COM DATA
1629,756,390,10.0,209.2,0.22,92.95,-500.0,PAGO,2022-04-14,PEDIDO COM DATA
1631,904,800,10.0,11307.05,0.19,121.8,91708.91,PAGO,2023-01-17,PEDIDO COM DATA
1634,223,704,5.0,10014.91,0.29,80.39,35605.2,PAGO,2022-05-27,PEDIDO COM DATA
1636,862,257,7.0,4711.64,0.16,89.15,27793.59,PAGO,2023-07-24,PEDIDO COM DATA
1638,60,393,6.0,8982.69,0.08,16.12,49600.57,PENDENTE,2023-07-30,PEDIDO COM DATA
1640,292,596,10.0,6742.96,0.18,54.2,55346.47,ENVIADO,2023-12-30,PEDIDO COM DATA
1641,98,567,10.0,8027.37,0.03,141.67,78007.16,ENVIADO,2023-05-14,PEDIDO COM DATA
1642,418,205,2.0,2539.08,0.14,143.71,4510.93,ENVIADO,2023-03-23,PEDIDO COM DATA
1643,575,520,2.0,1348.43,0.25,39.58,2062.22,PAGO,2022-08-22,PEDIDO COM DATA
1644,659,844,1.0,7503.87,0.13,79.13,6607.5,PAGO,,PEDIDO SEM DATA
1646,712,432,4.0,10207.64,0.28,86.74,29484.74,CANCELADO,2023-12-02,PEDIDO COM DATA
1647,829,279,2.0,12507.73,0.21,35.8,19798.01,ENVIADO,2023-01-03,PEDIDO COM DATA
1648,109,839,3.0,10605.89,0.12,15.23,28014.78,CANCELADO,2023-10-14,PEDIDO COM DATA
1649,322,399,4.0,11644.19,0.18,11.21,38204.15,CANCELADO,2024-05-27,PEDIDO COM DATA
1650,314,372,10.0,8084.92,0.04,48.86,77664.09,PENDENTE,2023-11-05,PEDIDO COM DATA
1652,999,12,3.0,4598.34,0.2,100.49,11136.51,PAGO,2024-04-23,PEDIDO COM DATA
1654,685,32,3.0,10403.05,0.07,127.15,29151.66,ENVIADO,2022-05-14,PEDIDO COM DATA
1657,179,248,8.0,5745.82,0.11,91.63,41001.87,CANCELADO,2022-07-10,PEDIDO COM DATA
1658,641,843,9.0,11740.88,0.06,104.75,99432.59,PAGO,2024-02-15,PEDIDO COM DATA
1660,261,750,1.0,7625.8,0.23,60.68,5932.55,CANCELADO,2022-02-12,PEDIDO COM DATA
1661,210,349,1.0,8672.71,0.1,146.37,7951.81,ENVIADO,2022-01-17,PEDIDO COM DATA
1662,438,827,10.0,13106.9,0.0,55.75,114085.78,PENDENTE,,PEDIDO SEM DATA
1663,818,603,6.0,4124.05,0.17,142.94,20680.71,ENVIADO,2024-05-30,PEDIDO COM DATA
1664,552,626,10.0,3888.05,0.0,108.11,38988.61,CANCELADO,2023-06-19,PEDIDO COM DATA
1665,930,85,2.0,414.23,0.23,121.78,759.69,ENVIADO,2024-06-04,PEDIDO COM DATA
1668,47,139,5.0,13520.59,0.24,70.85,51449.09,PENDENTE,,PEDIDO SEM DATA
1669,552,332,8.0,6428.93,0.05,62.69,48922.56,PENDENTE,2024-04-13,PEDIDO COM DATA
1670,890,54,7.0,2954.02,0.15,40.9,17617.32,CANCELADO,2022-06-22,PEDIDO COM DATA
1672,425,151,1.0,14181.41,0.22,40.19,11101.69,PENDENTE,2023-04-22,PEDIDO COM DATA
1673,74,691,3.0,2958.72,0.11,105.15,0.0,CANCELADO,2024-08-02,PEDIDO COM DATA
1675,990,792,6.0,9206.87,0.21,101.01,43741.57,CANCELADO,2022-02-26,PEDIDO COM DATA
1678,763,298,5.0,5164.21,0.16,144.2,21833.88,ENVIADO,2024-05-30,PEDIDO COM DATA
1680,706,784,10.0,7537.93,0.18,65.87,61876.9,CANCELADO,2024-04-02,PEDIDO COM DATA
1682,151,726,10.0,257.02,0.11,28.64,25248.04,PENDENTE,2022-01-08,PEDIDO COM DATA
1683,589,722,3.0,7455.77,0.27,129.75,16457.89,PAGO,,PEDIDO SEM DATA
1684,545,398,7.0,502.83,0.15,73.15,3064.99,ENVIADO,2023-09-05,PEDIDO COM DATA
1687,201,274,7.0,11591.24,0.16,20.99,68177.48,CANCELADO,2023-12-05,PEDIDO COM DATA
1689,777,636,3.0,3242.68,0.06,129.53,9273.89,PAGO,2023-02-06,PEDIDO COM DATA
1690,67,839,5.0,12994.91,0.06,27.8,61103.88,PENDENTE,2022-04-17,PEDIDO COM DATA
1691,754,946,2.0,2617.37,0.15,31.66,4481.19,CANCELADO,2024-01-13,PEDIDO COM DATA
1694,962,629,10.0,4018.17,0.0,68.38,38240.99,ENVIADO,2024-02-19,PEDIDO COM DATA
1695,96,18,1.0,13429.67,0.27,128.98,9932.64,ENVIADO,2024-10-28,PEDIDO COM DATA
1696,156,704,2.0,9499.64,0.15,139.9,16289.29,PAGO,2023-07-09,PEDIDO COM DATA
1697,819,955,2.0,11191.41,0.0,89.62,22472.44,ENVIADO,2022-04-11,PEDIDO COM DATA
1698,162,150,1.0,718.46,0.19,74.86,656.81,PAGO,2022-10-24,PEDIDO COM DATA
1700,45,295,9.0,449.63,0.24,126.45,3201.92,CANCELADO,2022-03-27,PEDIDO COM DATA
1701,24,264,2.0,9525.77,0.29,91.82,13618.41,CANCELADO,2024-06-02,PEDIDO COM DATA
1702,226,528,9.0,7392.21,0.15,81.46,56631.87,PENDENTE,2024-03-08,PEDIDO COM DATA
1703,54,427,3.0,13278.04,0.04,80.39,38333.58,CANCELADO,2024-07-04,PEDIDO COM DATA
1706,419,486,4.0,9601.28,0.25,56.39,25248.04,ENVIADO,2023-11-11,PEDIDO COM DATA
1707,677,153,10.0,13365.97,0.11,102.89,119060.02,PAGO,2024-12-15,PEDIDO COM DATA
1708,252,383,4.0,645.18,0.27,81.99,1965.92,PAGO,2024-03-28,PEDIDO COM DATA
1709,821,565,4.0,7204.86,0.08,49.3,25248.04,CANCELADO,2023-11-07,PEDIDO COM DATA
1710,163,946,9.0,10506.3,0.15,85.24,25248.04,PENDENTE,2024-05-27,PEDIDO COM DATA
1712,452,543,10.0,6412.98,0.28,11.11,46184.57,PENDENTE,2022-03-19,PEDIDO COM DATA
1715,74,859,6.0,13059.6,0.13,43.88,68214.99,ENVIADO,2022-02-02,PEDIDO COM DATA
1717,874,813,5.0,9368.28,0.02,93.9,45998.47,CANCELADO,2022-03-29,PEDIDO COM DATA
1718,88,901,6.0,14548.35,0.22,128.97,68215.25,PENDENTE,2022-07-02,PEDIDO COM DATA
1719,396,187,7.0,3912.13,0.28,61.91,19779.05,ENVIADO,2023-12-05,PEDIDO COM DATA
1721,103,440,5.0,9306.29,0.05,116.31,44321.19,ENVIADO,2023-10-16,PEDIDO COM DATA
1722,38,493,1.0,5437.44,0.09,95.79,5043.86,ENVIADO,2022-07-28,PEDIDO COM DATA
1723,421,820,10.0,2637.33,0.04,10.37,25248.04,PAGO,2023-12-10,PEDIDO COM DATA
1724,608,475,8.0,1892.34,0.02,16.68,14852.63,PENDENTE,2022-05-27,PEDIDO COM DATA
1726,547,337,6.0,7024.54,0.19,53.97,34193.23,CANCELADO,2024-09-22,PEDIDO COM DATA
1727,309,853,8.0,5444.64,0.15,101.51,37125.06,PENDENTE,2024-04-20,PEDIDO COM DATA
1728,219,760,5.0,6671.71,0.09,75.1,30431.38,ENVIADO,2023-05-18,PEDIDO COM DATA
1729,128,570,6.0,10710.39,0.17,80.39,53487.0,PENDENTE,2024-03-06,PEDIDO COM DATA
1731,183,967,9.0,4702.76,0.2,65.7,33925.57,ENVIADO,2024-06-30,PEDIDO COM DATA
1732,256,362,4.0,11862.99,0.0,43.62,40377.79,PENDENTE,2023-07-08,PEDIDO COM DATA
1734,689,946,4.0,4718.45,0.21,111.81,15022.11,PAGO,2022-04-16,PEDIDO COM DATA
1735,690,739,4.0,12072.8,0.23,71.17,0.0,ENVIADO,2023-05-01,PEDIDO COM DATA
1736,483,830,10.0,14190.72,0.21,121.99,112228.68,PENDENTE,2023-02-06,PEDIDO COM DATA
1737,171,78,5.0,9406.81,0.05,131.34,44813.69,CANCELADO,2023-09-19,PEDIDO COM DATA
1738,777,777,6.0,6783.54,0.08,98.08,37543.22,PAGO,2024-12-02,PEDIDO COM DATA
1739,792,705,9.0,9992.68,0.0,107.48,69356.75,CANCELADO,2025-01-10,PEDIDO COM DATA
1740,608,222,8.0,12565.77,0.22,81.82,78492.22,PENDENTE,2022-02-27,PEDIDO COM DATA
1742,480,930,8.0,712.22,0.17,148.79,4877.93,CANCELADO,2022-01-06,PEDIDO COM DATA
1743,670,495,2.0,9554.9,0.06,23.13,17986.34,ENVIADO,2025-03-22,PEDIDO COM DATA
1744,232,908,3.0,5819.1,0.09,55.99,15942.13,PENDENTE,2022-02-11,PEDIDO COM DATA
1747,408,747,3.0,11718.76,0.1,80.39,31674.71,ENVIADO,2024-01-22,PEDIDO COM DATA
1748,527,11,3.0,12975.3,0.28,42.47,28069.12,PAGO,2022-01-09,PEDIDO COM DATA
1749,460,246,6.0,12772.22,0.14,57.33,65961.99,CANCELADO,2022-04-07,PEDIDO COM DATA
1750,784,91,3.0,13665.01,0.07,80.39,38147.53,ENVIADO,2022-07-24,PEDIDO COM DATA
1751,505,84,8.0,10494.9,0.06,58.36,78980.01,PAGO,2023-11-07,PEDIDO COM DATA
1752,402,260,9.0,12141.09,0.23,98.37,84236.12,ENVIADO,2024-07-25,PEDIDO COM DATA
1753,684,447,1.0,160.66,0.08,53.42,201.23,PENDENTE,2022-06-13,PEDIDO COM DATA
1754,484,779,4.0,688.22,0.07,46.99,2607.17,CANCELADO,2023-11-28,PEDIDO COM DATA
1755,1,310,9.0,4227.97,0.16,16.05,31979.5,ENVIADO,2022-02-10,PEDIDO COM DATA
1756,866,297,3.0,7265.06,0.14,119.12,18862.97,PAGO,,PEDIDO SEM DATA
1757,485,402,5.0,13219.07,0.11,104.31,58929.17,PENDENTE,2023-08-30,PEDIDO COM DATA
1758,275,966,1.0,11378.01,0.17,95.24,9538.99,PENDENTE,,PEDIDO SEM DATA
1759,136,954,7.0,11731.18,0.14,80.39,70719.17,ENVIADO,2022-10-23,PEDIDO COM DATA
1760,509,480,10.0,2772.39,0.22,116.23,21740.87,ENVIADO,2022-12-20,PEDIDO COM DATA
1761,813,34,7.0,8103.8,0.27,138.28,41548.7,PENDENTE,2023-06-01,PEDIDO COM DATA
1763,449,551,7.0,4860.32,0.0,52.77,32714.12,CANCELADO,2024-12-23,PEDIDO COM DATA
1764,570,345,5.0,7984.99,0.23,80.39,30799.9,CANCELADO,2023-09-29,PEDIDO COM DATA
1766,696,185,1.0,3445.7,0.18,28.21,-500.0,ENVIADO,2024-04-29,PEDIDO COM DATA
1768,582,371,7.0,2621.74,0.25,76.34,13840.48,PAGO,,PEDIDO SEM DATA
1772,520,976,0.0,2143.55,0.07,87.75,16035.76,PENDENTE,2023-04-15,PEDIDO COM DATA
1773,498,78,-5.0,11128.07,0.16,80.02,-500.0,ENVIADO,,PEDIDO SEM DATA
1774,359,76,10.0,1977.82,0.04,88.73,19075.8,CANCELADO,2025-03-24,PEDIDO COM DATA
1776,662,455,2.0,4250.69,0.05,12.72,8089.03,PENDENTE,2023-09-05,PEDIDO COM DATA
1777,479,847,4.0,8750.7,0.05,28.24,33280.9,ENVIADO,2024-07-09,PEDIDO COM DATA
1778,947,662,7.0,10630.04,0.14,34.06,64026.9,ENVIADO,2024-11-28,PEDIDO COM DATA
1779,619,998,7.0,5441.31,0.03,80.39,37083.05,PAGO,2023-04-09,PEDIDO COM DATA
1780,547,663,1.0,9617.8,0.04,80.39,9309.02,ENVIADO,2023-12-27,PEDIDO COM DATA
1782,87,736,5.0,13845.83,0.19,18.21,56093.82,PENDENTE,2024-03-22,PEDIDO COM DATA
1784,280,460,5.0,2470.49,0.17,99.23,10351.76,ENVIADO,2022-06-18,PEDIDO COM DATA
1785,256,884,10.0,317.79,0.05,80.39,3089.39,PENDENTE,,PEDIDO SEM DATA
1786,721,995,1.0,6496.21,0.25,66.92,4939.08,CANCELADO,2023-06-17,PEDIDO COM DATA
1787,54,732,5.0,2657.02,0.07,66.08,25248.04,PENDENTE,2023-02-07,PEDIDO COM DATA
1790,184,157,5.0,11377.13,0.28,13.03,40970.7,PAGO,,PEDIDO SEM DATA
1791,842,136,6.0,1455.65,0.01,109.22,8755.78,PAGO,2023-07-14,PEDIDO COM DATA
1792,917,664,5.0,14195.62,0.12,19.97,62480.7,PAGO,2024-09-22,PEDIDO COM DATA
1793,78,601,2.0,12670.32,0.25,112.59,19118.07,PAGO,2024-08-21,PEDIDO COM DATA
1794,709,510,6.0,5381.98,0.28,135.18,23385.33,PAGO,2024-05-31,PEDIDO COM DATA
1795,421,138,2.0,10076.84,0.26,80.39,15015.72,PAGO,,PEDIDO SEM DATA
1798,40,288,7.0,9853.53,0.12,44.03,60741.77,CANCELADO,2024-05-11,PEDIDO COM DATA
1799,47,359,1.0,9919.36,0.11,80.39,8977.29,ENVIADO,2022-11-17,PEDIDO COM DATA
1800,742,654,9.0,1701.65,0.2,131.07,12382.95,PAGO,2024-12-28,PEDIDO COM DATA
1801,788,410,10.0,6662.8,0.27,116.43,48754.87,ENVIADO,2024-08-03,PEDIDO COM DATA
1802,267,397,8.0,3966.26,0.01,70.87,25248.04,ENVIADO,2023-09-16,PEDIDO COM DATA
1803,47,360,10.0,11938.17,0.25,39.01,25248.04,PAGO,2022-10-03,PEDIDO COM DATA
1804,855,985,6.0,6439.26,0.23,39.95,29789.33,ENVIADO,2022-08-10,PEDIDO COM DATA
1807,100,402,4.0,217.58,0.24,118.07,25248.04,CANCELADO,2023-04-08,PEDIDO COM DATA
1808,504,709,5.0,1613.22,0.3,89.3,5735.57,CANCELADO,2022-07-24,PEDIDO COM DATA
1811,442,45,9.0,12019.55,0.25,80.39,81172.41,PENDENTE,2024-05-02,PEDIDO COM DATA
1812,144,486,7.0,9180.25,0.25,123.44,0.0,CANCELADO,2025-01-04,PEDIDO COM DATA
1815,388,980,10.0,2162.36,0.09,78.07,-500.0,PAGO,2024-11-22,PEDIDO COM DATA
1816,967,879,9.0,9509.65,0.09,142.83,78026.86,PAGO,2023-09-27,PEDIDO COM DATA
1818,827,363,7.0,4091.06,0.14,142.49,24770.67,PENDENTE,2023-03-16,PEDIDO COM DATA
1820,646,415,5.0,1080.71,0.25,12.37,4065.03,PAGO,2024-03-23,PEDIDO COM DATA
1821,702,857,1.0,1236.59,0.3,80.39,959.97,PAGO,2022-05-06,PEDIDO COM DATA
1822,298,974,9.0,6012.09,0.18,132.75,44501.97,PAGO,2023-05-20,PEDIDO COM DATA
1823,110,26,1.0,13821.87,0.14,75.59,11962.4,CANCELADO,2023-02-09,PEDIDO COM DATA
1826,235,582,2.0,7211.07,0.2,124.6,11662.31,PENDENTE,2024-02-27,PEDIDO COM DATA
1827,357,220,7.0,10770.14,0.29,95.88,53623.48,PENDENTE,2023-07-14,PEDIDO COM DATA
1828,735,741,3.0,13937.83,0.06,114.47,39419.15,ENVIADO,2024-03-05,PEDIDO COM DATA
1829,680,95,5.0,10525.4,0.3,144.25,36983.15,ENVIADO,2022-01-13,PEDIDO COM DATA
1831,403,310,7.0,3145.22,0.18,107.15,18160.71,CANCELADO,2023-04-18,PEDIDO COM DATA
1832,244,257,3.0,7142.03,0.25,23.87,16093.44,PAGO,,PEDIDO SEM DATA
1836,962,372,6.0,10875.1,0.02,29.39,63974.98,ENVIADO,2023-08-12,PEDIDO COM DATA
1837,394,65,4.0,12430.48,0.05,67.88,47303.7,PAGO,2024-04-27,PEDIDO COM DATA
1838,445,281,1.0,12552.29,0.04,119.42,12169.62,PENDENTE,2024-04-03,PEDIDO COM DATA
1840,701,533,5.0,11406.61,0.07,139.05,53179.79,CANCELADO,2023-04-01,PEDIDO COM DATA
1841,437,264,1.0,9082.9,0.16,54.87,7684.51,ENVIADO,2022-12-08,PEDIDO COM DATA
1844,851,368,8.0,12793.67,0.09,58.48,93196.4,ENVIADO,2023-03-20,PEDIDO COM DATA
1847,859,886,3.0,11994.58,0.01,76.04,35699.94,CANCELADO,2025-01-20,PEDIDO COM DATA
1849,335,68,-5.0,9378.09,0.0,59.49,22004.22,CANCELADO,2022-09-21,PEDIDO COM DATA
1850,899,178,4.0,10357.42,0.0,68.57,25248.04,CANCELADO,2022-10-19,PEDIDO COM DATA
1851,656,282,4.0,14936.55,0.1,38.66,53810.24,ENVIADO,2024-03-22,PEDIDO COM DATA
1853,271,595,-5.0,84.18,0.21,50.24,582.26,ENVIADO,2022-12-15,PEDIDO COM DATA
1855,167,726,6.0,5599.72,0.21,107.48,25248.04,ENVIADO,2023-09-15,PEDIDO COM DATA
1856,944,278,1.0,14320.61,0.26,52.85,10650.1,PAGO,2022-08-26,PEDIDO COM DATA
1857,795,163,6.0,4803.73,0.0,126.88,22896.56,PAGO,,PEDIDO SEM DATA
1858,822,925,9.0,13365.59,0.15,108.94,25248.04,PENDENTE,2024-01-24,PEDIDO COM DATA
1860,805,460,10.0,11966.27,0.07,109.21,111395.52,PAGO,,PEDIDO SEM DATA
1863,109,759,2.0,11220.56,0.22,90.11,17594.18,CANCELADO,2024-03-17,PEDIDO COM DATA
1864,935,802,4.0,3184.43,0.2,114.74,10304.92,ENVIADO,2024-11-15,PEDIDO COM DATA
1866,701,923,5.0,13045.83,0.09,25.44,59383.97,CANCELADO,2023-08-07,PEDIDO COM DATA
1868,474,832,10.0,10566.56,0.17,70.09,87772.54,PAGO,2024-02-14,PEDIDO COM DATA
1869,317,844,4.0,14864.92,0.2,78.43,47646.17,ENVIADO,2022-07-12,PEDIDO COM DATA
1870,703,653,4.0,4758.22,0.01,97.7,18940.25,CANCELADO,2022-01-28,PEDIDO COM DATA
1871,194,419,10.0,8826.27,0.1,143.55,79579.98,ENVIADO,2023-10-08,PEDIDO COM DATA
1872,470,244,6.0,10421.45,0.21,123.24,49520.91,ENVIADO,,PEDIDO SEM DATA
1873,812,628,6.0,13295.72,0.18,109.45,65524.39,PAGO,2024-08-21,PEDIDO COM DATA
1874,200,429,5.0,3996.72,0.28,60.46,14448.65,PAGO,2022-10-30,PEDIDO COM DATA
1875,750,774,1.0,12644.23,0.1,71.26,11451.07,PAGO,2024-01-17,PEDIDO COM DATA
1876,291,430,9.0,10430.72,0.07,10.61,87315.74,CANCELADO,,PEDIDO SEM DATA
1877,499,787,9.0,9093.61,0.2,139.21,65613.2,ENVIADO,,PEDIDO SEM DATA
1878,183,711,4.0,6016.6,0.11,102.5,21521.6,PENDENTE,2022-05-08,PEDIDO COM DATA
1879,384,972,6.0,10154.49,0.12,74.11,53689.82,PAGO,,PEDIDO SEM DATA
1880,599,869,4.0,3807.71,0.18,73.99,12563.28,PENDENTE,2023-04-19,PEDIDO COM DATA
1881,651,876,2.0,11114.68,0.05,138.78,21256.67,ENVIADO,2022-03-28,PEDIDO COM DATA
1882,920,573,3.0,13269.22,0.15,101.33,25248.04,ENVIADO,2022-12-08,PEDIDO COM DATA
1884,721,430,6.0,7558.98,0.1,80.39,40932.18,CANCELADO,2024-06-20,PEDIDO COM DATA
1885,643,264,6.0,2669.72,0.14,73.43,13849.19,CANCELADO,2024-05-03,PEDIDO COM DATA
1887,151,916,-5.0,10311.52,0.02,100.15,70837.18,PAGO,2023-11-17,PEDIDO COM DATA
1888,735,408,9.0,7739.36,0.24,20.4,52957.62,PAGO,2022-10-23,PEDIDO COM DATA
1889,537,196,2.0,13204.16,0.23,149.54,20483.95,PAGO,2022-06-23,PEDIDO COM DATA
1893,682,296,10.0,7113.86,0.21,140.24,56339.73,ENVIADO,2024-01-17,PEDIDO COM DATA
1894,810,618,8.0,4050.08,0.14,106.99,27971.54,ENVIADO,2023-09-26,PEDIDO COM DATA
1897,762,693,7.0,11511.49,0.0,80.39,80664.66,CANCELADO,2024-03-11,PEDIDO COM DATA
1898,81,282,5.0,8831.7,0.01,18.16,43735.08,CANCELADO,,PEDIDO SEM DATA
1899,592,572,7.0,3152.31,0.08,117.08,20417.96,CANCELADO,2022-05-26,PEDIDO COM DATA
1900,257,421,7.0,13458.07,0.18,103.56,25248.04,PENDENTE,2022-04-18,PEDIDO COM DATA
1902,304,560,3.0,12343.09,0.16,133.81,31238.4,CANCELADO,2024-08-21,PEDIDO COM DATA
1903,262,624,9.0,4215.01,0.09,10.69,34531.62,PENDENTE,2022-06-15,PEDIDO COM DATA
1906,939,4,6.0,14439.16,0.13,107.35,75479.77,PAGO,2022-08-16,PEDIDO COM DATA
1907,286,862,9.0,4309.41,0.09,94.57,35388.64,ENVIADO,2022-10-06,PEDIDO COM DATA
1908,719,944,4.0,13019.81,0.0,141.87,51179.53,ENVIADO,2022-03-13,PEDIDO COM DATA
1909,134,461,5.0,3634.26,0.02,127.18,17935.05,PENDENTE,2023-08-06,PEDIDO COM DATA
1910,894,896,6.0,6287.18,0.26,121.97,28037.05,ENVIADO,2025-01-10,PEDIDO COM DATA
1911,49,928,7.0,6254.62,0.1,133.48,39537.59,CANCELADO,2022-06-13,PEDIDO COM DATA
1912,30,170,9.0,10216.32,0.05,80.39,87379.07,CANCELADO,2024-03-09,PEDIDO COM DATA
1915,301,130,8.0,13943.42,0.22,86.32,87093.26,ENVIADO,2022-03-01,PEDIDO COM DATA
1916,154,7,0.0,14909.24,0.14,88.55,115486.07,CANCELADO,2024-01-25,PEDIDO COM DATA
1917,351,913,7.0,2618.79,0.0,28.07,13043.46,CANCELADO,2025-04-11,PEDIDO COM DATA
1918,63,965,3.0,11643.72,0.07,99.04,32585.02,PENDENTE,,PEDIDO SEM DATA
1919,340,351,6.0,4369.5,0.12,94.51,23165.47,CANCELADO,2022-08-02,PEDIDO COM DATA
1920,489,995,9.0,8070.81,0.29,60.36,51632.84,CANCELADO,2024-02-18,PEDIDO COM DATA
1922,339,361,9.0,6989.37,0.21,14.06,49708.48,CANCELADO,2022-11-23,PEDIDO COM DATA
1925,858,828,4.0,4904.64,0.14,28.1,16900.06,ENVIADO,2024-01-24,PEDIDO COM DATA
1926,939,596,5.0,5314.73,0.15,89.57,22677.17,ENVIADO,2022-10-02,PEDIDO COM DATA
1927,647,85,-1.0,1738.7,0.15,132.55,11955.71,CANCELADO,2022-10-21,PEDIDO COM DATA
1928,64,966,-5.0,13415.42,0.23,100.33,82739.32,CANCELADO,2024-02-06,PEDIDO COM DATA
1931,792,447,4.0,4357.63,0.25,80.39,13192.93,PENDENTE,2023-12-26,PEDIDO COM DATA
1933,922,609,2.0,14323.08,0.23,38.55,22096.09,PAGO,2024-06-04,PEDIDO COM DATA
1934,914,473,7.0,8212.03,0.03,79.1,55838.78,PENDENTE,2024-10-26,PEDIDO COM DATA
1935,230,41,2.0,4364.19,0.26,88.47,6547.47,ENVIADO,2023-09-11,PEDIDO COM DATA
1937,156,240,7.0,13217.4,0.19,78.47,75021.13,ENVIADO,2023-03-22,PEDIDO COM DATA
1940,846,387,4.0,1782.73,0.01,37.42,7097.03,PAGO,2023-10-09,PEDIDO COM DATA
1942,288,413,10.0,12942.68,0.29,65.61,91958.64,PAGO,2023-10-14,PEDIDO COM DATA
1943,10,801,1.0,8708.37,0.26,19.2,6463.39,ENVIADO,2023-11-23,PEDIDO COM DATA
1945,872,911,6.0,13701.75,0.25,29.79,61687.67,PAGO,2025-03-25,PEDIDO COM DATA
1946,801,25,4.0,13791.68,0.16,33.11,46373.15,PENDENTE,2022-10-25,PEDIDO COM DATA
1947,545,18,1.0,3886.3,0.07,45.75,3660.01,CANCELADO,2022-07-21,PEDIDO COM DATA
1948,503,786,2.0,1971.44,0.0,24.79,3494.52,PAGO,2024-11-16,PEDIDO COM DATA
1949,768,795,5.0,3810.86,0.02,71.52,18744.73,PAGO,2022-07-28,PEDIDO COM DATA
1950,940,32,-5.0,13164.21,0.02,82.3,51686.0,CANCELADO,2022-12-26,PEDIDO COM DATA
1953,992,536,7.0,12001.93,0.14,47.39,72299.01,PENDENTE,2024-12-31,PEDIDO COM DATA
1954,805,896,1.0,14135.67,0.1,105.09,12827.19,CANCELADO,2022-03-09,PEDIDO COM DATA
1955,72,194,7.0,12056.85,0.24,129.86,64272.3,ENVIADO,,PEDIDO SEM DATA
1956,177,830,8.0,13920.73,0.1,102.51,100331.77,ENVIADO,2024-05-26,PEDIDO COM DATA
1957,301,142,2.0,14714.95,0.23,76.64,22737.66,PAGO,2024-04-29,PEDIDO COM DATA
1959,844,167,7.0,4191.9,0.22,94.85,-500.0,PAGO,2022-09-14,PEDIDO COM DATA
1960,638,291,6.0,6738.1,0.29,113.27,28817.58,CANCELADO,2022-12-22,PEDIDO COM DATA
1961,913,653,4.0,4714.42,0.11,30.97,16814.31,CANCELADO,2024-04-10,PEDIDO COM DATA
1962,588,569,2.0,9899.98,0.01,29.39,19631.35,PENDENTE,2022-05-13,PEDIDO COM DATA
1965,833,789,9.0,13760.35,0.26,117.16,91761.09,ENVIADO,,PEDIDO SEM DATA
1966,574,574,2.0,9495.19,0.1,80.39,17125.5,PENDENTE,2024-04-11,PEDIDO COM DATA
1968,413,777,9.0,2021.29,0.03,110.42,17756.28,PAGO,,PEDIDO SEM DATA
1969,500,533,1.0,7925.39,0.15,112.64,6849.22,PAGO,2025-03-14,PEDIDO COM DATA
1970,912,528,4.0,4108.98,0.08,31.64,15152.69,ENVIADO,,PEDIDO SEM DATA
1971,818,294,5.0,12184.87,0.12,71.83,53685.26,CANCELADO,2024-10-17,PEDIDO COM DATA
1972,359,4,1.0,2923.59,0.1,28.53,2659.76,ENVIADO,2023-06-08,PEDIDO COM DATA
1973,976,949,6.0,14287.65,0.07,11.42,79736.51,ENVIADO,2023-04-11,PEDIDO COM DATA
1974,444,528,6.0,2216.63,0.04,75.1,12842.89,PAGO,2022-05-07,PEDIDO COM DATA
1975,367,861,4.0,6003.62,0.28,67.15,17357.58,CANCELADO,2024-03-30,PEDIDO COM DATA
1976,970,790,9.0,3478.55,0.04,120.11,30174.78,CANCELADO,2023-04-15,PEDIDO COM DATA
1979,537,821,6.0,11296.06,0.21,25.91,25248.04,CANCELADO,2022-10-23,PEDIDO COM DATA
1982,382,24,4.0,2491.41,0.18,62.38,8234.2,PENDENTE,,PEDIDO SEM DATA
1988,401,6,2.0,8712.3,0.01,11.45,17261.8,PENDENTE,2024-04-26,PEDIDO COM DATA
1989,947,774,8.0,11607.77,0.17,89.94,77165.53,ENVIADO,2022-04-30,PEDIDO COM DATA
1990,632,687,1.0,9000.06,0.15,138.58,7788.63,PAGO,2024-10-02,PEDIDO COM DATA
1991,733,279,7.0,6541.23,0.17,52.02,38056.57,CANCELADO,2022-09-25,PEDIDO COM DATA
1992,587,31,6.0,5847.09,0.1,148.23,31722.52,PENDENTE,2024-06-30,PEDIDO COM DATA
1993,835,271,6.0,670.07,0.25,81.14,3096.45,ENVIADO,2023-07-29,PEDIDO COM DATA
1994,623,976,3.0,3992.96,0.07,118.43,11258.79,CANCELADO,,PEDIDO SEM DATA
1995,517,463,2.0,96.53,0.16,39.34,201.51,PAGO,2024-04-04,PEDIDO COM DATA
1996,283,471,7.0,11025.14,0.17,101.99,64158.05,ENVIADO,2023-10-04,PEDIDO COM DATA
1997,565,808,-5.0,10658.21,0.21,108.27,59048.17,PENDENTE,2025-01-18,PEDIDO COM DATA
1999,831,363,8.0,1438.26,0.16,137.57,9802.68,PAGO,2023-01-24,PEDIDO COM DATA
2000,641,804,6.0,562.01,0.11,26.91,3028.04,ENVIADO,,PEDIDO SEM DATA
2001,550,12,5.0,9162.59,0.04,129.1,44109.53,CANCELADO,2022-02-05,PEDIDO COM DATA
2003,967,847,4.0,7180.45,0.2,140.99,23118.43,PAGO,,PEDIDO SEM DATA
2004,927,425,3.0,10817.81,0.19,138.36,26425.64,PAGO,2022-08-30,PEDIDO COM DATA
2005,50,852,2.0,8139.8,0.27,103.41,11987.52,PENDENTE,2022-05-02,PEDIDO COM DATA
2007,721,397,2.0,8569.39,0.12,80.39,15168.79,ENVIADO,2022-01-13,PEDIDO COM DATA
2008,415,805,5.0,11644.09,0.28,134.59,42053.31,ENVIADO,2022-07-29,PEDIDO COM DATA
2009,824,794,9.0,12614.89,0.0,88.95,104540.24,CANCELADO,,PEDIDO SEM DATA
2010,709,968,8.0,3948.89,0.12,80.39,27893.37,CANCELADO,2022-06-10,PEDIDO COM DATA
2011,682,634,1.0,4369.53,0.11,140.19,4029.07,ENVIADO,2024-04-11,PEDIDO COM DATA
2012,620,88,10.0,12100.2,0.06,23.4,113765.28,ENVIADO,2024-11-28,PEDIDO COM DATA
2013,929,15,3.0,14491.98,0.29,64.24,30932.16,ENVIADO,,PEDIDO SEM DATA
2014,316,612,9.0,1929.57,0.24,80.39,13264.26,ENVIADO,2022-11-19,PEDIDO COM DATA
2017,9,641,6.0,13624.73,0.27,80.39,59732.58,PENDENTE,2023-08-14,PEDIDO COM DATA
2019,32,827,9.0,13895.04,0.15,41.14,106338.2,PENDENTE,,PEDIDO SEM DATA
2021,581,393,3.0,12925.5,0.05,67.18,36904.85,ENVIADO,2024-07-13,PEDIDO COM DATA
2022,795,967,6.0,13005.29,0.13,117.41,68005.02,CANCELADO,2023-09-29,PEDIDO COM DATA
2023,191,132,6.0,3054.93,0.04,135.87,17732.27,CANCELADO,2023-04-17,PEDIDO COM DATA
2026,98,673,1.0,7221.85,0.0,135.79,-500.0,CANCELADO,2023-12-30,PEDIDO COM DATA
2027,808,889,10.0,5741.63,0.09,109.1,52357.93,CANCELADO,2023-04-10,PEDIDO COM DATA
2028,249,909,0.0,11786.66,0.28,33.05,42465.03,CANCELADO,2023-09-10,PEDIDO COM DATA
2029,509,374,9.0,10521.22,0.24,110.37,72075.51,ENVIADO,2022-09-25,PEDIDO COM DATA
2030,587,605,3.0,7497.13,0.08,80.39,20765.97,PENDENTE,2022-08-29,PEDIDO COM DATA
2031,191,235,10.0,4835.97,0.17,140.11,40278.66,PENDENTE,2024-03-22,PEDIDO COM DATA
2033,143,166,9.0,12790.45,0.04,145.39,110654.88,PENDENTE,2024-09-11,PEDIDO COM DATA
2034,268,781,-5.0,2022.28,0.08,120.66,15004.64,PENDENTE,2022-03-17,PEDIDO COM DATA
2035,411,676,7.0,506.27,0.08,59.32,3319.7,CANCELADO,2025-03-30,PEDIDO COM DATA
2036,576,94,2.0,14499.47,0.2,147.4,23346.55,ENVIADO,2025-02-15,PEDIDO COM DATA
2037,486,776,1.0,4617.81,0.21,141.32,3789.39,CANCELADO,2025-02-05,PEDIDO COM DATA
2038,727,382,10.0,13982.12,0.05,97.17,132927.31,CANCELADO,2025-03-26,PEDIDO COM DATA
2039,501,410,8.0,6426.49,0.15,78.34,25248.04,CANCELADO,2023-03-27,PEDIDO COM DATA
2040,569,25,9.0,9792.31,0.0,35.08,67014.48,PAGO,2024-01-15,PEDIDO COM DATA
2043,351,928,8.0,3378.09,0.2,13.75,21633.53,ENVIADO,2024-03-18,PEDIDO COM DATA
2044,821,186,4.0,6881.88,0.13,41.32,23990.26,CANCELADO,2024-08-18,PEDIDO COM DATA
2046,828,188,7.0,88.94,0.29,69.36,511.39,CANCELADO,2024-12-08,PEDIDO COM DATA
2047,620,486,4.0,14127.62,0.15,148.08,48181.99,ENVIADO,2023-07-15,PEDIDO COM DATA
2048,509,53,3.0,5752.53,0.05,65.39,16460.1,CANCELADO,2024-11-27,PEDIDO COM DATA
2049,760,397,7.0,9292.93,0.25,98.62,48886.5,CANCELADO,2023-10-17,PEDIDO COM DATA
2050,735,654,-5.0,3812.75,0.23,43.79,8851.24,PENDENTE,2023-06-14,PEDIDO COM DATA
2053,2,740,-1.0,3291.98,0.24,108.91,17622.24,ENVIADO,2023-02-26,PEDIDO COM DATA
2055,803,585,10.0,7128.56,0.03,93.25,69240.28,PENDENTE,2024-09-28,PEDIDO COM DATA
2056,495,824,9.0,1670.42,0.26,55.91,11180.91,PENDENTE,2023-04-29,PEDIDO COM DATA
2057,23,438,2.0,3968.51,0.06,55.0,7515.8,CANCELADO,2023-12-06,PEDIDO COM DATA
2061,839,438,5.0,631.62,0.01,73.71,3200.23,PAGO,2023-04-12,PEDIDO COM DATA
2062,862,788,-5.0,6947.35,0.13,131.25,36396.42,PAGO,2023-01-23,PEDIDO COM DATA
2064,911,43,9.0,8438.28,0.17,54.16,63088.11,ENVIADO,2022-01-11,PEDIDO COM DATA
2066,22,983,10.0,12341.36,0.0,44.42,0.0,CANCELADO,2023-07-18,PEDIDO COM DATA
2068,81,681,9.0,2117.67,0.01,149.54,19017.98,PAGO,2025-03-06,PEDIDO COM DATA
2069,991,58,6.0,4473.88,0.09,72.76,24500.14,PENDENTE,2023-07-09,PEDIDO COM DATA
2070,338,654,6.0,3565.8,0.25,62.46,16108.56,CANCELADO,2022-09-27,PEDIDO COM DATA
2071,889,980,2.0,7576.56,0.06,60.73,14304.66,PAGO,,PEDIDO SEM DATA
2072,127,589,7.0,10924.4,0.26,96.88,56685.27,CANCELADO,2024-11-15,PEDIDO COM DATA
2073,600,758,2.0,13273.93,0.25,113.19,20024.08,ENVIADO,2024-04-25,PEDIDO COM DATA
2074,370,355,6.0,9027.99,0.24,140.78,41308.41,ENVIADO,2024-06-17,PEDIDO COM DATA
2075,308,458,8.0,9421.23,0.28,48.01,54314.29,CANCELADO,2023-05-24,PEDIDO COM DATA
2076,482,631,1.0,275.06,0.02,49.9,319.46,CANCELADO,2022-08-05,PEDIDO COM DATA
2077,136,203,10.0,5126.97,0.0,128.36,44733.0,ENVIADO,2023-06-24,PEDIDO COM DATA
2078,811,22,7.0,4530.87,0.23,137.58,24558.97,CANCELADO,2022-08-20,PEDIDO COM DATA
2080,982,126,7.0,14881.7,0.29,102.9,74064.95,PAGO,2025-02-21,PEDIDO COM DATA
2083,35,378,6.0,11855.03,0.17,80.39,25248.04,PENDENTE,2023-03-21,PEDIDO COM DATA
2084,444,249,8.0,8819.78,0.06,10.34,66335.09,PENDENTE,2024-12-17,PEDIDO COM DATA
2085,976,962,8.0,7805.6,0.23,67.71,48150.21,PAGO,2023-09-05,PEDIDO COM DATA
2086,95,191,5.0,2811.49,0.23,70.9,10895.14,PENDENTE,2022-12-07,PEDIDO COM DATA
2087,614,841,7.0,6108.85,0.13,119.89,37322.79,PENDENTE,2023-09-30,PEDIDO COM DATA
2090,828,532,2.0,14381.88,0.04,148.09,27761.3,PENDENTE,2023-06-30,PEDIDO COM DATA
2091,503,141,3.0,13551.67,0.07,39.09,37848.25,ENVIADO,2023-09-09,PEDIDO COM DATA
2092,534,987,6.0,7446.67,0.07,139.95,41692.37,ENVIADO,2024-02-01,PEDIDO COM DATA
2093,472,515,7.0,8433.1,0.0,134.14,59165.84,CANCELADO,2023-06-25,PEDIDO COM DATA
2094,425,938,4.0,2500.82,0.01,80.39,9970.8,PAGO,2024-11-10,PEDIDO COM DATA
2095,257,467,2.0,12984.57,0.04,44.94,24975.31,ENVIADO,2024-02-06,PEDIDO COM DATA
2096,242,230,6.0,13189.28,0.16,16.95,66490.92,ENVIADO,2024-05-16,PEDIDO COM DATA
2097,210,191,8.0,10080.84,0.21,16.67,-500.0,PAGO,,PEDIDO SEM DATA
2098,155,130,10.0,1241.19,0.08,74.28,11493.23,CANCELADO,2022-09-29,PEDIDO COM DATA
2099,721,185,6.0,9253.99,0.13,144.05,48449.88,ENVIADO,2024-09-08,PEDIDO COM DATA
2100,760,737,6.0,1870.07,0.01,20.75,11128.97,PENDENTE,2024-07-30,PEDIDO COM DATA
2101,458,245,3.0,675.03,0.07,95.34,1978.67,PAGO,2023-02-17,PEDIDO COM DATA
2102,927,424,6.0,5109.49,0.01,116.8,30467.17,ENVIADO,2024-08-26,PEDIDO COM DATA
2103,148,466,6.0,1708.76,0.0,80.39,10396.98,CANCELADO,2024-08-04,PEDIDO COM DATA
2105,280,543,5.0,11016.46,0.21,145.56,25248.04,PENDENTE,2022-03-07,PEDIDO COM DATA
2106,181,406,5.0,6195.73,0.16,56.81,-500.0,PAGO,2023-10-24,PEDIDO COM DATA
2107,558,517,1.0,11690.29,0.03,94.95,11434.53,CANCELADO,2024-09-14,PEDIDO COM DATA
2109,474,11,5.0,6623.73,0.03,35.75,32160.84,ENVIADO,2022-07-09,PEDIDO COM DATA
2110,861,868,9.0,5624.2,0.16,73.56,42592.51,PENDENTE,2022-03-04,PEDIDO COM DATA
2112,29,532,10.0,10706.55,0.08,52.0,98552.26,CANCELADO,2025-03-15,PEDIDO COM DATA
2113,862,378,8.0,341.38,0.15,141.67,2463.05,CANCELADO,2024-05-21,PEDIDO COM DATA
2114,965,739,3.0,6763.5,0.17,124.63,16965.74,PAGO,2022-09-06,PEDIDO COM DATA
2115,525,882,1.0,11097.77,0.01,94.89,11081.68,PAGO,,PEDIDO SEM DATA
2116,140,512,7.0,10008.24,0.16,58.26,58906.71,PAGO,2023-07-23,PEDIDO COM DATA
2117,476,138,7.0,7607.68,0.26,24.08,39431.86,PAGO,2024-07-09,PEDIDO COM DATA
2118,326,985,10.0,5443.01,0.21,88.81,-500.0,ENVIADO,2023-08-02,PEDIDO COM DATA
2120,116,502,8.0,3946.86,0.13,147.25,27617.4,CANCELADO,2023-03-19,PEDIDO COM DATA
2121,382,396,10.0,8688.76,0.14,27.39,74750.73,PAGO,2022-11-01,PEDIDO COM DATA
2122,503,115,10.0,1353.92,0.13,91.94,11871.04,PENDENTE,2022-03-23,PEDIDO COM DATA
2125,85,452,8.0,7670.03,0.1,140.58,55364.8,PAGO,2023-10-10,PEDIDO COM DATA
2126,494,710,8.0,10877.06,0.23,88.76,67091.45,PENDENTE,2024-10-26,PEDIDO COM DATA
2127,79,71,-5.0,7434.41,0.01,92.27,44252.67,CANCELADO,2024-07-12,PEDIDO COM DATA
2128,428,191,10.0,3863.6,0.06,24.06,36341.9,ENVIADO,2025-03-18,PEDIDO COM DATA
2130,154,118,1.0,1619.93,0.16,19.94,1380.68,PENDENTE,2024-01-28,PEDIDO COM DATA
2139,876,173,7.0,4835.28,0.0,26.9,33873.86,CANCELADO,2023-09-22,PEDIDO COM DATA
2141,320,980,5.0,10413.85,0.17,149.46,43366.94,PAGO,2024-11-25,PEDIDO COM DATA
2142,141,223,2.0,5402.37,0.25,84.71,8188.27,PENDENTE,2023-05-31,PEDIDO COM DATA
2143,966,403,8.0,12507.79,0.19,149.87,81200.35,ENVIADO,2024-06-22,PEDIDO COM DATA
2147,443,355,5.0,13282.73,0.13,123.52,57903.4,PENDENTE,2025-04-04,PEDIDO COM DATA
2151,7,741,9.0,8282.65,0.23,51.65,57450.41,ENVIADO,2024-04-29,PEDIDO COM DATA
2152,73,244,9.0,14016.77,0.24,137.67,96012.38,CANCELADO,2025-04-08,PEDIDO COM DATA
2153,104,201,4.0,10625.57,0.22,95.73,33247.51,PAGO,2022-02-23,PEDIDO COM DATA
2154,510,317,6.0,1626.67,0.0,130.48,9207.3,CANCELADO,2022-05-13,PEDIDO COM DATA
2156,559,115,3.0,7749.0,0.13,134.16,20359.05,ENVIADO,2023-10-18,PEDIDO COM DATA
2157,978,841,2.0,1077.68,0.05,114.89,2162.48,PENDENTE,2023-05-04,PEDIDO COM DATA
2158,108,920,1.0,14944.75,0.15,32.68,12735.72,PAGO,2022-02-24,PEDIDO COM DATA
2159,951,546,2.0,7651.28,0.01,108.7,15258.23,CANCELADO,2022-06-05,PEDIDO COM DATA
2161,588,490,1.0,3160.17,0.04,12.88,3046.64,ENVIADO,,PEDIDO SEM DATA
2162,825,22,5.0,12654.96,0.0,11.68,63286.48,PAGO,2024-08-25,PEDIDO COM DATA
2163,151,702,3.0,10191.65,0.18,60.03,25131.49,CANCELADO,2025-02-19,PEDIDO COM DATA
2164,568,509,9.0,13595.22,0.25,78.75,25248.04,PENDENTE,2025-01-04,PEDIDO COM DATA
2166,229,288,2.0,8087.49,0.27,14.29,11822.03,PAGO,2023-12-14,PEDIDO COM DATA
2167,825,327,9.0,4985.14,0.06,80.39,42263.9,CANCELADO,2023-01-27,PEDIDO COM DATA
2170,941,529,10.0,10169.41,0.14,107.8,87564.73,PENDENTE,2022-08-05,PEDIDO COM DATA
2172,455,376,8.0,8070.47,0.0,142.1,64705.86,ENVIADO,2023-06-11,PEDIDO COM DATA
2174,237,249,3.0,4907.97,0.23,107.01,11444.42,ENVIADO,2023-06-10,PEDIDO COM DATA
2175,831,696,1.0,11326.35,0.19,17.99,9192.33,PENDENTE,2023-06-19,PEDIDO COM DATA
2176,588,165,5.0,7017.4,0.08,83.84,32363.88,PENDENTE,2022-06-21,PEDIDO COM DATA
2181,435,123,2.0,12491.14,0.03,105.96,24338.77,CANCELADO,2023-11-06,PEDIDO COM DATA
2182,450,782,0.0,8039.02,0.05,84.2,45906.61,PAGO,2023-01-10,PEDIDO COM DATA
2183,137,200,6.0,8336.3,0.18,125.57,41140.17,PAGO,,PEDIDO SEM DATA
2184,324,47,8.0,10746.75,0.15,92.03,73169.93,PENDENTE,2024-01-04,PEDIDO COM DATA
2185,721,719,8.0,7395.26,0.0,49.94,50929.33,PAGO,,PEDIDO SEM DATA
2187,389,22,10.0,1528.12,0.04,134.03,14803.98,PAGO,2022-07-09,PEDIDO COM DATA
2189,128,703,7.0,11612.3,0.07,62.04,75658.11,CANCELADO,2023-07-02,PEDIDO COM DATA
2192,136,871,3.0,13977.99,0.08,13.31,38592.56,CANCELADO,2022-03-04,PEDIDO COM DATA
2193,284,42,5.0,10931.45,0.12,102.93,48201.31,PENDENTE,2022-09-26,PEDIDO COM DATA
2195,280,187,4.0,9381.75,0.1,47.1,33821.4,PENDENTE,2024-05-06,PEDIDO COM DATA
2197,392,995,6.0,3264.31,0.0,60.57,16708.55,ENVIADO,,PEDIDO SEM DATA
2198,371,53,8.0,9348.0,0.25,75.39,56163.39,PAGO,2023-09-30,PEDIDO COM DATA
2200,29,575,8.0,1299.16,0.05,115.44,9989.06,ENVIADO,2022-03-19,PEDIDO COM DATA
2201,215,78,6.0,12164.15,0.27,135.11,53414.09,PENDENTE,2022-01-29,PEDIDO COM DATA
2203,434,506,6.0,7744.8,0.23,55.44,35836.42,CANCELADO,2024-06-15,PEDIDO COM DATA
2204,255,401,7.0,9337.93,0.2,27.91,52320.32,CANCELADO,2023-04-08,PEDIDO COM DATA
2205,277,784,6.0,13701.3,0.2,106.43,65872.67,PENDENTE,2025-03-21,PEDIDO COM DATA
2206,110,436,7.0,6748.0,0.29,71.83,33609.39,CANCELADO,2024-12-27,PEDIDO COM DATA
2207,278,636,2.0,14366.89,0.03,65.34,27937.11,PENDENTE,2025-03-31,PEDIDO COM DATA
2209,959,450,9.0,238.56,0.13,50.98,25248.04,PENDENTE,2024-06-03,PEDIDO COM DATA
2212,313,186,-5.0,11638.38,0.11,10.97,62159.92,PAGO,,PEDIDO SEM DATA
2213,75,841,4.0,12330.78,0.12,101.59,43505.94,ENVIADO,2024-06-22,PEDIDO COM DATA
2214,29,755,8.0,12023.0,0.13,13.49,83693.57,CANCELADO,2022-06-12,PEDIDO COM DATA
2215,677,500,5.0,13378.22,0.09,64.25,60935.15,ENVIADO,2023-01-17,PEDIDO COM DATA
2216,929,367,8.0,10623.94,0.24,126.54,64720.1,ENVIADO,,PEDIDO SEM DATA
2217,501,519,6.0,13238.03,0.19,45.1,64381.93,PAGO,2022-11-26,PEDIDO COM DATA
2218,731,225,10.0,13045.39,0.0,83.38,97923.8,PENDENTE,2022-10-11,PEDIDO COM DATA
2219,7,297,5.0,14222.17,0.08,119.28,65541.26,ENVIADO,2024-02-17,PEDIDO COM DATA
2221,837,486,7.0,5785.31,0.26,77.29,30045.2,ENVIADO,2023-09-29,PEDIDO COM DATA
2222,329,949,3.0,1077.73,0.11,50.25,2927.79,CANCELADO,2023-07-19,PEDIDO COM DATA
2223,6,442,2.0,10310.35,0.17,106.93,17222.11,CANCELADO,,PEDIDO SEM DATA
2224,144,313,7.0,12915.39,0.13,91.78,78746.51,PENDENTE,2023-05-11,PEDIDO COM DATA
2226,403,107,6.0,1140.8,0.06,95.21,6529.32,PENDENTE,2024-10-24,PEDIDO COM DATA
2227,948,92,4.0,4936.11,0.29,143.73,14162.28,CANCELADO,2025-01-05,PEDIDO COM DATA
2228,257,70,8.0,9806.83,0.28,55.78,56543.12,ENVIADO,2022-09-22,PEDIDO COM DATA
2229,435,957,10.0,4611.65,0.14,108.52,39768.71,CANCELADO,2022-08-28,PEDIDO COM DATA
2233,295,194,3.0,5761.25,0.1,104.3,15659.67,CANCELADO,2022-05-15,PEDIDO COM DATA
2234,916,164,1.0,2134.33,0.08,51.65,2015.23,PENDENTE,2023-01-13,PEDIDO COM DATA
2235,876,599,10.0,9129.36,0.14,80.39,78542.06,PENDENTE,2023-04-28,PEDIDO COM DATA
2236,720,707,4.0,14081.77,0.04,131.78,54205.78,ENVIADO,2024-01-02,PEDIDO COM DATA
2237,231,346,6.0,4663.57,0.28,50.33,20196.95,PENDENTE,2023-06-30,PEDIDO COM DATA
2238,725,53,3.0,14426.56,0.1,140.72,39092.43,CANCELADO,2024-10-29,PEDIDO COM DATA
2239,295,832,8.0,7107.85,0.0,133.84,53584.87,PAGO,2022-10-31,PEDIDO COM DATA
2240,355,614,4.0,8519.04,0.24,54.11,25951.99,PENDENTE,,PEDIDO SEM DATA
2241,877,670,6.0,8978.64,0.01,110.4,53443.52,ENVIADO,2022-07-10,PEDIDO COM DATA
2242,161,707,1.0,9480.48,0.14,31.03,8184.24,ENVIADO,2024-11-04,PEDIDO COM DATA
2243,943,457,9.0,4807.72,0.0,17.89,37229.64,ENVIADO,2023-03-10,PEDIDO COM DATA
2244,144,351,9.0,10968.65,0.13,144.03,86028.56,CANCELADO,2024-08-05,PEDIDO COM DATA
2245,248,297,5.0,12055.31,0.19,40.83,48864.84,CANCELADO,2022-05-14,PEDIDO COM DATA
2247,580,370,10.0,6137.65,0.24,11.76,46657.9,PENDENTE,2025-03-12,PEDIDO COM DATA
2249,134,236,8.0,5959.55,0.01,80.39,47219.45,CANCELADO,2024-09-23,PEDIDO COM DATA
2250,605,573,3.0,1845.46,0.19,38.04,4522.51,PAGO,2022-06-28,PEDIDO COM DATA
2254,438,170,10.0,7161.33,0.06,63.25,67379.75,PENDENTE,2023-09-15,PEDIDO COM DATA
2257,257,619,5.0,13344.62,0.23,105.23,51482.02,ENVIADO,2022-06-27,PEDIDO COM DATA
2259,824,139,4.0,7419.51,0.15,145.72,0.0,PAGO,2022-07-16,PEDIDO COM DATA
2260,376,185,1.0,108.44,0.05,91.19,194.21,PAGO,2023-08-20,PEDIDO COM DATA
2261,608,567,3.0,1211.65,0.15,35.7,3125.41,PAGO,2023-05-17,PEDIDO COM DATA
2263,864,983,4.0,12316.01,0.05,51.16,46852.0,PAGO,2023-10-03,PEDIDO COM DATA
2265,673,751,9.0,164.86,0.26,140.63,1238.6,PAGO,2022-02-21,PEDIDO COM DATA
2266,615,892,4.0,2685.67,0.21,86.49,8573.21,PAGO,2022-12-02,PEDIDO COM DATA
2267,115,102,7.0,7020.49,0.1,80.39,44279.71,PAGO,2024-04-01,PEDIDO COM DATA
2268,114,116,7.0,14808.5,0.14,126.11,25248.04,CANCELADO,2022-12-13,PEDIDO COM DATA
2269,240,799,1.0,2576.07,0.01,80.39,2640.58,PAGO,2024-01-10,PEDIDO COM DATA
2272,336,736,1.0,1281.48,0.27,71.86,1007.34,CANCELADO,2025-01-25,PEDIDO COM DATA
2275,935,523,9.0,6094.97,0.06,102.03,51665.48,ENVIADO,2023-09-02,PEDIDO COM DATA
2279,652,603,3.0,7991.09,0.16,87.79,20225.34,PENDENTE,2023-03-17,PEDIDO COM DATA
2281,293,273,3.0,10166.39,0.07,88.01,28452.24,ENVIADO,2024-07-18,PEDIDO COM DATA
2282,808,995,3.0,7110.35,0.1,147.29,25248.04,ENVIADO,2023-02-03,PEDIDO COM DATA
2283,799,61,2.0,3941.81,0.26,22.86,5856.74,PENDENTE,2024-12-17,PEDIDO COM DATA
2284,187,909,4.0,2940.47,0.14,49.66,10164.88,CANCELADO,2022-10-29,PEDIDO COM DATA
2285,108,479,6.0,3991.76,0.17,51.02,19929.98,PENDENTE,2023-09-07,PEDIDO COM DATA
2286,518,113,6.0,1137.42,0.19,27.22,5555.08,ENVIADO,2022-12-22,PEDIDO COM DATA
2287,746,210,6.0,3231.83,0.27,96.56,14251.98,PAGO,2022-09-02,PEDIDO COM DATA
2288,967,667,2.0,11958.12,0.07,48.91,22291.01,PENDENTE,2023-06-17,PEDIDO COM DATA
2291,622,105,3.0,11988.71,0.0,82.64,27416.9,ENVIADO,2022-06-21,PEDIDO COM DATA
2292,10,105,-5.0,13507.87,0.1,29.43,24343.6,ENVIADO,2024-11-13,PEDIDO COM DATA
2294,268,168,1.0,13972.9,0.19,50.03,25248.04,ENVIADO,2022-05-19,PEDIDO COM DATA
2296,236,30,6.0,4729.59,0.14,80.39,24480.37,PAGO,2022-03-24,PEDIDO COM DATA
2297,224,620,5.0,10951.85,0.16,54.3,0.0,PENDENTE,2024-12-22,PEDIDO COM DATA
2300,63,514,6.0,14740.36,0.18,42.78,72565.35,CANCELADO,2022-03-19,PEDIDO COM DATA
2301,741,916,7.0,13818.8,0.28,118.28,69765.03,PENDENTE,,PEDIDO SEM DATA
2303,780,868,7.0,4929.77,0.05,120.12,32903.09,PAGO,2024-11-24,PEDIDO COM DATA
2304,39,449,1.0,901.57,0.08,22.55,851.99,PENDENTE,2025-01-17,PEDIDO COM DATA
2305,725,207,-1.0,13063.79,0.11,80.39,116312.4,PAGO,,PEDIDO SEM DATA
2306,210,270,7.0,1161.92,0.16,79.75,6911.84,PENDENTE,2023-03-24,PEDIDO COM DATA
2309,69,33,10.0,3619.62,0.12,111.48,31964.14,ENVIADO,2024-02-13,PEDIDO COM DATA
2311,144,391,10.0,3080.7,0.09,38.76,28073.13,PAGO,2023-02-26,PEDIDO COM DATA
2312,764,72,5.0,14607.59,0.16,57.09,61408.97,ENVIADO,2024-06-20,PEDIDO COM DATA
2313,109,328,2.0,11200.32,0.09,124.1,20508.68,CANCELADO,2022-10-06,PEDIDO COM DATA
2316,394,695,6.0,9381.61,0.02,108.96,55272.83,CANCELADO,2022-10-23,PEDIDO COM DATA
2317,599,7,1.0,3882.26,0.29,33.78,2790.18,ENVIADO,2022-01-20,PEDIDO COM DATA
2321,296,664,3.0,10769.01,0.21,103.33,25625.88,CANCELADO,2022-04-17,PEDIDO COM DATA
2322,906,401,9.0,14034.34,0.02,60.2,123843.08,CANCELADO,2022-03-30,PEDIDO COM DATA
2323,431,957,4.0,5832.38,0.12,11.98,20541.96,CANCELADO,2024-04-30,PEDIDO COM DATA
2324,192,135,-1.0,13596.36,0.28,81.51,49028.41,ENVIADO,2023-10-01,PEDIDO COM DATA
2327,289,416,10.0,13752.38,0.23,25.48,105918.81,PAGO,2024-12-09,PEDIDO COM DATA
2330,712,391,4.0,11227.28,0.1,105.69,40523.9,PAGO,,PEDIDO SEM DATA
2332,478,497,10.0,469.7,0.28,99.26,3481.1,PENDENTE,2022-11-21,PEDIDO COM DATA
2333,870,335,-1.0,7741.02,0.1,36.95,69706.13,PAGO,2024-10-01,PEDIDO COM DATA
2334,354,649,4.0,10001.09,0.03,38.12,38842.35,PAGO,2025-04-07,PEDIDO COM DATA
2337,87,419,6.0,6618.14,0.25,29.27,29810.9,CANCELADO,2023-07-05,PEDIDO COM DATA
2338,578,683,1.0,13342.77,0.29,88.78,9562.15,CANCELADO,2024-07-27,PEDIDO COM DATA
2339,829,420,7.0,1170.83,0.26,138.6,-500.0,CANCELADO,2023-12-11,PEDIDO COM DATA
2340,763,455,9.0,2828.87,0.28,89.0,18420.08,PAGO,2022-08-28,PEDIDO COM DATA
2341,292,90,3.0,9564.02,0.01,80.39,25248.04,PENDENTE,2022-01-02,PEDIDO COM DATA
2342,30,925,4.0,13897.72,0.21,87.08,44003.88,ENVIADO,2023-03-27,PEDIDO COM DATA
2343,967,18,4.0,9710.08,0.0,118.41,36239.91,PAGO,2023-12-13,PEDIDO COM DATA
2344,878,334,-5.0,12086.82,0.25,128.51,72649.43,PAGO,2022-01-12,PEDIDO COM DATA
2346,97,140,10.0,12016.05,0.0,80.39,104673.14,PAGO,,PEDIDO SEM DATA
2348,940,777,4.0,9469.45,0.22,49.63,29594.31,PENDENTE,2022-08-08,PEDIDO COM DATA
2349,326,970,10.0,5681.89,0.02,40.66,55723.18,PENDENTE,2024-01-05,PEDIDO COM DATA
2350,107,89,10.0,9850.11,0.06,59.47,92650.5,ENVIADO,2022-03-16,PEDIDO COM DATA
2351,234,779,3.0,3718.6,0.16,72.67,25248.04,CANCELADO,2022-05-26,PEDIDO COM DATA
2352,800,972,5.0,270.09,0.06,95.67,1365.09,PAGO,2024-11-11,PEDIDO COM DATA
2353,245,165,10.0,9974.35,0.19,132.16,80924.4,PAGO,2023-12-15,PEDIDO COM DATA
2356,930,191,4.0,10200.04,0.0,68.47,40868.63,PENDENTE,2024-02-14,PEDIDO COM DATA
2358,737,308,5.0,10175.28,0.28,82.55,36713.56,PAGO,2024-12-02,PEDIDO COM DATA
2359,107,781,2.0,12287.64,0.09,70.59,22434.09,ENVIADO,2022-03-17,PEDIDO COM DATA
2360,62,677,7.0,11268.58,0.25,84.49,59244.53,CANCELADO,2022-05-04,PEDIDO COM DATA
2361,497,328,9.0,14297.0,0.02,139.04,126238.58,PENDENTE,2023-05-16,PEDIDO COM DATA
2363,557,8,4.0,12065.39,0.29,149.35,34415.06,PENDENTE,2024-11-13,PEDIDO COM DATA
2364,387,594,8.0,14379.58,0.0,68.52,105902.23,CANCELADO,2024-08-19,PEDIDO COM DATA
2365,455,771,3.0,6209.86,0.03,148.72,18219.41,PENDENTE,2023-04-02,PEDIDO COM DATA
2366,772,714,1.0,13008.26,0.23,129.74,10146.1,CANCELADO,,PEDIDO SEM DATA
2367,628,169,-1.0,8090.81,0.16,139.14,40916.82,PENDENTE,2024-06-01,PEDIDO COM DATA
2368,335,684,5.0,13068.76,0.0,147.74,65491.54,ENVIADO,2022-10-13,PEDIDO COM DATA
2369,152,799,6.0,914.04,0.13,129.06,4900.35,ENVIADO,2024-12-08,PEDIDO COM DATA
2370,966,552,3.0,3179.29,0.17,129.15,8045.58,PENDENTE,2024-03-15,PEDIDO COM DATA
2371,407,208,4.0,266.36,0.17,80.39,948.56,ENVIADO,2023-10-01,PEDIDO COM DATA
2373,63,731,2.0,5835.07,0.07,62.55,10915.78,PAGO,2024-12-28,PEDIDO COM DATA
2376,138,924,5.0,4176.3,0.29,68.3,14894.16,PAGO,2024-05-31,PEDIDO COM DATA
2377,896,182,5.0,2310.09,0.06,83.48,10940.9,PAGO,2024-08-08,PEDIDO COM DATA
2378,632,529,6.0,379.19,0.07,102.23,2218.11,PENDENTE,2023-04-01,PEDIDO COM DATA
2379,795,125,8.0,11464.11,0.08,90.49,84466.34,CANCELADO,2025-03-31,PEDIDO COM DATA
2381,428,622,7.0,2510.34,0.29,129.15,12605.54,CANCELADO,2023-08-28,PEDIDO COM DATA
2383,403,364,5.0,3173.09,0.18,47.24,13056.91,CANCELADO,2022-07-16,PEDIDO COM DATA
2386,11,31,4.0,10656.18,0.11,83.9,38019.9,ENVIADO,2023-08-25,PEDIDO COM DATA
2387,614,388,7.0,5668.02,0.0,28.91,39705.05,PAGO,,PEDIDO SEM DATA
2388,530,609,4.0,7526.04,0.0,127.63,28726.58,CANCELADO,2022-08-28,PEDIDO COM DATA
2389,141,406,10.0,11616.84,0.1,146.4,104697.96,PAGO,2024-05-25,PEDIDO COM DATA
2390,482,536,2.0,6909.8,0.04,126.79,13393.61,PENDENTE,,PEDIDO SEM DATA
2395,723,691,8.0,14496.31,0.09,97.49,105630.63,ENVIADO,2024-07-18,PEDIDO COM DATA
2396,694,737,7.0,14294.26,0.17,24.12,83073.77,CANCELADO,2024-06-19,PEDIDO COM DATA
2397,940,732,7.0,6749.82,0.27,141.72,34633.3,PAGO,2022-12-07,PEDIDO COM DATA
2398,777,576,10.0,9627.25,0.16,61.38,80930.28,CANCELADO,2022-07-24,PEDIDO COM DATA
2400,446,770,10.0,12522.45,0.0,109.4,25248.04,PENDENTE,2023-05-04,PEDIDO COM DATA
2401,126,53,7.0,4698.98,0.23,72.23,25399.73,CANCELADO,2023-09-18,PEDIDO COM DATA
2402,947,212,5.0,3894.17,0.18,77.96,16044.06,PENDENTE,2024-04-21,PEDIDO COM DATA
2403,844,899,6.0,14876.98,0.13,141.55,77799.39,ENVIADO,2022-05-18,PEDIDO COM DATA
2405,110,487,5.0,13927.23,0.0,46.01,55058.57,ENVIADO,2024-03-23,PEDIDO COM DATA
2406,477,361,3.0,7214.85,0.3,71.29,15222.48,CANCELADO,2022-01-19,PEDIDO COM DATA
2407,816,780,5.0,2693.15,0.21,32.02,10669.96,ENVIADO,2024-08-03,PEDIDO COM DATA
2409,56,846,5.0,5771.57,0.0,134.79,24952.54,CANCELADO,2022-03-09,PEDIDO COM DATA
2410,190,403,2.0,3578.62,0.01,97.34,7183.01,ENVIADO,2024-02-26,PEDIDO COM DATA
2412,171,968,9.0,11186.3,0.27,80.39,73569.28,PENDENTE,2023-01-18,PEDIDO COM DATA
2413,388,795,8.0,12861.72,0.23,137.77,79365.97,PAGO,2023-12-14,PEDIDO COM DATA
2416,206,487,9.0,3771.95,0.1,19.37,30572.16,PAGO,2022-05-16,PEDIDO COM DATA
2417,505,434,3.0,1697.74,0.28,68.36,3735.48,CANCELADO,2023-05-24,PEDIDO COM DATA
2418,145,131,5.0,13546.16,0.23,15.48,52168.2,ENVIADO,2022-05-29,PEDIDO COM DATA
2422,674,443,10.0,8862.68,0.19,144.6,71932.31,PAGO,2022-11-26,PEDIDO COM DATA
2424,829,274,10.0,7648.54,0.17,127.49,0.0,PENDENTE,,PEDIDO SEM DATA
2425,763,444,6.0,6270.45,0.21,79.36,29801.29,PENDENTE,2022-02-16,PEDIDO COM DATA
2426,589,639,6.0,12743.48,0.09,80.39,69719.2,CANCELADO,2023-01-25,PEDIDO COM DATA
2427,134,788,3.0,12708.36,0.01,149.46,37893.29,ENVIADO,2022-07-22,PEDIDO COM DATA
2429,38,531,4.0,5547.52,0.19,139.57,18113.53,PENDENTE,2022-02-01,PEDIDO COM DATA
2430,393,382,7.0,9206.11,0.05,103.0,61323.63,PAGO,2022-12-23,PEDIDO COM DATA
2431,237,928,5.0,1859.03,0.06,113.53,8850.97,PAGO,2022-11-26,PEDIDO COM DATA
2433,466,229,6.0,10010.85,0.08,149.16,0.0,ENVIADO,2024-05-24,PEDIDO COM DATA
2434,878,587,1.0,13328.77,0.13,78.09,11674.12,CANCELADO,2022-05-06,PEDIDO COM DATA
2436,765,955,5.0,2154.16,0.1,92.81,9786.53,ENVIADO,2024-07-23,PEDIDO COM DATA
2437,457,691,6.0,737.56,0.3,102.17,3199.92,PAGO,2023-04-11,PEDIDO COM DATA
2439,705,641,10.0,11582.44,0.07,102.87,25248.04,PENDENTE,2024-12-13,PEDIDO COM DATA
2440,134,661,1.0,2270.2,0.29,54.41,1666.25,ENVIADO,2024-07-15,PEDIDO COM DATA
2441,813,70,9.0,14905.09,0.17,120.24,111461.26,CANCELADO,2025-04-14,PEDIDO COM DATA
2443,202,518,10.0,5698.51,0.25,50.89,42789.72,PENDENTE,,PEDIDO SEM DATA
2445,260,888,10.0,11512.94,0.23,89.11,88738.75,ENVIADO,2023-06-28,PEDIDO COM DATA
2446,362,528,8.0,13505.16,0.08,102.25,99500.23,CANCELADO,2022-09-21,PEDIDO COM DATA
2447,836,529,4.0,12805.14,0.28,58.35,36937.15,PENDENTE,2023-04-27,PEDIDO COM DATA
2448,968,443,8.0,5609.62,0.13,77.77,39120.73,ENVIADO,,PEDIDO SEM DATA
2450,404,403,7.0,9071.63,0.15,103.59,54079.79,PENDENTE,2024-01-25,PEDIDO COM DATA
2451,513,673,4.0,11743.86,0.22,40.52,36681.36,CANCELADO,2024-12-25,PEDIDO COM DATA
2452,754,911,7.0,7354.51,0.1,11.47,46344.88,CANCELADO,2024-08-02,PEDIDO COM DATA
2453,275,971,7.0,11242.48,0.29,20.08,55895.21,PENDENTE,2022-08-08,PEDIDO COM DATA
2457,495,945,3.0,11486.02,0.18,91.3,25248.04,PAGO,2024-08-29,PEDIDO COM DATA
2458,187,711,10.0,13800.61,0.12,117.18,121562.55,PAGO,2025-03-21,PEDIDO COM DATA
2459,795,713,2.0,3197.93,0.04,81.3,6221.33,CANCELADO,2022-06-05,PEDIDO COM DATA
2461,615,161,3.0,3317.32,0.11,133.61,25248.04,PENDENTE,2025-01-25,PEDIDO COM DATA
2462,731,182,10.0,13927.23,0.24,59.95,105906.9,ENVIADO,2023-09-08,PEDIDO COM DATA
2463,161,421,9.0,9969.55,0.26,79.84,66477.04,PAGO,2022-09-09,PEDIDO COM DATA
2464,972,362,1.0,7904.5,0.01,85.58,7911.03,PAGO,2022-01-25,PEDIDO COM DATA
2465,11,112,1.0,8438.94,0.19,134.55,6970.09,ENVIADO,2024-12-24,PEDIDO COM DATA
2466,748,562,7.0,5666.38,0.25,120.01,29868.51,ENVIADO,2023-04-14,PEDIDO COM DATA
2467,492,592,3.0,2360.13,0.26,106.94,5346.43,PENDENTE,2025-01-30,PEDIDO COM DATA
2468,511,251,5.0,14804.41,0.02,144.91,72686.52,ENVIADO,2025-02-28,PEDIDO COM DATA
2470,497,738,4.0,5845.23,0.11,95.96,20904.98,CANCELADO,2024-07-16,PEDIDO COM DATA
2471,116,819,10.0,8037.6,0.29,46.95,57113.91,ENVIADO,2023-05-29,PEDIDO COM DATA
2472,495,285,4.0,6590.05,0.05,29.82,25072.01,PAGO,2025-01-27,PEDIDO COM DATA
2473,853,532,8.0,4995.01,0.15,131.87,34097.94,PAGO,2023-10-25,PEDIDO COM DATA
2474,328,294,6.0,11096.79,0.13,63.17,57988.41,CANCELADO,2024-04-17,PEDIDO COM DATA
2476,929,841,10.0,10064.78,0.01,80.39,99706.75,ENVIADO,2023-10-29,PEDIDO COM DATA
2477,517,668,9.0,2211.58,0.21,76.65,25248.04,PENDENTE,2024-06-14,PEDIDO COM DATA
2479,144,616,0.0,2373.03,0.18,146.22,25248.04,PENDENTE,2024-04-08,PEDIDO COM DATA
2480,460,530,3.0,5197.56,0.12,12.2,13733.76,ENVIADO,2022-12-04,PEDIDO COM DATA
2482,374,201,7.0,5094.2,0.19,29.87,25248.04,PENDENTE,2022-04-04,PEDIDO COM DATA
2483,426,460,3.0,991.09,0.04,24.95,0.0,PENDENTE,2024-07-10,PEDIDO COM DATA
2486,424,48,7.0,7132.55,0.11,140.76,44576.55,CANCELADO,2024-06-24,PEDIDO COM DATA
2487,675,134,6.0,14658.76,0.09,35.04,80071.87,CANCELADO,2023-10-29,PEDIDO COM DATA
2488,155,217,6.0,7276.77,0.09,80.39,39791.53,CANCELADO,2022-05-02,PEDIDO COM DATA
2489,753,973,5.0,8706.21,0.04,63.06,41852.87,ENVIADO,2022-07-02,PEDIDO COM DATA
2491,39,950,7.0,4666.33,0.24,97.33,24922.21,ENVIADO,2023-04-07,PEDIDO COM DATA
2492,404,217,9.0,3278.67,0.09,80.39,26881.92,PENDENTE,,PEDIDO SEM DATA
2493,893,659,3.0,3924.31,0.19,80.39,9668.15,PAGO,2023-06-17,PEDIDO COM DATA
2494,606,929,9.0,292.31,0.21,132.22,2210.54,CANCELADO,2022-01-21,PEDIDO COM DATA
2496,236,879,9.0,4424.98,0.18,105.11,32761.46,CANCELADO,2024-06-18,PEDIDO COM DATA
2498,501,287,6.0,576.13,0.02,88.97,3476.61,ENVIADO,2022-07-12,PEDIDO COM DATA
2499,38,916,5.0,2603.9,0.28,80.39,9499.82,PAGO,2024-01-28,PEDIDO COM DATA
2500,268,291,6.0,10239.16,0.15,98.6,52318.32,PAGO,2023-03-25,PEDIDO COM DATA
2502,837,487,7.0,56.41,0.24,49.38,349.48,PAGO,2023-01-25,PEDIDO COM DATA
2503,290,159,6.0,5311.26,0.12,87.98,28131.43,CANCELADO,,PEDIDO SEM DATA
2504,590,684,6.0,4112.09,0.04,145.48,25248.04,PAGO,2024-12-12,PEDIDO COM DATA
2506,163,463,4.0,3672.76,0.26,27.55,10898.92,PAGO,2025-04-04,PEDIDO COM DATA
2508,653,907,8.0,2371.61,0.26,80.39,14151.81,PENDENTE,2024-04-08,PEDIDO COM DATA
2509,920,450,9.0,3154.38,0.06,36.79,26722.84,PAGO,,PEDIDO SEM DATA
2510,568,697,9.0,3339.69,0.0,101.59,28355.37,PAGO,2022-11-19,PEDIDO COM DATA
2511,139,551,1.0,13033.35,0.26,41.09,9685.77,CANCELADO,2023-05-09,PEDIDO COM DATA
2512,558,931,2.0,5405.0,0.07,80.39,10176.58,PENDENTE,2023-04-28,PEDIDO COM DATA
2514,564,714,3.0,13035.0,0.27,144.63,25248.04,PAGO,2023-10-24,PEDIDO COM DATA
2519,339,962,3.0,2307.09,0.24,80.39,5299.18,PENDENTE,2025-02-01,PEDIDO COM DATA
2521,277,772,7.0,3265.94,0.12,93.81,20212.0,CANCELADO,2025-01-19,PEDIDO COM DATA
2522,505,370,-1.0,223.89,0.22,114.67,289.3,PENDENTE,2024-01-13,PEDIDO COM DATA
2523,724,513,1.0,4255.64,0.06,25.4,4025.7,PAGO,2023-02-14,PEDIDO COM DATA
2527,239,653,6.0,2376.32,0.13,41.62,12446.01,PAGO,2022-11-04,PEDIDO COM DATA
2529,84,681,5.0,8708.05,0.11,21.96,38772.78,CANCELADO,2022-12-01,PEDIDO COM DATA
2532,958,209,8.0,1133.84,0.22,135.4,7210.56,CANCELADO,2022-04-20,PEDIDO COM DATA
2533,488,759,1.0,2897.0,0.0,80.39,2924.11,PAGO,2022-08-21,PEDIDO COM DATA
2534,129,463,4.0,7993.22,0.26,103.05,23762.98,ENVIADO,2024-01-03,PEDIDO COM DATA
2535,433,266,1.0,479.18,0.17,103.2,500.92,CANCELADO,2024-06-15,PEDIDO COM DATA
2536,983,153,5.0,1145.31,0.13,49.22,5031.32,ENVIADO,2023-10-12,PEDIDO COM DATA
2538,268,410,1.0,3380.25,0.24,141.8,2710.79,CANCELADO,,PEDIDO SEM DATA
2540,903,219,8.0,14706.39,0.28,24.59,84733.4,PAGO,2024-10-13,PEDIDO COM DATA
2542,331,650,5.0,9588.11,0.15,127.29,40876.76,ENVIADO,,PEDIDO SEM DATA
2544,531,336,10.0,5979.47,0.17,72.68,49702.28,PAGO,2023-12-19,PEDIDO COM DATA
2545,585,157,9.0,1029.97,0.08,112.19,8640.34,CANCELADO,2022-06-07,PEDIDO COM DATA
2546,651,98,2.0,8960.47,0.26,14.93,13276.43,PAGO,2024-11-11,PEDIDO COM DATA
2549,981,989,5.0,1397.1,0.08,34.43,6461.09,PENDENTE,2022-07-27,PEDIDO COM DATA
2550,317,740,3.0,197.74,0.08,14.86,560.62,CANCELADO,2022-10-21,PEDIDO COM DATA
2551,881,679,6.0,14945.7,0.04,144.3,86231.53,CANCELADO,2025-01-26,PEDIDO COM DATA
2552,623,820,10.0,3371.59,0.09,119.72,30801.19,PAGO,2022-09-19,PEDIDO COM DATA
2553,88,246,6.0,1572.96,0.2,99.13,7649.34,PENDENTE,2023-06-17,PEDIDO COM DATA
2554,591,286,9.0,12487.64,0.24,109.61,85525.07,ENVIADO,2023-05-26,PEDIDO COM DATA
2555,330,908,8.0,907.33,0.23,116.98,5706.13,ENVIADO,2024-11-29,PEDIDO COM DATA
2558,99,229,4.0,6691.9,0.2,90.48,21504.56,PAGO,2023-10-20,PEDIDO COM DATA
2559,941,365,6.0,9757.18,0.15,80.39,49789.84,PENDENTE,2025-03-02,PEDIDO COM DATA
2561,381,437,5.0,1522.72,0.27,122.96,25248.04,ENVIADO,2024-04-02,PEDIDO COM DATA
2562,928,239,2.0,1516.04,0.24,19.67,2324.05,PAGO,2024-09-30,PEDIDO COM DATA
2563,117,862,-1.0,3849.39,0.02,78.27,15167.88,PENDENTE,2022-04-15,PEDIDO COM DATA
2564,294,942,6.0,7770.05,0.01,30.14,46184.24,ENVIADO,2023-05-15,PEDIDO COM DATA
2567,961,957,5.0,4179.64,0.13,143.2,18324.63,PENDENTE,2022-03-10,PEDIDO COM DATA
2568,267,57,6.0,13564.68,0.29,138.97,57924.51,PAGO,2024-03-17,PEDIDO COM DATA
2570,20,585,2.0,12646.7,0.0,48.05,19271.03,PAGO,2024-04-24,PEDIDO COM DATA
2571,368,258,10.0,6940.19,0.16,39.55,58337.15,PENDENTE,2023-08-01,PEDIDO COM DATA
2573,674,382,1.0,8361.96,0.04,89.26,8116.74,ENVIADO,,PEDIDO SEM DATA
2574,701,282,8.0,14242.09,0.15,117.27,96963.48,PENDENTE,2022-11-17,PEDIDO COM DATA
2576,87,965,9.0,3434.4,0.15,118.17,26391.33,CANCELADO,2024-10-06,PEDIDO COM DATA
2577,610,837,3.0,11721.48,0.14,110.39,30351.81,CANCELADO,2022-02-10,PEDIDO COM DATA
2578,589,677,5.0,5779.65,0.26,130.95,21515.65,ENVIADO,,PEDIDO SEM DATA
2579,770,250,8.0,5971.51,0.19,80.39,38818.16,PENDENTE,2023-12-20,PEDIDO COM DATA
2580,103,876,9.0,6829.59,0.13,128.54,53604.23,PAGO,2022-09-04,PEDIDO COM DATA
2581,916,374,3.0,5720.61,0.08,57.95,15846.83,CANCELADO,2024-05-11,PEDIDO COM DATA
2582,459,327,10.0,1769.3,0.19,128.4,14459.73,PAGO,2023-09-13,PEDIDO COM DATA
2583,804,457,8.0,14490.27,0.28,149.21,83613.17,PAGO,2022-06-25,PEDIDO COM DATA
2584,986,289,5.0,9273.18,0.01,126.3,46028.54,PENDENTE,2024-10-01,PEDIDO COM DATA
2585,929,274,9.0,4050.92,0.1,57.16,32869.61,CANCELADO,,PEDIDO SEM DATA
2588,446,698,5.0,3977.76,0.05,136.63,19030.99,ENVIADO,2022-07-30,PEDIDO COM DATA
2589,230,490,8.0,13062.64,0.14,83.57,89954.53,ENVIADO,2025-04-06,PEDIDO COM DATA
2591,48,22,-1.0,968.42,0.06,129.0,8321.83,ENVIADO,2025-03-21,PEDIDO COM DATA
2592,180,777,5.0,9360.3,0.03,10.53,45407.99,CANCELADO,2024-05-11,PEDIDO COM DATA
2594,847,237,10.0,12207.75,0.22,18.34,95238.79,CANCELADO,2023-01-22,PEDIDO COM DATA
2595,213,739,8.0,5371.56,0.26,114.42,31914.06,CANCELADO,2022-04-20,PEDIDO COM DATA
2596,10,836,3.0,13115.52,0.14,29.13,33867.17,CANCELADO,2023-12-23,PEDIDO COM DATA
2597,435,455,10.0,9102.74,0.08,127.87,83873.08,ENVIADO,2024-09-25,PEDIDO COM DATA
2604,675,46,2.0,12625.06,0.26,23.68,18708.77,PENDENTE,2022-11-23,PEDIDO COM DATA
2605,694,918,5.0,252.95,0.0,20.83,1285.58,CANCELADO,2022-06-24,PEDIDO COM DATA
2607,725,116,10.0,14157.05,0.18,137.58,116225.39,CANCELADO,2024-10-09,PEDIDO COM DATA
2608,622,448,7.0,764.29,0.0,137.79,4952.82,ENVIADO,2023-06-19,PEDIDO COM DATA
2609,397,605,5.0,9950.61,0.21,68.1,39373.01,ENVIADO,2022-08-12,PEDIDO COM DATA
2611,562,391,6.0,13316.03,0.08,112.78,73617.27,ENVIADO,2024-10-08,PEDIDO COM DATA
2612,20,543,9.0,927.56,0.1,16.11,7529.35,CANCELADO,,PEDIDO SEM DATA
2614,226,437,6.0,8660.19,0.05,80.39,49503.54,ENVIADO,2022-06-21,PEDIDO COM DATA
2615,30,816,8.0,6497.65,0.02,80.39,51068.02,ENVIADO,2025-02-07,PEDIDO COM DATA
2616,520,291,6.0,5451.59,0.13,84.13,28541.43,PENDENTE,2022-12-29,PEDIDO COM DATA
2617,239,307,10.0,12964.74,0.08,11.49,119287.1,PENDENTE,2023-02-06,PEDIDO COM DATA
2618,849,475,5.0,11781.48,0.02,83.34,57812.59,ENVIADO,2024-03-11,PEDIDO COM DATA
2619,868,547,9.0,458.26,0.05,118.39,4036.51,PAGO,2022-11-01,PEDIDO COM DATA
2621,401,449,7.0,11304.09,0.13,67.87,68909.78,ENVIADO,2022-04-22,PEDIDO COM DATA
2623,573,820,8.0,12294.32,0.25,136.84,73902.76,PAGO,2022-04-25,PEDIDO COM DATA
2625,231,719,6.0,12551.39,0.0,10.18,59503.77,PENDENTE,2024-08-21,PEDIDO COM DATA
2626,816,6,5.0,4254.14,0.27,146.85,15674.46,PAGO,2022-11-24,PEDIDO COM DATA
2627,436,270,6.0,1721.46,0.06,105.99,-500.0,ENVIADO,2023-11-04,PEDIDO COM DATA
2629,986,550,6.0,1113.03,0.25,135.77,5144.41,CANCELADO,2022-01-28,PEDIDO COM DATA
2631,948,43,5.0,11029.95,0.11,56.37,49139.65,ENVIADO,2025-02-24,PEDIDO COM DATA
2634,441,399,10.0,4321.73,0.06,51.65,40675.91,CANCELADO,2024-02-03,PEDIDO COM DATA
2635,566,779,2.0,5535.04,0.23,91.71,8615.67,ENVIADO,2024-04-21,PEDIDO COM DATA
2636,246,1000,1.0,1948.34,0.0,31.79,1980.13,ENVIADO,2022-01-09,PEDIDO COM DATA
2638,668,157,7.0,661.51,0.05,54.03,4453.07,ENVIADO,2023-02-01,PEDIDO COM DATA
2640,537,710,7.0,2096.36,0.0,80.98,14755.5,PENDENTE,2024-11-01,PEDIDO COM DATA
2641,70,901,7.0,8175.76,0.17,11.58,47512.75,PENDENTE,2024-09-23,PEDIDO COM DATA
2642,320,745,3.0,5554.89,0.16,47.28,14045.6,CANCELADO,2022-07-26,PEDIDO COM DATA
2644,467,565,10.0,687.0,0.25,142.37,5294.87,ENVIADO,2022-10-05,PEDIDO COM DATA
2645,188,103,4.0,1072.26,0.3,106.28,3108.61,ENVIADO,2023-09-14,PEDIDO COM DATA
2651,343,576,7.0,6040.47,0.05,35.01,40204.14,ENVIADO,2022-02-18,PEDIDO COM DATA
2652,793,267,2.0,3430.42,0.05,110.42,6628.22,ENVIADO,2022-10-10,PEDIDO COM DATA
2653,663,903,5.0,6359.62,0.15,68.98,25248.04,PAGO,2025-02-19,PEDIDO COM DATA
2655,876,400,1.0,8790.36,0.13,49.86,25248.04,CANCELADO,2023-09-25,PEDIDO COM DATA
2656,319,958,4.0,600.38,0.03,133.91,2463.38,PENDENTE,2022-01-09,PEDIDO COM DATA
2657,323,186,3.0,5111.32,0.2,89.89,12357.06,ENVIADO,2024-03-23,PEDIDO COM DATA
2660,690,703,6.0,931.87,0.0,36.94,25248.04,CANCELADO,2023-01-29,PEDIDO COM DATA
2666,266,135,2.0,1947.58,0.04,59.77,0.0,ENVIADO,2024-01-15,PEDIDO COM DATA
2667,587,582,2.0,5437.68,0.25,84.03,8240.55,PENDENTE,2023-08-11,PEDIDO COM DATA
2668,272,282,1.0,10756.49,0.14,13.76,0.0,CANCELADO,2024-07-10,PEDIDO COM DATA
2669,803,672,5.0,12856.1,0.19,113.94,52181.15,PENDENTE,2024-03-16,PEDIDO COM DATA
2670,156,97,9.0,1199.35,0.08,117.54,10048.16,CANCELADO,2022-02-27,PEDIDO COM DATA
2671,637,380,1.0,9584.14,0.28,63.88,6964.46,PENDENTE,2024-05-25,PEDIDO COM DATA
2673,994,668,4.0,9312.34,0.19,127.01,30298.99,PENDENTE,2024-11-04,PEDIDO COM DATA
2676,393,901,0.0,9251.59,0.13,23.27,16121.04,ENVIADO,2023-09-23,PEDIDO COM DATA
2677,790,577,0.0,13319.32,0.25,103.85,60040.79,PAGO,2024-05-13,PEDIDO COM DATA
2678,629,717,1.0,4976.97,0.06,79.43,4757.78,PENDENTE,2024-10-16,PEDIDO COM DATA
2679,863,813,7.0,11625.12,0.05,137.52,25248.04,ENVIADO,2022-10-02,PEDIDO COM DATA
2680,27,456,6.0,6702.07,0.06,23.58,37823.25,ENVIADO,2023-07-08,PEDIDO COM DATA
2681,695,589,7.0,2653.64,0.08,38.35,17127.79,PAGO,2023-12-28,PEDIDO COM DATA
2682,946,235,7.0,7928.58,0.0,72.26,55572.32,PAGO,2022-07-03,PEDIDO COM DATA
2683,445,464,3.0,14958.32,0.14,91.07,38683.54,ENVIADO,2024-02-10,PEDIDO COM DATA
2685,469,904,0.0,10882.26,0.18,80.39,35770.54,PENDENTE,2023-05-10,PEDIDO COM DATA
2686,627,803,5.0,13370.18,0.13,108.37,58268.65,CANCELADO,2023-03-28,PEDIDO COM DATA
2687,919,474,4.0,12548.68,0.24,55.08,38203.07,CANCELADO,2024-05-05,PEDIDO COM DATA
2689,61,276,2.0,1811.98,0.2,90.38,2989.55,ENVIADO,2022-03-08,PEDIDO COM DATA
2692,713,240,1.0,13093.18,0.28,89.78,9516.87,PENDENTE,2023-03-19,PEDIDO COM DATA
2693,879,156,2.0,1003.23,0.1,72.45,1878.26,ENVIADO,2023-09-24,PEDIDO COM DATA
2694,658,850,2.0,9617.87,0.13,68.82,16803.91,ENVIADO,2023-04-28,PEDIDO COM DATA
2695,552,88,-1.0,1790.07,0.2,80.39,5823.8,ENVIADO,2022-04-09,PEDIDO COM DATA
2697,703,165,7.0,11848.3,0.16,17.61,69685.61,CANCELADO,2023-09-24,PEDIDO COM DATA
2698,440,918,7.0,13068.88,0.12,24.4,80528.7,PAGO,2025-02-14,PEDIDO COM DATA
2701,480,430,5.0,9686.11,0.03,47.87,47025.5,PAGO,2022-01-21,PEDIDO COM DATA
2702,882,830,7.0,3501.43,0.08,97.19,22646.4,CANCELADO,2022-12-05,PEDIDO COM DATA
2703,177,241,10.0,9887.64,0.11,61.9,88061.9,CANCELADO,2023-11-26,PEDIDO COM DATA
2704,617,284,2.0,10089.56,0.11,146.37,18105.79,PENDENTE,2024-08-21,PEDIDO COM DATA
2705,517,777,4.0,9154.71,0.07,74.8,34130.32,PENDENTE,2022-07-16,PEDIDO COM DATA
2706,583,358,8.0,11878.19,0.27,80.39,69424.26,CANCELADO,2023-10-30,PEDIDO COM DATA
2708,751,768,8.0,369.0,0.13,80.39,2683.61,PAGO,2025-01-07,PEDIDO COM DATA
2709,693,140,7.0,2171.21,0.06,108.94,14395.5,ENVIADO,2022-02-20,PEDIDO COM DATA
2710,221,856,5.0,11509.32,0.25,132.42,43292.37,ENVIADO,2023-03-10,PEDIDO COM DATA
2711,92,243,8.0,14814.24,0.18,76.16,97257.57,PAGO,2022-12-27,PEDIDO COM DATA
2712,671,802,4.0,14767.08,0.26,64.65,43775.21,CANCELADO,2023-08-14,PEDIDO COM DATA
2714,396,125,4.0,7776.75,0.13,88.26,27151.35,CANCELADO,,PEDIDO SEM DATA
2716,109,769,1.0,3697.09,0.2,98.76,3056.43,ENVIADO,,PEDIDO SEM DATA
2717,327,173,9.0,7939.9,0.18,104.52,58700.98,PAGO,,PEDIDO SEM DATA
2719,279,215,8.0,2032.27,0.03,37.78,15808.2,PENDENTE,2022-05-29,PEDIDO COM DATA
2722,988,396,6.0,9294.38,0.13,64.27,48580.93,PAGO,2023-09-24,PEDIDO COM DATA
2725,889,653,0.0,2358.39,0.16,12.52,5955.66,CANCELADO,,PEDIDO SEM DATA
2729,1,490,5.0,1418.58,0.0,57.32,5376.99,CANCELADO,2024-09-11,PEDIDO COM DATA
2733,864,609,2.0,12777.62,0.23,14.53,19692.06,CANCELADO,2022-02-12,PEDIDO COM DATA
2734,97,907,7.0,9719.6,0.2,104.31,54534.07,ENVIADO,,PEDIDO SEM DATA
2735,264,866,9.0,14686.61,0.02,14.18,129550.08,PENDENTE,2024-08-18,PEDIDO COM DATA
2736,929,597,8.0,14066.18,0.1,80.39,101295.52,PAGO,2024-05-23,PEDIDO COM DATA
2737,359,313,8.0,2953.07,0.09,137.58,21635.93,CANCELADO,2022-02-20,PEDIDO COM DATA
2742,140,832,1.0,11725.99,0.28,49.88,8492.59,PENDENTE,2023-11-09,PEDIDO COM DATA
2743,569,268,6.0,888.37,0.2,100.83,4365.01,ENVIADO,2022-02-01,PEDIDO COM DATA
2744,593,906,3.0,7729.33,0.04,30.2,22290.67,CANCELADO,,PEDIDO SEM DATA
2745,962,948,9.0,11423.27,0.1,80.39,92617.51,PENDENTE,2022-03-29,PEDIDO COM DATA
2746,347,200,1.0,14561.96,0.15,134.54,12512.21,ENVIADO,2024-08-30,PEDIDO COM DATA
2749,252,120,6.0,11181.76,0.11,79.35,59789.95,ENVIADO,2023-03-24,PEDIDO COM DATA
2751,316,196,1.0,13393.89,0.12,101.26,11887.88,ENVIADO,2022-03-10,PEDIDO COM DATA
2752,830,739,2.0,8753.54,0.14,11.04,15067.13,PENDENTE,,PEDIDO SEM DATA
2753,994,78,9.0,14929.59,0.06,20.51,126324.84,PAGO,2023-08-11,PEDIDO COM DATA
2754,948,919,3.0,397.08,0.06,74.58,1194.35,CANCELADO,2024-05-05,PEDIDO COM DATA
2756,47,128,5.0,8214.18,0.11,80.99,36634.09,CANCELADO,2022-05-21,PEDIDO COM DATA
2757,636,39,3.0,4233.9,0.28,122.9,0.0,ENVIADO,2023-03-22,PEDIDO COM DATA
2758,445,855,4.0,1191.32,0.17,106.54,4061.72,PAGO,2023-09-18,PEDIDO COM DATA
2759,666,235,1.0,11647.94,0.19,120.2,9555.03,ENVIADO,2023-02-09,PEDIDO COM DATA
2764,662,978,9.0,1464.16,0.13,58.77,11523.14,PENDENTE,2022-03-29,PEDIDO COM DATA
2765,648,308,9.0,6226.57,0.26,21.97,41490.93,ENVIADO,2024-10-17,PEDIDO COM DATA
2766,67,696,10.0,4205.99,0.15,149.3,35900.21,PENDENTE,2022-03-18,PEDIDO COM DATA
2767,207,776,7.0,1939.84,0.16,53.06,11459.32,PAGO,2022-09-24,PEDIDO COM DATA
2768,471,993,7.0,399.5,0.12,116.13,0.0,ENVIADO,2024-01-07,PEDIDO COM DATA
2770,227,351,8.0,6804.24,0.21,134.49,43137.29,PENDENTE,2024-06-19,PEDIDO COM DATA
2772,491,832,9.0,2612.41,0.1,144.34,21304.86,ENVIADO,2023-03-03,PEDIDO COM DATA
2774,327,327,2.0,247.39,0.12,129.45,25248.04,PENDENTE,2022-06-13,PEDIDO COM DATA
2777,7,798,1.0,11200.59,0.28,125.93,25248.04,PAGO,2022-12-03,PEDIDO COM DATA
2778,711,384,7.0,9020.38,0.21,22.8,49905.5,CANCELADO,2024-07-27,PEDIDO COM DATA
2779,812,371,5.0,5910.12,0.01,87.92,29343.01,CANCELADO,2024-06-10,PEDIDO COM DATA
2780,387,744,1.0,8210.09,0.23,141.22,6462.99,PAGO,2023-01-31,PEDIDO COM DATA
2781,229,961,5.0,7906.11,0.08,24.74,36392.85,PENDENTE,2023-03-03,PEDIDO COM DATA
2783,351,411,7.0,11728.99,0.26,87.98,60844.15,PENDENTE,2024-06-24,PEDIDO COM DATA
2784,663,698,6.0,1655.2,0.24,49.87,7597.58,PENDENTE,2022-09-21,PEDIDO COM DATA
2785,136,278,10.0,5757.8,0.07,21.14,53568.68,CANCELADO,2023-11-17,PEDIDO COM DATA
2786,25,945,3.0,8080.64,0.19,106.28,19742.24,CANCELADO,2022-09-05,PEDIDO COM DATA
2789,744,155,8.0,8419.59,0.02,94.22,66103.81,PENDENTE,2022-09-11,PEDIDO COM DATA
2791,471,1,8.0,5386.26,0.03,90.6,41887.98,ENVIADO,2023-09-16,PEDIDO COM DATA
2793,402,213,9.0,1808.31,0.0,37.7,16312.49,ENVIADO,2024-03-23,PEDIDO COM DATA
2797,15,973,5.0,13387.28,0.04,53.86,64312.8,PAGO,2022-12-24,PEDIDO COM DATA
2798,834,940,10.0,11146.58,0.06,80.39,104821.66,CANCELADO,2023-10-19,PEDIDO COM DATA
2801,675,820,1.0,3321.31,0.23,49.26,2606.67,PENDENTE,2024-11-10,PEDIDO COM DATA
2804,753,325,1.0,5627.07,0.26,133.86,4297.89,PAGO,,PEDIDO SEM DATA
2805,24,678,7.0,1647.57,0.19,119.52,9461.24,CANCELADO,2024-12-31,PEDIDO COM DATA
2807,957,948,1.0,14338.45,0.17,44.01,-500.0,PENDENTE,2023-01-17,PEDIDO COM DATA
2809,816,354,8.0,8204.55,0.07,147.79,61189.64,CANCELADO,2024-06-30,PEDIDO COM DATA
2810,544,944,3.0,11782.48,0.16,129.75,29821.6,PENDENTE,2022-01-25,PEDIDO COM DATA
2811,73,575,10.0,8445.57,0.24,98.36,64284.69,PAGO,2023-08-22,PEDIDO COM DATA
2812,430,162,6.0,10190.14,0.11,75.49,54490.84,ENVIADO,,PEDIDO SEM DATA
2816,646,259,3.0,13400.24,0.02,99.41,39496.12,CANCELADO,2023-01-10,PEDIDO COM DATA
2817,431,376,3.0,14829.94,0.0,80.39,35233.08,PAGO,2024-12-10,PEDIDO COM DATA
2818,93,339,3.0,14837.77,0.28,18.32,32067.9,PAGO,2025-01-31,PEDIDO COM DATA
2819,823,304,3.0,8352.17,0.2,23.5,20068.71,PAGO,2022-03-20,PEDIDO COM DATA
2820,810,403,1.0,6462.28,0.29,43.17,4631.39,PAGO,2022-11-26,PEDIDO COM DATA
2821,27,516,5.0,7074.44,0.24,126.44,27009.31,ENVIADO,2023-11-09,PEDIDO COM DATA
2822,380,466,6.0,6758.92,0.01,41.54,40189.52,ENVIADO,2022-06-20,PEDIDO COM DATA
2825,458,356,4.0,12190.34,0.23,70.78,37617.03,PENDENTE,,PEDIDO SEM DATA
2826,520,168,2.0,7131.01,0.29,147.46,10273.49,CANCELADO,2025-02-07,PEDIDO COM DATA
2829,935,377,3.0,1297.01,0.05,68.55,-500.0,ENVIADO,2023-07-16,PEDIDO COM DATA
2830,756,852,5.0,1530.73,0.14,42.93,6625.07,CANCELADO,2022-12-20,PEDIDO COM DATA
2831,455,948,7.0,8084.76,0.25,99.61,42544.6,ENVIADO,2022-03-11,PEDIDO COM DATA
2834,988,658,10.0,14650.46,0.1,105.86,131960.0,PAGO,2024-06-08,PEDIDO COM DATA
2835,753,783,9.0,1324.6,0.22,112.09,9410.78,PAGO,2024-12-05,PEDIDO COM DATA
2837,924,719,5.0,1429.56,0.13,64.27,6282.86,PENDENTE,2022-10-14,PEDIDO COM DATA
2838,242,747,5.0,7846.93,0.01,110.69,38952.99,PAGO,2023-12-15,PEDIDO COM DATA
2840,229,273,1.0,3856.46,0.03,71.93,3812.7,CANCELADO,2024-04-01,PEDIDO COM DATA
2842,855,335,1.0,9391.73,0.11,133.85,25248.04,PAGO,2023-04-08,PEDIDO COM DATA
2843,256,122,3.0,6852.93,0.01,85.01,20438.21,CANCELADO,2022-09-17,PEDIDO COM DATA
2844,977,823,9.0,8060.53,0.12,12.17,63851.57,PAGO,2023-06-21,PEDIDO COM DATA
2845,661,785,10.0,9843.68,0.01,23.97,97476.4,PENDENTE,2023-10-04,PEDIDO COM DATA
2846,289,574,1.0,10119.52,0.04,76.48,9791.22,PENDENTE,2022-01-10,PEDIDO COM DATA
2847,99,698,-1.0,4241.13,0.15,137.41,25248.04,PAGO,2024-04-04,PEDIDO COM DATA
2850,1,1,6.0,13917.58,0.14,31.53,71846.24,PAGO,,PEDIDO SEM DATA
2851,63,880,9.0,956.57,0.23,89.95,6718.98,CANCELADO,,PEDIDO SEM DATA
2853,341,551,4.0,4609.14,0.05,133.48,17648.21,CANCELADO,,PEDIDO SEM DATA
2854,790,793,4.0,14103.39,0.11,128.89,50336.96,PAGO,2024-06-09,PEDIDO COM DATA
2856,580,336,3.0,9788.2,0.06,93.41,27696.13,PAGO,2025-02-25,PEDIDO COM DATA
2858,799,530,7.0,5211.99,0.16,13.1,30659.6,PAGO,2022-06-14,PEDIDO COM DATA
2859,510,293,4.0,14467.04,0.2,149.21,46443.74,CANCELADO,2024-05-13,PEDIDO COM DATA
2868,404,664,2.0,2983.4,0.19,129.77,4962.88,PENDENTE,2023-05-20,PEDIDO COM DATA
2869,664,156,5.0,1166.82,0.2,74.44,4741.72,ENVIADO,2023-08-27,PEDIDO COM DATA
2870,199,389,1.0,12450.73,0.16,146.09,10604.7,CANCELADO,2024-08-21,PEDIDO COM DATA
2871,619,211,5.0,11637.73,0.12,142.79,51348.8,ENVIADO,2024-07-29,PEDIDO COM DATA
2872,991,745,6.0,7862.12,0.02,51.01,46280.28,PAGO,2022-02-26,PEDIDO COM DATA
2875,242,784,-1.0,4930.18,0.22,38.25,19265.95,ENVIADO,2023-01-02,PEDIDO COM DATA
2876,477,277,4.0,5007.48,0.27,49.62,14671.46,PAGO,2022-09-23,PEDIDO COM DATA
2877,77,46,7.0,63.12,0.19,77.84,435.73,ENVIADO,2023-03-03,PEDIDO COM DATA
2878,376,408,5.0,1126.07,0.12,35.09,4989.8,PAGO,2023-07-05,PEDIDO COM DATA
2879,980,745,4.0,14207.69,0.0,23.34,42078.1,CANCELADO,2025-01-02,PEDIDO COM DATA
2882,429,576,4.0,3299.63,0.11,60.08,11806.76,ENVIADO,2023-09-01,PEDIDO COM DATA
2883,399,594,9.0,654.3,0.26,80.39,4467.96,PENDENTE,2024-04-11,PEDIDO COM DATA
2884,1,592,5.0,170.41,0.08,133.83,25248.04,PAGO,2024-03-25,PEDIDO COM DATA
2886,874,578,8.0,12575.16,0.03,128.68,97711.92,PENDENTE,2022-04-12,PEDIDO COM DATA
2887,158,561,7.0,1649.99,0.24,40.28,8818.23,CANCELADO,2023-11-07,PEDIDO COM DATA
2888,150,268,10.0,2359.87,0.09,13.13,-500.0,PENDENTE,2025-01-20,PEDIDO COM DATA
2890,288,916,9.0,4136.45,0.22,121.98,29159.86,CANCELADO,2023-03-18,PEDIDO COM DATA
2891,927,282,1.0,8286.37,0.0,75.09,8361.46,PAGO,2023-11-16,PEDIDO COM DATA
2892,860,742,3.0,6332.52,0.15,140.55,16288.48,ENVIADO,2024-07-20,PEDIDO COM DATA
2895,176,319,6.0,13868.14,0.06,148.23,25248.04,CANCELADO,2022-03-12,PEDIDO COM DATA
2896,931,161,10.0,10379.68,0.06,143.62,97712.61,PENDENTE,2023-03-01,PEDIDO COM DATA
2897,458,521,10.0,5490.86,0.19,112.39,44588.36,ENVIADO,2024-01-11,PEDIDO COM DATA
2898,61,521,3.0,5193.55,0.27,28.08,-500.0,PAGO,2023-09-14,PEDIDO COM DATA
2900,391,586,3.0,9975.29,0.04,128.22,28857.06,CANCELADO,2022-07-31,PEDIDO COM DATA
2901,764,684,1.0,13384.53,0.26,59.71,9964.26,PAGO,2025-03-12,PEDIDO COM DATA
2902,973,51,6.0,8534.99,0.09,14.96,46616.01,PENDENTE,2022-02-18,PEDIDO COM DATA
2903,278,871,-1.0,2120.68,0.12,19.4,7484.19,PENDENTE,,PEDIDO SEM DATA
2904,344,693,7.0,8011.78,0.2,14.22,44880.19,CANCELADO,2022-12-01,PEDIDO COM DATA
2907,757,522,8.0,4624.71,0.18,12.76,30350.86,PENDENTE,2022-05-27,PEDIDO COM DATA
2908,825,301,10.0,2611.36,0.01,89.58,25248.04,CANCELADO,,PEDIDO SEM DATA
2909,380,805,1.0,3271.06,0.11,83.11,25248.04,CANCELADO,2022-08-26,PEDIDO COM DATA
2910,234,354,2.0,4995.33,0.01,59.17,0.0,PAGO,2022-08-03,PEDIDO COM DATA
2911,126,121,2.0,13610.08,0.13,131.1,23812.64,ENVIADO,,PEDIDO SEM DATA
2913,766,182,5.0,13897.55,0.16,71.17,58440.88,ENVIADO,2022-03-21,PEDIDO COM DATA
2915,855,737,10.0,6786.02,0.21,149.15,53758.71,PAGO,2023-11-18,PEDIDO COM DATA
2916,885,926,5.0,9346.88,0.24,47.06,35565.2,ENVIADO,2024-03-17,PEDIDO COM DATA
2917,916,286,9.0,957.03,0.02,56.8,8497.8,PAGO,2024-05-22,PEDIDO COM DATA
2919,882,908,4.0,2881.11,0.23,149.07,9022.89,ENVIADO,,PEDIDO SEM DATA
2920,847,998,3.0,8852.66,0.29,112.69,18968.86,ENVIADO,2022-08-15,PEDIDO COM DATA
2922,428,235,4.0,3293.79,0.17,80.39,11036.12,CANCELADO,2022-02-10,PEDIDO COM DATA
2926,969,96,8.0,6647.86,0.17,143.79,44285.58,PAGO,2023-07-26,PEDIDO COM DATA
2927,506,348,4.0,11072.4,0.03,124.59,43085.5,ENVIADO,2022-03-15,PEDIDO COM DATA
2931,409,87,10.0,296.78,0.26,46.5,2242.67,ENVIADO,2022-06-03,PEDIDO COM DATA
2932,663,145,3.0,10348.15,0.3,106.57,21837.68,PENDENTE,,PEDIDO SEM DATA
2935,750,734,0.0,10050.99,0.23,136.56,31093.61,CANCELADO,2024-06-25,PEDIDO COM DATA
2937,974,675,2.0,4773.82,0.0,135.65,7391.86,PAGO,,PEDIDO SEM DATA
2938,895,325,9.0,13286.46,0.13,104.87,104137.85,CANCELADO,2023-05-29,PEDIDO COM DATA
2939,939,43,5.0,10834.05,0.19,12.49,43890.39,ENVIADO,2022-02-16,PEDIDO COM DATA
2941,478,914,10.0,11972.66,0.0,15.94,116150.74,PENDENTE,2023-05-04,PEDIDO COM DATA
2942,284,829,6.0,1075.18,0.18,30.86,5320.75,PAGO,2023-09-16,PEDIDO COM DATA
2943,771,928,5.0,2187.69,0.11,74.1,0.0,ENVIADO,2022-04-24,PEDIDO COM DATA
2944,439,458,8.0,13010.11,0.1,14.84,93687.63,PAGO,2023-03-27,PEDIDO COM DATA
2947,486,208,1.0,11441.84,0.02,131.86,11344.86,PAGO,2022-05-06,PEDIDO COM DATA
2948,603,159,6.0,6196.54,0.15,38.32,31640.67,ENVIADO,2024-09-05,PEDIDO COM DATA
2949,337,267,1.0,2028.31,0.09,149.64,1995.4,PENDENTE,2024-05-06,PEDIDO COM DATA
2951,599,650,9.0,11344.67,0.29,44.55,72536.99,PAGO,2025-03-30,PEDIDO COM DATA
2952,35,340,5.0,13283.89,0.15,65.68,56522.21,CANCELADO,2024-08-17,PEDIDO COM DATA
2954,668,996,5.0,3386.16,0.04,91.62,16345.19,CANCELADO,2022-05-05,PEDIDO COM DATA
2955,919,788,5.0,12305.55,0.16,11.04,51694.35,PAGO,2025-01-09,PEDIDO COM DATA
2956,411,205,5.0,14072.67,0.05,33.18,66878.36,PAGO,2023-12-01,PEDIDO COM DATA
2958,583,708,2.0,5979.07,0.12,118.47,10641.63,ENVIADO,2024-09-09,PEDIDO COM DATA
2959,403,177,2.0,7543.08,0.05,75.02,14406.87,ENVIADO,2022-03-28,PEDIDO COM DATA
2960,467,105,7.0,12634.7,0.03,47.47,85837.08,CANCELADO,2022-11-06,PEDIDO COM DATA
2962,531,191,3.0,14230.5,0.17,80.39,35559.68,ENVIADO,2023-02-09,PEDIDO COM DATA
2963,120,215,2.0,11904.4,0.12,130.9,21082.64,PAGO,2024-01-09,PEDIDO COM DATA
2964,712,941,3.0,12233.95,0.03,24.03,35624.82,CANCELADO,2025-03-15,PEDIDO COM DATA
2967,920,594,9.0,13147.84,0.01,66.53,117213.78,ENVIADO,2022-02-17,PEDIDO COM DATA
2969,495,555,3.0,915.11,0.17,38.99,2317.61,PENDENTE,2022-03-25,PEDIDO COM DATA
2971,699,714,5.0,13055.17,0.16,21.09,54852.8,PAGO,2024-10-07,PEDIDO COM DATA
2972,191,105,2.0,1813.36,0.3,47.25,2585.95,PAGO,2024-02-16,PEDIDO COM DATA
2974,806,408,1.0,13517.61,0.3,134.58,9596.91,PENDENTE,,PEDIDO SEM DATA
2976,207,824,1.0,5395.0,0.05,117.95,5243.2,PAGO,2023-09-08,PEDIDO COM DATA
2977,508,45,5.0,6188.78,0.17,108.14,25791.58,CANCELADO,2024-07-11,PEDIDO COM DATA
2978,689,977,5.0,1514.14,0.27,89.2,5615.81,ENVIADO,2024-10-16,PEDIDO COM DATA
2980,34,812,9.0,10159.92,0.16,148.19,76957.19,PAGO,2023-01-28,PEDIDO COM DATA
2981,220,464,8.0,3108.13,0.02,17.24,24384.98,ENVIADO,2023-06-01,PEDIDO COM DATA
2982,971,565,2.0,12060.64,0.08,13.14,22204.72,PENDENTE,,PEDIDO SEM DATA
2983,3,39,5.0,7730.29,0.11,111.94,34511.73,PAGO,2025-04-08,PEDIDO COM DATA
2985,627,196,3.0,1834.94,0.04,45.8,5330.43,PAGO,2024-04-11,PEDIDO COM DATA
2986,951,776,3.0,13972.68,0.12,20.7,36908.58,PAGO,,PEDIDO SEM DATA
2987,727,213,4.0,14657.35,0.01,68.77,58111.88,PENDENTE,2025-01-28,PEDIDO COM DATA
2988,818,197,7.0,7584.02,0.03,43.72,51539.22,PAGO,2023-10-05,PEDIDO COM DATA
2989,525,691,10.0,11684.93,0.0,112.22,116961.52,CANCELADO,2023-04-19,PEDIDO COM DATA
2990,340,976,8.0,7387.71,0.03,108.02,57436.65,CANCELADO,2024-08-01,PEDIDO COM DATA
2991,587,522,2.0,5609.43,0.1,87.25,10184.22,PENDENTE,2022-07-16,PEDIDO COM DATA
2992,132,565,5.0,2140.43,0.0,77.14,8317.8,PAGO,2022-12-19,PEDIDO COM DATA
2993,794,109,4.0,10790.53,0.04,53.73,41489.37,ENVIADO,2022-10-08,PEDIDO COM DATA
2995,515,695,1.0,14468.57,0.0,102.93,12979.96,CANCELADO,2025-02-27,PEDIDO COM DATA
2996,638,958,8.0,9196.38,0.22,82.54,57467.95,PAGO,2022-02-01,PEDIDO COM DATA
2997,708,445,5.0,9279.55,0.0,80.39,41327.5,PAGO,2023-08-02,PEDIDO COM DATA
2998,49,674,6.0,9532.27,0.04,23.32,54929.2,CANCELADO,2025-03-13,PEDIDO COM DATA
3001,62,936,4.0,7430.89,0.1,61.65,26812.85,CANCELADO,2023-11-26,PEDIDO COM DATA
3004,439,980,1.0,4313.15,0.16,65.61,3688.66,ENVIADO,2023-03-28,PEDIDO COM DATA
3005,457,475,5.0,8830.05,0.13,82.5,38493.22,PAGO,2023-10-13,PEDIDO COM DATA
3006,335,876,5.0,1831.2,0.06,56.92,8663.56,PAGO,2022-05-05,PEDIDO COM DATA
3009,329,160,7.0,4634.35,0.05,80.39,30951.51,CANCELADO,,PEDIDO SEM DATA
3010,927,585,7.0,648.61,0.05,57.66,4370.92,PAGO,2024-07-13,PEDIDO COM DATA
3011,450,175,6.0,522.57,0.17,148.78,2751.18,CANCELADO,2022-01-03,PEDIDO COM DATA
3012,356,43,7.0,13405.92,0.12,97.97,82678.44,ENVIADO,2023-05-28,PEDIDO COM DATA
3013,271,74,2.0,13584.0,0.01,80.39,26910.97,CANCELADO,2024-04-23,PEDIDO COM DATA
3014,969,191,2.0,12550.88,0.04,144.85,24242.54,CANCELADO,2024-05-31,PEDIDO COM DATA
3015,83,973,-5.0,10187.59,0.06,80.39,48017.51,PENDENTE,2022-12-06,PEDIDO COM DATA
3016,478,260,10.0,13969.02,0.18,56.55,114602.51,PAGO,2024-03-13,PEDIDO COM DATA
3018,213,543,4.0,5474.37,0.29,30.71,15577.92,PENDENTE,2023-06-25,PEDIDO COM DATA
3019,698,625,7.0,8242.35,0.12,49.02,50821.9,PENDENTE,2024-08-14,PEDIDO COM DATA
3021,878,438,6.0,3967.79,0.02,114.75,23445.36,PAGO,,PEDIDO SEM DATA
3022,424,798,3.0,3580.2,0.14,36.16,9273.08,CANCELADO,2022-06-26,PEDIDO COM DATA
3023,608,33,7.0,4816.98,0.12,42.94,-500.0,PENDENTE,2023-12-13,PEDIDO COM DATA
3024,176,698,8.0,2694.62,0.29,20.8,15326.24,CANCELADO,2022-05-25,PEDIDO COM DATA
3025,339,810,8.0,14500.36,0.12,78.59,102161.12,PENDENTE,2024-06-11,PEDIDO COM DATA
3026,512,600,9.0,3260.0,0.3,49.57,20587.57,PENDENTE,2024-03-07,PEDIDO COM DATA
3027,416,392,0.0,373.46,0.28,77.39,2497.41,PAGO,2024-04-17,PEDIDO COM DATA
3028,17,288,8.0,13108.39,0.19,88.44,85030.81,ENVIADO,2022-12-28,PEDIDO COM DATA
3029,583,234,10.0,2647.85,0.04,67.07,25486.43,PENDENTE,2023-05-20,PEDIDO COM DATA
3033,323,357,4.0,2207.17,0.02,23.49,8675.6,PAGO,2024-03-19,PEDIDO COM DATA
3034,720,800,2.0,6342.8,0.16,34.29,10690.19,PAGO,2023-11-30,PEDIDO COM DATA
3035,332,865,3.0,9628.3,0.12,114.14,25532.85,PAGO,2024-07-17,PEDIDO COM DATA
3037,470,904,7.0,9739.1,0.11,96.81,60771.4,PAGO,2023-01-12,PEDIDO COM DATA
3038,388,282,5.0,8590.07,0.17,121.82,35770.61,PENDENTE,2023-08-31,PEDIDO COM DATA
3039,873,429,3.0,6458.78,0.04,75.51,18676.8,PAGO,2024-09-09,PEDIDO COM DATA
3040,526,95,-1.0,443.27,0.07,72.13,4194.54,PAGO,2024-11-02,PEDIDO COM DATA
3041,241,173,8.0,1534.8,0.09,39.02,11212.36,PENDENTE,2022-05-15,PEDIDO COM DATA
3043,655,649,9.0,14176.3,0.05,80.39,121259.74,PENDENTE,2025-03-12,PEDIDO COM DATA
3044,607,924,5.0,5128.06,0.17,15.82,21297.27,PAGO,2025-03-01,PEDIDO COM DATA
3045,527,996,2.0,6419.76,0.05,141.8,12339.34,ENVIADO,2022-08-16,PEDIDO COM DATA
3046,425,478,5.0,12733.57,0.0,24.07,62418.56,PENDENTE,2024-02-23,PEDIDO COM DATA
3050,124,464,6.0,4906.54,0.0,64.75,29503.99,CANCELADO,2024-08-12,PEDIDO COM DATA
3051,388,489,6.0,4234.5,0.13,124.59,22228.68,ENVIADO,2023-02-07,PEDIDO COM DATA
3052,749,58,4.0,7651.6,0.19,32.46,24823.64,PENDENTE,2023-09-25,PEDIDO COM DATA
3053,368,549,6.0,9271.54,0.03,94.91,54055.27,PENDENTE,2022-10-18,PEDIDO COM DATA
3054,663,715,5.0,3414.2,0.21,37.46,13523.55,PENDENTE,2023-12-03,PEDIDO COM DATA
3055,341,356,4.0,9090.32,0.28,122.95,26303.07,PENDENTE,2022-05-06,PEDIDO COM DATA
3056,749,473,3.0,7817.23,0.1,97.9,21204.42,PAGO,2023-06-24,PEDIDO COM DATA
3057,73,365,5.0,4664.13,0.26,132.39,17389.67,CANCELADO,2022-03-09,PEDIDO COM DATA
3060,847,820,4.0,4221.74,0.24,24.36,-500.0,PENDENTE,2023-10-13,PEDIDO COM DATA
3062,330,130,4.0,7234.12,0.06,96.52,27296.81,CANCELADO,2023-08-04,PEDIDO COM DATA
3064,575,205,1.0,8396.12,0.09,39.18,7679.65,PAGO,2023-02-17,PEDIDO COM DATA
3065,763,580,4.0,13118.9,0.09,140.57,47893.37,PENDENTE,2022-03-28,PEDIDO COM DATA
3066,721,855,8.0,1683.24,0.22,80.39,10534.68,PENDENTE,2025-03-11,PEDIDO COM DATA
3067,226,69,9.0,13930.65,0.14,98.87,107922.1,CANCELADO,2023-04-28,PEDIDO COM DATA
3068,571,247,7.0,14958.43,0.2,137.38,83904.59,CANCELADO,2024-05-16,PEDIDO COM DATA
3072,328,840,4.0,14221.58,0.09,103.78,51870.33,CANCELADO,2025-01-26,PEDIDO COM DATA
3073,340,757,3.0,427.74,0.0,139.2,1422.42,CANCELADO,2025-02-01,PEDIDO COM DATA
3074,504,609,3.0,78.63,0.0,61.3,278.32,PAGO,2024-07-14,PEDIDO COM DATA
3075,631,627,1.0,2026.54,0.0,114.75,1675.19,CANCELADO,2022-08-05,PEDIDO COM DATA
3076,236,656,8.0,1985.98,0.23,17.67,12251.31,CANCELADO,2022-08-23,PEDIDO COM DATA
3077,220,475,1.0,9661.03,0.0,95.01,8306.89,ENVIADO,2024-03-03,PEDIDO COM DATA
3078,856,546,10.0,9175.14,0.04,32.99,88114.33,PENDENTE,2024-01-23,PEDIDO COM DATA
3080,214,780,8.0,6425.35,0.06,73.26,48391.89,ENVIADO,2023-10-01,PEDIDO COM DATA
3082,69,102,6.0,8796.75,0.0,96.27,52876.77,ENVIADO,,PEDIDO SEM DATA
3083,49,805,5.0,10335.85,0.12,10.94,45488.68,PAGO,2022-07-29,PEDIDO COM DATA
3085,739,289,5.0,10505.09,0.11,148.21,46895.86,ENVIADO,2023-06-24,PEDIDO COM DATA
3086,483,646,2.0,4740.42,0.03,104.21,9300.62,PENDENTE,2023-11-10,PEDIDO COM DATA
3093,434,602,5.0,1708.92,0.23,124.28,6703.62,CANCELADO,2024-01-17,PEDIDO COM DATA
3094,164,497,8.0,11061.18,0.21,91.62,69998.28,CANCELADO,2022-02-28,PEDIDO COM DATA
3097,712,739,5.0,8892.01,0.03,112.53,43238.78,PAGO,2022-09-03,PEDIDO COM DATA
3098,240,816,8.0,9159.37,0.26,141.07,54364.54,PAGO,2022-10-24,PEDIDO COM DATA
3100,186,901,1.0,4592.45,0.16,102.23,3959.89,CANCELADO,2025-04-15,PEDIDO COM DATA
3101,115,823,-1.0,12022.2,0.29,103.61,8639.37,PAGO,2022-09-12,PEDIDO COM DATA
3102,800,670,4.0,12780.7,0.24,43.4,38896.73,ENVIADO,2025-03-21,PEDIDO COM DATA
3103,725,827,2.0,7480.27,0.0,139.04,14052.34,PENDENTE,2024-09-23,PEDIDO COM DATA
3104,567,377,5.0,6072.59,0.02,63.95,0.0,ENVIADO,2024-02-13,PEDIDO COM DATA
3108,370,422,4.0,8543.73,0.18,141.78,28165.21,CANCELADO,,PEDIDO SEM DATA
3109,757,326,3.0,4769.77,0.21,81.63,11385.98,PAGO,2023-05-28,PEDIDO COM DATA
3110,85,488,9.0,4420.31,0.02,141.48,39128.61,PENDENTE,2024-09-25,PEDIDO COM DATA
3111,917,136,8.0,11072.43,0.3,45.19,62050.8,PENDENTE,2023-07-18,PEDIDO COM DATA
3112,191,295,8.0,2078.92,0.07,131.09,15598.25,PAGO,2022-04-17,PEDIDO COM DATA
3113,242,166,4.0,8944.5,0.28,87.99,25848.15,CANCELADO,2024-12-20,PEDIDO COM DATA
3114,656,472,6.0,5358.54,0.28,134.96,23283.85,CANCELADO,2022-07-24,PEDIDO COM DATA
3115,571,536,6.0,11483.0,0.17,106.47,57291.81,PENDENTE,2025-02-23,PEDIDO COM DATA
3116,838,911,9.0,3542.52,0.04,99.95,30707.32,CANCELADO,2023-02-05,PEDIDO COM DATA
3119,492,515,4.0,12588.36,0.22,139.19,39414.87,ENVIADO,,PEDIDO SEM DATA
3120,872,115,10.0,14839.14,0.25,102.27,111395.82,PAGO,2023-12-30,PEDIDO COM DATA
3121,928,554,4.0,1297.2,0.28,89.17,3825.11,PAGO,2022-04-18,PEDIDO COM DATA
3123,881,421,9.0,5245.22,0.26,43.48,34976.65,PAGO,2025-01-24,PEDIDO COM DATA
3124,932,375,9.0,1136.49,0.12,130.54,0.0,PENDENTE,2023-11-08,PEDIDO COM DATA
3125,96,143,10.0,9963.22,0.28,114.15,71849.33,ENVIADO,2024-07-19,PEDIDO COM DATA
3126,571,741,3.0,10153.8,0.05,149.42,29087.75,CANCELADO,2024-10-09,PEDIDO COM DATA
3128,209,452,3.0,14822.78,0.08,69.38,40980.25,ENVIADO,2022-01-25,PEDIDO COM DATA
3129,365,770,6.0,14096.55,0.23,51.19,65177.25,ENVIADO,,PEDIDO SEM DATA
3130,235,494,2.0,9268.43,0.28,101.7,13448.24,PENDENTE,2022-05-22,PEDIDO COM DATA
3131,48,126,6.0,5713.53,0.1,134.32,30987.38,CANCELADO,2023-01-11,PEDIDO COM DATA
3133,379,914,6.0,14790.83,0.19,142.94,72026.37,ENVIADO,2023-06-17,PEDIDO COM DATA
3134,752,300,3.0,9488.06,0.19,18.1,23074.09,ENVIADO,2024-12-17,PEDIDO COM DATA
3135,827,710,8.0,7847.0,0.19,70.36,50918.92,ENVIADO,2024-06-18,PEDIDO COM DATA
3136,797,947,10.0,3937.86,0.03,128.46,38325.7,ENVIADO,2025-02-26,PEDIDO COM DATA
3137,159,476,6.0,2582.76,0.13,24.77,13506.78,PENDENTE,,PEDIDO SEM DATA
3140,468,80,4.0,13272.05,0.23,142.95,41020.86,ENVIADO,2023-04-25,PEDIDO COM DATA
3142,2,609,8.0,844.59,0.15,80.39,5771.73,CANCELADO,2023-05-15,PEDIDO COM DATA
3145,531,923,8.0,12649.45,0.01,147.3,100330.94,PENDENTE,2022-11-07,PEDIDO COM DATA
3146,582,391,5.0,11599.68,0.27,138.39,42477.22,PAGO,2022-11-16,PEDIDO COM DATA
3149,184,233,2.0,9898.78,0.19,50.25,16086.27,PENDENTE,,PEDIDO SEM DATA
3151,627,443,4.0,488.72,0.17,64.14,1686.69,ENVIADO,2023-10-01,PEDIDO COM DATA
3152,613,72,1.0,3870.14,0.21,27.22,3084.63,CANCELADO,2023-09-16,PEDIDO COM DATA
3153,353,480,8.0,10760.16,0.04,106.3,82744.33,PENDENTE,2024-12-03,PEDIDO COM DATA
3154,476,789,4.0,2207.41,0.23,34.29,6833.11,CANCELADO,2023-08-17,PEDIDO COM DATA
3155,706,313,6.0,9427.61,0.19,36.47,45854.65,CANCELADO,2024-01-06,PEDIDO COM DATA
3156,207,568,9.0,2599.57,0.29,29.1,16640.35,PENDENTE,2024-12-08,PEDIDO COM DATA
3157,752,784,7.0,12243.2,0.23,103.92,0.0,PAGO,2023-04-22,PEDIDO COM DATA
3158,478,655,-5.0,1116.91,0.18,136.03,6547.09,PAGO,2024-02-19,PEDIDO COM DATA
3159,217,71,6.0,3665.37,0.08,86.83,20319.67,PAGO,2024-07-07,PEDIDO COM DATA
3160,374,24,6.0,13307.01,0.0,94.77,59976.31,PAGO,,PEDIDO SEM DATA
3161,876,272,5.0,3329.98,0.01,74.32,16557.72,PENDENTE,,PEDIDO SEM DATA
3162,178,392,4.0,14014.9,0.26,123.38,41607.48,PENDENTE,2024-10-27,PEDIDO COM DATA
3164,289,964,4.0,7603.06,0.06,136.72,28724.23,CANCELADO,2023-09-29,PEDIDO COM DATA
3165,365,546,5.0,9856.47,0.08,88.07,45427.83,CANCELADO,2023-11-15,PEDIDO COM DATA
3166,470,935,10.0,8346.67,0.18,34.99,68477.68,PAGO,2022-01-20,PEDIDO COM DATA
3167,652,606,10.0,6003.83,0.03,126.15,58363.3,PAGO,2024-06-20,PEDIDO COM DATA
3168,560,390,7.0,14004.02,0.29,70.36,69670.34,PAGO,2022-09-19,PEDIDO COM DATA
3169,756,360,4.0,8930.8,0.26,35.66,26470.83,CANCELADO,2022-11-20,PEDIDO COM DATA
3170,544,737,8.0,12104.4,0.04,149.97,93111.76,ENVIADO,2022-10-18,PEDIDO COM DATA
3171,853,577,3.0,1882.49,0.03,70.02,5548.07,PENDENTE,2023-12-15,PEDIDO COM DATA
3177,675,92,7.0,12290.9,0.12,37.9,75749.84,ENVIADO,2023-08-19,PEDIDO COM DATA
3178,698,330,5.0,4632.65,0.26,14.15,17154.96,CANCELADO,2022-09-06,PEDIDO COM DATA
3179,301,921,7.0,12331.0,0.22,120.8,67448.06,PENDENTE,2024-06-06,PEDIDO COM DATA
3180,341,468,-5.0,6960.73,0.15,80.39,25248.04,CANCELADO,2022-02-09,PEDIDO COM DATA
3181,370,729,3.0,6409.53,0.28,68.92,13913.5,CANCELADO,2022-08-08,PEDIDO COM DATA
3182,266,66,3.0,10093.87,0.0,115.36,30396.97,PAGO,,PEDIDO SEM DATA
3183,566,676,3.0,135.8,0.15,24.79,371.08,ENVIADO,2022-06-16,PEDIDO COM DATA
3185,468,432,1.0,1556.14,0.01,82.79,1623.37,CANCELADO,2022-09-21,PEDIDO COM DATA
3186,630,231,3.0,7665.28,0.27,148.18,16935.14,ENVIADO,2023-08-17,PEDIDO COM DATA
3187,119,246,6.0,2081.6,0.29,114.14,8981.76,CANCELADO,2022-05-09,PEDIDO COM DATA
3192,331,710,7.0,9302.49,0.28,106.56,46991.11,CANCELADO,2023-05-04,PEDIDO COM DATA
3193,532,856,4.0,3969.05,0.25,13.57,11920.72,ENVIADO,2024-02-23,PEDIDO COM DATA
3194,783,161,1.0,13152.95,0.25,98.45,9963.16,CANCELADO,,PEDIDO SEM DATA
3195,258,208,10.0,7047.42,0.04,118.09,67773.32,PENDENTE,2023-11-18,PEDIDO COM DATA
3197,447,720,6.0,1464.73,0.28,140.49,6468.12,CANCELADO,2023-12-18,PEDIDO COM DATA
3198,641,722,8.0,9295.89,0.26,75.13,55106.8,ENVIADO,2022-05-18,PEDIDO COM DATA
3200,687,530,7.0,5899.38,0.0,85.88,30644.67,CANCELADO,2022-05-04,PEDIDO COM DATA
3202,383,488,0.0,814.6,0.21,98.26,4603.0,PENDENTE,,PEDIDO SEM DATA
3204,70,288,4.0,14807.4,0.04,113.75,56974.17,CANCELADO,2023-05-17,PEDIDO COM DATA
3210,444,798,9.0,6549.41,0.25,139.23,44347.75,PENDENTE,2022-05-15,PEDIDO COM DATA
3211,585,991,4.0,12816.96,0.2,80.39,25248.04,ENVIADO,2025-03-28,PEDIDO COM DATA
3212,794,165,0.0,4605.14,0.05,80.81,21955.23,ENVIADO,2023-08-11,PEDIDO COM DATA
3213,975,349,10.0,4626.6,0.18,102.22,38040.34,CANCELADO,2023-02-01,PEDIDO COM DATA
3214,8,215,10.0,2135.47,0.11,130.26,19135.94,ENVIADO,2024-12-24,PEDIDO COM DATA
3216,355,472,6.0,305.5,0.02,32.91,1829.25,CANCELADO,2024-01-28,PEDIDO COM DATA
3217,663,660,8.0,3501.57,0.09,89.82,25581.25,CANCELADO,2022-11-08,PEDIDO COM DATA
3218,990,515,1.0,7229.66,0.02,16.85,7101.92,PENDENTE,2024-03-07,PEDIDO COM DATA
3221,848,651,10.0,12510.47,0.19,42.99,101377.8,CANCELADO,2023-06-08,PEDIDO COM DATA
3222,612,414,1.0,10010.07,0.28,140.08,7347.33,PENDENTE,2024-04-16,PEDIDO COM DATA
3224,70,624,1.0,5396.06,0.17,47.07,4525.8,CANCELADO,2022-03-29,PEDIDO COM DATA
3225,162,998,5.0,2121.48,0.04,109.29,10292.39,CANCELADO,2022-08-16,PEDIDO COM DATA
3226,844,419,7.0,1234.31,0.04,52.16,8346.72,CANCELADO,2024-09-01,PEDIDO COM DATA
3227,828,407,9.0,4855.57,0.0,29.58,43729.71,PAGO,2022-02-25,PEDIDO COM DATA
3228,832,603,9.0,6442.45,0.27,140.6,42467.5,PAGO,2022-05-13,PEDIDO COM DATA
3229,632,30,5.0,7558.24,0.14,41.29,32541.72,CANCELADO,2025-03-03,PEDIDO COM DATA
3230,733,63,8.0,7502.04,0.28,94.73,43306.48,PAGO,2023-10-26,PEDIDO COM DATA
3231,243,973,1.0,176.96,0.15,29.01,179.43,ENVIADO,2024-06-13,PEDIDO COM DATA
3233,908,39,8.0,5143.77,0.0,13.54,41163.7,PENDENTE,2025-04-13,PEDIDO COM DATA
3234,161,886,3.0,13002.12,0.08,59.83,35945.68,CANCELADO,2022-06-21,PEDIDO COM DATA
3235,821,793,10.0,8627.4,0.2,137.39,25248.04,PAGO,,PEDIDO SEM DATA
3236,613,379,2.0,215.02,0.13,124.41,498.54,CANCELADO,2024-10-26,PEDIDO COM DATA
3239,55,269,9.0,5321.2,0.3,89.42,33612.98,PENDENTE,2025-01-18,PEDIDO COM DATA
3240,850,439,6.0,14851.05,0.14,97.11,25248.04,PAGO,2023-11-20,PEDIDO COM DATA
3241,157,231,1.0,12871.35,0.28,16.62,9283.99,PAGO,2022-07-19,PEDIDO COM DATA
3242,911,930,4.0,13756.24,0.02,80.39,53989.72,PAGO,2024-11-13,PEDIDO COM DATA
3243,660,382,8.0,6434.42,0.15,134.78,43888.84,CANCELADO,2023-04-08,PEDIDO COM DATA
3244,898,581,10.0,644.17,0.06,131.74,6186.94,PAGO,2022-02-25,PEDIDO COM DATA
3245,433,929,5.0,7466.41,0.27,117.7,27370.1,PENDENTE,2024-06-13,PEDIDO COM DATA
3247,379,167,4.0,7371.71,0.28,121.34,21351.86,CANCELADO,2024-05-03,PEDIDO COM DATA
3248,988,921,9.0,5902.44,0.23,14.77,25248.04,PENDENTE,2025-01-20,PEDIDO COM DATA
3249,481,853,6.0,12980.07,0.02,22.95,76345.76,PAGO,2024-09-11,PEDIDO COM DATA
3250,990,933,5.0,9295.96,0.22,24.93,36279.17,PAGO,2023-08-28,PEDIDO COM DATA
3252,322,684,6.0,3539.46,0.26,105.9,15821.1,PAGO,2022-12-12,PEDIDO COM DATA
3253,283,289,3.0,3510.22,0.24,24.32,8027.62,ENVIADO,2022-07-18,PEDIDO COM DATA
3255,835,112,8.0,13452.5,0.05,80.95,102319.95,PENDENTE,2022-08-14,PEDIDO COM DATA
3256,390,78,10.0,10490.03,0.26,88.06,77714.28,PENDENTE,2022-09-04,PEDIDO COM DATA
3257,723,770,6.0,10449.34,0.2,52.62,50209.45,ENVIADO,2022-08-02,PEDIDO COM DATA
3259,80,600,3.0,4355.11,0.11,28.11,25248.04,ENVIADO,2023-05-31,PEDIDO COM DATA
3260,121,312,-5.0,4894.87,0.3,78.92,17210.96,ENVIADO,2023-09-04,PEDIDO COM DATA
3262,384,494,2.0,9861.67,0.09,58.27,18006.51,ENVIADO,2023-03-12,PEDIDO COM DATA
3263,38,979,8.0,2639.09,0.12,111.71,18690.9,CANCELADO,2024-12-20,PEDIDO COM DATA
3266,468,188,3.0,3116.8,0.15,126.58,8074.42,CANCELADO,2022-04-09,PEDIDO COM DATA
3269,470,161,8.0,3843.79,0.0,54.0,30804.32,PAGO,2023-02-14,PEDIDO COM DATA
3271,266,209,6.0,12767.03,0.18,96.24,62910.03,CANCELADO,2022-05-11,PEDIDO COM DATA
3272,286,889,8.0,4844.78,0.18,97.17,31878.93,CANCELADO,2024-06-11,PEDIDO COM DATA
3273,193,439,-1.0,6129.46,0.1,73.57,44205.68,ENVIADO,2023-12-31,PEDIDO COM DATA
3276,697,294,7.0,6311.25,0.25,141.65,33275.71,CANCELADO,2024-08-21,PEDIDO COM DATA
3278,99,881,7.0,8952.75,0.07,36.74,58319.14,PENDENTE,2024-04-24,PEDIDO COM DATA
3279,765,131,2.0,4438.68,0.1,137.19,8126.81,ENVIADO,2025-02-01,PEDIDO COM DATA
3280,34,785,2.0,10191.33,0.19,116.62,16626.57,CANCELADO,2023-12-29,PEDIDO COM DATA
3281,425,626,-5.0,3130.2,0.22,125.14,2566.7,PAGO,2023-12-27,PEDIDO COM DATA
3282,347,141,8.0,14505.99,0.28,112.14,0.0,PENDENTE,2022-01-30,PEDIDO COM DATA
3284,584,662,2.0,13306.0,0.19,50.65,21606.37,PAGO,2022-03-15,PEDIDO COM DATA
3285,94,371,6.0,1713.92,0.25,55.76,7768.4,ENVIADO,2022-03-12,PEDIDO COM DATA
3292,911,188,3.0,12060.12,0.09,28.99,32953.12,ENVIADO,2022-01-27,PEDIDO COM DATA
3293,130,260,1.0,8062.29,0.03,49.64,7870.06,ENVIADO,2024-12-17,PEDIDO COM DATA
3294,770,641,3.0,6794.02,0.24,149.37,15639.74,ENVIADO,2024-03-09,PEDIDO COM DATA
3296,104,851,-5.0,9348.77,0.02,57.82,55028.59,PAGO,2022-04-16,PEDIDO COM DATA
3297,663,242,8.0,11454.88,0.0,87.05,66067.16,PENDENTE,,PEDIDO SEM DATA
3300,656,351,4.0,12885.82,0.21,70.49,40789.68,CANCELADO,2022-12-12,PEDIDO COM DATA
3301,773,655,3.0,3203.9,0.26,106.17,7218.83,PENDENTE,2023-06-08,PEDIDO COM DATA
3302,417,364,8.0,6852.02,0.16,149.79,46195.36,PAGO,2023-08-14,PEDIDO COM DATA
3304,585,118,5.0,1551.02,0.0,58.48,7813.58,PENDENTE,2022-06-01,PEDIDO COM DATA
3305,895,416,5.0,10269.5,0.28,38.38,37008.58,ENVIADO,2023-01-16,PEDIDO COM DATA
3306,527,419,4.0,91.4,0.24,106.73,384.59,PAGO,,PEDIDO SEM DATA
3307,683,882,8.0,1826.97,0.17,19.87,12150.95,PAGO,2024-05-01,PEDIDO COM DATA
3309,87,772,1.0,8492.83,0.11,19.79,7578.41,PAGO,2025-01-25,PEDIDO COM DATA
3310,816,907,1.0,6364.93,0.0,17.68,6382.61,PAGO,2022-06-10,PEDIDO COM DATA
3311,141,481,4.0,387.26,0.25,29.46,1191.24,PAGO,2022-10-13,PEDIDO COM DATA
3312,158,976,1.0,6981.16,0.04,16.4,6718.31,PAGO,2022-09-03,PEDIDO COM DATA
3313,642,783,10.0,8746.8,0.23,75.74,67426.1,ENVIADO,2024-12-28,PEDIDO COM DATA
3314,252,401,1.0,9529.55,0.21,35.53,7563.87,CANCELADO,2024-11-08,PEDIDO COM DATA
3319,701,985,7.0,12137.48,0.08,18.15,78183.52,PENDENTE,2024-11-02,PEDIDO COM DATA
3320,502,15,6.0,7252.02,0.2,20.7,34830.4,CANCELADO,2022-09-21,PEDIDO COM DATA
3321,899,816,0.0,3170.82,0.1,122.35,25805.99,CANCELADO,2024-09-07,PEDIDO COM DATA
3323,565,377,9.0,1236.63,0.04,142.24,10826.72,ENVIADO,2024-11-09,PEDIDO COM DATA
3324,607,16,2.0,11773.17,0.29,85.3,16803.2,PAGO,2022-10-20,PEDIDO COM DATA
3325,407,575,10.0,2717.49,0.16,98.61,22925.53,CANCELADO,2023-02-12,PEDIDO COM DATA
3326,545,236,5.0,7489.74,0.27,114.6,27452.15,PAGO,2023-01-14,PEDIDO COM DATA
3327,169,965,2.0,3249.25,0.21,107.61,5241.43,CANCELADO,2023-08-29,PEDIDO COM DATA
3328,581,476,9.0,9409.22,0.0,80.39,77183.01,ENVIADO,2024-05-09,PEDIDO COM DATA
3329,748,624,4.0,3716.21,0.0,80.39,13248.28,ENVIADO,2022-05-25,PEDIDO COM DATA
3330,397,720,2.0,5828.48,0.22,87.89,9180.32,ENVIADO,2022-09-17,PEDIDO COM DATA
3331,787,536,2.0,7688.09,0.16,90.37,13006.36,CANCELADO,2024-10-17,PEDIDO COM DATA
3332,176,85,4.0,11712.23,0.12,37.44,41264.49,CANCELADO,2022-08-13,PEDIDO COM DATA
3334,863,355,9.0,14110.36,0.22,139.17,25248.04,PENDENTE,2024-05-03,PEDIDO COM DATA
3335,985,355,7.0,12856.89,0.21,24.12,71122.72,PAGO,2022-09-01,PEDIDO COM DATA
3338,428,68,9.0,6478.1,0.23,106.77,45000.0,ENVIADO,2025-01-11,PEDIDO COM DATA
3339,134,847,2.0,10370.28,0.0,109.68,20850.24,PAGO,2024-05-10,PEDIDO COM DATA
3343,613,421,10.0,10604.94,0.28,120.4,76475.97,PAGO,2023-06-27,PEDIDO COM DATA
3344,142,265,6.0,12489.65,0.24,115.31,57068.11,PAGO,2022-11-30,PEDIDO COM DATA
3345,863,843,9.0,1223.6,0.22,121.8,8711.47,CANCELADO,2022-02-21,PEDIDO COM DATA
3346,909,588,2.0,13803.75,0.06,74.58,26025.63,CANCELADO,2023-03-10,PEDIDO COM DATA
3348,680,167,8.0,13736.95,0.07,80.22,102283.13,PENDENTE,2023-01-01,PEDIDO COM DATA
3349,1000,766,1.0,12981.86,0.18,51.43,10696.56,ENVIADO,2025-03-05,PEDIDO COM DATA
3350,587,636,2.0,10432.34,0.22,95.52,16369.97,ENVIADO,2024-07-02,PEDIDO COM DATA
3353,745,460,3.0,7463.17,0.13,122.27,19601.14,PENDENTE,2025-03-01,PEDIDO COM DATA
3355,198,851,3.0,3426.84,0.14,139.29,8980.54,PENDENTE,2023-01-17,PEDIDO COM DATA
3356,991,781,5.0,7590.15,0.05,100.94,25248.04,CANCELADO,2024-06-14,PEDIDO COM DATA
3359,924,490,8.0,6630.96,0.13,67.06,46218.54,ENVIADO,2023-01-02,PEDIDO COM DATA
3360,895,583,7.0,14530.12,0.26,103.43,75369.45,PAGO,2023-11-08,PEDIDO COM DATA
3362,136,66,5.0,13384.69,0.2,42.68,53581.44,ENVIADO,2024-11-08,PEDIDO COM DATA
3364,888,169,3.0,5827.12,0.02,28.72,17160.45,ENVIADO,2025-02-23,PEDIDO COM DATA
3366,85,765,5.0,9019.38,0.02,110.77,44305.73,PENDENTE,2023-08-18,PEDIDO COM DATA
3368,602,526,1.0,7875.09,0.12,82.23,7012.31,ENVIADO,2022-10-18,PEDIDO COM DATA
3369,923,664,4.0,7004.27,0.19,46.32,22740.15,PAGO,2024-02-17,PEDIDO COM DATA
3370,833,29,10.0,4467.81,0.16,146.31,37675.91,ENVIADO,2022-12-30,PEDIDO COM DATA
3371,275,778,5.0,5844.82,0.29,43.95,20793.06,CANCELADO,2025-04-14,PEDIDO COM DATA
3373,522,286,1.0,4884.09,0.25,110.11,25248.04,PAGO,2022-04-21,PEDIDO COM DATA
3375,652,225,2.0,11651.17,0.25,148.49,17625.25,ENVIADO,2024-09-12,PEDIDO COM DATA
3376,765,365,9.0,5155.96,0.05,96.94,44180.4,PAGO,2022-10-06,PEDIDO COM DATA
3378,787,338,8.0,330.65,0.12,136.42,2464.2,CANCELADO,2023-06-04,PEDIDO COM DATA
3381,820,587,1.0,2901.8,0.1,105.1,2716.72,PAGO,2024-10-02,PEDIDO COM DATA
3382,621,159,7.0,4599.32,0.03,10.94,31240.32,PAGO,2024-06-09,PEDIDO COM DATA
3385,144,184,3.0,14822.39,0.11,28.38,39604.16,PAGO,2023-08-20,PEDIDO COM DATA
3387,197,582,1.0,11862.36,0.13,18.16,10338.41,PENDENTE,2022-09-06,PEDIDO COM DATA
3388,245,850,6.0,816.97,0.21,135.96,4008.4,CANCELADO,2022-11-13,PEDIDO COM DATA
3389,282,937,2.0,9922.33,0.28,95.18,14383.34,ENVIADO,2023-06-05,PEDIDO COM DATA
3391,18,777,8.0,3618.96,0.24,36.67,22039.95,PENDENTE,2022-10-17,PEDIDO COM DATA
3392,215,738,4.0,4043.19,0.01,57.92,16068.95,ENVIADO,,PEDIDO SEM DATA
3393,613,89,2.0,7954.47,0.11,100.18,14259.14,PAGO,,PEDIDO SEM DATA
3394,994,603,7.0,14457.55,0.0,80.39,73900.15,ENVIADO,2023-11-25,PEDIDO COM DATA
3395,101,970,4.0,1662.52,0.28,41.27,25248.04,CANCELADO,2022-02-03,PEDIDO COM DATA
3399,308,119,9.0,6516.17,0.25,11.5,43995.65,PENDENTE,2022-06-28,PEDIDO COM DATA
3402,174,177,1.0,6252.4,0.25,89.49,4778.79,CANCELADO,,PEDIDO SEM DATA
3403,796,472,6.0,6097.62,0.3,44.39,25654.39,PENDENTE,2022-06-24,PEDIDO COM DATA
3404,854,773,3.0,6620.97,0.3,141.01,14045.05,PENDENTE,2022-10-09,PEDIDO COM DATA
3406,328,466,0.0,1600.16,0.19,19.29,-500.0,PENDENTE,2022-08-29,PEDIDO COM DATA
3407,561,603,1.0,3843.88,0.0,23.11,3866.99,PAGO,2025-04-03,PEDIDO COM DATA
3408,787,504,3.0,4013.17,0.07,72.76,11269.5,PAGO,2024-02-04,PEDIDO COM DATA
3409,651,559,4.0,3111.25,0.12,55.96,11007.56,ENVIADO,2022-09-01,PEDIDO COM DATA
3410,715,690,10.0,11313.12,0.26,120.37,83837.46,ENVIADO,2025-01-17,PEDIDO COM DATA
3411,139,387,7.0,6183.2,0.19,26.55,35085.29,PAGO,2024-10-25,PEDIDO COM DATA
3412,435,713,7.0,5339.21,0.28,120.78,27030.4,ENVIADO,2024-10-01,PEDIDO COM DATA
3413,220,709,9.0,254.8,0.27,54.53,1728.57,PENDENTE,2025-03-05,PEDIDO COM DATA
3414,479,791,5.0,10374.36,0.28,110.65,37458.35,CANCELADO,2023-06-20,PEDIDO COM DATA
3415,4,762,6.0,2348.04,0.29,149.3,25248.04,PENDENTE,2024-11-06,PEDIDO COM DATA
3416,16,169,3.0,8834.57,0.25,56.71,19934.49,PAGO,2024-06-17,PEDIDO COM DATA
3420,518,622,7.0,2476.01,0.2,17.95,13883.61,ENVIADO,2022-06-06,PEDIDO COM DATA
3421,122,476,2.0,128.72,0.24,110.21,-500.0,PAGO,2022-11-03,PEDIDO COM DATA
3422,249,108,9.0,8747.68,0.12,53.85,69335.48,ENVIADO,2023-06-10,PEDIDO COM DATA
3423,286,418,6.0,5475.93,0.1,122.92,29692.94,CANCELADO,2022-06-28,PEDIDO COM DATA
3424,421,416,4.0,372.13,0.06,37.97,1437.18,CANCELADO,2023-01-03,PEDIDO COM DATA
3426,102,842,4.0,3985.83,0.09,57.9,14566.32,PENDENTE,2023-12-10,PEDIDO COM DATA
3427,585,18,5.0,2961.1,0.11,115.96,13292.85,ENVIADO,2024-01-16,PEDIDO COM DATA
3428,926,210,3.0,13765.1,0.03,14.84,40071.28,PENDENTE,2024-11-23,PEDIDO COM DATA
3430,820,401,3.0,4781.11,0.3,28.77,10069.1,CANCELADO,2025-03-21,PEDIDO COM DATA
3431,144,524,4.0,58.94,0.01,34.25,267.65,PAGO,2024-04-28,PEDIDO COM DATA
3433,750,215,6.0,3109.75,0.27,44.61,13665.32,PAGO,2023-07-13,PEDIDO COM DATA
3436,734,167,4.0,13595.09,0.29,45.31,38655.37,PAGO,2023-05-30,PEDIDO COM DATA
3437,351,140,9.0,11672.27,0.28,85.81,75722.12,CANCELADO,,PEDIDO SEM DATA
3438,470,601,5.0,10022.57,0.01,106.8,49718.52,PENDENTE,2023-07-23,PEDIDO COM DATA
3439,122,591,10.0,5548.29,0.28,115.49,40063.18,PAGO,2023-10-22,PEDIDO COM DATA
3440,29,934,7.0,6364.29,0.1,109.85,0.0,CANCELADO,2023-08-08,PEDIDO COM DATA
3441,488,169,5.0,7779.54,0.18,28.1,31924.21,ENVIADO,2025-01-30,PEDIDO COM DATA
3444,24,16,3.0,2557.24,0.18,139.43,6430.24,CANCELADO,2023-05-29,PEDIDO COM DATA
3445,173,442,1.0,3495.84,0.0,51.95,2673.83,ENVIADO,2022-08-05,PEDIDO COM DATA
3446,51,918,7.0,8140.56,0.04,63.37,54767.93,CANCELADO,2022-08-28,PEDIDO COM DATA
3448,113,383,10.0,13472.96,0.07,51.4,125349.93,PAGO,2022-08-05,PEDIDO COM DATA
3449,617,590,7.0,7601.97,0.16,38.53,44738.11,ENVIADO,2022-06-02,PEDIDO COM DATA
3451,671,509,1.0,686.12,0.3,94.03,25248.04,CANCELADO,2022-11-01,PEDIDO COM DATA
3453,555,478,1.0,5643.24,0.02,52.55,5582.93,CANCELADO,2022-08-23,PEDIDO COM DATA
3454,743,728,7.0,4892.12,0.17,26.46,28449.68,ENVIADO,,PEDIDO SEM DATA
3457,572,925,1.0,13389.73,0.27,47.76,9822.26,PAGO,,PEDIDO SEM DATA
3461,193,88,9.0,5477.51,0.25,70.85,37044.04,PENDENTE,2024-04-20,PEDIDO COM DATA
3462,527,750,2.0,128.24,0.19,121.63,329.38,ENVIADO,2022-03-23,PEDIDO COM DATA
3463,224,24,8.0,9419.79,0.16,74.99,63375.98,PAGO,2022-12-05,PEDIDO COM DATA
3464,475,429,2.0,13242.79,0.26,86.37,19685.7,PAGO,2022-05-06,PEDIDO COM DATA
3465,675,966,3.0,12071.05,0.1,72.13,32663.96,ENVIADO,2025-03-09,PEDIDO COM DATA
3467,433,175,6.0,2187.21,0.03,58.91,12788.47,PAGO,2024-07-25,PEDIDO COM DATA
3469,924,356,9.0,1004.2,0.3,80.39,6375.3,ENVIADO,,PEDIDO SEM DATA
3470,583,143,3.0,6903.62,0.23,68.58,16015.94,ENVIADO,2022-12-22,PEDIDO COM DATA
3471,352,344,9.0,1028.69,0.27,27.8,6786.29,PAGO,2022-06-18,PEDIDO COM DATA
3473,18,800,8.0,1426.49,0.28,148.48,25248.04,ENVIADO,2022-12-30,PEDIDO COM DATA
3474,961,757,9.0,13229.29,0.1,106.1,107263.35,CANCELADO,2022-11-04,PEDIDO COM DATA
3475,892,957,10.0,6236.07,0.11,82.93,55583.95,PAGO,2024-06-07,PEDIDO COM DATA
3476,566,731,9.0,714.26,0.0,81.67,6510.01,PAGO,2022-10-02,PEDIDO COM DATA
3477,772,377,0.0,2692.34,0.16,36.66,4559.79,CANCELADO,2024-01-19,PEDIDO COM DATA
3478,917,448,7.0,13920.51,0.23,62.75,75094.3,CANCELADO,2024-09-09,PEDIDO COM DATA
3480,395,319,4.0,14820.95,0.2,36.97,47464.01,PENDENTE,,PEDIDO SEM DATA
3481,137,982,10.0,2442.14,0.23,11.22,18815.7,CANCELADO,,PEDIDO SEM DATA
3485,323,320,4.0,8585.24,0.29,143.7,24525.78,PENDENTE,2023-06-15,PEDIDO COM DATA
3486,596,721,2.0,14238.03,0.12,111.79,25170.72,CANCELADO,2023-07-10,PEDIDO COM DATA
3487,818,297,5.0,6822.4,0.24,121.51,26046.63,CANCELADO,2022-06-14,PEDIDO COM DATA
3490,859,987,1.0,12365.03,0.24,80.39,9469.22,PENDENTE,2023-06-07,PEDIDO COM DATA
3491,405,165,1.0,10722.04,0.1,142.61,9792.45,PENDENTE,2024-11-24,PEDIDO COM DATA
3493,355,97,2.0,3991.53,0.04,145.69,7809.43,PENDENTE,2024-08-04,PEDIDO COM DATA
3495,36,72,5.0,3908.68,0.22,44.18,0.0,CANCELADO,2025-02-20,PEDIDO COM DATA
3496,81,132,1.0,14395.41,0.26,44.31,25248.04,PAGO,2022-12-04,PEDIDO COM DATA
3498,460,297,1.0,10261.5,0.01,11.0,10169.89,CANCELADO,2023-12-18,PEDIDO COM DATA
3500,650,337,7.0,4490.67,0.01,98.18,31218.52,ENVIADO,,PEDIDO SEM DATA
3501,384,328,4.0,2457.62,0.12,145.67,8796.49,PAGO,2022-11-12,PEDIDO COM DATA
3503,747,847,9.0,9521.32,0.17,109.55,-500.0,PENDENTE,2024-12-21,PEDIDO COM DATA
3504,978,320,4.0,499.19,0.05,39.58,1936.5,PENDENTE,,PEDIDO SEM DATA
3505,509,935,5.0,10587.64,0.27,16.31,38661.2,PAGO,2024-06-25,PEDIDO COM DATA
3507,304,570,8.0,7850.25,0.19,53.16,25248.04,ENVIADO,2025-03-26,PEDIDO COM DATA
3508,868,805,2.0,4862.57,0.28,95.38,7097.48,PAGO,2024-03-26,PEDIDO COM DATA
3510,671,830,10.0,2805.87,0.29,80.18,20001.86,PENDENTE,2024-06-29,PEDIDO COM DATA
3511,418,753,7.0,11454.55,0.13,58.09,69816.3,PAGO,2024-04-09,PEDIDO COM DATA
3513,11,126,2.0,425.5,0.2,122.54,803.34,PAGO,2022-07-03,PEDIDO COM DATA
3514,47,826,2.0,9711.29,0.24,75.44,14836.6,CANCELADO,2022-09-23,PEDIDO COM DATA
3515,513,58,3.0,11089.14,0.0,55.1,31659.15,PAGO,2025-04-12,PEDIDO COM DATA
3516,530,660,6.0,6740.25,0.22,67.36,31611.73,PAGO,2023-10-15,PEDIDO COM DATA
3517,678,300,7.0,6097.25,0.18,28.42,35026.64,PAGO,2024-12-07,PEDIDO COM DATA
3519,916,670,1.0,10329.3,0.29,110.7,0.0,PENDENTE,2024-07-12,PEDIDO COM DATA
3520,430,709,3.0,9892.14,0.17,137.07,24768.5,PAGO,2023-06-25,PEDIDO COM DATA
3521,335,84,6.0,3531.86,0.15,94.78,18107.27,PENDENTE,2024-11-25,PEDIDO COM DATA
3523,153,186,3.0,1831.73,0.15,24.49,4695.4,PENDENTE,2023-04-12,PEDIDO COM DATA
3524,148,231,5.0,3900.49,0.08,135.81,18078.06,CANCELADO,2025-01-14,PEDIDO COM DATA
3525,171,687,3.0,3234.92,0.29,27.77,6918.15,PAGO,2022-04-03,PEDIDO COM DATA
3526,97,785,9.0,6012.32,0.04,138.21,52084.65,PAGO,2023-06-17,PEDIDO COM DATA
3527,366,846,5.0,3875.18,0.04,76.93,18677.79,CANCELADO,2023-06-05,PEDIDO COM DATA
3528,180,674,6.0,9207.46,0.26,38.09,40919.21,CANCELADO,2023-04-01,PEDIDO COM DATA
3531,741,953,10.0,13719.57,0.09,104.49,124952.58,ENVIADO,2024-12-10,PEDIDO COM DATA
3533,461,734,4.0,13471.39,0.13,17.61,-500.0,ENVIADO,2024-07-20,PEDIDO COM DATA
3536,230,310,2.0,13476.6,0.14,146.3,0.0,PENDENTE,2024-11-09,PEDIDO COM DATA
3537,959,11,4.0,11277.5,0.08,24.76,41525.96,CANCELADO,2025-02-02,PEDIDO COM DATA
3538,642,879,9.0,1642.75,0.18,79.81,12203.31,ENVIADO,,PEDIDO SEM DATA
3539,147,929,9.0,3544.58,0.0,102.79,24347.72,ENVIADO,2024-07-31,PEDIDO COM DATA
3541,281,601,2.0,1817.61,0.11,15.92,3251.27,PAGO,2024-10-29,PEDIDO COM DATA
3544,474,450,6.0,11923.47,0.0,75.12,62315.63,ENVIADO,2023-11-10,PEDIDO COM DATA
3546,579,96,8.0,7214.71,0.06,117.59,54372.21,PAGO,,PEDIDO SEM DATA
3547,554,243,2.0,14880.07,0.16,147.26,25248.04,PENDENTE,2023-01-16,PEDIDO COM DATA
3548,751,528,2.0,9374.9,0.07,104.37,17541.68,CANCELADO,2023-08-03,PEDIDO COM DATA
3549,970,165,8.0,7790.04,0.15,93.96,53066.23,PAGO,2022-02-18,PEDIDO COM DATA
3552,181,970,2.0,14139.76,0.27,40.42,20684.47,ENVIADO,2022-12-17,PEDIDO COM DATA
3554,102,888,3.0,5335.44,0.21,18.17,0.0,ENVIADO,2024-03-24,PEDIDO COM DATA
3555,442,934,8.0,7705.82,0.01,146.01,61176.1,PENDENTE,2024-09-24,PEDIDO COM DATA
3557,3,521,5.0,14878.53,0.22,59.04,58085.31,CANCELADO,2025-04-06,PEDIDO COM DATA
3558,711,259,1.0,14037.8,0.03,126.99,13743.66,CANCELADO,2024-08-25,PEDIDO COM DATA
3559,675,724,6.0,728.77,0.27,57.09,3249.1,CANCELADO,2023-08-08,PEDIDO COM DATA
3563,682,849,6.0,11216.92,0.08,52.11,61969.51,PENDENTE,2022-10-04,PEDIDO COM DATA
3564,240,999,6.0,13541.63,0.02,78.26,79703.04,PAGO,2023-12-19,PEDIDO COM DATA
3565,402,987,1.0,7129.11,0.2,121.16,5824.45,PAGO,2022-03-10,PEDIDO COM DATA
3566,844,270,6.0,5967.71,0.28,20.7,25801.21,CANCELADO,2024-09-23,PEDIDO COM DATA
3567,344,518,6.0,2933.89,0.14,94.15,15233.02,PAGO,,PEDIDO SEM DATA
3568,563,981,9.0,8314.25,0.09,52.38,68146.09,ENVIADO,2023-08-08,PEDIDO COM DATA
3571,411,910,10.0,8476.06,0.0,17.96,83083.35,PAGO,2024-05-15,PEDIDO COM DATA
3572,789,285,7.0,605.28,0.29,66.26,3074.5,PENDENTE,2023-04-06,PEDIDO COM DATA
3573,92,270,10.0,3749.97,0.05,129.13,35753.84,ENVIADO,2024-05-29,PEDIDO COM DATA
3575,93,478,9.0,215.92,0.22,125.5,1641.26,ENVIADO,2024-09-22,PEDIDO COM DATA
3576,354,4,3.0,12956.83,0.18,51.3,31925.1,PENDENTE,2024-01-25,PEDIDO COM DATA
3577,336,600,3.0,14643.57,0.02,92.93,43145.03,PENDENTE,,PEDIDO SEM DATA
3578,783,770,8.0,13242.98,0.01,71.39,0.0,PAGO,2024-09-25,PEDIDO COM DATA
3579,10,467,9.0,11390.51,0.28,23.32,73833.82,PENDENTE,2022-07-31,PEDIDO COM DATA
3580,294,74,1.0,12598.77,0.29,40.98,8986.11,PENDENTE,2023-01-24,PEDIDO COM DATA
3582,18,70,3.0,1014.43,0.18,122.36,2617.86,CANCELADO,2025-03-27,PEDIDO COM DATA
3586,530,393,3.0,2758.55,0.19,143.38,6846.66,ENVIADO,2023-03-16,PEDIDO COM DATA
3588,797,777,4.0,14205.89,0.19,90.61,46117.69,PAGO,2022-03-23,PEDIDO COM DATA
3589,201,715,1.0,10312.73,0.13,28.17,9000.25,PENDENTE,2022-11-16,PEDIDO COM DATA
3590,405,781,3.0,12994.37,0.1,69.59,35154.39,PENDENTE,,PEDIDO SEM DATA
3592,507,108,1.0,12214.8,0.0,140.37,11866.58,PENDENTE,,PEDIDO SEM DATA
3593,859,419,1.0,841.56,0.16,77.3,784.21,CANCELADO,2023-01-15,PEDIDO COM DATA
3595,369,134,7.0,12374.4,0.09,49.1,78874.03,PENDENTE,2024-11-08,PEDIDO COM DATA
3596,999,282,10.0,8221.67,0.02,50.28,80622.65,PAGO,2022-12-29,PEDIDO COM DATA
3598,666,443,4.0,954.69,0.23,143.6,3084.05,ENVIADO,2022-05-19,PEDIDO COM DATA
3601,534,412,0.0,13096.85,0.27,22.1,95629.11,PAGO,2022-06-12,PEDIDO COM DATA
3602,904,425,9.0,3222.77,0.04,116.17,27960.9,PAGO,2024-04-06,PEDIDO COM DATA
3603,494,428,10.0,177.35,0.08,56.72,1688.34,CANCELADO,2024-07-05,PEDIDO COM DATA
3607,872,215,6.0,319.54,0.1,139.09,1864.61,PAGO,2025-03-28,PEDIDO COM DATA
3609,277,197,7.0,8233.95,0.03,22.34,55930.86,PENDENTE,2022-02-16,PEDIDO COM DATA
3610,452,783,9.0,12756.24,0.22,58.54,0.0,PAGO,2022-09-23,PEDIDO COM DATA
3611,56,434,7.0,13115.9,0.04,34.76,88173.61,PAGO,2024-04-10,PEDIDO COM DATA
3613,340,456,6.0,14963.12,0.06,42.07,84434.07,ENVIADO,2024-12-01,PEDIDO COM DATA
3615,261,504,2.0,3311.5,0.14,11.33,5707.11,PENDENTE,,PEDIDO SEM DATA
3618,621,591,8.0,8139.26,0.26,129.28,48313.7,PENDENTE,2024-03-09,PEDIDO COM DATA
3620,525,830,1.0,9056.25,0.03,46.34,8830.9,CANCELADO,2025-03-21,PEDIDO COM DATA
3621,947,691,5.0,13259.97,0.28,70.01,47805.9,CANCELADO,2022-02-05,PEDIDO COM DATA
3624,938,562,4.0,3467.55,0.28,46.15,10032.69,PENDENTE,2024-02-01,PEDIDO COM DATA
3625,869,630,2.0,12115.43,0.19,80.39,19668.32,PAGO,2022-06-14,PEDIDO COM DATA
3626,705,676,9.0,6338.71,0.21,134.01,45202.24,ENVIADO,2022-05-10,PEDIDO COM DATA
3629,938,493,5.0,2546.75,0.02,28.34,12507.41,PENDENTE,,PEDIDO SEM DATA
3630,51,762,4.0,5198.02,0.21,41.33,25248.04,CANCELADO,2022-09-04,PEDIDO COM DATA
3632,9,567,7.0,6573.05,0.25,80.39,34556.11,CANCELADO,2022-04-05,PEDIDO COM DATA
3633,397,278,3.0,11189.18,0.16,41.11,28237.84,PAGO,2025-01-06,PEDIDO COM DATA
3634,429,290,9.0,10415.56,0.08,148.7,25248.04,ENVIADO,2022-10-27,PEDIDO COM DATA
3639,705,758,7.0,14765.35,0.19,110.99,83830.52,ENVIADO,2024-12-31,PEDIDO COM DATA
3641,346,310,6.0,5680.07,0.13,40.95,29690.92,PENDENTE,2022-10-15,PEDIDO COM DATA
3644,83,184,-1.0,1964.99,0.25,96.94,14834.37,CANCELADO,2022-01-15,PEDIDO COM DATA
3646,320,639,0.0,8199.58,0.04,70.57,31556.96,PENDENTE,2024-06-07,PEDIDO COM DATA
3647,766,786,4.0,14165.7,0.12,51.88,25248.04,CANCELADO,2025-01-02,PEDIDO COM DATA
3648,114,661,2.0,195.07,0.21,95.34,403.55,ENVIADO,2024-10-30,PEDIDO COM DATA
3650,152,745,3.0,9815.43,0.26,104.18,21894.43,CANCELADO,2023-07-02,PEDIDO COM DATA
3651,522,970,9.0,3067.7,0.23,47.72,21306.88,CANCELADO,2025-01-29,PEDIDO COM DATA
3652,767,512,1.0,2346.34,0.18,80.96,2004.96,CANCELADO,2023-05-07,PEDIDO COM DATA
3653,456,788,-1.0,10565.92,0.05,143.81,100520.05,ENVIADO,2023-02-21,PEDIDO COM DATA
3659,767,535,5.0,4447.49,0.07,105.02,20785.85,PAGO,2022-02-27,PEDIDO COM DATA
3660,846,220,6.0,8149.82,0.06,122.65,46087.63,PAGO,2024-11-06,PEDIDO COM DATA
3662,861,315,6.0,9971.5,0.14,50.09,51503.03,PAGO,2023-11-26,PEDIDO COM DATA
3663,84,513,2.0,5417.61,0.15,58.97,9268.91,CANCELADO,2022-05-10,PEDIDO COM DATA
3664,671,873,5.0,11608.89,0.13,37.42,50536.09,CANCELADO,2023-11-20,PEDIDO COM DATA
3665,565,350,1.0,12836.03,0.27,11.37,9381.67,PENDENTE,2024-07-10,PEDIDO COM DATA
3669,507,336,3.0,12261.85,0.0,86.48,26572.08,PAGO,2022-10-03,PEDIDO COM DATA
3671,500,721,9.0,10843.16,0.26,138.14,0.0,CANCELADO,2025-04-13,PEDIDO COM DATA
3672,546,727,9.0,4468.33,0.12,42.55,35431.72,ENVIADO,2023-02-12,PEDIDO COM DATA
3673,880,840,3.0,105.75,0.11,21.27,25248.04,PENDENTE,2022-01-23,PEDIDO COM DATA
3674,257,639,5.0,8337.73,0.11,89.4,37192.3,PENDENTE,2022-08-17,PEDIDO COM DATA
3676,585,480,9.0,11893.82,0.05,129.26,101821.42,CANCELADO,2023-06-19,PEDIDO COM DATA
3677,650,926,8.0,14587.43,0.27,12.95,85203.54,PENDENTE,2024-07-25,PEDIDO COM DATA
3678,596,906,6.0,10268.29,0.16,118.23,51870.41,CANCELADO,2022-10-19,PEDIDO COM DATA
3681,745,254,-5.0,456.38,0.03,59.6,944.98,PENDENTE,2024-08-28,PEDIDO COM DATA
3682,652,793,5.0,13554.92,0.01,90.25,67187.1,PAGO,2023-02-18,PEDIDO COM DATA
3683,148,304,1.0,6108.44,0.27,111.12,4570.28,PENDENTE,2023-10-21,PEDIDO COM DATA
3684,774,842,7.0,2880.93,0.19,26.75,16361.62,ENVIADO,2023-05-31,PEDIDO COM DATA
3685,148,770,4.0,9293.02,0.13,60.49,32400.2,PENDENTE,2024-07-06,PEDIDO COM DATA
3686,674,464,5.0,5609.62,0.1,134.57,25248.04,PENDENTE,2024-04-30,PEDIDO COM DATA
3687,793,207,0.0,11340.72,0.07,25.71,63306.93,PAGO,2023-06-11,PEDIDO COM DATA
3690,628,708,7.0,4208.86,0.24,93.92,22485.06,CANCELADO,2023-08-20,PEDIDO COM DATA
3691,823,427,3.0,12469.93,0.14,21.35,32193.77,ENVIADO,2022-05-14,PEDIDO COM DATA
3692,423,397,8.0,3297.38,0.24,26.85,20074.92,PAGO,2024-09-23,PEDIDO COM DATA
3693,183,25,5.0,5137.64,0.27,146.4,18898.79,ENVIADO,2022-11-04,PEDIDO COM DATA
3695,773,210,6.0,12959.0,0.07,35.92,72347.14,ENVIADO,2024-06-15,PEDIDO COM DATA
3696,758,689,2.0,13931.56,0.11,105.98,24904.16,PAGO,2022-03-17,PEDIDO COM DATA
3697,460,632,5.0,6860.27,0.2,131.88,27572.96,ENVIADO,2022-11-12,PEDIDO COM DATA
3700,237,800,9.0,8614.15,0.03,74.32,25248.04,ENVIADO,2022-09-11,PEDIDO COM DATA
3702,714,424,6.0,1405.45,0.21,60.32,6722.15,PENDENTE,2025-01-20,PEDIDO COM DATA
3705,896,398,6.0,12101.06,0.18,67.8,59605.02,ENVIADO,,PEDIDO SEM DATA
3706,901,732,2.0,10897.69,0.01,139.45,21716.88,PAGO,2023-05-27,PEDIDO COM DATA
3707,441,316,3.0,3273.32,0.05,44.75,9373.71,ENVIADO,2023-01-16,PEDIDO COM DATA
3709,100,456,7.0,4806.09,0.21,88.47,25248.04,ENVIADO,2024-01-30,PEDIDO COM DATA
3710,503,157,1.0,14527.86,0.2,36.82,-500.0,CANCELADO,2024-12-18,PEDIDO COM DATA
3711,297,464,1.0,9003.71,0.17,149.73,7622.81,PAGO,2022-05-03,PEDIDO COM DATA
3712,593,61,8.0,1460.57,0.03,102.34,11436.36,CANCELADO,2025-01-08,PEDIDO COM DATA
3713,194,614,2.0,2150.74,0.24,121.44,3390.56,ENVIADO,2024-11-04,PEDIDO COM DATA
3714,639,350,4.0,10958.21,0.08,35.27,40361.48,ENVIADO,2023-02-20,PEDIDO COM DATA
3715,527,4,1.0,3806.75,0.03,103.48,3796.03,CANCELADO,2023-09-09,PEDIDO COM DATA
3718,644,257,2.0,5013.89,0.13,73.9,8798.07,CANCELADO,2024-08-28,PEDIDO COM DATA
3720,58,401,10.0,12550.5,0.15,56.16,106735.41,PAGO,2023-10-18,PEDIDO COM DATA
3722,527,420,1.0,7453.58,0.19,37.14,6074.54,ENVIADO,2022-10-26,PEDIDO COM DATA
3723,344,342,9.0,5766.92,0.19,43.88,42084.73,CANCELADO,2024-12-31,PEDIDO COM DATA
3724,835,430,6.0,10788.68,0.29,114.4,46074.18,PENDENTE,2022-09-13,PEDIDO COM DATA
3725,714,843,10.0,11399.83,0.06,65.68,107224.08,PENDENTE,,PEDIDO SEM DATA
3726,623,151,9.0,10276.38,0.16,11.2,77700.63,CANCELADO,2023-08-17,PEDIDO COM DATA
3727,45,826,9.0,4866.57,0.08,82.47,40377.67,CANCELADO,2022-04-14,PEDIDO COM DATA
3728,594,804,9.0,7136.32,0.16,144.41,54094.99,ENVIADO,2022-03-21,PEDIDO COM DATA
3731,240,554,5.0,1534.88,0.23,141.13,6050.42,CANCELADO,2024-12-01,PEDIDO COM DATA
3733,318,663,0.0,11293.87,0.0,104.82,101749.65,PENDENTE,2024-09-14,PEDIDO COM DATA
3734,595,867,8.0,3487.49,0.28,98.78,20186.72,PENDENTE,2022-04-27,PEDIDO COM DATA
3737,917,625,9.0,11577.78,0.06,43.89,97991.91,PAGO,2025-04-07,PEDIDO COM DATA
3739,234,912,10.0,1958.4,0.24,74.62,14958.46,CANCELADO,2024-11-25,PEDIDO COM DATA
3740,244,145,5.0,9493.16,0.19,126.8,38574.1,PENDENTE,2023-05-26,PEDIDO COM DATA
3741,262,886,10.0,10706.24,0.05,33.2,25248.04,CANCELADO,,PEDIDO SEM DATA
3743,284,990,4.0,9436.91,0.16,115.28,31823.3,CANCELADO,2024-08-31,PEDIDO COM DATA
3744,307,751,5.0,893.25,0.04,25.2,4312.8,CANCELADO,,PEDIDO SEM DATA
3745,450,165,5.0,6956.28,0.12,64.17,30671.8,PENDENTE,2024-08-04,PEDIDO COM DATA
3746,386,389,10.0,11737.0,0.15,111.9,99876.4,PAGO,2022-12-27,PEDIDO COM DATA
3747,684,504,7.0,11560.34,0.29,24.84,57479.73,ENVIADO,2024-07-07,PEDIDO COM DATA
3749,573,436,8.0,12502.2,0.0,55.31,94071.85,PAGO,2024-03-03,PEDIDO COM DATA
3750,402,631,4.0,9441.35,0.0,119.87,29199.23,PENDENTE,,PEDIDO SEM DATA
3751,514,432,5.0,6979.27,0.15,25.9,0.0,PAGO,2024-03-30,PEDIDO COM DATA
3753,20,319,6.0,8183.32,0.17,68.18,40821.11,PAGO,2022-04-28,PEDIDO COM DATA
3755,669,516,2.0,5066.51,0.16,81.59,-500.0,PAGO,2022-11-26,PEDIDO COM DATA
3756,624,684,3.0,7879.44,0.26,46.02,17538.38,ENVIADO,2025-02-04,PEDIDO COM DATA
3757,784,958,6.0,14867.59,0.2,87.33,71451.76,ENVIADO,2024-03-06,PEDIDO COM DATA
3762,896,381,7.0,4728.35,0.17,106.98,27578.69,PAGO,2024-03-13,PEDIDO COM DATA
3763,281,109,5.0,5620.45,0.27,59.52,20574.16,ENVIADO,2024-05-18,PEDIDO COM DATA
3764,592,962,10.0,14848.94,0.19,84.12,0.0,ENVIADO,2023-03-18,PEDIDO COM DATA
3766,810,862,2.0,10120.14,0.14,145.89,17552.53,CANCELADO,2022-08-21,PEDIDO COM DATA
3768,430,946,8.0,2455.13,0.23,120.34,15243.94,ENVIADO,,PEDIDO SEM DATA
3775,151,241,1.0,3993.12,0.0,81.04,3235.6,PAGO,2024-04-12,PEDIDO COM DATA
3776,367,559,2.0,12478.85,0.13,67.08,21780.28,PAGO,2022-10-13,PEDIDO COM DATA
3777,879,22,6.0,386.92,0.17,63.33,1990.19,ENVIADO,2022-01-13,PEDIDO COM DATA
3778,772,572,3.0,3915.84,0.13,12.17,10232.51,ENVIADO,2024-01-26,PEDIDO COM DATA
3779,869,395,2.0,12470.36,0.18,80.39,20487.41,ENVIADO,2024-02-27,PEDIDO COM DATA
3782,799,34,2.0,14383.28,0.11,18.6,25620.84,ENVIADO,2023-01-16,PEDIDO COM DATA
3783,111,161,9.0,5855.82,0.1,13.31,25248.04,PENDENTE,2022-11-23,PEDIDO COM DATA
3784,600,183,5.0,3836.93,0.26,13.83,14210.47,PENDENTE,2022-04-18,PEDIDO COM DATA
3787,114,205,6.0,3374.92,0.16,52.97,17062.57,PAGO,2023-04-03,PEDIDO COM DATA
3788,583,785,6.0,8715.08,0.09,13.6,47597.94,ENVIADO,2025-03-25,PEDIDO COM DATA
3789,631,551,2.0,13452.71,0.27,19.73,19660.69,ENVIADO,2024-09-28,PEDIDO COM DATA
3791,988,942,10.0,1318.11,0.21,99.23,10512.3,PENDENTE,2022-07-05,PEDIDO COM DATA
3792,724,903,9.0,8919.56,0.07,77.45,74734.17,ENVIADO,2022-05-30,PEDIDO COM DATA
3794,898,468,1.0,9102.69,0.14,119.61,7947.92,CANCELADO,2022-05-20,PEDIDO COM DATA
3797,333,250,2.0,5106.45,0.25,120.04,7779.71,PENDENTE,2023-11-25,PEDIDO COM DATA
3798,885,508,8.0,4972.33,0.28,116.2,28756.82,PAGO,,PEDIDO SEM DATA
3799,813,438,3.0,1730.46,0.18,89.68,4346.61,PAGO,2023-12-08,PEDIDO COM DATA
3801,979,436,2.0,12755.18,0.28,11.91,18379.37,CANCELADO,2024-04-17,PEDIDO COM DATA
3802,945,476,2.0,9000.35,0.02,110.07,17750.76,ENVIADO,2023-12-24,PEDIDO COM DATA
3803,547,670,10.0,8408.13,0.05,48.25,79925.48,PAGO,2023-04-28,PEDIDO COM DATA
3804,71,925,7.0,11147.39,0.11,47.58,69495.82,PENDENTE,2024-10-14,PEDIDO COM DATA
3805,485,494,3.0,11406.08,0.09,139.36,31277.96,ENVIADO,2024-05-21,PEDIDO COM DATA
3807,314,1,7.0,5908.01,0.29,80.39,29455.63,PAGO,2022-05-31,PEDIDO COM DATA
3808,685,856,-1.0,7350.5,0.03,36.57,-500.0,CANCELADO,2024-07-05,PEDIDO COM DATA
3812,869,910,1.0,14313.41,0.26,41.23,10633.15,PAGO,2025-02-17,PEDIDO COM DATA
3815,160,626,6.0,3895.21,0.25,145.26,0.0,ENVIADO,2022-11-07,PEDIDO COM DATA
3817,353,138,1.0,7331.77,0.22,24.3,5743.08,PAGO,,PEDIDO SEM DATA
3818,786,707,4.0,9610.84,0.14,117.17,33178.46,ENVIADO,2022-12-05,PEDIDO COM DATA
3820,232,383,9.0,1490.36,0.03,23.52,13034.36,ENVIADO,2023-11-18,PEDIDO COM DATA
3821,566,257,7.0,8456.44,0.08,48.1,54507.57,ENVIADO,2022-05-17,PEDIDO COM DATA
3823,764,112,-1.0,2067.81,0.06,92.89,15642.82,CANCELADO,2024-08-06,PEDIDO COM DATA
3824,525,487,4.0,4346.41,0.2,43.52,13952.03,PAGO,2024-10-23,PEDIDO COM DATA
3825,261,592,8.0,7719.84,0.25,60.38,46379.42,CANCELADO,2023-10-25,PEDIDO COM DATA
3827,775,415,1.0,6404.28,0.08,80.39,5918.58,ENVIADO,2025-03-31,PEDIDO COM DATA
3829,919,724,3.0,14535.41,0.18,58.16,35815.27,CANCELADO,2024-03-22,PEDIDO COM DATA
3831,439,590,4.0,5724.55,0.07,80.39,21310.3,CANCELADO,,PEDIDO SEM DATA
3832,193,929,5.0,9527.72,0.06,96.83,44877.11,ENVIADO,2023-10-24,PEDIDO COM DATA
3837,611,236,5.0,5661.51,0.19,94.19,23023.31,PENDENTE,2024-01-23,PEDIDO COM DATA
3838,13,93,6.0,11563.83,0.2,80.39,0.0,ENVIADO,2022-10-05,PEDIDO COM DATA
3839,549,983,7.0,926.91,0.03,42.08,-500.0,ENVIADO,2024-02-11,PEDIDO COM DATA
3841,183,660,7.0,13405.17,0.19,38.41,76045.72,PENDENTE,2024-02-01,PEDIDO COM DATA
3844,811,29,7.0,14423.45,0.3,28.6,70703.51,CANCELADO,2024-10-23,PEDIDO COM DATA
3845,96,496,3.0,14937.32,0.15,117.71,38207.88,ENVIADO,2025-02-14,PEDIDO COM DATA
3846,870,979,2.0,3054.8,0.14,71.13,5325.39,PAGO,2022-11-09,PEDIDO COM DATA
3847,242,707,9.0,10324.03,0.0,133.18,89332.8,PENDENTE,2023-02-05,PEDIDO COM DATA
3849,237,285,5.0,13645.49,0.28,64.58,49188.34,PENDENTE,2022-07-21,PEDIDO COM DATA
3850,73,972,6.0,1924.09,0.05,20.36,10987.67,PAGO,2024-05-21,PEDIDO COM DATA
3851,746,575,9.0,6188.43,0.01,102.0,55240.91,PENDENTE,2022-12-20,PEDIDO COM DATA
3852,271,590,0.0,5436.72,0.01,21.2,26932.96,PAGO,2024-09-11,PEDIDO COM DATA
3856,496,934,3.0,13201.52,0.05,104.54,37728.87,CANCELADO,2022-06-16,PEDIDO COM DATA
3858,780,631,7.0,10404.51,0.21,92.77,57629.71,PENDENTE,2022-07-26,PEDIDO COM DATA
3860,444,484,1.0,10139.18,0.16,70.22,8587.13,CANCELADO,2022-10-26,PEDIDO COM DATA
3861,375,480,10.0,4497.71,0.02,80.39,44209.34,CANCELADO,2022-07-03,PEDIDO COM DATA
3864,670,798,7.0,8825.41,0.1,80.39,55623.39,CANCELADO,,PEDIDO SEM DATA
3865,173,750,5.0,13270.23,0.28,80.39,47807.21,CANCELADO,2024-08-11,PEDIDO COM DATA
3867,173,122,1.0,10869.53,0.16,60.35,9190.76,CANCELADO,2025-04-06,PEDIDO COM DATA
3868,373,961,10.0,7476.54,0.29,43.67,53127.1,CANCELADO,2024-11-23,PEDIDO COM DATA
3871,942,886,8.0,60.52,0.17,132.61,534.46,CANCELADO,2023-05-25,PEDIDO COM DATA
3873,25,813,-5.0,7733.58,0.03,130.77,75146.5,PENDENTE,2022-03-27,PEDIDO COM DATA
3874,765,315,6.0,393.16,0.26,86.9,1832.53,PAGO,2024-10-07,PEDIDO COM DATA
3875,565,697,5.0,6256.12,0.13,86.55,27300.67,CANCELADO,2024-04-14,PEDIDO COM DATA
3876,473,96,8.0,4404.71,0.12,124.09,25248.04,CANCELADO,2022-02-22,PEDIDO COM DATA
3877,444,685,1.0,12160.87,0.05,99.15,11651.98,PAGO,2022-02-17,PEDIDO COM DATA
3878,836,410,10.0,9746.7,0.0,80.39,76091.48,CANCELADO,2022-05-19,PEDIDO COM DATA
3879,941,606,-5.0,4232.93,0.06,91.92,12028.78,ENVIADO,2022-09-10,PEDIDO COM DATA
3880,504,178,5.0,11874.1,0.23,137.04,45852.33,PAGO,2023-09-25,PEDIDO COM DATA
3882,94,102,5.0,390.55,0.2,118.27,1680.47,PAGO,2023-01-28,PEDIDO COM DATA
3886,324,917,7.0,6919.52,0.13,63.02,42202.9,PAGO,2024-03-15,PEDIDO COM DATA
3887,783,804,5.0,13644.91,0.06,52.25,64183.33,CANCELADO,2023-08-11,PEDIDO COM DATA
3888,137,123,5.0,5998.64,0.0,49.77,30042.97,PENDENTE,2024-05-15,PEDIDO COM DATA
3889,782,300,7.0,8727.22,0.1,103.26,55084.75,PAGO,2025-01-08,PEDIDO COM DATA
3890,262,94,1.0,8153.0,0.15,15.02,6945.07,PAGO,2023-03-06,PEDIDO COM DATA
3891,282,39,3.0,10884.62,0.18,51.77,26827.94,PAGO,2022-07-24,PEDIDO COM DATA
3893,331,932,-1.0,5698.6,0.01,86.42,22652.88,PENDENTE,,PEDIDO SEM DATA
3894,274,999,10.0,1834.34,0.17,125.25,15350.27,CANCELADO,2024-04-16,PEDIDO COM DATA
3895,974,183,7.0,1750.27,0.15,80.39,10491.06,CANCELADO,2025-04-11,PEDIDO COM DATA
3896,950,473,4.0,1338.34,0.2,31.25,4313.94,ENVIADO,2024-02-17,PEDIDO COM DATA
3897,132,849,10.0,1686.66,0.06,107.23,15961.83,PAGO,2022-06-07,PEDIDO COM DATA
3900,359,396,6.0,8038.7,0.1,55.91,43464.89,PENDENTE,2023-02-11,PEDIDO COM DATA
3901,697,349,9.0,7307.53,0.0,57.33,65825.1,CANCELADO,2024-03-02,PEDIDO COM DATA
3902,255,397,7.0,6069.35,0.06,137.79,40074.11,ENVIADO,2023-11-16,PEDIDO COM DATA
3903,24,121,2.0,2740.11,0.09,128.68,5115.68,PENDENTE,2024-11-14,PEDIDO COM DATA
3904,791,153,9.0,13305.56,0.04,59.17,115019.21,CANCELADO,2023-09-17,PEDIDO COM DATA
3906,794,46,7.0,8203.59,0.09,116.08,52372.95,PENDENTE,2024-05-14,PEDIDO COM DATA
3907,721,152,4.0,9310.39,0.18,91.94,30630.02,ENVIADO,2022-01-31,PEDIDO COM DATA
3908,680,125,9.0,6182.61,0.27,63.98,40683.73,ENVIADO,2023-08-27,PEDIDO COM DATA
3910,318,696,8.0,7071.47,0.17,26.71,46981.27,PAGO,2025-02-13,PEDIDO COM DATA
3911,204,91,10.0,11791.77,0.03,100.89,114481.06,ENVIADO,2022-08-29,PEDIDO COM DATA
3912,520,867,1.0,3984.2,0.1,140.92,3726.7,ENVIADO,2023-09-19,PEDIDO COM DATA
3913,654,934,5.0,12165.74,0.28,144.11,43940.77,CANCELADO,,PEDIDO SEM DATA
3919,375,693,0.0,6850.12,0.25,69.98,20620.34,CANCELADO,2024-09-03,PEDIDO COM DATA
3920,194,136,10.0,13260.52,0.19,26.72,107436.93,ENVIADO,2023-02-25,PEDIDO COM DATA
3921,837,504,1.0,3566.75,0.0,67.93,3634.68,PAGO,2024-07-23,PEDIDO COM DATA
3922,515,265,1.0,5018.48,0.29,19.34,3582.46,PAGO,2024-07-02,PEDIDO COM DATA
3924,604,603,5.0,10079.46,0.0,72.29,39886.16,CANCELADO,2022-04-14,PEDIDO COM DATA
3925,709,485,2.0,9609.23,0.2,42.02,15416.79,CANCELADO,2022-03-03,PEDIDO COM DATA
3927,653,636,6.0,9540.43,0.25,27.27,42959.2,CANCELADO,2025-02-01,PEDIDO COM DATA
3928,30,704,8.0,11775.16,0.0,130.27,68897.2,ENVIADO,2022-01-21,PEDIDO COM DATA
3931,667,727,2.0,1019.49,0.28,21.05,1489.12,CANCELADO,2025-01-09,PEDIDO COM DATA
3932,336,969,3.0,7086.39,0.16,80.39,17986.64,CANCELADO,2023-10-28,PEDIDO COM DATA
3933,523,645,5.0,6597.36,0.29,129.29,23549.92,PENDENTE,2023-06-02,PEDIDO COM DATA
3934,839,824,10.0,3839.92,0.07,74.81,35786.07,PENDENTE,,PEDIDO SEM DATA
3936,804,922,0.0,10683.44,0.0,107.31,25248.04,CANCELADO,2023-06-07,PEDIDO COM DATA
3937,899,236,3.0,5249.73,0.14,22.51,13566.81,PAGO,2024-01-12,PEDIDO COM DATA
3939,525,556,9.0,9798.12,0.28,99.9,63591.72,CANCELADO,2024-05-29,PEDIDO COM DATA
3940,988,743,0.0,1191.18,0.23,88.92,3757.75,PAGO,2022-03-25,PEDIDO COM DATA
3941,981,483,8.0,3721.11,0.03,121.03,28996.84,PENDENTE,2023-03-03,PEDIDO COM DATA
3943,792,638,9.0,8055.48,0.02,83.47,71132.8,PAGO,2023-10-26,PEDIDO COM DATA
3944,786,592,-1.0,13382.53,0.16,98.7,67546.65,ENVIADO,2024-09-06,PEDIDO COM DATA
3945,135,861,6.0,13323.87,0.18,63.49,65616.93,ENVIADO,2022-09-18,PEDIDO COM DATA
3946,30,370,8.0,1769.28,0.05,66.43,13512.96,PENDENTE,2024-09-05,PEDIDO COM DATA
3949,620,334,4.0,4508.75,0.21,119.05,14366.7,CANCELADO,2023-08-20,PEDIDO COM DATA
3950,99,415,4.0,1394.18,0.22,110.27,4460.11,PAGO,2023-06-11,PEDIDO COM DATA
3952,7,771,3.0,10871.77,0.2,23.55,0.0,PENDENTE,2022-02-06,PEDIDO COM DATA
3953,575,964,8.0,13071.37,0.04,63.09,100451.21,ENVIADO,2022-05-08,PEDIDO COM DATA
3954,333,732,1.0,691.21,0.11,87.76,702.94,PENDENTE,2022-08-15,PEDIDO COM DATA
3955,67,737,10.0,14326.15,0.1,66.81,129002.16,ENVIADO,2022-10-15,PEDIDO COM DATA
3957,234,19,1.0,4569.45,0.29,43.85,3288.16,PENDENTE,2022-01-16,PEDIDO COM DATA
3959,520,878,2.0,11898.61,0.03,95.73,23179.03,CANCELADO,,PEDIDO SEM DATA
3960,567,74,9.0,7204.12,0.11,17.97,57722.97,PAGO,2024-03-03,PEDIDO COM DATA
3962,18,47,7.0,602.99,0.07,32.36,3957.82,ENVIADO,2024-01-23,PEDIDO COM DATA
3963,760,762,5.0,9658.77,0.01,92.64,47903.55,PENDENTE,2024-10-11,PEDIDO COM DATA
3964,599,307,2.0,2916.02,0.07,13.26,5437.06,CANCELADO,2023-10-26,PEDIDO COM DATA
3966,753,195,-1.0,181.64,0.13,123.0,755.11,ENVIADO,2024-08-19,PEDIDO COM DATA
3969,880,777,9.0,2315.71,0.17,102.0,17400.35,ENVIADO,2023-01-03,PEDIDO COM DATA
3972,792,484,1.0,13213.04,0.17,123.05,11089.87,PAGO,2022-07-05,PEDIDO COM DATA
3973,397,554,10.0,8260.28,0.25,39.0,61991.1,ENVIADO,2024-05-03,PEDIDO COM DATA
3974,738,971,2.0,4111.84,0.23,126.89,6459.12,PENDENTE,2022-12-19,PEDIDO COM DATA
3976,399,383,9.0,10018.05,0.0,80.39,64935.17,CANCELADO,2022-01-30,PEDIDO COM DATA
3978,309,296,4.0,6534.92,0.24,47.99,19914.15,PAGO,2024-10-12,PEDIDO COM DATA
3982,499,717,5.0,9343.49,0.13,41.37,40685.55,PAGO,2022-09-08,PEDIDO COM DATA
3986,605,278,9.0,2559.61,0.16,116.99,19467.64,PAGO,2024-12-25,PEDIDO COM DATA
3989,277,960,3.0,12464.65,0.13,92.48,-500.0,ENVIADO,2022-06-21,PEDIDO COM DATA
3990,277,200,3.0,3668.33,0.17,133.47,9267.61,CANCELADO,2022-03-18,PEDIDO COM DATA
3992,936,676,7.0,10313.45,0.17,125.17,60046.31,CANCELADO,2024-10-08,PEDIDO COM DATA
3996,863,858,-1.0,11285.41,0.27,90.94,8329.29,PENDENTE,2024-07-16,PEDIDO COM DATA
3998,888,304,1.0,11741.13,0.24,66.43,8989.69,PAGO,2022-12-27,PEDIDO COM DATA
4000,866,747,4.0,6970.05,0.26,12.36,20643.71,CANCELADO,2023-10-31,PEDIDO COM DATA
4007,681,109,10.0,12229.08,0.22,127.37,95514.19,PAGO,2022-06-10,PEDIDO COM DATA
4008,113,967,1.0,14086.9,0.29,104.4,25248.04,PAGO,2022-02-22,PEDIDO COM DATA
4010,653,323,7.0,5274.57,0.21,75.0,29243.37,CANCELADO,2023-07-10,PEDIDO COM DATA
4011,100,234,1.0,5235.37,0.17,28.28,4373.64,ENVIADO,,PEDIDO SEM DATA
4012,436,888,9.0,7653.37,0.29,127.58,49032.61,PENDENTE,2025-01-17,PEDIDO COM DATA
4013,296,47,5.0,229.6,0.12,22.93,1033.17,PENDENTE,2022-12-06,PEDIDO COM DATA
4014,554,269,9.0,1743.07,0.23,67.05,12146.53,ENVIADO,2022-03-14,PEDIDO COM DATA
4018,765,264,4.0,11648.36,0.23,142.03,36018.98,PENDENTE,2022-02-05,PEDIDO COM DATA
4021,630,879,6.0,12357.2,0.1,89.46,66818.34,PENDENTE,2025-01-23,PEDIDO COM DATA
4022,173,519,2.0,220.66,0.22,57.1,401.33,CANCELADO,2024-02-20,PEDIDO COM DATA
4023,108,985,2.0,6522.31,0.27,80.39,9584.26,CANCELADO,2023-01-31,PEDIDO COM DATA
4026,673,403,2.0,12114.2,0.27,80.39,17825.58,ENVIADO,2024-01-03,PEDIDO COM DATA
4027,402,118,8.0,1754.66,0.02,89.85,13846.38,ENVIADO,2022-11-13,PEDIDO COM DATA
4028,291,206,7.0,9017.05,0.05,137.2,60100.58,CANCELADO,2022-05-22,PEDIDO COM DATA
4029,221,229,4.0,6232.35,0.28,80.39,17975.38,CANCELADO,2022-03-16,PEDIDO COM DATA
4030,954,561,2.0,6434.5,0.22,102.85,10140.67,PAGO,2024-11-13,PEDIDO COM DATA
4032,208,678,3.0,13223.49,0.04,119.21,38202.86,ENVIADO,2023-11-21,PEDIDO COM DATA
4035,731,676,3.0,12268.96,0.08,138.09,34000.42,ENVIADO,2024-05-31,PEDIDO COM DATA
4037,780,18,8.0,14923.54,0.07,43.46,111074.6,PAGO,2024-12-27,PEDIDO COM DATA
4040,77,406,7.0,9546.2,0.3,23.68,46800.06,PAGO,2023-08-19,PEDIDO COM DATA
4041,806,21,9.0,8437.35,0.0,128.31,76064.46,CANCELADO,2022-04-20,PEDIDO COM DATA
4042,782,605,4.0,7535.4,0.02,40.17,29578.94,CANCELADO,2023-07-05,PEDIDO COM DATA
4043,939,555,10.0,368.64,0.26,71.27,2799.21,PAGO,2023-12-24,PEDIDO COM DATA
4044,456,656,9.0,2573.09,0.09,112.68,21186.29,ENVIADO,2025-04-13,PEDIDO COM DATA
4045,901,92,8.0,3650.41,0.23,37.81,22524.34,PAGO,2022-05-03,PEDIDO COM DATA
4046,338,693,1.0,12625.38,0.07,38.6,11780.2,CANCELADO,2023-02-03,PEDIDO COM DATA
4047,982,458,2.0,11620.7,0.05,134.53,25248.04,ENVIADO,2022-09-30,PEDIDO COM DATA
4048,680,524,8.0,517.78,0.29,61.81,3002.8,PAGO,,PEDIDO SEM DATA
4049,395,42,9.0,8619.1,0.14,46.94,66758.77,PAGO,2024-04-12,PEDIDO COM DATA
4052,520,737,10.0,5164.46,0.16,11.24,43392.7,PENDENTE,2025-04-12,PEDIDO COM DATA
4056,49,596,5.0,3516.43,0.16,58.77,14827.78,PENDENTE,2022-01-14,PEDIDO COM DATA
4057,534,779,7.0,12340.46,0.27,14.01,63073.76,CANCELADO,2024-02-09,PEDIDO COM DATA
4059,222,802,9.0,9687.34,0.0,112.36,87298.42,ENVIADO,2024-10-11,PEDIDO COM DATA
4060,264,800,8.0,9785.82,0.24,87.57,59585.36,PENDENTE,2023-06-21,PEDIDO COM DATA
4061,294,560,1.0,8385.31,0.0,90.05,7804.54,ENVIADO,2023-06-11,PEDIDO COM DATA
4064,346,868,4.0,5041.54,0.17,68.67,0.0,PENDENTE,2023-07-22,PEDIDO COM DATA
4065,440,85,6.0,13200.43,0.14,90.92,68205.14,CANCELADO,2024-04-21,PEDIDO COM DATA
4066,708,163,8.0,11134.36,0.28,120.54,0.0,CANCELADO,,PEDIDO SEM DATA
4069,123,394,4.0,1762.19,0.09,145.97,6560.34,PAGO,2022-07-11,PEDIDO COM DATA
4070,588,68,10.0,2487.78,0.07,110.09,0.0,CANCELADO,2023-04-06,PEDIDO COM DATA
4072,372,644,5.0,13855.41,0.05,79.35,65892.55,PAGO,2023-10-01,PEDIDO COM DATA
4073,661,218,10.0,12389.35,0.2,124.29,99239.09,ENVIADO,2023-09-13,PEDIDO COM DATA
4076,907,523,8.0,429.92,0.04,16.67,3318.46,PENDENTE,2022-11-07,PEDIDO COM DATA
4077,158,259,5.0,3299.08,0.12,31.46,25248.04,ENVIADO,,PEDIDO SEM DATA
4079,975,744,3.0,14750.42,0.23,73.44,34146.91,CANCELADO,2024-04-06,PEDIDO COM DATA
4080,705,65,8.0,12632.18,0.16,80.17,84968.42,ENVIADO,2022-10-12,PEDIDO COM DATA
4082,499,724,2.0,11836.82,0.0,16.24,18244.94,PAGO,2025-01-14,PEDIDO COM DATA
4085,603,167,4.0,5828.1,0.02,23.15,22869.3,PENDENTE,2024-10-22,PEDIDO COM DATA
4086,135,515,2.0,1234.33,0.01,26.75,2470.72,PENDENTE,2024-05-27,PEDIDO COM DATA
4087,931,908,5.0,6710.36,0.28,130.63,24287.93,PENDENTE,2023-03-13,PEDIDO COM DATA
4088,808,504,3.0,2981.36,0.04,82.63,8668.95,ENVIADO,2022-04-12,PEDIDO COM DATA
4089,327,293,5.0,422.71,0.28,106.49,1628.25,PAGO,,PEDIDO SEM DATA
4091,938,11,1.0,4153.8,0.23,53.88,3252.31,PENDENTE,2022-12-07,PEDIDO COM DATA
4092,870,932,10.0,13111.1,0.06,30.61,123274.95,CANCELADO,2022-05-30,PEDIDO COM DATA
4095,854,512,9.0,12159.01,0.13,41.17,25248.04,PENDENTE,2022-08-17,PEDIDO COM DATA
4098,908,99,8.0,7254.25,0.22,10.85,45277.37,PAGO,2024-01-13,PEDIDO COM DATA
4099,298,331,2.0,6327.47,0.06,44.16,11939.8,PAGO,2024-07-21,PEDIDO COM DATA
4100,108,871,9.0,8231.95,0.17,29.22,61521.89,ENVIADO,2023-01-19,PEDIDO COM DATA
4101,703,199,1.0,10309.04,0.1,139.45,9417.59,PENDENTE,,PEDIDO SEM DATA
4103,30,186,9.0,10527.78,0.21,34.86,25248.04,PENDENTE,,PEDIDO SEM DATA
4104,355,110,3.0,2562.99,0.13,99.93,6789.33,PENDENTE,2024-05-18,PEDIDO COM DATA
4108,517,29,9.0,12056.41,0.0,21.66,87912.89,PENDENTE,,PEDIDO SEM DATA
4109,117,1000,3.0,13582.52,0.0,117.11,35160.01,PENDENTE,,PEDIDO SEM DATA
4110,604,97,-5.0,9085.12,0.07,137.56,42383.37,PAGO,2024-10-10,PEDIDO COM DATA
4111,420,66,1.0,8499.0,0.17,121.13,7175.3,ENVIADO,2023-01-14,PEDIDO COM DATA
4112,889,485,10.0,14708.64,0.22,59.55,114786.94,PAGO,2024-09-18,PEDIDO COM DATA
4114,462,487,2.0,7074.05,0.01,128.11,14134.73,CANCELADO,2024-03-09,PEDIDO COM DATA
4116,10,739,8.0,13967.27,0.2,88.58,25248.04,CANCELADO,2022-05-05,PEDIDO COM DATA
4118,714,535,2.0,10724.38,0.07,133.22,20080.57,PENDENTE,2025-03-21,PEDIDO COM DATA
4121,60,589,0.0,13841.26,0.0,76.07,11979.55,CANCELADO,2022-02-23,PEDIDO COM DATA
4122,789,279,7.0,10577.73,0.2,10.52,59245.81,CANCELADO,2022-11-17,PEDIDO COM DATA
4126,353,935,7.0,5385.29,0.07,76.28,25248.04,ENVIADO,2025-01-06,PEDIDO COM DATA
4127,57,84,3.0,535.72,0.22,120.42,1374.0,ENVIADO,2024-08-24,PEDIDO COM DATA
4129,961,808,9.0,6735.4,0.22,109.13,47391.64,PAGO,2024-10-07,PEDIDO COM DATA
4130,81,234,6.0,12689.35,0.02,96.63,74710.01,PAGO,2024-12-12,PEDIDO COM DATA
4131,908,817,4.0,12055.87,0.25,146.87,36314.48,CANCELADO,2025-01-12,PEDIDO COM DATA
4132,201,625,2.0,12045.74,0.14,84.98,25248.04,CANCELADO,2023-03-01,PEDIDO COM DATA
4135,109,126,3.0,14463.82,0.24,91.92,33069.43,PENDENTE,2023-09-28,PEDIDO COM DATA
4136,507,486,7.0,673.57,0.07,13.12,4398.06,ENVIADO,2022-08-06,PEDIDO COM DATA
4137,143,791,7.0,5047.35,0.05,73.84,33638.72,CANCELADO,2025-01-14,PEDIDO COM DATA
4138,291,189,10.0,1276.45,0.02,125.58,12634.79,PAGO,2022-11-28,PEDIDO COM DATA
4139,566,747,8.0,6500.15,0.27,20.47,37981.35,PAGO,2022-06-20,PEDIDO COM DATA
4142,488,493,5.0,4459.7,0.06,144.05,21104.64,ENVIADO,2025-01-11,PEDIDO COM DATA
4143,162,468,7.0,656.33,0.02,112.35,4614.77,CANCELADO,2023-07-11,PEDIDO COM DATA
4144,662,969,9.0,2838.61,0.11,141.61,22878.88,CANCELADO,2023-07-10,PEDIDO COM DATA
4145,481,973,0.0,2495.03,0.01,42.47,4982.63,ENVIADO,2024-06-15,PEDIDO COM DATA
4146,494,991,6.0,2986.58,0.28,89.5,12991.53,CANCELADO,2022-08-28,PEDIDO COM DATA
4147,664,776,5.0,7700.76,0.08,125.64,35549.14,ENVIADO,,PEDIDO SEM DATA
4149,575,131,3.0,5911.67,0.12,52.94,15659.75,ENVIADO,2023-12-13,PEDIDO COM DATA
4151,246,199,9.0,7433.53,0.28,102.66,48271.93,PAGO,2025-02-07,PEDIDO COM DATA
4152,285,913,1.0,849.17,0.15,41.28,763.07,ENVIADO,2022-03-26,PEDIDO COM DATA
4153,647,871,4.0,4805.51,0.14,29.4,16560.35,ENVIADO,2022-11-02,PEDIDO COM DATA
4154,254,658,4.0,3304.94,0.22,32.2,10343.61,ENVIADO,2022-07-25,PEDIDO COM DATA
4155,911,947,6.0,7924.5,0.09,48.09,43315.86,PAGO,2025-03-22,PEDIDO COM DATA
4157,234,153,1.0,11416.57,0.07,78.61,10696.02,ENVIADO,2024-12-28,PEDIDO COM DATA
4158,85,283,6.0,5167.52,0.23,93.17,23967.11,PENDENTE,2024-05-27,PEDIDO COM DATA
4159,168,812,4.0,3078.89,0.24,84.62,9444.45,ENVIADO,2025-01-13,PEDIDO COM DATA
4161,860,454,1.0,5328.0,0.03,131.46,5299.62,CANCELADO,2024-03-20,PEDIDO COM DATA
4162,648,670,6.0,5064.76,0.04,56.93,29229.95,PAGO,2024-06-22,PEDIDO COM DATA
4165,575,970,2.0,8650.98,0.19,116.57,25248.04,PENDENTE,,PEDIDO SEM DATA
4166,251,150,8.0,5549.15,0.04,110.66,42728.13,PAGO,2023-05-12,PEDIDO COM DATA
4168,699,783,2.0,14712.42,0.1,149.25,26631.61,PENDENTE,2023-01-28,PEDIDO COM DATA
4170,83,207,5.0,9302.08,0.07,133.34,43388.01,PENDENTE,2022-01-17,PEDIDO COM DATA
4171,900,754,5.0,2436.18,0.0,124.59,9138.46,PENDENTE,2025-02-18,PEDIDO COM DATA
4174,52,618,5.0,5024.43,0.02,111.82,24731.53,PENDENTE,,PEDIDO SEM DATA
4175,795,711,3.0,9662.3,0.1,77.46,26165.67,CANCELADO,2023-09-25,PEDIDO COM DATA
4176,943,266,9.0,3347.68,0.15,139.16,25748.91,PAGO,2024-03-26,PEDIDO COM DATA
4180,282,976,3.0,2900.7,0.0,63.34,8765.44,PENDENTE,2024-01-02,PEDIDO COM DATA
4181,498,265,4.0,4540.87,0.04,85.8,17522.74,PENDENTE,2022-07-25,PEDIDO COM DATA
4184,942,444,6.0,8978.51,0.27,145.74,39471.61,CANCELADO,2025-01-20,PEDIDO COM DATA
4187,815,507,8.0,8593.59,0.06,16.11,64639.91,ENVIADO,2024-08-07,PEDIDO COM DATA
4188,19,740,1.0,9558.39,0.04,22.45,9198.5,CANCELADO,2022-01-21,PEDIDO COM DATA
4189,440,854,3.0,7293.26,0.17,17.11,18177.33,ENVIADO,2023-07-09,PEDIDO COM DATA
4190,444,144,10.0,11936.09,0.29,103.13,84849.37,CANCELADO,2024-09-02,PEDIDO COM DATA
4191,495,39,5.0,2480.98,0.2,120.04,10043.96,PAGO,2022-01-13,PEDIDO COM DATA
4192,350,278,6.0,858.99,0.19,38.72,4213.41,CANCELADO,2023-09-01,PEDIDO COM DATA
4193,970,199,0.0,6463.9,0.0,31.64,18389.12,ENVIADO,2024-05-08,PEDIDO COM DATA
4196,333,345,6.0,6693.0,0.09,118.98,36662.76,PAGO,2024-06-07,PEDIDO COM DATA
4198,331,813,3.0,8020.69,0.08,40.74,22177.84,CANCELADO,2024-05-01,PEDIDO COM DATA
4199,810,337,3.0,9540.04,0.12,80.39,25211.59,CANCELADO,2025-03-15,PEDIDO COM DATA
4200,670,711,10.0,14672.44,0.01,12.3,145269.46,ENVIADO,2024-12-23,PEDIDO COM DATA
4202,116,696,10.0,11178.43,0.19,138.55,90683.83,PAGO,2022-06-18,PEDIDO COM DATA
4203,408,72,3.0,4669.83,0.12,56.51,12384.86,PAGO,2022-12-25,PEDIDO COM DATA
4206,274,128,2.0,2026.45,0.29,95.41,2972.97,ENVIADO,2022-12-11,PEDIDO COM DATA
4207,876,787,4.0,1380.38,0.07,106.3,25248.04,PENDENTE,2022-08-11,PEDIDO COM DATA
4208,679,242,-1.0,14325.98,0.05,33.26,122520.39,ENVIADO,2025-04-06,PEDIDO COM DATA
4209,646,747,1.0,3878.62,0.19,97.65,3239.33,PENDENTE,2022-02-05,PEDIDO COM DATA
4211,535,943,9.0,4069.82,0.02,71.35,35967.16,PAGO,2022-01-13,PEDIDO COM DATA
4212,54,854,2.0,8006.61,0.26,18.52,11868.3,CANCELADO,,PEDIDO SEM DATA
4214,154,76,9.0,14031.32,0.17,148.32,25248.04,PAGO,2022-04-13,PEDIDO COM DATA
4217,282,621,3.0,2368.47,0.17,67.78,5965.27,CANCELADO,,PEDIDO SEM DATA
4218,96,851,1.0,12704.28,0.05,140.27,12209.34,ENVIADO,2022-08-25,PEDIDO COM DATA
4219,976,340,8.0,2493.66,0.01,47.15,25248.04,PENDENTE,2024-09-04,PEDIDO COM DATA
4220,497,175,6.0,12553.73,0.24,13.98,57258.99,PAGO,2022-03-04,PEDIDO COM DATA
4223,674,310,6.0,3762.99,0.22,130.65,17741.44,PAGO,2023-01-26,PEDIDO COM DATA
4224,239,401,4.0,6993.97,0.26,146.27,20848.42,PAGO,2024-07-21,PEDIDO COM DATA
4226,957,140,7.0,12994.96,0.29,95.27,64680.22,PAGO,2022-12-27,PEDIDO COM DATA
4227,359,135,10.0,1483.63,0.0,38.38,13094.32,CANCELADO,2025-02-03,PEDIDO COM DATA
4229,193,34,9.0,11024.48,0.27,110.94,72541.77,CANCELADO,2022-03-16,PEDIDO COM DATA
4231,950,522,4.0,2124.5,0.17,80.39,7177.89,CANCELADO,,PEDIDO SEM DATA
4232,592,884,10.0,3364.46,0.09,74.01,30690.6,PENDENTE,2022-01-05,PEDIDO COM DATA
4234,667,260,7.0,4373.01,0.16,142.94,25856.24,PENDENTE,2022-07-18,PEDIDO COM DATA
4235,892,221,6.0,4339.2,0.18,53.89,21402.75,PENDENTE,2025-01-03,PEDIDO COM DATA
4236,764,383,7.0,1184.96,0.0,35.99,7252.4,CANCELADO,2024-03-01,PEDIDO COM DATA
4239,847,245,3.0,551.92,0.02,131.87,1754.51,ENVIADO,2025-02-27,PEDIDO COM DATA
4241,609,449,9.0,1027.26,0.05,63.15,8846.22,PAGO,2022-04-22,PEDIDO COM DATA
4242,955,166,2.0,14978.74,0.04,20.25,28779.43,PAGO,2024-04-05,PEDIDO COM DATA
4243,470,225,2.0,11936.31,0.14,126.42,20656.87,ENVIADO,2024-10-21,PEDIDO COM DATA
4244,10,332,5.0,8137.49,0.28,101.05,29396.01,PAGO,2023-07-08,PEDIDO COM DATA
4246,996,747,3.0,10317.25,0.18,42.72,25423.16,ENVIADO,2023-06-29,PEDIDO COM DATA
4248,817,574,4.0,14648.58,0.13,97.71,51074.77,ENVIADO,2024-07-10,PEDIDO COM DATA
4249,29,90,5.0,13867.78,0.0,57.64,52061.82,ENVIADO,2024-04-11,PEDIDO COM DATA
4250,744,497,-5.0,6551.2,0.14,109.92,39548.14,PAGO,2024-03-31,PEDIDO COM DATA
4252,815,533,1.0,6045.74,0.0,133.77,6058.6,PENDENTE,2022-10-29,PEDIDO COM DATA
4253,233,487,6.0,344.53,0.3,127.47,1574.5,ENVIADO,2023-01-09,PEDIDO COM DATA
4254,57,385,9.0,3085.57,0.14,57.02,23939.33,PAGO,2024-08-22,PEDIDO COM DATA
4255,67,45,6.0,5666.7,0.01,13.13,33673.33,PAGO,2025-01-04,PEDIDO COM DATA
4256,280,857,-5.0,4754.6,0.26,145.81,7182.62,PENDENTE,2025-03-18,PEDIDO COM DATA
4258,726,142,3.0,6416.71,0.29,56.33,13723.92,PAGO,2024-08-07,PEDIDO COM DATA
4260,869,597,4.0,12276.71,0.11,75.01,43780.1,CANCELADO,2023-07-01,PEDIDO COM DATA
4261,486,823,2.0,8091.41,0.17,102.32,13534.06,PENDENTE,2023-10-13,PEDIDO COM DATA
4262,336,650,8.0,1532.93,0.06,14.42,11542.05,CANCELADO,2023-04-15,PEDIDO COM DATA
4263,220,644,3.0,10798.59,0.09,33.04,29513.19,PAGO,2022-01-08,PEDIDO COM DATA
4265,950,708,8.0,10065.89,0.03,48.21,78159.52,PAGO,2022-02-21,PEDIDO COM DATA
4267,498,149,9.0,1628.18,0.04,80.39,14106.72,CANCELADO,2023-07-03,PEDIDO COM DATA
4268,352,774,10.0,10563.7,0.22,117.7,82514.56,ENVIADO,2022-03-19,PEDIDO COM DATA
4269,355,421,3.0,7866.31,0.09,130.7,21605.73,PAGO,,PEDIDO SEM DATA
4270,992,421,3.0,9230.99,0.07,111.36,25865.82,PAGO,2023-02-21,PEDIDO COM DATA
4272,371,371,6.0,5798.31,0.3,36.38,24389.28,CANCELADO,2024-07-24,PEDIDO COM DATA
4274,860,416,3.0,10921.68,0.1,23.61,29512.15,PAGO,2023-07-20,PEDIDO COM DATA
4276,919,577,10.0,11011.23,0.15,80.39,93630.09,PENDENTE,2023-08-03,PEDIDO COM DATA
4277,95,450,2.0,9966.54,0.02,101.39,25248.04,CANCELADO,2023-07-30,PEDIDO COM DATA
4279,668,702,4.0,3791.7,0.2,145.97,12279.41,CANCELADO,2023-08-31,PEDIDO COM DATA
4280,233,852,1.0,5192.04,0.02,111.4,5199.6,CANCELADO,2024-04-12,PEDIDO COM DATA
4282,248,116,8.0,11907.81,0.28,119.98,68708.97,PENDENTE,,PEDIDO SEM DATA
4283,508,41,8.0,2868.97,0.19,61.92,18652.85,ENVIADO,2023-02-03,PEDIDO COM DATA
4284,303,103,3.0,3393.99,0.2,76.13,8221.71,CANCELADO,2022-11-15,PEDIDO COM DATA
4287,10,482,5.0,4136.91,0.2,51.1,16598.74,CANCELADO,2023-10-24,PEDIDO COM DATA
4288,119,776,3.0,11465.08,0.22,136.83,26965.12,PAGO,2025-04-01,PEDIDO COM DATA
4289,931,231,7.0,8139.19,0.13,19.28,49586.95,ENVIADO,2023-08-03,PEDIDO COM DATA
4292,193,155,6.0,3004.55,0.14,100.39,15603.87,CANCELADO,2022-09-07,PEDIDO COM DATA
4294,484,471,5.0,4117.11,0.19,58.92,16733.22,PAGO,2023-04-02,PEDIDO COM DATA
4295,825,546,4.0,2190.44,0.25,21.48,6592.8,ENVIADO,2024-05-09,PEDIDO COM DATA
4297,98,2,1.0,13545.23,0.09,80.39,12455.63,CANCELADO,2022-03-17,PEDIDO COM DATA
4299,958,630,4.0,5786.91,0.23,90.22,17913.9,PAGO,2024-01-13,PEDIDO COM DATA
4301,374,191,4.0,13833.17,0.01,80.39,54875.18,PAGO,,PEDIDO SEM DATA
4302,292,47,8.0,5492.86,0.27,81.65,32159.95,CANCELADO,2023-11-16,PEDIDO COM DATA
4303,518,843,8.0,3094.61,0.02,80.39,24320.91,ENVIADO,2023-01-24,PEDIDO COM DATA
4304,837,415,8.0,12338.14,0.17,15.48,81940.73,CANCELADO,2022-03-09,PEDIDO COM DATA
4305,198,345,8.0,7903.85,0.0,37.58,44931.45,ENVIADO,2022-11-07,PEDIDO COM DATA
4306,640,378,4.0,5958.81,0.09,47.97,21738.04,PENDENTE,2024-02-16,PEDIDO COM DATA
4307,740,6,9.0,8710.13,0.0,147.07,65995.65,PAGO,2024-09-01,PEDIDO COM DATA
4308,974,847,6.0,14410.22,0.24,126.89,65837.49,PAGO,2022-02-26,PEDIDO COM DATA
4309,198,53,9.0,8645.52,0.24,139.15,59274.51,PAGO,2023-05-27,PEDIDO COM DATA
4311,645,394,1.0,4393.95,0.21,84.32,3555.54,CANCELADO,2022-01-14,PEDIDO COM DATA
4313,908,788,5.0,2467.16,0.12,149.65,11005.15,ENVIADO,2023-08-31,PEDIDO COM DATA
4314,79,63,8.0,8236.57,0.23,34.05,50771.32,PENDENTE,2023-03-28,PEDIDO COM DATA
4315,67,420,3.0,7249.0,0.09,24.11,19813.88,PENDENTE,2024-12-25,PEDIDO COM DATA
4316,691,243,2.0,6032.6,0.05,16.56,11478.5,CANCELADO,2022-09-01,PEDIDO COM DATA
4319,806,267,3.0,10916.3,0.08,112.24,30241.23,PENDENTE,2023-01-22,PEDIDO COM DATA
4320,847,121,7.0,14689.51,0.25,17.21,77137.14,PAGO,2023-08-21,PEDIDO COM DATA
4324,57,695,3.0,981.22,0.06,136.96,2904.0,CANCELADO,2023-10-21,PEDIDO COM DATA
4325,516,191,1.0,391.69,0.17,115.91,441.01,CANCELADO,2023-05-22,PEDIDO COM DATA
4326,3,640,3.0,3282.57,0.15,75.93,8446.48,ENVIADO,2024-06-22,PEDIDO COM DATA
4327,26,612,9.0,8532.79,0.11,131.38,68479.03,PAGO,2022-11-18,PEDIDO COM DATA
4330,429,881,10.0,7055.37,0.15,37.13,60007.77,PENDENTE,2024-01-21,PEDIDO COM DATA
4331,320,591,1.0,8136.55,0.13,148.12,7226.92,PENDENTE,2022-11-09,PEDIDO COM DATA
4332,269,798,7.0,8816.86,0.07,123.4,57521.16,PENDENTE,2024-03-05,PEDIDO COM DATA
4333,201,54,10.0,2262.79,0.05,123.81,21620.32,PAGO,,PEDIDO SEM DATA
4334,840,630,8.0,3591.76,0.06,97.54,27107.58,ENVIADO,2024-08-31,PEDIDO COM DATA
4335,240,630,1.0,2865.1,0.23,89.65,2295.78,CANCELADO,2022-03-18,PEDIDO COM DATA
4336,812,879,5.0,3448.44,0.17,137.55,14448.58,ENVIADO,2024-08-02,PEDIDO COM DATA
4337,564,836,10.0,7116.81,0.03,56.16,69089.22,ENVIADO,2024-01-24,PEDIDO COM DATA
4338,467,899,3.0,541.12,0.26,16.57,1217.86,ENVIADO,2023-07-14,PEDIDO COM DATA
4339,936,732,4.0,12631.69,0.05,24.33,48024.75,CANCELADO,2022-06-07,PEDIDO COM DATA
4340,380,227,1.0,14506.9,0.03,108.36,14180.05,PENDENTE,2024-10-14,PEDIDO COM DATA
4341,981,911,5.0,6824.65,0.0,89.34,34212.59,PENDENTE,2024-01-01,PEDIDO COM DATA
4342,693,356,6.0,5001.21,0.19,142.39,24448.27,CANCELADO,2024-01-03,PEDIDO COM DATA
4343,329,703,6.0,5202.16,0.07,114.95,29143.0,ENVIADO,2022-01-20,PEDIDO COM DATA
4344,926,371,10.0,10771.38,0.07,96.69,100270.52,PENDENTE,2025-01-20,PEDIDO COM DATA
4345,100,762,8.0,956.38,0.12,78.15,6811.07,PENDENTE,2025-04-11,PEDIDO COM DATA
4347,566,899,9.0,6969.5,0.0,131.62,62857.12,PENDENTE,2023-11-01,PEDIDO COM DATA
4348,939,337,1.0,9238.52,0.29,36.46,6595.81,PENDENTE,2025-02-06,PEDIDO COM DATA
4349,558,241,4.0,14504.25,0.06,105.13,54641.11,CANCELADO,2025-03-10,PEDIDO COM DATA
4351,401,301,8.0,591.57,0.24,77.04,25248.04,PAGO,2022-10-16,PEDIDO COM DATA
4352,926,645,5.0,6654.89,0.0,98.98,31376.96,PAGO,2022-08-21,PEDIDO COM DATA
4353,10,204,8.0,6459.09,0.0,47.85,51720.57,ENVIADO,2023-03-20,PEDIDO COM DATA
4354,517,54,3.0,7330.04,0.02,41.93,21592.25,PAGO,2023-05-26,PEDIDO COM DATA
4356,596,330,8.0,2408.91,0.08,139.36,17868.94,PAGO,2022-03-21,PEDIDO COM DATA
4357,358,205,5.0,159.96,0.07,80.39,823.38,PAGO,2024-08-22,PEDIDO COM DATA
4359,630,385,-1.0,4767.82,0.17,89.11,11960.98,ENVIADO,2022-11-27,PEDIDO COM DATA
4365,50,78,4.0,6064.05,0.04,57.07,23343.02,ENVIADO,2023-10-24,PEDIDO COM DATA
4367,220,646,6.0,7404.28,0.19,138.26,36123.06,ENVIADO,2023-01-29,PEDIDO COM DATA
4370,125,719,10.0,6919.98,0.02,80.39,67868.8,CANCELADO,2022-01-23,PEDIDO COM DATA
4371,503,167,-5.0,13753.2,0.17,13.79,22844.1,CANCELADO,2024-05-09,PEDIDO COM DATA
4372,832,801,9.0,7500.0,0.26,52.68,50002.68,ENVIADO,2024-05-11,PEDIDO COM DATA
4373,147,644,6.0,1943.07,0.07,23.37,10865.7,CANCELADO,2024-07-05,PEDIDO COM DATA
4374,244,808,9.0,3452.44,0.0,137.43,30898.67,CANCELADO,2023-05-30,PEDIDO COM DATA
4375,585,497,10.0,1999.75,0.23,36.01,15434.09,PAGO,2023-04-16,PEDIDO COM DATA
4377,295,112,1.0,12146.28,0.12,91.67,10780.4,PENDENTE,2024-09-18,PEDIDO COM DATA
4378,947,413,5.0,2197.94,0.13,56.85,9617.89,ENVIADO,2023-07-01,PEDIDO COM DATA
4379,229,406,10.0,1364.74,0.29,51.27,25248.04,PAGO,,PEDIDO SEM DATA
4380,107,932,8.0,4505.16,0.1,28.33,32465.48,PAGO,2022-12-21,PEDIDO COM DATA
4383,556,358,6.0,4087.8,0.11,77.88,21906.73,PAGO,2024-09-17,PEDIDO COM DATA
4384,496,298,10.0,13242.27,0.01,127.0,131225.47,PENDENTE,2022-02-20,PEDIDO COM DATA
4385,778,456,7.0,2281.0,0.28,106.28,11602.52,CANCELADO,2024-10-22,PEDIDO COM DATA
4386,178,975,2.0,14103.9,0.13,61.72,24602.51,CANCELADO,2023-02-22,PEDIDO COM DATA
4389,774,445,7.0,11098.02,0.3,80.39,54500.83,PAGO,2024-04-16,PEDIDO COM DATA
4390,332,867,1.0,2596.18,0.09,28.78,2391.3,ENVIADO,2024-01-04,PEDIDO COM DATA
4392,715,583,7.0,6130.12,0.07,86.95,25248.04,ENVIADO,2024-09-13,PEDIDO COM DATA
4394,383,440,6.0,14558.1,0.24,34.85,66419.79,CANCELADO,2024-06-06,PEDIDO COM DATA
4397,25,395,8.0,14237.83,0.07,68.49,105997.95,PAGO,2022-08-25,PEDIDO COM DATA
4399,434,741,7.0,7238.09,0.11,120.29,45213.59,PENDENTE,,PEDIDO SEM DATA
4403,470,34,0.0,4128.62,0.28,133.2,0.0,PENDENTE,2024-07-08,PEDIDO COM DATA
4404,23,47,6.0,6140.11,0.01,84.59,36556.84,CANCELADO,2022-08-05,PEDIDO COM DATA
4405,268,270,8.0,4238.08,0.19,111.18,27573.94,ENVIADO,2025-01-09,PEDIDO COM DATA
4406,353,202,9.0,9098.99,0.06,62.52,77039.98,PENDENTE,2024-08-06,PEDIDO COM DATA
4408,828,34,9.0,4848.95,0.21,102.22,34578.25,CANCELADO,2024-12-12,PEDIDO COM DATA
4409,838,388,5.0,14990.78,0.28,82.99,54049.8,ENVIADO,2023-09-16,PEDIDO COM DATA
4410,5,161,3.0,12170.9,0.02,80.39,35867.28,CANCELADO,2022-10-02,PEDIDO COM DATA
4411,178,744,8.0,3679.62,0.28,80.39,21332.65,PAGO,2022-06-14,PEDIDO COM DATA
4413,754,199,7.0,7364.17,0.28,65.97,25248.04,PAGO,,PEDIDO SEM DATA
4414,893,476,3.0,2684.25,0.12,143.63,7230.05,ENVIADO,2023-05-12,PEDIDO COM DATA
4415,286,929,1.0,9099.42,0.1,65.3,8254.78,CANCELADO,2022-11-08,PEDIDO COM DATA
4418,470,686,4.0,10361.66,0.07,25.76,38571.14,ENVIADO,2023-12-21,PEDIDO COM DATA
4419,705,802,6.0,2383.35,0.23,105.37,11116.45,PENDENTE,2022-10-18,PEDIDO COM DATA
4421,871,233,4.0,8679.82,0.1,41.42,31288.77,PAGO,,PEDIDO SEM DATA
4422,668,806,9.0,9195.75,0.19,51.95,67088.97,PAGO,2023-02-20,PEDIDO COM DATA
4424,40,445,9.0,8206.12,0.22,79.46,57686.42,ENVIADO,2022-04-24,PEDIDO COM DATA
4425,214,845,5.0,9708.54,0.04,85.24,46686.23,PENDENTE,2023-02-13,PEDIDO COM DATA
4427,985,398,6.0,13220.16,0.19,141.8,64391.78,ENVIADO,,PEDIDO SEM DATA
4429,893,429,3.0,6756.22,0.13,73.78,17707.51,CANCELADO,2022-06-10,PEDIDO COM DATA
4431,439,334,2.0,8623.56,0.0,105.38,15800.26,CANCELADO,2024-12-31,PEDIDO COM DATA
4432,496,572,10.0,4558.22,0.21,137.89,36147.83,PAGO,2024-12-20,PEDIDO COM DATA
4434,425,588,9.0,699.81,0.14,34.25,25248.04,CANCELADO,2022-03-17,PEDIDO COM DATA
4435,73,393,2.0,3753.19,0.2,141.53,6146.63,ENVIADO,2023-01-12,PEDIDO COM DATA
4437,94,472,10.0,10951.96,0.29,80.39,-500.0,CANCELADO,2023-09-26,PEDIDO COM DATA
4441,741,822,3.0,7549.31,0.05,77.52,21593.05,ENVIADO,2023-08-05,PEDIDO COM DATA
4442,612,488,3.0,10067.6,0.16,44.49,25414.84,PENDENTE,2023-02-27,PEDIDO COM DATA
4443,361,595,10.0,11582.98,0.07,61.4,107783.11,ENVIADO,2024-06-18,PEDIDO COM DATA
4444,443,576,10.0,10024.68,0.0,94.54,96331.47,ENVIADO,2024-01-01,PEDIDO COM DATA
4445,75,195,2.0,4869.72,0.08,80.39,8996.55,CANCELADO,2023-07-19,PEDIDO COM DATA
4447,256,691,4.0,10769.25,0.12,134.36,38042.12,PAGO,2024-01-17,PEDIDO COM DATA
4448,758,592,10.0,10306.2,0.15,125.78,87728.48,PAGO,2024-07-19,PEDIDO COM DATA
4449,317,87,9.0,4236.83,0.25,29.94,28628.54,PENDENTE,2022-10-04,PEDIDO COM DATA
4450,416,602,8.0,2873.38,0.2,55.58,18445.21,ENVIADO,2022-07-08,PEDIDO COM DATA
4452,271,879,8.0,781.31,0.21,80.39,5006.12,ENVIADO,,PEDIDO SEM DATA
4455,156,954,1.0,4197.75,0.05,82.64,4070.5,PENDENTE,2024-09-12,PEDIDO COM DATA
4458,185,551,5.0,5186.57,0.25,81.61,19531.25,PAGO,2025-01-28,PEDIDO COM DATA
4459,959,850,9.0,1813.55,0.08,40.04,15056.23,ENVIADO,2024-06-25,PEDIDO COM DATA
4461,746,102,10.0,6123.09,0.21,118.76,48491.17,ENVIADO,2024-02-16,PEDIDO COM DATA
4464,90,908,6.0,12209.71,0.11,28.29,65228.14,ENVIADO,2024-07-03,PEDIDO COM DATA
4465,680,605,5.0,10951.46,0.25,101.67,41169.64,PAGO,2024-12-24,PEDIDO COM DATA
4467,947,627,3.0,945.15,0.03,110.85,2861.24,PAGO,2024-04-19,PEDIDO COM DATA
4468,150,495,4.0,7805.0,0.03,107.67,30391.07,CANCELADO,2023-04-09,PEDIDO COM DATA
4470,593,191,4.0,10843.15,0.08,120.38,25248.04,ENVIADO,2024-03-18,PEDIDO COM DATA
4471,646,677,7.0,6703.01,0.2,98.27,37635.13,ENVIADO,2024-02-29,PEDIDO COM DATA
4473,900,30,6.0,5735.26,0.06,51.7,32398.57,ENVIADO,2023-08-19,PEDIDO COM DATA
4477,877,601,2.0,14619.69,0.1,135.51,26450.95,CANCELADO,2022-08-23,PEDIDO COM DATA
4481,552,744,7.0,5822.16,0.0,97.32,36776.93,PENDENTE,2024-09-12,PEDIDO COM DATA
4482,979,610,2.0,4467.76,0.28,43.16,6476.73,PENDENTE,2024-02-09,PEDIDO COM DATA
4483,895,993,1.0,13575.73,0.09,147.61,12501.52,PENDENTE,,PEDIDO SEM DATA
4484,760,853,3.0,4464.01,0.15,19.01,11402.24,PENDENTE,2025-03-12,PEDIDO COM DATA
4485,19,549,2.0,8574.15,0.04,56.42,16518.79,ENVIADO,2023-01-16,PEDIDO COM DATA
4486,476,687,1.0,1264.69,0.18,45.69,1082.74,PAGO,2023-02-16,PEDIDO COM DATA
4487,889,475,1.0,14875.64,0.14,25.52,12818.57,PAGO,2023-03-21,PEDIDO COM DATA
4488,295,157,9.0,14521.67,0.13,133.86,113838.54,ENVIADO,2022-10-01,PEDIDO COM DATA
4490,495,626,3.0,5520.16,0.17,80.39,13877.78,PAGO,2024-04-03,PEDIDO COM DATA
4493,927,751,7.0,14642.2,0.22,94.37,80040.78,ENVIADO,2024-12-15,PEDIDO COM DATA
4495,335,204,6.0,7086.92,0.2,12.86,34030.08,ENVIADO,2023-12-21,PEDIDO COM DATA
4502,965,806,2.0,5938.46,0.24,111.8,9138.26,PENDENTE,2024-04-24,PEDIDO COM DATA
4505,810,590,7.0,5292.55,0.14,127.5,31988.65,PAGO,,PEDIDO SEM DATA
4506,228,165,10.0,2193.11,0.17,51.75,18254.56,PENDENTE,2022-03-18,PEDIDO COM DATA
4508,789,464,6.0,2314.88,0.01,107.29,13857.68,PAGO,2023-06-29,PEDIDO COM DATA
4509,492,289,5.0,3480.47,0.26,80.39,12888.72,ENVIADO,2024-02-22,PEDIDO COM DATA
4510,953,792,3.0,4893.09,0.14,44.19,12668.36,CANCELADO,2022-10-27,PEDIDO COM DATA
4512,377,247,4.0,10814.68,0.14,82.02,37284.52,CANCELADO,2024-04-22,PEDIDO COM DATA
4514,377,361,10.0,12849.22,0.08,80.39,118351.36,PAGO,2025-01-27,PEDIDO COM DATA
4515,564,561,9.0,4206.34,0.24,103.45,28874.82,PAGO,,PEDIDO SEM DATA
4516,643,399,4.0,10277.4,0.29,130.48,29318.3,ENVIADO,2024-07-11,PEDIDO COM DATA
4518,272,947,5.0,5680.55,0.13,54.15,24764.54,ENVIADO,,PEDIDO SEM DATA
4520,149,970,6.0,10104.91,0.15,88.84,25248.04,CANCELADO,2025-01-13,PEDIDO COM DATA
4521,319,397,6.0,3946.94,0.21,35.24,18743.74,PENDENTE,2025-02-13,PEDIDO COM DATA
4522,749,123,8.0,10684.34,0.22,97.4,66767.68,ENVIADO,2024-09-16,PEDIDO COM DATA
4523,737,466,7.0,10628.05,0.18,105.88,61110.89,ENVIADO,2022-08-14,PEDIDO COM DATA
4525,157,726,7.0,11517.91,0.13,39.64,70183.71,ENVIADO,,PEDIDO SEM DATA
4526,137,48,3.0,14213.3,0.16,142.92,35960.44,CANCELADO,2022-07-02,PEDIDO COM DATA
4527,944,800,3.0,4209.9,0.18,112.6,10468.95,CANCELADO,2024-12-02,PEDIDO COM DATA
4528,871,876,5.0,14364.06,0.1,119.04,64757.31,ENVIADO,2022-09-17,PEDIDO COM DATA
4529,358,71,1.0,2915.39,0.21,20.48,2323.64,CANCELADO,2025-04-02,PEDIDO COM DATA
4531,406,628,2.0,7400.46,0.25,16.52,11117.21,PENDENTE,2022-06-13,PEDIDO COM DATA
4533,794,36,10.0,4080.55,0.3,59.19,28623.04,ENVIADO,2023-01-10,PEDIDO COM DATA
4534,669,996,7.0,10432.82,0.03,67.06,70905.91,CANCELADO,2023-10-26,PEDIDO COM DATA
4535,397,6,7.0,13960.21,0.05,59.04,92894.44,PAGO,2024-12-18,PEDIDO COM DATA
4538,486,622,2.0,291.2,0.01,80.39,25248.04,ENVIADO,,PEDIDO SEM DATA
4539,264,290,1.0,8970.85,0.23,80.39,7015.82,PENDENTE,,PEDIDO SEM DATA
4541,859,133,6.0,8123.77,0.05,44.36,46349.85,ENVIADO,2022-07-25,PEDIDO COM DATA
4543,413,128,5.0,90.76,0.08,70.06,0.0,PAGO,2022-04-27,PEDIDO COM DATA
4544,55,48,10.0,1631.79,0.0,110.96,15123.43,CANCELADO,2024-08-05,PEDIDO COM DATA
4547,874,937,9.0,6675.33,0.01,96.34,59573.53,ENVIADO,2022-09-09,PEDIDO COM DATA
4549,514,965,10.0,11428.47,0.29,80.39,25248.04,PAGO,2023-09-04,PEDIDO COM DATA
4553,438,53,5.0,11402.21,0.0,90.18,53680.57,CANCELADO,2025-02-21,PEDIDO COM DATA
4555,162,964,3.0,8363.15,0.23,56.73,19375.61,PAGO,2024-06-10,PEDIDO COM DATA
4559,985,784,4.0,12641.59,0.1,120.54,45630.26,PAGO,,PEDIDO SEM DATA
4560,720,498,10.0,8367.31,0.24,93.99,63685.55,ENVIADO,2023-02-16,PEDIDO COM DATA
4561,735,556,2.0,1861.33,0.09,86.48,3474.1,PAGO,2022-05-06,PEDIDO COM DATA
4562,172,351,6.0,13935.37,0.14,31.35,71937.86,PAGO,2024-07-16,PEDIDO COM DATA
4563,252,954,6.0,4536.2,0.26,61.16,20201.89,ENVIADO,2025-01-17,PEDIDO COM DATA
4565,267,551,2.0,8467.01,0.23,38.79,13077.99,CANCELADO,,PEDIDO SEM DATA
4567,834,506,6.0,9177.13,0.14,49.46,47403.45,ENVIADO,2022-02-05,PEDIDO COM DATA
4569,164,750,6.0,8897.24,0.0,29.49,39533.24,CANCELADO,2023-06-06,PEDIDO COM DATA
4571,641,467,5.0,3645.95,0.07,94.79,17048.46,PAGO,2024-04-20,PEDIDO COM DATA
4572,592,688,6.0,11985.85,0.22,79.25,0.0,PENDENTE,2023-01-25,PEDIDO COM DATA
4574,257,587,8.0,7726.88,0.25,72.57,46433.85,CANCELADO,2022-11-15,PEDIDO COM DATA
4578,309,737,8.0,7901.31,0.25,95.25,47503.11,PAGO,2024-12-17,PEDIDO COM DATA
4580,922,476,8.0,12907.7,0.1,26.13,92961.57,CANCELADO,2022-03-01,PEDIDO COM DATA
4581,331,314,8.0,7928.12,0.27,90.84,46391.06,PAGO,2023-09-22,PEDIDO COM DATA
4583,955,248,0.0,3678.91,0.23,25.28,8523.56,CANCELADO,,PEDIDO SEM DATA
4584,73,707,9.0,4570.87,0.13,94.93,35884.84,PAGO,2023-05-22,PEDIDO COM DATA
4588,167,520,1.0,9136.31,0.02,138.8,9092.38,ENVIADO,2022-08-25,PEDIDO COM DATA
4590,859,387,6.0,6757.03,0.06,134.42,38244.07,PAGO,2023-03-18,PEDIDO COM DATA
4591,552,808,2.0,7595.98,0.0,23.27,15215.23,PENDENTE,2024-03-10,PEDIDO COM DATA
4592,822,458,2.0,10475.27,0.29,129.09,15003.97,PAGO,2023-06-22,PEDIDO COM DATA
4595,974,444,2.0,5279.81,0.08,31.18,9746.03,PENDENTE,2022-09-03,PEDIDO COM DATA
4596,520,222,2.0,14184.98,0.0,33.99,21878.86,PAGO,2023-07-03,PEDIDO COM DATA
4597,379,316,4.0,14239.26,0.04,118.44,54797.2,CANCELADO,2022-10-04,PEDIDO COM DATA
4598,443,298,3.0,12246.5,0.15,101.73,31330.31,CANCELADO,2025-01-10,PEDIDO COM DATA
4601,512,939,4.0,8485.22,0.14,142.88,29332.04,PAGO,2024-07-13,PEDIDO COM DATA
4603,140,294,6.0,892.4,0.08,96.33,5022.38,CANCELADO,2022-08-07,PEDIDO COM DATA
4604,338,906,3.0,7412.09,0.12,142.71,19710.63,ENVIADO,2025-01-09,PEDIDO COM DATA
4605,932,187,2.0,1198.09,0.11,85.44,2218.04,CANCELADO,2024-05-03,PEDIDO COM DATA
4606,605,504,8.0,969.5,0.09,101.39,7159.35,CANCELADO,2023-01-10,PEDIDO COM DATA
4610,957,160,-1.0,10424.99,0.24,118.92,79348.84,CANCELADO,2024-02-05,PEDIDO COM DATA
4611,242,822,9.0,3233.52,0.2,82.25,25248.04,ENVIADO,2022-07-28,PEDIDO COM DATA
4612,624,439,1.0,11916.2,0.09,100.45,10944.19,CANCELADO,2024-03-16,PEDIDO COM DATA
4615,946,263,1.0,7925.28,0.18,24.02,6522.75,CANCELADO,2022-11-27,PEDIDO COM DATA
4616,400,300,3.0,9736.89,0.21,145.49,23221.92,CANCELADO,2022-10-01,PEDIDO COM DATA
4617,965,938,2.0,9766.13,0.03,122.88,19069.17,ENVIADO,2025-03-11,PEDIDO COM DATA
4618,259,152,8.0,14649.36,0.27,137.06,85689.32,PENDENTE,,PEDIDO SEM DATA
4619,614,649,4.0,5699.84,0.18,113.34,18808.82,PENDENTE,2024-04-15,PEDIDO COM DATA
4620,189,583,7.0,10701.47,0.17,58.28,62233.82,CANCELADO,2025-01-04,PEDIDO COM DATA
4621,915,282,1.0,4440.88,0.15,123.45,0.0,ENVIADO,2024-09-26,PEDIDO COM DATA
4622,723,261,1.0,9523.01,0.28,120.44,6977.01,CANCELADO,2025-03-26,PEDIDO COM DATA
4624,383,705,10.0,5083.75,0.13,106.1,44334.72,PENDENTE,2023-08-12,PEDIDO COM DATA
4625,244,653,8.0,371.06,0.14,36.17,2589.06,PAGO,2023-01-22,PEDIDO COM DATA
4626,389,565,10.0,3475.3,0.04,64.79,33427.67,PENDENTE,2022-11-01,PEDIDO COM DATA
4627,179,820,6.0,7224.09,0.16,130.54,25248.04,PAGO,2024-12-14,PEDIDO COM DATA
4628,279,177,1.0,11613.98,0.0,97.78,11711.76,CANCELADO,2025-03-27,PEDIDO COM DATA
4629,220,347,1.0,6031.03,0.27,73.44,4476.09,ENVIADO,2023-11-27,PEDIDO COM DATA
4633,191,239,10.0,5617.16,0.06,146.65,52947.95,ENVIADO,,PEDIDO SEM DATA
4634,794,342,5.0,8345.19,0.03,51.26,40525.43,PAGO,2022-10-16,PEDIDO COM DATA
4635,650,173,5.0,13242.08,0.28,126.88,47798.37,ENVIADO,2022-06-25,PEDIDO COM DATA
4636,363,755,2.0,3464.38,0.02,108.38,6898.56,PAGO,2025-02-18,PEDIDO COM DATA
4639,869,957,10.0,10903.08,0.07,20.28,101418.92,PENDENTE,2023-07-25,PEDIDO COM DATA
4640,500,766,2.0,685.12,0.08,75.08,1335.7,PENDENTE,2022-01-14,PEDIDO COM DATA
4642,284,251,9.0,8829.11,0.0,100.54,77178.67,CANCELADO,2022-05-11,PEDIDO COM DATA
4643,769,22,2.0,10031.17,0.13,68.74,17522.98,CANCELADO,2024-03-01,PEDIDO COM DATA
4645,722,625,7.0,3648.2,0.27,76.96,18719.26,PENDENTE,2025-03-16,PEDIDO COM DATA
4648,67,504,3.0,7272.29,0.15,109.0,18653.34,CANCELADO,2023-06-14,PEDIDO COM DATA
4657,184,268,0.0,7363.74,0.0,89.81,38086.71,ENVIADO,2022-04-16,PEDIDO COM DATA
4658,535,793,10.0,12865.7,0.21,77.01,101716.04,ENVIADO,2022-08-02,PEDIDO COM DATA
4659,738,843,6.0,6796.31,0.05,141.81,25248.04,PENDENTE,,PEDIDO SEM DATA
4660,589,846,2.0,2057.96,0.04,53.52,25248.04,ENVIADO,2024-09-17,PEDIDO COM DATA
4664,63,146,2.0,7684.1,0.28,139.4,11204.5,ENVIADO,2022-07-01,PEDIDO COM DATA
4667,49,457,2.0,659.6,0.0,13.09,1055.26,PENDENTE,2023-05-27,PEDIDO COM DATA
4668,313,230,4.0,10326.48,0.22,46.32,32264.94,PAGO,2022-12-19,PEDIDO COM DATA
4669,405,226,9.0,2496.09,0.09,137.12,20580.1,CANCELADO,2023-03-23,PEDIDO COM DATA
4670,741,755,1.0,8967.33,0.18,107.69,25248.04,PAGO,2022-05-23,PEDIDO COM DATA
4671,62,960,9.0,12420.34,0.12,125.77,98494.86,PAGO,2023-02-16,PEDIDO COM DATA
4672,159,64,10.0,2576.31,0.07,62.09,24021.77,PAGO,2022-04-19,PEDIDO COM DATA
4675,457,413,5.0,14527.08,0.24,113.52,55316.42,PENDENTE,2023-11-22,PEDIDO COM DATA
4677,20,173,3.0,8800.21,0.07,67.46,24620.05,PENDENTE,2023-10-02,PEDIDO COM DATA
4678,100,909,8.0,6277.47,0.2,96.37,40272.18,PAGO,2022-03-04,PEDIDO COM DATA
4679,948,156,1.0,9911.27,0.28,69.33,7205.44,PAGO,2022-06-05,PEDIDO COM DATA
4681,928,151,2.0,11315.86,0.0,111.27,16858.74,CANCELADO,2022-02-03,PEDIDO COM DATA
4685,251,821,1.0,9215.77,0.12,14.05,8123.93,CANCELADO,2023-04-29,PEDIDO COM DATA
4686,471,371,4.0,3286.58,0.18,107.17,10887.15,PENDENTE,2022-12-14,PEDIDO COM DATA
4689,386,528,10.0,2576.41,0.22,80.04,20176.04,ENVIADO,2022-04-25,PEDIDO COM DATA
4693,1000,36,9.0,1652.96,0.19,65.57,12115.65,CANCELADO,2023-10-15,PEDIDO COM DATA
4694,860,565,3.0,4369.55,0.13,29.05,11433.58,PAGO,2022-09-05,PEDIDO COM DATA
4695,393,23,1.0,14961.49,0.13,52.25,13068.75,ENVIADO,2024-04-02,PEDIDO COM DATA
4696,458,350,6.0,12497.28,0.2,72.0,60058.94,PAGO,2022-07-07,PEDIDO COM DATA
4697,829,367,4.0,5042.6,0.04,94.94,19458.52,PENDENTE,2024-08-14,PEDIDO COM DATA
4698,791,256,8.0,9528.43,0.14,145.09,65700.69,PENDENTE,2024-12-09,PEDIDO COM DATA
4699,258,488,8.0,14616.34,0.17,51.92,97104.42,PENDENTE,2024-04-15,PEDIDO COM DATA
4700,417,710,3.0,9708.86,0.16,16.86,24483.19,CANCELADO,2022-01-12,PEDIDO COM DATA
4701,380,726,1.0,3370.89,0.0,27.37,3094.88,ENVIADO,2022-05-10,PEDIDO COM DATA
4706,369,159,8.0,4158.23,0.2,113.66,26726.33,PAGO,2022-09-03,PEDIDO COM DATA
4708,701,771,9.0,5801.51,0.25,89.77,39249.96,PENDENTE,2022-03-05,PEDIDO COM DATA
4709,769,575,3.0,5243.47,0.06,115.14,14901.73,PENDENTE,2022-01-17,PEDIDO COM DATA
4710,362,105,6.0,7001.52,0.03,125.95,40874.8,CANCELADO,2023-09-15,PEDIDO COM DATA
4711,376,704,1.0,6674.35,0.25,20.85,5026.61,ENVIADO,2024-03-29,PEDIDO COM DATA
4712,284,550,9.0,11730.07,0.1,51.84,95065.41,CANCELADO,2024-11-11,PEDIDO COM DATA
4713,957,497,4.0,6845.29,0.27,35.9,20024.15,PAGO,2024-09-11,PEDIDO COM DATA
4715,252,891,10.0,10213.88,0.0,139.17,102277.97,CANCELADO,2022-01-01,PEDIDO COM DATA
4717,559,969,9.0,11069.72,0.2,34.0,79735.98,ENVIADO,2023-08-18,PEDIDO COM DATA
4719,906,38,2.0,12663.22,0.07,118.53,23672.12,PAGO,2022-05-11,PEDIDO COM DATA
4720,295,197,7.0,1490.6,0.15,55.86,8924.93,CANCELADO,2023-08-23,PEDIDO COM DATA
4722,60,985,9.0,11062.25,0.3,64.94,0.0,CANCELADO,2022-03-11,PEDIDO COM DATA
4723,113,861,5.0,12846.55,0.02,148.79,63096.89,CANCELADO,2024-10-02,PEDIDO COM DATA
4724,587,153,3.0,9175.57,0.02,134.45,27110.63,PAGO,2022-12-23,PEDIDO COM DATA
4725,692,693,3.0,1784.18,0.26,70.71,0.0,ENVIADO,2022-11-02,PEDIDO COM DATA
4727,416,71,2.0,10472.79,0.26,80.39,15512.76,PENDENTE,2024-09-16,PEDIDO COM DATA
4730,550,834,8.0,4801.64,0.19,80.39,25248.04,ENVIADO,2022-07-07,PEDIDO COM DATA
4731,425,78,6.0,4170.08,0.28,81.85,18096.6,PAGO,,PEDIDO SEM DATA
4732,320,655,6.0,3167.3,0.17,25.49,15798.64,ENVIADO,2025-03-02,PEDIDO COM DATA
4733,962,204,7.0,12509.88,0.13,147.01,76332.18,PAGO,2024-02-22,PEDIDO COM DATA
4734,137,268,9.0,1135.05,0.24,99.11,25248.04,CANCELADO,2023-03-12,PEDIDO COM DATA
4735,189,96,2.0,14593.38,0.03,86.48,28397.64,ENVIADO,2022-03-31,PEDIDO COM DATA
4736,328,944,5.0,13700.72,0.06,23.07,64416.45,PENDENTE,2023-01-11,PEDIDO COM DATA
4737,478,527,2.0,12259.21,0.1,134.87,22201.45,PAGO,2024-04-10,PEDIDO COM DATA
4738,473,165,4.0,13986.54,0.29,66.26,39788.03,PENDENTE,2023-08-15,PEDIDO COM DATA
4741,701,932,4.0,11463.25,0.12,86.05,40436.69,CANCELADO,2022-03-17,PEDIDO COM DATA
4742,577,724,1.0,9621.45,0.28,74.51,7001.95,PAGO,2022-08-04,PEDIDO COM DATA
4743,172,583,1.0,12384.91,0.24,115.51,9528.04,PENDENTE,2022-10-12,PEDIDO COM DATA
4745,853,97,5.0,13009.81,0.01,111.34,64509.9,PENDENTE,2022-06-29,PEDIDO COM DATA
4746,315,269,8.0,10853.28,0.28,45.21,62560.1,ENVIADO,2024-03-28,PEDIDO COM DATA
4748,428,251,6.0,4467.28,0.19,80.39,21860.13,ENVIADO,2024-08-10,PEDIDO COM DATA
4750,983,550,6.0,1365.23,0.03,136.39,8082.03,CANCELADO,2022-12-22,PEDIDO COM DATA
4751,26,348,7.0,9995.18,0.0,107.16,70073.42,ENVIADO,2024-02-07,PEDIDO COM DATA
4752,212,996,9.0,2236.7,0.12,16.45,17731.11,PAGO,2023-03-30,PEDIDO COM DATA
4755,536,998,7.0,743.4,0.11,66.95,4698.33,PAGO,2024-06-15,PEDIDO COM DATA
4756,453,249,3.0,9847.87,0.11,127.95,26421.76,PAGO,2022-12-04,PEDIDO COM DATA
4758,183,840,5.0,1586.43,0.3,80.39,5665.23,ENVIADO,2024-11-12,PEDIDO COM DATA
4759,166,336,10.0,7883.68,0.27,106.76,57657.62,PAGO,2022-12-15,PEDIDO COM DATA
4760,390,474,3.0,12103.59,0.3,29.19,25446.73,PENDENTE,2022-05-14,PEDIDO COM DATA
4761,59,609,10.0,14514.33,0.07,24.39,135007.66,ENVIADO,2024-11-13,PEDIDO COM DATA
4763,683,422,7.0,10029.26,0.26,24.17,51975.74,PAGO,2023-12-20,PEDIDO COM DATA
4764,111,981,4.0,9826.57,0.23,137.95,30403.79,CANCELADO,2023-09-19,PEDIDO COM DATA
4766,85,331,7.0,4812.03,0.15,76.31,28707.89,PENDENTE,2025-01-16,PEDIDO COM DATA
4767,74,205,0.0,266.54,0.16,14.03,1805.18,PAGO,2024-06-02,PEDIDO COM DATA
4768,797,398,9.0,2523.74,0.21,80.39,17965.11,ENVIADO,2023-09-04,PEDIDO COM DATA
4772,924,269,4.0,5167.82,0.06,61.14,19492.14,CANCELADO,2023-12-03,PEDIDO COM DATA
4774,437,656,10.0,10391.09,0.13,112.02,90514.5,PAGO,2023-06-13,PEDIDO COM DATA
4776,106,653,3.0,7917.58,0.13,80.39,20685.76,PAGO,2024-05-24,PEDIDO COM DATA
4780,235,199,9.0,14318.08,0.18,44.14,105711.57,CANCELADO,2023-03-25,PEDIDO COM DATA
4781,265,608,10.0,9707.09,0.0,57.48,97128.38,PAGO,,PEDIDO SEM DATA
4782,711,580,6.0,13549.03,0.15,129.97,69230.02,ENVIADO,2024-02-10,PEDIDO COM DATA
4783,46,477,10.0,8324.22,0.02,127.25,81704.61,ENVIADO,2023-03-20,PEDIDO COM DATA
4784,517,498,3.0,3377.91,0.24,101.53,7803.16,CANCELADO,2023-06-13,PEDIDO COM DATA
4785,499,370,0.0,10794.81,0.07,84.44,90437.0,CANCELADO,2024-08-05,PEDIDO COM DATA
4788,623,518,5.0,10803.84,0.21,100.35,42775.52,PENDENTE,,PEDIDO SEM DATA
4789,584,120,4.0,7721.38,0.0,149.86,26402.55,CANCELADO,2023-05-30,PEDIDO COM DATA
4791,858,523,6.0,5781.13,0.06,121.34,32726.91,CANCELADO,2022-10-08,PEDIDO COM DATA
4792,54,989,6.0,271.87,0.09,124.17,1608.58,PENDENTE,2024-07-14,PEDIDO COM DATA
4794,262,89,9.0,13912.59,0.2,133.92,-500.0,PENDENTE,2025-03-30,PEDIDO COM DATA
4797,106,237,6.0,10127.86,0.18,110.81,49939.88,PAGO,2023-12-13,PEDIDO COM DATA
4798,205,78,2.0,9828.79,0.11,29.63,17524.88,CANCELADO,2024-03-02,PEDIDO COM DATA
4799,351,25,6.0,6781.86,0.2,80.39,32642.56,PAGO,2022-06-12,PEDIDO COM DATA
4802,709,844,9.0,6755.59,0.25,139.96,45740.19,ENVIADO,2024-06-05,PEDIDO COM DATA
4803,40,168,9.0,13430.31,0.13,131.97,105291.3,CANCELADO,2024-08-09,PEDIDO COM DATA
4804,110,674,8.0,2390.39,0.08,66.03,17659.3,PENDENTE,2023-06-01,PEDIDO COM DATA
4806,92,375,7.0,13842.14,0.25,42.96,25248.04,PENDENTE,2023-04-05,PEDIDO COM DATA
4808,173,942,10.0,13940.31,0.2,24.33,111546.81,CANCELADO,2024-06-30,PEDIDO COM DATA
4809,8,930,10.0,2881.38,0.19,112.77,23451.95,ENVIADO,2022-09-09,PEDIDO COM DATA
4812,18,109,-1.0,8314.01,0.04,104.3,40011.55,ENVIADO,,PEDIDO SEM DATA
4813,369,144,8.0,2612.87,0.2,79.85,16802.22,PAGO,2022-12-19,PEDIDO COM DATA
4814,673,12,8.0,4465.6,0.12,110.03,31547.85,PAGO,2024-04-06,PEDIDO COM DATA
4816,501,271,3.0,13503.62,0.1,89.0,36548.77,PENDENTE,2024-07-28,PEDIDO COM DATA
4817,24,265,2.0,6552.72,0.24,38.04,9998.17,PAGO,2022-01-24,PEDIDO COM DATA
4818,405,505,1.0,12849.39,0.21,148.2,10299.22,PAGO,2022-03-05,PEDIDO COM DATA
4819,188,481,4.0,3484.46,0.1,88.15,0.0,PAGO,2025-01-14,PEDIDO COM DATA
4822,562,971,4.0,173.66,0.21,13.95,562.72,CANCELADO,2024-12-03,PEDIDO COM DATA
4823,839,560,8.0,4773.33,0.19,113.16,31044.34,PAGO,2022-09-23,PEDIDO COM DATA
4825,296,484,-5.0,14658.04,0.29,130.27,41759.1,ENVIADO,2022-12-20,PEDIDO COM DATA
4827,10,170,7.0,13495.6,0.13,83.57,82271.77,ENVIADO,2024-06-08,PEDIDO COM DATA
4828,590,22,10.0,1041.0,0.14,49.45,9002.05,ENVIADO,2024-09-21,PEDIDO COM DATA
4830,523,1000,9.0,2665.98,0.0,86.62,23360.63,PAGO,2022-08-12,PEDIDO COM DATA
4833,367,603,9.0,11493.73,0.0,100.3,98371.69,ENVIADO,2024-01-25,PEDIDO COM DATA
4834,372,72,8.0,3955.69,0.13,148.79,27680.39,CANCELADO,2024-06-02,PEDIDO COM DATA
4835,818,668,1.0,3275.69,0.11,47.28,2962.64,ENVIADO,,PEDIDO SEM DATA
4837,136,837,3.0,8830.28,0.29,95.13,18903.63,PENDENTE,2025-04-06,PEDIDO COM DATA
4841,954,686,2.0,2898.19,0.25,133.3,4480.59,ENVIADO,2023-07-21,PEDIDO COM DATA
4843,948,541,9.0,13940.01,0.17,131.19,104263.06,PAGO,2022-01-03,PEDIDO COM DATA
4844,35,76,4.0,8450.53,0.02,13.48,33139.56,ENVIADO,2022-12-23,PEDIDO COM DATA
4845,251,247,-1.0,8480.42,0.27,41.06,18613.18,PAGO,2022-03-25,PEDIDO COM DATA
4848,637,136,8.0,8274.93,0.25,96.58,49746.16,PENDENTE,2024-06-28,PEDIDO COM DATA
4849,77,765,3.0,5781.33,0.08,95.83,16052.3,CANCELADO,2023-04-10,PEDIDO COM DATA
4850,270,531,4.0,11417.27,0.16,141.11,38503.14,ENVIADO,2023-05-03,PEDIDO COM DATA
4851,572,760,6.0,4101.46,0.07,133.53,23019.68,ENVIADO,,PEDIDO SEM DATA
4852,223,702,4.0,14604.16,0.19,96.12,47413.6,PAGO,2024-04-26,PEDIDO COM DATA
4853,207,531,9.0,9174.61,0.0,73.22,82644.71,CANCELADO,2023-08-18,PEDIDO COM DATA
4854,25,832,3.0,12253.74,0.0,32.21,36793.43,ENVIADO,2022-01-04,PEDIDO COM DATA
4855,501,30,3.0,7254.22,0.19,117.9,17745.65,PAGO,2022-07-02,PEDIDO COM DATA
4856,573,51,1.0,8518.96,0.05,88.27,8181.28,PAGO,2023-11-16,PEDIDO COM DATA
4858,228,523,8.0,759.84,0.14,91.36,5319.06,PENDENTE,2022-10-11,PEDIDO COM DATA
4859,233,481,2.0,10454.47,0.28,138.11,15192.55,ENVIADO,,PEDIDO SEM DATA
4862,180,210,4.0,11622.49,0.15,20.47,39536.94,PENDENTE,2025-01-15,PEDIDO COM DATA
4863,116,371,-1.0,9878.61,0.13,131.98,17320.76,PAGO,2023-12-09,PEDIDO COM DATA
4864,343,844,8.0,2259.53,0.21,64.17,14344.4,PENDENTE,2024-03-17,PEDIDO COM DATA
4865,240,649,5.0,9959.3,0.17,74.84,41405.93,CANCELADO,2023-06-30,PEDIDO COM DATA
4866,754,29,6.0,10930.82,0.0,98.46,60436.59,PENDENTE,2024-05-29,PEDIDO COM DATA
4869,315,585,-1.0,10378.11,0.11,59.64,64715.27,PENDENTE,2022-05-13,PEDIDO COM DATA
4870,200,76,4.0,5354.0,0.04,52.37,25248.04,CANCELADO,2023-01-15,PEDIDO COM DATA
4871,646,421,3.0,1196.77,0.18,72.67,3016.72,ENVIADO,,PEDIDO SEM DATA
4872,584,703,5.0,14566.71,0.27,24.4,53192.89,ENVIADO,2022-08-30,PEDIDO COM DATA
4873,870,779,6.0,642.1,0.0,55.7,3291.88,ENVIADO,2022-08-26,PEDIDO COM DATA
4874,490,96,1.0,14659.31,0.14,75.14,12682.15,PENDENTE,,PEDIDO SEM DATA
4876,758,63,7.0,8590.03,0.26,143.42,44639.78,CANCELADO,2022-05-01,PEDIDO COM DATA
4879,607,416,4.0,10341.37,0.12,67.09,36468.71,PAGO,2024-09-16,PEDIDO COM DATA
4880,392,152,3.0,9391.6,0.0,146.39,0.0,PAGO,2022-11-23,PEDIDO COM DATA
4884,564,57,4.0,434.23,0.24,62.1,1382.16,ENVIADO,2023-10-18,PEDIDO COM DATA
4885,426,825,8.0,5779.15,0.02,47.23,45355.77,ENVIADO,2022-07-04,PEDIDO COM DATA
4886,497,137,1.0,5215.26,0.22,37.03,4104.93,PAGO,2022-06-12,PEDIDO COM DATA
4887,262,151,6.0,13802.06,0.24,99.85,63037.24,PENDENTE,2024-01-23,PEDIDO COM DATA
4889,274,221,1.0,13727.21,0.08,93.27,25248.04,PENDENTE,2024-08-17,PEDIDO COM DATA
4894,20,493,3.0,1753.33,0.26,123.89,4016.28,PAGO,2023-04-01,PEDIDO COM DATA
4896,64,479,4.0,3608.15,0.28,40.44,25248.04,ENVIADO,2024-11-17,PEDIDO COM DATA
4897,684,597,9.0,10285.97,0.17,131.38,76967.58,PAGO,2022-03-28,PEDIDO COM DATA
4898,513,717,1.0,13326.49,0.07,32.45,12426.09,PENDENTE,2023-07-23,PEDIDO COM DATA
4899,539,402,1.0,6789.0,0.26,73.66,5097.52,ENVIADO,2024-10-27,PEDIDO COM DATA
4901,877,916,2.0,3764.34,0.06,26.46,7103.42,CANCELADO,2024-08-29,PEDIDO COM DATA
4902,468,686,10.0,2997.23,0.15,29.41,25505.86,CANCELADO,2022-04-29,PEDIDO COM DATA
4905,162,126,1.0,367.06,0.2,85.57,379.22,PAGO,2024-12-19,PEDIDO COM DATA
4906,418,716,3.0,3223.2,0.21,85.0,25248.04,PAGO,2023-09-25,PEDIDO COM DATA
4909,519,671,7.0,5529.19,0.3,15.42,27108.45,PAGO,2023-01-28,PEDIDO COM DATA
4910,384,218,5.0,1780.35,0.12,77.25,7910.79,PAGO,2024-01-04,PEDIDO COM DATA
4911,601,868,9.0,4637.07,0.21,44.26,33013.83,PENDENTE,2023-09-12,PEDIDO COM DATA
4913,70,344,6.0,9032.12,0.05,58.6,51541.68,PAGO,2022-03-14,PEDIDO COM DATA
4914,585,397,8.0,83.61,0.07,38.87,25248.04,PENDENTE,2024-12-20,PEDIDO COM DATA
4916,99,195,-1.0,8948.36,0.18,80.82,51444.41,PAGO,2023-07-05,PEDIDO COM DATA
4917,213,299,6.0,11775.34,0.21,18.85,55833.96,PAGO,2022-03-25,PEDIDO COM DATA
4918,330,272,10.0,8194.5,0.02,80.39,80326.68,PAGO,2022-08-29,PEDIDO COM DATA
4919,115,307,8.0,1496.08,0.07,80.39,11235.64,PENDENTE,2023-02-08,PEDIDO COM DATA
4920,628,973,7.0,12600.12,0.02,133.14,86569.96,PAGO,2025-02-05,PEDIDO COM DATA
4921,530,421,9.0,13185.87,0.02,72.23,116371.6,CANCELADO,2024-01-30,PEDIDO COM DATA
4922,615,381,7.0,9278.07,0.13,33.15,56536.6,ENVIADO,2024-02-04,PEDIDO COM DATA
4924,83,7,7.0,7751.6,0.25,96.91,40792.81,PENDENTE,,PEDIDO SEM DATA
4926,992,296,9.0,1733.42,0.01,57.47,15502.24,ENVIADO,2022-12-20,PEDIDO COM DATA
4927,877,620,6.0,7982.35,0.09,43.94,43627.57,PENDENTE,2023-08-18,PEDIDO COM DATA
4928,539,892,3.0,2157.28,0.28,11.01,4670.73,PAGO,2024-04-19,PEDIDO COM DATA
4929,801,256,6.0,11994.89,0.04,84.66,69175.23,ENVIADO,2024-11-18,PEDIDO COM DATA
4930,962,709,1.0,7889.98,0.01,107.44,7918.52,PENDENTE,2022-03-30,PEDIDO COM DATA
4931,313,96,4.0,7028.61,0.26,128.38,20933.07,ENVIADO,2023-11-16,PEDIDO COM DATA
4934,519,16,3.0,2520.71,0.29,88.76,5457.87,CANCELADO,2023-01-07,PEDIDO COM DATA
4935,109,312,-5.0,4764.54,0.0,89.47,8284.48,PENDENTE,2024-04-08,PEDIDO COM DATA
4936,25,690,5.0,12453.47,0.22,78.02,48646.55,CANCELADO,2022-01-27,PEDIDO COM DATA
4939,627,578,3.0,2604.88,0.28,104.13,5730.67,CANCELADO,2024-01-30,PEDIDO COM DATA
4940,607,325,8.0,2820.33,0.06,82.71,0.0,ENVIADO,2022-11-21,PEDIDO COM DATA
4942,883,225,-1.0,1744.73,0.27,125.76,-500.0,PENDENTE,2023-05-21,PEDIDO COM DATA
4943,566,420,9.0,4491.81,0.12,68.33,35643.47,PAGO,2023-01-10,PEDIDO COM DATA
4944,942,84,10.0,235.25,0.06,137.72,2349.07,CANCELADO,2023-06-06,PEDIDO COM DATA
4947,573,594,3.0,2130.3,0.09,149.55,5965.27,CANCELADO,2024-10-08,PEDIDO COM DATA
4948,225,334,9.0,946.91,0.28,144.05,6280.03,PAGO,2024-04-26,PEDIDO COM DATA
4950,643,965,-1.0,11621.21,0.24,95.96,17760.2,CANCELADO,2024-11-12,PEDIDO COM DATA
4953,893,603,7.0,7225.4,0.0,55.4,50633.2,ENVIADO,2025-01-08,PEDIDO COM DATA
4954,731,976,8.0,8024.79,0.26,18.45,25248.04,CANCELADO,2023-12-30,PEDIDO COM DATA
4955,679,325,7.0,6883.39,0.21,85.57,38150.72,ENVIADO,2022-07-11,PEDIDO COM DATA
4956,367,213,5.0,331.38,0.19,137.56,1479.65,ENVIADO,2025-03-13,PEDIDO COM DATA
4959,771,653,8.0,832.8,0.16,11.72,5608.14,ENVIADO,2022-01-29,PEDIDO COM DATA
4960,723,636,5.0,13806.37,0.28,13.44,49716.37,PENDENTE,2023-12-13,PEDIDO COM DATA
4961,253,383,8.0,1246.04,0.26,117.07,7493.63,ENVIADO,2023-10-04,PEDIDO COM DATA
4962,852,814,8.0,3497.91,0.11,21.93,25248.04,ENVIADO,2023-06-30,PEDIDO COM DATA
4963,151,279,4.0,4353.46,0.22,99.85,13682.65,ENVIADO,2024-12-07,PEDIDO COM DATA
4965,839,735,2.0,11242.29,0.18,97.34,18534.7,ENVIADO,2025-02-22,PEDIDO COM DATA
4967,790,202,7.0,11453.9,0.0,42.12,68192.82,PAGO,2025-01-24,PEDIDO COM DATA
4971,701,830,6.0,8904.08,0.25,63.47,40131.83,CANCELADO,2023-05-30,PEDIDO COM DATA
4972,268,251,1.0,1438.17,0.28,90.64,1126.12,PAGO,2023-12-27,PEDIDO COM DATA
4973,45,964,5.0,9712.64,0.01,13.94,48091.51,ENVIADO,2024-06-12,PEDIDO COM DATA
4974,477,112,4.0,5186.54,0.1,99.92,18771.46,PAGO,2022-10-22,PEDIDO COM DATA
4976,636,945,8.0,11570.27,0.02,59.81,90770.73,PAGO,2024-09-30,PEDIDO COM DATA
4977,683,29,1.0,1328.64,0.05,16.42,1278.63,PENDENTE,2023-03-30,PEDIDO COM DATA
4978,118,95,10.0,7669.87,0.13,80.39,66772.29,PAGO,2023-12-01,PEDIDO COM DATA
4981,158,63,10.0,3987.52,0.16,51.37,33546.54,ENVIADO,2025-04-13,PEDIDO COM DATA
4982,459,197,2.0,11980.55,0.0,129.46,17621.06,PENDENTE,2023-03-31,PEDIDO COM DATA
4987,936,262,7.0,8522.79,0.27,43.08,43594.54,PAGO,,PEDIDO SEM DATA
4990,838,155,6.0,10185.86,0.17,53.03,50778.61,ENVIADO,2024-06-07,PEDIDO COM DATA
4993,425,12,-1.0,9970.65,0.15,100.59,25525.75,ENVIADO,2023-04-08,PEDIDO COM DATA
4997,381,477,5.0,8325.23,0.28,18.38,29989.21,ENVIADO,2022-11-14,PEDIDO COM DATA
4999,169,517,2.0,5571.8,0.02,66.86,10987.59,PENDENTE,2022-03-12,PEDIDO COM DATA
5000,35,98,7.0,880.09,0.04,68.0,5982.2,CANCELADO,2024-03-10,PEDIDO COM DATA
5002,168,837,10.0,10129.09,0.02,83.98,99349.06,ENVIADO,2024-01-04,PEDIDO COM DATA
5004,409,25,3.0,11269.92,0.08,108.86,31213.84,PENDENTE,2024-04-22,PEDIDO COM DATA
5005,847,740,5.0,8134.09,0.01,13.1,40276.85,PAGO,2022-02-21,PEDIDO COM DATA
5008,88,502,3.0,7754.6,0.21,78.55,18456.95,ENVIADO,2022-01-10,PEDIDO COM DATA
5010,764,755,4.0,5479.35,0.27,143.64,16143.34,ENVIADO,2024-02-27,PEDIDO COM DATA
5011,291,578,5.0,6650.28,0.2,138.6,26739.72,PAGO,2024-04-20,PEDIDO COM DATA
5012,265,399,7.0,5906.81,0.19,35.79,33527.4,ENVIADO,2024-02-22,PEDIDO COM DATA
5014,338,178,5.0,475.54,0.1,47.19,2187.12,CANCELADO,2024-08-15,PEDIDO COM DATA
5015,244,819,9.0,504.05,0.06,73.06,4337.32,PENDENTE,2023-05-28,PEDIDO COM DATA
5016,7,982,-5.0,7938.87,0.19,14.1,38597.01,PAGO,2023-05-17,PEDIDO COM DATA
5018,760,934,3.0,11139.97,0.22,65.67,26133.2,ENVIADO,2025-02-02,PEDIDO COM DATA
5019,12,172,-1.0,1705.06,0.02,146.27,25248.04,PAGO,2022-12-04,PEDIDO COM DATA
5020,309,580,3.0,12070.18,0.19,96.85,-500.0,PAGO,2022-09-25,PEDIDO COM DATA
5027,576,671,8.0,10898.51,0.16,73.55,0.0,CANCELADO,2024-11-16,PEDIDO COM DATA
5028,980,237,7.0,6330.33,0.1,96.48,39977.56,PAGO,2023-12-01,PEDIDO COM DATA
5029,357,191,3.0,3216.14,0.29,92.96,6943.34,CANCELADO,2022-07-11,PEDIDO COM DATA
5032,577,981,7.0,12924.28,0.3,66.27,63395.24,CANCELADO,2024-05-29,PEDIDO COM DATA
5034,3,6,8.0,14769.49,0.27,133.26,86387.08,PENDENTE,2022-04-22,PEDIDO COM DATA
5035,874,592,10.0,7360.56,0.0,55.95,54524.09,PAGO,,PEDIDO SEM DATA
5036,906,108,3.0,10296.14,0.02,53.89,30324.54,CANCELADO,2023-03-07,PEDIDO COM DATA
5037,491,357,6.0,7996.05,0.18,27.56,39368.13,ENVIADO,2022-08-23,PEDIDO COM DATA
5038,302,852,7.0,4848.89,0.24,57.36,25853.45,PAGO,2022-09-01,PEDIDO COM DATA
5043,143,421,4.0,10840.65,0.21,145.89,34402.34,CANCELADO,2022-01-28,PEDIDO COM DATA
5045,428,90,8.0,13166.08,0.12,86.66,92775.86,PENDENTE,2022-05-02,PEDIDO COM DATA
5048,578,871,7.0,6829.58,0.29,103.07,34046.08,ENVIADO,2023-05-28,PEDIDO COM DATA
5049,749,347,7.0,368.43,0.29,139.7,1970.8,CANCELADO,2022-11-07,PEDIDO COM DATA
5050,188,237,5.0,2080.1,0.16,18.37,8754.79,CANCELADO,2023-01-03,PEDIDO COM DATA
5051,229,924,3.0,10669.78,0.13,84.93,27933.06,ENVIADO,2022-04-16,PEDIDO COM DATA
5052,806,726,4.0,13034.16,0.18,79.2,42831.24,PAGO,2023-06-09,PEDIDO COM DATA
5054,860,395,3.0,13854.52,0.13,11.93,36172.23,CANCELADO,2025-03-13,PEDIDO COM DATA
5055,424,374,3.0,12186.04,0.02,131.26,35958.22,PENDENTE,2024-11-10,PEDIDO COM DATA
5056,579,600,8.0,10301.69,0.07,112.91,76757.48,CANCELADO,2022-12-02,PEDIDO COM DATA
5057,946,421,2.0,12475.57,0.0,123.26,19086.13,ENVIADO,2025-02-27,PEDIDO COM DATA
5058,635,663,2.0,10889.7,0.25,113.4,16447.95,PAGO,2022-11-27,PEDIDO COM DATA
5062,312,134,2.0,14123.9,0.03,125.24,27525.61,PENDENTE,2024-02-14,PEDIDO COM DATA
5063,958,798,-1.0,10399.36,0.09,147.49,47464.58,CANCELADO,2025-02-26,PEDIDO COM DATA
5065,805,315,8.0,1475.18,0.15,92.87,10124.09,PAGO,2024-12-21,PEDIDO COM DATA
5066,484,735,1.0,2876.69,0.08,113.36,2759.91,PAGO,2024-10-11,PEDIDO COM DATA
5067,302,579,8.0,6303.11,0.09,18.03,45904.67,PAGO,2025-04-10,PEDIDO COM DATA
5068,536,369,1.0,12534.99,0.27,76.67,9227.21,PENDENTE,,PEDIDO SEM DATA
5069,153,569,-5.0,10984.04,0.23,71.85,67733.54,CANCELADO,2023-08-19,PEDIDO COM DATA
5071,32,986,1.0,11687.33,0.18,103.16,9686.77,CANCELADO,2023-06-24,PEDIDO COM DATA
5072,192,178,4.0,3195.47,0.13,68.32,11188.56,PENDENTE,2022-11-19,PEDIDO COM DATA
5073,886,338,3.0,8619.74,0.17,90.3,25248.04,PAGO,2025-02-20,PEDIDO COM DATA
5074,443,274,10.0,12001.64,0.22,123.26,93736.05,PENDENTE,,PEDIDO SEM DATA
5075,310,348,9.0,10402.94,0.09,10.6,85210.68,ENVIADO,2024-05-10,PEDIDO COM DATA
5076,505,882,1.0,5004.4,0.21,23.62,3977.1,ENVIADO,2024-01-09,PEDIDO COM DATA
5078,197,897,6.0,13549.52,0.02,21.24,79692.42,PENDENTE,2023-04-20,PEDIDO COM DATA
5080,32,224,4.0,3827.27,0.13,61.48,13380.38,CANCELADO,2024-05-19,PEDIDO COM DATA
5083,702,19,5.0,7514.26,0.25,120.46,28298.94,PENDENTE,,PEDIDO SEM DATA
5084,870,912,10.0,8346.04,0.25,34.88,62630.18,ENVIADO,2023-03-18,PEDIDO COM DATA
5085,420,975,9.0,12772.7,0.3,10.86,80478.87,PENDENTE,2022-10-06,PEDIDO COM DATA
5086,549,102,2.0,10194.93,0.29,126.44,25248.04,PAGO,2024-08-09,PEDIDO COM DATA
5087,23,592,9.0,14036.33,0.0,139.92,102464.77,PENDENTE,2023-02-06,PEDIDO COM DATA
5090,464,854,9.0,10785.61,0.23,62.3,74806.58,CANCELADO,2022-09-04,PEDIDO COM DATA
5091,691,103,10.0,14139.37,0.19,120.47,114649.37,PAGO,2022-04-12,PEDIDO COM DATA
5092,938,785,7.0,6574.89,0.11,62.58,41024.14,CANCELADO,2024-10-04,PEDIDO COM DATA
5093,270,548,3.0,9298.38,0.29,60.45,19866.0,CANCELADO,2024-06-25,PEDIDO COM DATA
5094,876,955,4.0,7166.41,0.17,23.17,23815.65,PAGO,,PEDIDO SEM DATA
5096,784,722,3.0,13450.96,0.21,29.67,31908.45,ENVIADO,2024-04-08,PEDIDO COM DATA
5098,955,547,10.0,5523.42,0.1,93.72,49804.5,PAGO,2023-08-24,PEDIDO COM DATA
5100,314,166,7.0,10372.11,0.05,96.06,69070.59,ENVIADO,2022-01-15,PEDIDO COM DATA
5102,609,272,10.0,1463.39,0.0,36.63,14670.53,ENVIADO,2022-02-26,PEDIDO COM DATA
5103,927,155,7.0,6274.23,0.14,139.66,37910.52,PENDENTE,,PEDIDO SEM DATA
5104,91,222,4.0,2203.78,0.18,22.95,7251.35,PENDENTE,2022-04-08,PEDIDO COM DATA
5106,247,136,4.0,9501.44,0.13,98.0,33163.01,PENDENTE,2022-07-17,PEDIDO COM DATA
5107,476,383,5.0,10174.26,0.29,83.2,36201.82,ENVIADO,2023-08-06,PEDIDO COM DATA
5108,527,828,4.0,13595.7,0.08,95.67,50127.85,CANCELADO,2023-10-06,PEDIDO COM DATA
5109,870,349,10.0,11316.5,0.06,82.48,106457.58,PAGO,2024-05-02,PEDIDO COM DATA
5111,477,89,6.0,1328.51,0.05,61.13,7633.64,PAGO,2022-01-31,PEDIDO COM DATA
5112,948,790,9.0,1033.31,0.22,95.69,7349.53,ENVIADO,2025-01-19,PEDIDO COM DATA
5113,63,377,9.0,2116.05,0.07,116.54,17827.88,PENDENTE,2022-04-29,PEDIDO COM DATA
5117,595,102,9.0,11113.28,0.19,76.17,81091.98,PENDENTE,,PEDIDO SEM DATA
5118,846,317,3.0,13379.35,0.04,94.65,38627.18,CANCELADO,2022-03-17,PEDIDO COM DATA
5119,207,899,8.0,2091.98,0.27,39.58,12256.74,PENDENTE,2023-07-10,PEDIDO COM DATA
5120,252,535,3.0,5514.51,0.11,71.75,14795.49,PAGO,2024-11-19,PEDIDO COM DATA
5121,693,70,2.0,9735.45,0.01,21.23,19297.42,CANCELADO,2023-03-28,PEDIDO COM DATA
5122,812,656,3.0,3780.32,0.2,19.49,9092.26,PAGO,2024-06-22,PEDIDO COM DATA
5123,521,472,6.0,6543.49,0.2,26.94,31435.69,PAGO,2023-08-30,PEDIDO COM DATA
5124,74,148,8.0,2076.12,0.0,105.96,12396.59,ENVIADO,2023-02-10,PEDIDO COM DATA
5126,762,396,8.0,13320.91,0.06,72.14,100245.38,PAGO,2024-03-17,PEDIDO COM DATA
5127,366,843,10.0,979.1,0.02,142.57,9737.75,PENDENTE,2022-08-21,PEDIDO COM DATA
5128,103,497,3.0,1330.86,0.18,137.49,3411.41,CANCELADO,2023-06-11,PEDIDO COM DATA
5129,146,637,1.0,13607.88,0.04,147.26,13210.82,ENVIADO,2022-11-09,PEDIDO COM DATA
5131,262,816,9.0,199.83,0.11,113.81,1714.45,CANCELADO,2025-03-12,PEDIDO COM DATA
5132,166,815,4.0,2969.82,0.29,112.24,8546.53,PENDENTE,2022-11-08,PEDIDO COM DATA
5133,87,518,7.0,10691.04,0.3,115.56,52501.66,ENVIADO,2022-09-17,PEDIDO COM DATA
5134,971,66,4.0,9844.59,0.23,145.77,30467.11,PENDENTE,2022-01-19,PEDIDO COM DATA
5136,242,467,1.0,14232.04,0.17,84.99,0.0,PAGO,2024-05-16,PEDIDO COM DATA
5137,592,578,10.0,9085.58,0.24,80.39,69121.77,PAGO,2023-10-19,PEDIDO COM DATA
5138,139,889,2.0,6525.63,0.29,34.86,9301.25,ENVIADO,2023-10-02,PEDIDO COM DATA
5140,220,428,2.0,12670.48,0.2,23.41,20296.18,PAGO,2022-03-03,PEDIDO COM DATA
5141,881,46,10.0,3653.18,0.06,114.68,34454.57,ENVIADO,2024-01-30,PEDIDO COM DATA
5142,900,155,9.0,4837.91,0.2,21.74,34854.69,PAGO,2023-04-28,PEDIDO COM DATA
5143,439,443,8.0,11924.45,0.28,15.69,68700.52,PENDENTE,2022-05-25,PEDIDO COM DATA
5144,909,534,10.0,10818.98,0.12,76.15,95283.17,CANCELADO,2024-09-02,PEDIDO COM DATA
5145,318,236,4.0,8071.2,0.14,131.6,27896.53,PAGO,2022-06-13,PEDIDO COM DATA
5147,900,477,3.0,3010.29,0.08,81.73,8390.13,PAGO,2022-06-02,PEDIDO COM DATA
5148,30,920,4.0,13615.82,0.27,24.01,39782.2,PAGO,2022-12-14,PEDIDO COM DATA
5149,234,851,10.0,11917.52,0.1,90.62,0.0,PENDENTE,2022-11-07,PEDIDO COM DATA
5153,606,731,1.0,3226.7,0.06,129.18,3162.28,ENVIADO,2023-08-26,PEDIDO COM DATA
5155,219,486,10.0,6325.52,0.11,142.48,56439.61,CANCELADO,2022-03-31,PEDIDO COM DATA
5156,962,452,9.0,2456.81,0.12,86.16,19544.1,ENVIADO,2023-06-02,PEDIDO COM DATA
5158,69,585,7.0,13164.78,0.25,46.38,69161.48,ENVIADO,,PEDIDO SEM DATA
5160,967,421,7.0,8413.11,0.29,32.79,41845.95,PAGO,2024-09-23,PEDIDO COM DATA
5161,326,799,10.0,5531.94,0.06,90.13,52090.37,ENVIADO,2022-10-10,PEDIDO COM DATA
5164,595,498,2.0,11144.75,0.13,80.39,19520.72,PENDENTE,2023-11-21,PEDIDO COM DATA
5165,912,703,2.0,12051.38,0.23,68.91,18628.04,PENDENTE,2024-06-10,PEDIDO COM DATA
5167,80,844,0.0,2048.76,0.28,128.7,10454.45,CANCELADO,2022-11-04,PEDIDO COM DATA
5169,699,515,5.0,5903.53,0.0,56.27,24555.92,ENVIADO,2024-01-30,PEDIDO COM DATA
5171,382,533,5.0,7765.29,0.16,28.2,32642.42,PENDENTE,2024-08-14,PEDIDO COM DATA
5173,337,384,3.0,8472.56,0.0,28.42,23412.69,ENVIADO,2025-02-21,PEDIDO COM DATA
5174,801,717,8.0,7964.97,0.23,86.61,49150.83,CANCELADO,2022-09-30,PEDIDO COM DATA
5175,751,507,8.0,5294.6,0.01,64.04,41997.27,PENDENTE,2022-09-12,PEDIDO COM DATA
5180,886,659,5.0,713.66,0.0,39.72,2573.21,CANCELADO,2022-09-29,PEDIDO COM DATA
5182,156,968,5.0,212.04,0.07,144.66,1130.65,CANCELADO,2024-12-02,PEDIDO COM DATA
5184,170,966,10.0,7616.64,0.05,93.46,72451.54,CANCELADO,,PEDIDO SEM DATA
5186,192,892,1.0,11037.53,0.11,64.77,0.0,ENVIADO,2022-01-20,PEDIDO COM DATA
5187,975,629,8.0,11178.97,0.24,15.31,67983.45,PAGO,2022-07-25,PEDIDO COM DATA
5189,682,382,2.0,13691.47,0.21,26.94,21659.46,PAGO,,PEDIDO SEM DATA
5190,310,217,1.0,5522.64,0.28,52.43,4028.73,PAGO,2022-11-13,PEDIDO COM DATA
5191,315,840,1.0,3050.97,0.0,13.65,2210.35,PAGO,2022-12-03,PEDIDO COM DATA
5192,701,849,5.0,158.76,0.21,43.07,670.17,PENDENTE,2025-03-21,PEDIDO COM DATA
5195,881,192,5.0,3926.12,0.07,72.94,18329.4,PENDENTE,2024-09-12,PEDIDO COM DATA
5199,249,789,2.0,11840.72,0.02,104.5,23312.31,CANCELADO,2023-12-13,PEDIDO COM DATA
5201,233,675,10.0,5595.98,0.2,134.49,44902.33,PENDENTE,2023-02-01,PEDIDO COM DATA
5202,232,233,4.0,5644.57,0.09,40.26,20586.49,CANCELADO,2023-01-20,PEDIDO COM DATA
5204,143,489,-5.0,5472.17,0.0,126.13,23437.57,PENDENTE,2024-04-21,PEDIDO COM DATA
5206,136,350,1.0,3935.14,0.02,66.1,3922.54,PAGO,2025-01-19,PEDIDO COM DATA
5207,247,987,1.0,6301.44,0.28,67.09,4604.13,ENVIADO,2023-06-06,PEDIDO COM DATA
5208,389,869,9.0,3570.11,0.03,63.17,31230.23,ENVIADO,2023-02-23,PEDIDO COM DATA
5209,778,197,1.0,8727.21,0.29,80.39,6332.9,CANCELADO,2024-03-01,PEDIDO COM DATA
5212,391,347,-5.0,7081.03,0.11,92.26,44207.08,CANCELADO,2022-01-16,PEDIDO COM DATA
5213,311,295,7.0,14476.47,0.24,134.64,77149.46,CANCELADO,2025-01-20,PEDIDO COM DATA
5214,979,684,-5.0,6093.2,0.24,83.27,9344.93,CANCELADO,2023-01-07,PEDIDO COM DATA
5215,452,226,5.0,9082.35,0.22,142.85,35564.01,PAGO,2022-01-18,PEDIDO COM DATA
5217,996,514,8.0,4334.58,0.21,59.19,27453.74,PAGO,2022-10-29,PEDIDO COM DATA
5219,386,319,10.0,9206.58,0.15,45.97,78301.9,CANCELADO,2024-11-25,PEDIDO COM DATA
5220,916,528,1.0,14978.43,0.0,60.01,13091.24,ENVIADO,2024-07-09,PEDIDO COM DATA
5221,260,859,1.0,13788.21,0.0,97.38,13885.59,ENVIADO,,PEDIDO SEM DATA
5222,788,528,-1.0,4055.51,0.03,27.78,35432.38,ENVIADO,2024-09-09,PEDIDO COM DATA
5223,848,948,8.0,7982.82,0.15,141.44,54424.62,CANCELADO,2023-04-17,PEDIDO COM DATA
5224,317,801,7.0,2358.87,0.01,69.62,16416.59,PAGO,2022-04-17,PEDIDO COM DATA
5226,374,588,3.0,5136.44,0.13,97.45,13503.56,PAGO,2022-12-15,PEDIDO COM DATA
5228,975,645,1.0,2737.55,0.21,26.88,2189.54,ENVIADO,2025-03-29,PEDIDO COM DATA
5229,863,466,8.0,4314.54,0.18,103.29,-500.0,ENVIADO,2025-03-31,PEDIDO COM DATA
5230,685,957,3.0,1607.16,0.22,106.54,3867.29,CANCELADO,2024-07-06,PEDIDO COM DATA
5231,943,565,1.0,1932.31,0.06,29.65,1846.02,ENVIADO,,PEDIDO SEM DATA
5232,32,650,1.0,4676.2,0.03,92.09,4628.0,PAGO,,PEDIDO SEM DATA
5234,750,722,2.0,59.75,0.27,108.42,195.66,CANCELADO,2022-08-12,PEDIDO COM DATA
5236,999,396,2.0,10397.41,0.15,23.66,17699.26,PAGO,2022-09-12,PEDIDO COM DATA
5239,623,947,1.0,4194.96,0.06,66.86,4010.12,PENDENTE,2023-08-11,PEDIDO COM DATA
5241,719,335,10.0,9982.8,0.13,123.16,86973.52,CANCELADO,2022-05-14,PEDIDO COM DATA
5242,501,119,3.0,3549.44,0.16,95.62,9040.21,ENVIADO,2022-12-29,PEDIDO COM DATA
5243,202,847,8.0,1893.52,0.21,144.63,12111.68,ENVIADO,2023-05-11,PEDIDO COM DATA
5244,103,17,9.0,10230.71,0.28,72.04,0.0,PENDENTE,2023-08-20,PEDIDO COM DATA
5245,590,384,4.0,5270.26,0.06,146.5,19962.68,PENDENTE,2023-08-22,PEDIDO COM DATA
5246,833,858,8.0,12273.29,0.25,47.17,73686.91,PENDENTE,2023-01-23,PEDIDO COM DATA
5247,267,418,10.0,2534.25,0.27,88.99,18589.01,PAGO,2022-05-03,PEDIDO COM DATA
5248,859,95,1.0,14422.97,0.15,100.69,12360.21,CANCELADO,2023-11-27,PEDIDO COM DATA
5250,838,440,7.0,7269.69,0.04,38.52,48890.84,ENVIADO,2023-06-21,PEDIDO COM DATA
5251,365,678,5.0,10529.41,0.16,72.13,44295.65,ENVIADO,,PEDIDO SEM DATA
5252,746,634,7.0,7586.23,0.19,96.68,43110.6,CANCELADO,2024-02-10,PEDIDO COM DATA
5253,873,827,6.0,2233.4,0.26,109.84,10026.14,PENDENTE,2023-03-12,PEDIDO COM DATA
5254,257,23,5.0,9286.61,0.22,93.51,36311.29,ENVIADO,,PEDIDO SEM DATA
5255,247,671,5.0,7546.24,0.07,80.39,35238.84,ENVIADO,2022-12-06,PEDIDO COM DATA
5256,852,362,4.0,14757.05,0.17,134.42,49127.83,ENVIADO,2023-07-01,PEDIDO COM DATA
5259,137,574,6.0,5391.48,0.22,13.67,0.0,PENDENTE,2024-11-28,PEDIDO COM DATA
5260,556,753,6.0,4794.83,0.21,149.72,22877.21,PENDENTE,2023-12-27,PEDIDO COM DATA
5261,939,536,7.0,43.51,0.02,12.7,311.18,CANCELADO,2022-04-23,PEDIDO COM DATA
5262,368,163,4.0,11113.35,0.09,16.48,40469.07,CANCELADO,2023-12-14,PEDIDO COM DATA
5263,101,359,0.0,6734.33,0.28,23.19,14569.34,ENVIADO,2024-05-05,PEDIDO COM DATA
5264,273,613,6.0,4521.0,0.15,79.02,23136.12,PENDENTE,2022-10-13,PEDIDO COM DATA
5266,782,717,2.0,1744.53,0.04,127.66,3477.16,PENDENTE,2022-12-03,PEDIDO COM DATA
5267,639,526,4.0,10824.66,0.1,80.39,39050.57,CANCELADO,2023-01-18,PEDIDO COM DATA
5269,578,847,3.0,3313.58,0.08,122.25,25248.04,ENVIADO,2022-10-31,PEDIDO COM DATA
5270,244,918,0.0,5742.48,0.24,80.39,43791.49,PENDENTE,2023-04-26,PEDIDO COM DATA
5272,853,447,7.0,3542.67,0.22,73.27,19416.25,ENVIADO,2023-09-01,PEDIDO COM DATA
5274,237,443,5.0,11265.97,0.19,131.24,45758.42,CANCELADO,2024-08-30,PEDIDO COM DATA
5276,905,430,4.0,8040.01,0.22,41.66,25126.49,CANCELADO,2025-01-02,PEDIDO COM DATA
5278,566,89,8.0,8882.31,0.27,37.04,51909.73,PAGO,2023-02-22,PEDIDO COM DATA
5283,180,697,3.0,10752.41,0.24,125.41,24640.9,CANCELADO,2023-12-12,PEDIDO COM DATA
5285,712,485,7.0,6132.38,0.09,92.58,39155.84,CANCELADO,,PEDIDO SEM DATA
5286,647,692,6.0,8552.87,0.08,60.53,47272.37,PAGO,2022-08-01,PEDIDO COM DATA
5287,663,395,5.0,2863.96,0.1,75.71,12963.53,PAGO,2022-10-01,PEDIDO COM DATA
5291,718,513,3.0,7920.14,0.08,143.87,22003.46,PAGO,,PEDIDO SEM DATA
5292,2,899,9.0,11544.52,0.18,104.75,85303.31,PENDENTE,2023-06-21,PEDIDO COM DATA
5293,417,196,6.0,10017.22,0.18,35.41,49320.13,PENDENTE,2024-04-11,PEDIDO COM DATA
5294,273,209,3.0,12354.67,0.29,114.36,26429.81,ENVIADO,2022-07-01,PEDIDO COM DATA
5295,985,273,-5.0,14811.48,0.26,91.51,22012.5,PAGO,2023-01-15,PEDIDO COM DATA
5296,317,632,10.0,14197.71,0.05,115.7,134993.94,ENVIADO,2024-09-15,PEDIDO COM DATA
5297,587,129,2.0,1625.05,0.03,80.39,3217.38,ENVIADO,2022-08-13,PEDIDO COM DATA
5299,129,259,8.0,1648.46,0.02,66.05,12989.98,ENVIADO,2022-06-14,PEDIDO COM DATA
5300,416,784,2.0,14774.75,0.14,74.69,25487.26,PENDENTE,2024-07-18,PEDIDO COM DATA
5301,196,582,6.0,2327.93,0.0,67.35,13057.2,CANCELADO,2022-10-08,PEDIDO COM DATA
5303,928,983,1.0,14443.36,0.03,38.58,14048.64,PAGO,2024-08-25,PEDIDO COM DATA
5305,573,618,3.0,10320.22,0.18,144.62,25532.36,CANCELADO,2022-12-23,PEDIDO COM DATA
5307,527,647,8.0,9613.44,0.15,122.23,65493.62,ENVIADO,2024-02-25,PEDIDO COM DATA
5309,373,653,8.0,8877.92,0.13,43.36,61833.68,PENDENTE,2023-07-03,PEDIDO COM DATA
5310,545,23,2.0,1412.15,0.15,80.39,2510.3,ENVIADO,2024-04-08,PEDIDO COM DATA
5311,669,350,8.0,5107.6,0.17,80.39,33960.7,ENVIADO,2023-05-11,PEDIDO COM DATA
5313,827,262,10.0,5313.72,0.21,28.39,42006.78,CANCELADO,2022-11-24,PEDIDO COM DATA
5314,371,702,9.0,5183.37,0.17,80.39,38753.37,PENDENTE,2024-09-20,PEDIDO COM DATA
5317,673,850,8.0,14258.3,0.01,75.79,113001.53,PENDENTE,2023-10-15,PEDIDO COM DATA
5318,942,422,3.0,9473.17,0.14,39.71,24480.49,CANCELADO,,PEDIDO SEM DATA
5319,201,204,3.0,50.83,0.15,80.39,251.99,ENVIADO,2022-08-17,PEDIDO COM DATA
5321,927,401,6.0,9912.86,0.14,120.28,51270.64,PAGO,2022-12-02,PEDIDO COM DATA
5322,582,195,1.0,8275.89,0.28,122.45,6081.09,PENDENTE,2022-08-25,PEDIDO COM DATA
5324,512,904,3.0,6413.91,0.04,132.74,18604.8,PENDENTE,,PEDIDO SEM DATA
5325,513,866,5.0,12790.13,0.03,18.95,62051.08,CANCELADO,2022-02-25,PEDIDO COM DATA
5326,559,195,2.0,4718.27,0.07,88.99,8864.97,CANCELADO,2022-07-22,PEDIDO COM DATA
5327,592,673,2.0,13330.29,0.06,141.33,25202.28,PAGO,2023-06-22,PEDIDO COM DATA
5328,775,644,8.0,5968.97,0.09,141.69,25248.04,PAGO,2025-02-20,PEDIDO COM DATA
5330,129,367,7.0,11098.79,0.01,114.6,77029.21,ENVIADO,2022-06-17,PEDIDO COM DATA
5331,766,282,6.0,5044.98,0.24,140.73,23145.84,PENDENTE,2024-09-13,PEDIDO COM DATA
5333,986,533,9.0,867.82,0.01,26.52,7758.8,PAGO,2023-12-30,PEDIDO COM DATA
5336,331,206,5.0,12042.16,0.21,55.51,47622.04,PENDENTE,2024-04-05,PEDIDO COM DATA
5337,161,930,3.0,12097.86,0.21,41.43,28713.36,PENDENTE,2022-09-15,PEDIDO COM DATA
5338,408,377,8.0,1234.76,0.02,20.95,9701.47,ENVIADO,2023-10-07,PEDIDO COM DATA
5339,617,532,5.0,3420.89,0.23,14.81,13185.24,CANCELADO,,PEDIDO SEM DATA
5340,740,782,8.0,2198.38,0.27,117.56,12956.1,PAGO,2024-07-16,PEDIDO COM DATA
5341,3,186,4.0,6072.41,0.15,98.52,20744.71,ENVIADO,,PEDIDO SEM DATA
5342,749,273,6.0,3052.46,0.21,44.06,14512.72,ENVIADO,2023-07-03,PEDIDO COM DATA
5343,226,361,10.0,905.5,0.17,81.85,-500.0,PAGO,2022-12-05,PEDIDO COM DATA
5344,10,865,5.0,4299.81,0.19,71.26,17485.49,CANCELADO,2023-06-17,PEDIDO COM DATA
5345,331,917,3.0,11677.02,0.25,105.72,26379.01,PENDENTE,2023-09-03,PEDIDO COM DATA
5347,879,713,-5.0,6229.85,0.18,108.48,40976.3,PAGO,2024-12-12,PEDIDO COM DATA
5348,130,913,5.0,3286.71,0.1,12.69,14802.89,PENDENTE,2024-03-23,PEDIDO COM DATA
5350,565,383,6.0,9557.18,0.11,104.06,51139.4,ENVIADO,2024-06-17,PEDIDO COM DATA
5353,495,745,8.0,1052.76,0.16,57.7,7132.25,PENDENTE,2023-11-18,PEDIDO COM DATA
5355,95,107,1.0,1669.19,0.24,123.68,1392.26,CANCELADO,2024-10-11,PEDIDO COM DATA
5356,945,279,4.0,4418.48,0.01,129.8,17626.98,PAGO,2023-09-06,PEDIDO COM DATA
5358,9,791,5.0,7939.55,0.18,95.02,32647.18,ENVIADO,2025-04-03,PEDIDO COM DATA
5359,760,76,7.0,7937.96,0.13,79.48,48421.66,ENVIADO,2022-12-09,PEDIDO COM DATA
5360,672,266,10.0,12564.26,0.19,114.16,-500.0,PENDENTE,2022-01-31,PEDIDO COM DATA
5361,52,115,6.0,7324.43,0.22,51.28,34329.61,ENVIADO,2023-08-17,PEDIDO COM DATA
5364,535,331,9.0,11326.8,0.09,70.32,92836.81,PENDENTE,2023-11-16,PEDIDO COM DATA
5365,144,829,5.0,6024.44,0.21,71.53,23868.07,PENDENTE,2025-01-21,PEDIDO COM DATA
5366,717,246,7.0,12326.62,0.22,146.27,67449.62,PENDENTE,2022-01-19,PEDIDO COM DATA
5367,404,587,6.0,7625.82,0.22,131.38,35820.22,PENDENTE,2024-01-02,PEDIDO COM DATA
5368,306,427,1.0,5016.96,0.22,137.13,4050.36,CANCELADO,2023-05-10,PEDIDO COM DATA
5369,264,361,10.0,11520.13,0.04,59.99,110653.24,PENDENTE,2023-01-30,PEDIDO COM DATA
5373,914,946,3.0,4593.33,0.06,145.45,13098.64,CANCELADO,2025-02-04,PEDIDO COM DATA
5374,939,398,7.0,11861.69,0.28,30.93,59813.85,ENVIADO,,PEDIDO SEM DATA
5375,294,946,10.0,12567.07,0.07,137.1,117010.85,PENDENTE,2022-06-30,PEDIDO COM DATA
5378,753,697,3.0,12509.21,0.2,119.39,30141.49,CANCELADO,2024-12-14,PEDIDO COM DATA
5379,407,315,9.0,8205.77,0.24,82.9,56210.37,PENDENTE,2025-03-06,PEDIDO COM DATA
5380,377,920,8.0,12875.39,0.28,14.8,74177.05,PAGO,2024-02-20,PEDIDO COM DATA
5382,944,202,3.0,9699.19,0.24,125.15,22239.3,PAGO,2023-01-29,PEDIDO COM DATA
5383,136,524,7.0,11516.65,0.24,106.15,61374.73,CANCELADO,2023-04-09,PEDIDO COM DATA
5385,578,659,10.0,4081.43,0.05,62.85,38836.43,ENVIADO,2024-04-28,PEDIDO COM DATA
5386,63,113,7.0,7752.68,0.21,106.73,42979.05,ENVIADO,2022-06-11,PEDIDO COM DATA
5387,917,590,6.0,1955.58,0.24,58.72,8976.16,CANCELADO,2023-06-10,PEDIDO COM DATA
5388,341,364,7.0,7756.24,0.04,55.91,52177.84,CANCELADO,,PEDIDO SEM DATA
5389,688,479,8.0,626.48,0.02,80.39,4999.5,ENVIADO,2024-05-19,PEDIDO COM DATA
5390,355,427,5.0,13181.57,0.1,78.91,59395.98,PAGO,2024-06-30,PEDIDO COM DATA
5393,273,590,2.0,1508.88,0.24,16.65,25248.04,PENDENTE,2023-07-30,PEDIDO COM DATA
5394,643,816,2.0,13489.28,0.08,141.59,24961.87,PAGO,2022-01-03,PEDIDO COM DATA
5396,955,271,9.0,7118.05,0.11,43.52,57059.1,ENVIADO,2023-05-13,PEDIDO COM DATA
5397,241,535,7.0,6410.5,0.09,89.96,40924.85,ENVIADO,2023-12-19,PEDIDO COM DATA
5398,768,977,10.0,10448.9,0.3,80.39,73271.79,ENVIADO,2023-04-12,PEDIDO COM DATA
5399,565,754,2.0,924.53,0.24,92.91,1498.2,ENVIADO,,PEDIDO SEM DATA
5400,270,494,5.0,11340.88,0.26,128.01,42089.27,PENDENTE,2022-09-09,PEDIDO COM DATA
5401,994,342,8.0,4877.26,0.06,72.75,36749.75,ENVIADO,2025-03-17,PEDIDO COM DATA
5402,918,754,8.0,8631.9,0.22,121.25,53984.31,PAGO,2022-02-08,PEDIDO COM DATA
5404,21,798,7.0,3805.73,0.29,46.94,18961.42,PAGO,2022-08-01,PEDIDO COM DATA
5405,789,777,8.0,5521.18,0.21,80.59,34974.45,PAGO,2022-10-23,PEDIDO COM DATA
5406,523,371,6.0,2302.19,0.13,47.05,12064.48,PAGO,2022-08-22,PEDIDO COM DATA
5407,604,367,6.0,4091.06,0.09,55.47,22392.66,PAGO,2024-11-14,PEDIDO COM DATA
5408,74,776,8.0,12655.9,0.15,93.61,86153.73,CANCELADO,2022-08-04,PEDIDO COM DATA
5409,2,691,4.0,5319.21,0.06,88.71,20088.94,CANCELADO,2025-03-06,PEDIDO COM DATA
5411,326,52,2.0,509.67,0.06,80.39,974.06,CANCELADO,2023-07-23,PEDIDO COM DATA
5412,988,837,9.0,9273.69,0.07,84.59,77705.38,CANCELADO,2022-11-22,PEDIDO COM DATA
5413,890,370,5.0,8382.51,0.17,59.67,34847.09,PAGO,2022-09-16,PEDIDO COM DATA
5414,225,535,7.0,8150.01,0.24,19.79,43377.84,ENVIADO,2023-10-19,PEDIDO COM DATA
5419,623,10,4.0,14134.24,0.02,64.39,55470.61,ENVIADO,2023-01-08,PEDIDO COM DATA
5421,720,853,3.0,6866.42,0.14,80.39,17847.55,ENVIADO,2023-10-16,PEDIDO COM DATA
5424,612,983,1.0,13180.01,0.14,25.65,11360.46,CANCELADO,2022-01-02,PEDIDO COM DATA
5425,49,940,7.0,4398.91,0.28,140.65,22311.16,PAGO,2022-07-03,PEDIDO COM DATA
5426,773,536,1.0,3854.89,0.19,115.14,3237.6,ENVIADO,2024-08-20,PEDIDO COM DATA
5428,581,546,1.0,8685.99,0.18,117.03,7239.54,ENVIADO,,PEDIDO SEM DATA
5429,839,74,1.0,10675.91,0.16,109.9,9077.66,CANCELADO,2022-10-13,PEDIDO COM DATA
5431,297,628,9.0,13396.31,0.06,145.81,113478.59,PAGO,2023-10-20,PEDIDO COM DATA
5432,460,228,1.0,11152.75,0.27,72.67,8214.18,CANCELADO,2023-07-07,PEDIDO COM DATA
5434,136,647,5.0,3198.45,0.18,80.39,13258.09,PENDENTE,2023-04-24,PEDIDO COM DATA
5435,369,167,5.0,6749.81,0.29,116.59,24078.42,PENDENTE,2024-11-28,PEDIDO COM DATA
5436,241,839,3.0,3047.63,0.24,121.23,7069.83,ENVIADO,2025-01-13,PEDIDO COM DATA
5438,26,551,3.0,3551.11,0.19,19.92,8649.12,ENVIADO,2022-07-03,PEDIDO COM DATA
5441,788,776,-5.0,8618.74,0.26,145.73,12901.47,CANCELADO,2024-10-15,PEDIDO COM DATA
5442,218,78,5.0,14744.8,0.26,140.46,54696.22,ENVIADO,,PEDIDO SEM DATA
5443,47,268,8.0,5016.45,0.22,119.31,31421.96,PAGO,2022-07-19,PEDIDO COM DATA
5444,662,677,2.0,10313.57,0.1,59.97,18624.4,ENVIADO,2023-10-17,PEDIDO COM DATA
5445,412,274,5.0,11842.2,0.13,55.68,51569.25,PAGO,2022-02-14,PEDIDO COM DATA
5446,864,714,8.0,13380.51,0.0,117.55,88964.14,PAGO,2023-04-25,PEDIDO COM DATA
5447,587,718,6.0,1645.81,0.18,49.37,8146.76,PENDENTE,2024-02-15,PEDIDO COM DATA
5448,631,655,3.0,4026.61,0.28,22.39,8719.87,ENVIADO,,PEDIDO SEM DATA
5449,760,919,5.0,1789.86,0.18,57.8,7396.23,ENVIADO,2025-02-23,PEDIDO COM DATA
5450,322,105,8.0,8635.71,0.28,100.28,49841.97,PAGO,2023-07-29,PEDIDO COM DATA
5451,337,463,2.0,9557.4,0.07,129.05,17905.81,ENVIADO,2023-01-01,PEDIDO COM DATA
5457,381,416,8.0,2986.41,0.15,102.79,25248.04,ENVIADO,2023-01-16,PEDIDO COM DATA
5460,171,685,2.0,2545.16,0.17,48.35,4273.32,PENDENTE,2024-12-07,PEDIDO COM DATA
5462,294,881,7.0,12371.44,0.2,143.58,69423.64,ENVIADO,2023-02-17,PEDIDO COM DATA
5463,366,163,8.0,1488.68,0.13,67.74,10428.95,ENVIADO,2022-05-07,PEDIDO COM DATA
5465,632,499,7.0,1832.26,0.11,87.88,11502.86,PENDENTE,,PEDIDO SEM DATA
5468,236,369,8.0,14464.57,0.17,144.32,96189.06,PAGO,2024-01-07,PEDIDO COM DATA
5469,6,291,7.0,12450.93,0.1,135.04,78575.9,PAGO,2023-11-03,PEDIDO COM DATA
5470,961,368,8.0,242.91,0.23,96.96,1593.29,PAGO,2023-03-05,PEDIDO COM DATA
5472,669,162,2.0,14528.94,0.25,83.26,21876.67,CANCELADO,2025-03-12,PEDIDO COM DATA
5473,193,969,2.0,9909.19,0.12,48.46,17488.63,CANCELADO,2022-04-18,PEDIDO COM DATA
5474,990,958,4.0,2212.49,0.21,71.79,7063.26,PAGO,2024-05-21,PEDIDO COM DATA
5477,403,39,3.0,120.42,0.22,80.39,25248.04,ENVIADO,2023-12-18,PEDIDO COM DATA
5478,462,901,1.0,6513.57,0.0,88.41,4647.91,PAGO,2023-10-11,PEDIDO COM DATA
5481,537,843,6.0,6835.01,0.0,129.53,0.0,PAGO,2022-09-27,PEDIDO COM DATA
5482,605,568,3.0,4980.12,0.23,142.79,11646.87,ENVIADO,2024-02-10,PEDIDO COM DATA
5484,522,223,8.0,12826.69,0.28,84.64,73966.37,PAGO,2024-03-20,PEDIDO COM DATA
5487,519,586,4.0,2641.97,0.01,93.95,10556.15,PENDENTE,2024-04-13,PEDIDO COM DATA
5488,971,205,8.0,12897.88,0.14,128.98,88866.39,PENDENTE,2024-12-19,PEDIDO COM DATA
5489,891,401,3.0,11168.15,0.14,82.84,28896.67,ENVIADO,2023-10-01,PEDIDO COM DATA
5491,760,813,1.0,8523.22,0.17,148.22,7222.49,ENVIADO,2022-07-21,PEDIDO COM DATA
5492,310,596,8.0,7255.69,0.15,121.5,49460.19,PAGO,2022-10-01,PEDIDO COM DATA
5493,243,917,1.0,4508.89,0.09,101.35,4204.44,PAGO,2023-12-25,PEDIDO COM DATA
5494,255,803,4.0,1554.81,0.27,84.95,4625.0,CANCELADO,2023-12-03,PEDIDO COM DATA
5495,842,684,4.0,8084.84,0.25,100.38,24354.9,ENVIADO,2024-10-07,PEDIDO COM DATA
5496,971,178,5.0,4238.53,0.26,80.39,25248.04,ENVIADO,2022-12-03,PEDIDO COM DATA
5498,340,828,3.0,8510.49,0.11,117.67,22840.68,PAGO,2024-12-26,PEDIDO COM DATA
5499,163,508,6.0,10025.27,0.23,62.49,46379.24,CANCELADO,2022-07-30,PEDIDO COM DATA
5500,87,691,2.0,12468.46,0.05,25.21,23715.28,ENVIADO,2024-06-01,PEDIDO COM DATA
5503,570,639,6.0,10942.58,0.19,60.26,53241.2,CANCELADO,2024-04-09,PEDIDO COM DATA
5505,799,144,10.0,1178.88,0.13,123.44,10379.7,PENDENTE,2023-06-04,PEDIDO COM DATA
5506,401,17,4.0,7820.91,0.17,27.13,25992.55,PAGO,2023-04-06,PEDIDO COM DATA
5507,460,622,3.0,1612.4,0.26,16.02,3595.55,CANCELADO,,PEDIDO SEM DATA
5508,118,282,9.0,13104.55,0.0,97.31,87373.61,PENDENTE,2024-01-13,PEDIDO COM DATA
5509,527,201,2.0,13468.25,0.01,31.02,26698.15,CANCELADO,2024-02-09,PEDIDO COM DATA
5511,943,396,7.0,5138.25,0.22,17.75,28072.6,PAGO,2022-04-16,PEDIDO COM DATA
5513,538,852,2.0,4251.71,0.0,147.72,8651.14,PENDENTE,2024-09-20,PEDIDO COM DATA
5514,819,412,7.0,2590.13,0.03,80.39,17708.67,PAGO,2024-07-16,PEDIDO COM DATA
5515,888,621,1.0,2309.09,0.12,14.71,2046.71,PAGO,2024-04-06,PEDIDO COM DATA
5516,800,973,6.0,8963.64,0.24,126.55,41000.75,PENDENTE,2023-01-26,PEDIDO COM DATA
5517,116,603,7.0,14478.75,0.01,89.7,100427.44,ENVIADO,2025-03-30,PEDIDO COM DATA
5518,107,160,3.0,5553.76,0.1,57.69,15052.84,PENDENTE,2024-12-16,PEDIDO COM DATA
5520,917,831,1.0,10736.02,0.01,118.12,10746.78,PAGO,2024-11-06,PEDIDO COM DATA
5521,453,957,3.0,11551.41,0.16,61.63,29171.18,PAGO,2022-09-22,PEDIDO COM DATA
5523,317,65,7.0,5219.72,0.27,136.93,26809.7,ENVIADO,2023-05-18,PEDIDO COM DATA
5526,110,856,6.0,12958.78,0.15,122.04,-500.0,PENDENTE,2023-07-29,PEDIDO COM DATA
5528,370,534,8.0,12840.51,0.17,100.98,85361.97,ENVIADO,2025-01-01,PEDIDO COM DATA
5529,974,70,1.0,5028.79,0.22,131.77,4054.23,PAGO,2022-01-12,PEDIDO COM DATA
5530,50,307,4.0,10922.63,0.03,114.09,42493.89,PENDENTE,,PEDIDO SEM DATA
5531,256,981,4.0,11503.92,0.11,80.5,41034.46,PAGO,2024-04-26,PEDIDO COM DATA
5535,167,327,6.0,7444.64,0.18,77.19,36704.82,CANCELADO,2023-01-11,PEDIDO COM DATA
5537,664,999,2.0,12875.55,0.14,85.39,22231.34,ENVIADO,2025-02-16,PEDIDO COM DATA
5538,506,790,2.0,3829.91,0.17,133.78,25248.04,PAGO,2022-01-07,PEDIDO COM DATA
5539,651,105,9.0,14901.26,0.08,104.26,123486.69,PENDENTE,2022-05-23,PEDIDO COM DATA
5542,161,527,6.0,9810.41,0.15,29.73,50062.82,ENVIADO,,PEDIDO SEM DATA
5543,135,714,2.0,5793.14,0.17,34.26,9650.87,PENDENTE,2022-03-08,PEDIDO COM DATA
5544,29,392,2.0,9548.34,0.15,100.46,16332.64,PAGO,,PEDIDO SEM DATA
5545,745,736,9.0,7297.31,0.29,80.39,46674.09,PAGO,2023-05-15,PEDIDO COM DATA
5546,567,489,5.0,2723.38,0.04,79.03,13151.25,CANCELADO,2022-02-09,PEDIDO COM DATA
5547,313,948,9.0,7817.5,0.14,47.62,60555.07,ENVIADO,2022-12-20,PEDIDO COM DATA
5548,775,729,3.0,11372.89,0.01,95.52,33873.0,PAGO,2023-01-08,PEDIDO COM DATA
5550,452,329,-1.0,5142.27,0.15,57.5,43766.8,ENVIADO,,PEDIDO SEM DATA
5553,870,218,1.0,6727.46,0.03,143.76,6669.4,PENDENTE,2023-02-05,PEDIDO COM DATA
5554,75,816,8.0,11190.25,0.21,113.93,70836.31,ENVIADO,2024-02-15,PEDIDO COM DATA
5556,255,967,8.0,13370.43,0.05,80.39,101659.44,CANCELADO,2022-03-13,PEDIDO COM DATA
5557,245,201,5.0,4574.5,0.2,61.84,18359.84,CANCELADO,2024-06-14,PEDIDO COM DATA
5558,360,942,2.0,4101.59,0.04,39.93,7914.98,CANCELADO,2023-03-30,PEDIDO COM DATA
5559,974,726,7.0,5721.71,0.26,20.58,29659.04,ENVIADO,,PEDIDO SEM DATA
5560,645,609,8.0,12394.76,0.2,122.76,79449.22,CANCELADO,2022-03-01,PEDIDO COM DATA
5561,555,344,9.0,13961.93,0.07,129.13,-500.0,PAGO,2025-02-21,PEDIDO COM DATA
5563,931,644,2.0,6449.0,0.05,30.52,12283.62,ENVIADO,2024-06-23,PEDIDO COM DATA
5565,231,637,4.0,3235.96,0.09,30.18,11809.07,PENDENTE,2024-01-12,PEDIDO COM DATA
5566,289,708,5.0,14582.23,0.07,38.07,67845.44,PAGO,2025-04-02,PEDIDO COM DATA
5569,522,943,10.0,6550.8,0.11,80.39,58339.04,ENVIADO,2022-09-22,PEDIDO COM DATA
5570,799,364,8.0,9530.5,0.03,144.47,74101.15,ENVIADO,2022-05-03,PEDIDO COM DATA
5571,162,836,8.0,4264.21,0.12,112.99,30133.03,PENDENTE,2024-04-04,PEDIDO COM DATA
5573,636,575,5.0,12247.97,0.18,74.17,50290.85,CANCELADO,2024-03-04,PEDIDO COM DATA
5574,294,783,9.0,5451.43,0.13,100.96,42785.66,PAGO,2023-10-31,PEDIDO COM DATA
5575,681,389,5.0,903.75,0.06,102.47,4350.1,CANCELADO,2025-03-12,PEDIDO COM DATA
5576,327,93,5.0,11306.69,0.0,73.7,46431.13,ENVIADO,2022-04-04,PEDIDO COM DATA
5579,825,26,3.0,3788.19,0.2,129.56,9221.22,CANCELADO,2024-05-31,PEDIDO COM DATA
5580,372,661,4.0,5677.14,0.1,105.56,20543.26,ENVIADO,2022-04-11,PEDIDO COM DATA
5582,713,371,1.0,7219.99,0.2,34.44,5810.43,PENDENTE,2024-11-18,PEDIDO COM DATA
5585,969,136,10.0,8648.11,0.29,30.69,61432.27,ENVIADO,,PEDIDO SEM DATA
5586,256,754,10.0,12478.84,0.27,141.29,91236.82,PAGO,2022-04-26,PEDIDO COM DATA
5587,606,490,5.0,8873.45,0.07,58.37,41319.91,PAGO,,PEDIDO SEM DATA
5588,306,862,5.0,8100.11,0.12,111.72,35752.2,PENDENTE,2023-07-30,PEDIDO COM DATA
5590,186,419,3.0,4704.59,0.09,41.23,12884.76,ENVIADO,2024-02-24,PEDIDO COM DATA
5591,371,99,-5.0,5251.82,0.02,131.25,25865.17,PAGO,2022-08-12,PEDIDO COM DATA
5593,131,94,2.0,13580.89,0.0,128.98,26204.29,PENDENTE,2024-08-19,PEDIDO COM DATA
5594,225,221,6.0,6310.3,0.14,127.46,32688.61,CANCELADO,2023-12-02,PEDIDO COM DATA
5595,769,605,7.0,10520.96,0.26,98.86,54597.43,ENVIADO,2023-01-08,PEDIDO COM DATA
5596,470,639,1.0,8197.65,0.07,101.81,7725.62,PENDENTE,2024-11-18,PEDIDO COM DATA
5597,876,755,6.0,13698.09,0.17,97.0,68313.49,ENVIADO,2023-12-02,PEDIDO COM DATA
5599,768,975,10.0,9133.32,0.13,22.5,79482.38,ENVIADO,2024-08-05,PEDIDO COM DATA
5600,278,961,1.0,13025.82,0.11,80.39,11728.06,PENDENTE,2025-02-07,PEDIDO COM DATA
5601,333,332,5.0,4674.75,0.08,89.19,21593.04,PAGO,2022-10-20,PEDIDO COM DATA
5602,103,731,9.0,4770.03,0.26,56.66,31825.06,ENVIADO,2023-12-12,PEDIDO COM DATA
5610,717,644,10.0,9740.02,0.05,65.66,92595.85,ENVIADO,2024-11-13,PEDIDO COM DATA
5611,823,326,5.0,2295.64,0.16,91.52,25248.04,CANCELADO,2022-05-18,PEDIDO COM DATA
5613,520,938,3.0,1315.37,0.27,75.31,2955.97,CANCELADO,,PEDIDO SEM DATA
5614,275,432,5.0,13777.28,0.05,114.55,65556.63,CANCELADO,2022-10-07,PEDIDO COM DATA
5615,805,656,10.0,191.04,0.05,99.13,1914.01,ENVIADO,,PEDIDO SEM DATA
5616,138,160,5.0,3772.34,0.28,49.14,13629.56,CANCELADO,2023-10-19,PEDIDO COM DATA
5617,225,26,6.0,143.68,0.18,92.35,799.26,PENDENTE,2024-02-01,PEDIDO COM DATA
5618,517,481,7.0,3987.34,0.0,126.99,27759.26,CANCELADO,2022-10-08,PEDIDO COM DATA
5621,921,442,4.0,11499.17,0.07,118.06,42894.97,PENDENTE,2022-09-11,PEDIDO COM DATA
5622,795,785,7.0,11232.35,0.17,94.97,65354.92,CANCELADO,2024-12-29,PEDIDO COM DATA
5623,922,799,10.0,1185.64,0.29,79.1,8497.14,ENVIADO,2022-03-25,PEDIDO COM DATA
5624,635,629,6.0,7720.45,0.05,51.54,44058.1,PENDENTE,2022-06-08,PEDIDO COM DATA
5625,379,875,2.0,11792.25,0.12,84.78,20839.14,ENVIADO,2023-06-23,PEDIDO COM DATA
5626,971,912,3.0,6040.54,0.06,49.69,17084.01,CANCELADO,2022-08-04,PEDIDO COM DATA
5627,384,247,9.0,4471.86,0.01,125.49,39969.76,CANCELADO,2023-07-06,PEDIDO COM DATA
5629,319,805,4.0,3519.95,0.0,10.81,25248.04,ENVIADO,2023-02-06,PEDIDO COM DATA
5630,354,475,4.0,11011.61,0.09,104.07,40186.33,CANCELADO,2022-07-04,PEDIDO COM DATA
5633,560,471,4.0,14308.41,0.16,145.59,48221.85,PENDENTE,2023-08-08,PEDIDO COM DATA
5636,270,133,2.0,1509.12,0.2,135.0,25248.04,PENDENTE,2022-07-01,PEDIDO COM DATA
5637,871,839,2.0,14401.77,0.1,62.96,25986.15,PENDENTE,2023-01-27,PEDIDO COM DATA
5638,246,45,2.0,8740.02,0.24,138.36,13423.19,ENVIADO,2024-10-06,PEDIDO COM DATA
5639,396,105,3.0,6576.48,0.27,68.7,14471.19,PAGO,2025-03-24,PEDIDO COM DATA
5642,7,768,9.0,5015.72,0.14,77.56,38899.23,CANCELADO,2022-09-18,PEDIDO COM DATA
5643,137,432,7.0,14836.33,0.1,94.29,93563.17,CANCELADO,2022-03-17,PEDIDO COM DATA
5644,453,827,9.0,11584.06,0.08,26.6,25248.04,CANCELADO,2023-03-30,PEDIDO COM DATA
5645,338,445,9.0,10869.88,0.22,116.66,76423.22,PAGO,2022-06-09,PEDIDO COM DATA
5647,229,791,3.0,1109.39,0.2,14.92,2677.46,PENDENTE,2024-01-25,PEDIDO COM DATA
5648,452,752,9.0,12937.74,0.08,67.33,107191.82,PENDENTE,2024-10-21,PEDIDO COM DATA
5649,492,533,3.0,3007.87,0.05,105.56,8677.99,CANCELADO,2022-03-23,PEDIDO COM DATA
5650,93,487,2.0,11805.82,0.11,147.25,21161.61,PAGO,2022-09-26,PEDIDO COM DATA
5651,673,975,4.0,10314.84,0.22,141.25,32323.55,CANCELADO,2022-09-17,PEDIDO COM DATA
5652,149,440,8.0,3885.39,0.1,31.38,28006.19,PAGO,2024-07-02,PEDIDO COM DATA
5653,224,78,2.0,6565.89,0.27,109.54,9695.74,PAGO,2024-08-21,PEDIDO COM DATA
5654,359,815,8.0,10720.11,0.21,48.78,67799.88,PAGO,2025-04-10,PEDIDO COM DATA
5655,630,619,4.0,7693.59,0.12,60.89,27142.33,CANCELADO,2022-02-08,PEDIDO COM DATA
5657,601,671,-1.0,9412.59,0.27,40.52,61881.24,PAGO,2023-06-26,PEDIDO COM DATA
5658,45,394,3.0,1705.8,0.23,31.62,3972.02,PAGO,2024-10-11,PEDIDO COM DATA
5659,117,674,2.0,4821.48,0.05,27.24,9188.05,ENVIADO,2024-09-08,PEDIDO COM DATA
5660,366,742,6.0,12148.29,0.24,142.78,55538.98,ENVIADO,2024-01-02,PEDIDO COM DATA
5661,484,399,3.0,4516.67,0.17,93.21,11339.72,PENDENTE,2024-11-24,PEDIDO COM DATA
5663,21,534,7.0,2580.48,0.06,121.98,25248.04,CANCELADO,2022-03-06,PEDIDO COM DATA
5664,343,390,3.0,8698.23,0.29,62.0,18589.23,CANCELADO,2022-09-02,PEDIDO COM DATA
5665,646,934,4.0,8333.95,0.15,117.04,28452.47,CANCELADO,2025-03-12,PEDIDO COM DATA
5666,506,754,7.0,6475.06,0.02,138.36,44557.27,ENVIADO,2024-01-20,PEDIDO COM DATA
5667,3,911,5.0,10621.95,0.15,75.74,45219.03,PAGO,2022-01-25,PEDIDO COM DATA
5671,944,651,5.0,11420.6,0.18,40.1,46864.56,ENVIADO,2023-01-21,PEDIDO COM DATA
5672,784,407,6.0,4396.78,0.15,45.08,25248.04,PAGO,2022-06-23,PEDIDO COM DATA
5673,836,642,4.0,5335.71,0.0,24.59,18166.0,CANCELADO,2022-03-23,PEDIDO COM DATA
5674,737,274,5.0,14718.77,0.17,19.54,61102.44,CANCELADO,2022-02-10,PEDIDO COM DATA
5676,185,892,7.0,11802.59,0.08,13.6,76022.28,ENVIADO,2025-01-15,PEDIDO COM DATA
5677,403,697,7.0,6380.38,0.08,14.22,41103.87,PENDENTE,2024-03-08,PEDIDO COM DATA
5678,862,98,9.0,4450.44,0.02,74.15,39327.03,PAGO,2024-05-08,PEDIDO COM DATA
5679,496,247,-1.0,10521.09,0.15,80.39,44749.57,PAGO,2024-09-13,PEDIDO COM DATA
5680,763,46,3.0,9586.29,0.23,100.12,22244.45,PAGO,2023-04-18,PEDIDO COM DATA
5682,143,425,10.0,3136.03,0.02,40.34,30773.43,PAGO,2022-09-20,PEDIDO COM DATA
5683,602,709,2.0,6255.11,0.06,107.91,11867.52,PAGO,2022-05-26,PEDIDO COM DATA
5684,240,126,1.0,13508.81,0.26,41.84,25248.04,CANCELADO,2022-04-27,PEDIDO COM DATA
5685,216,523,1.0,7460.4,0.29,59.67,5356.55,CANCELADO,2025-02-14,PEDIDO COM DATA
5686,312,272,6.0,2174.27,0.09,61.12,11932.63,ENVIADO,2022-11-08,PEDIDO COM DATA
5689,752,327,9.0,555.61,0.22,114.45,4014.83,PAGO,2022-11-18,PEDIDO COM DATA
5692,791,976,9.0,11419.45,0.24,46.74,78155.78,CANCELADO,2022-10-03,PEDIDO COM DATA
5693,219,60,5.0,661.62,0.26,27.83,2475.82,PAGO,2024-01-23,PEDIDO COM DATA
5695,200,274,8.0,252.37,0.04,65.83,2004.03,PENDENTE,2024-05-06,PEDIDO COM DATA
5696,97,486,7.0,9731.46,0.29,89.52,48454.88,PAGO,2023-11-08,PEDIDO COM DATA
5698,428,734,4.0,3282.45,0.2,27.16,10531.0,ENVIADO,2025-03-25,PEDIDO COM DATA
5699,269,656,9.0,8723.51,0.28,123.64,56651.98,PAGO,2024-10-15,PEDIDO COM DATA
5701,794,312,-1.0,14390.34,0.02,117.57,14220.1,PENDENTE,2024-03-21,PEDIDO COM DATA
5702,888,397,4.0,1032.28,0.14,118.79,3669.83,ENVIADO,2023-06-12,PEDIDO COM DATA
5704,297,672,8.0,13010.42,0.01,53.33,103095.86,ENVIADO,2023-09-30,PEDIDO COM DATA
5705,870,152,9.0,9276.52,0.01,65.62,82719.41,ENVIADO,2024-05-30,PEDIDO COM DATA
5708,891,886,10.0,11026.16,0.13,35.0,95962.59,ENVIADO,2022-05-10,PEDIDO COM DATA
5709,687,886,7.0,7699.8,0.29,62.0,38330.01,PAGO,2025-01-21,PEDIDO COM DATA
5710,957,227,4.0,14429.28,0.19,65.62,46816.49,ENVIADO,2025-04-06,PEDIDO COM DATA
5711,150,960,10.0,7738.15,0.19,72.14,62751.16,ENVIADO,2023-05-18,PEDIDO COM DATA
5712,843,725,9.0,4174.22,0.01,54.22,37246.52,PAGO,2023-05-18,PEDIDO COM DATA
5714,188,975,9.0,7871.51,0.0,37.64,-500.0,PAGO,2024-05-14,PEDIDO COM DATA
5715,158,233,7.0,5589.07,0.16,37.72,32901.45,CANCELADO,2024-01-28,PEDIDO COM DATA
5717,400,948,9.0,7100.61,0.27,106.38,46757.39,PENDENTE,2023-02-06,PEDIDO COM DATA
5722,859,137,10.0,9712.61,0.0,80.39,71900.21,ENVIADO,2024-04-20,PEDIDO COM DATA
5723,148,837,4.0,13940.97,0.24,19.49,42400.04,ENVIADO,2023-08-20,PEDIDO COM DATA
5724,312,847,7.0,13937.43,0.0,134.19,89891.24,PAGO,2024-05-29,PEDIDO COM DATA
5727,277,793,7.0,268.42,0.25,74.96,1484.16,PAGO,2024-09-23,PEDIDO COM DATA
5729,879,375,10.0,6237.95,0.08,26.48,57415.62,PAGO,2025-02-09,PEDIDO COM DATA
5731,443,484,4.0,9729.08,0.11,122.87,34758.39,CANCELADO,2022-06-15,PEDIDO COM DATA
5732,750,729,-1.0,136.98,0.12,60.52,1265.94,ENVIADO,2022-02-28,PEDIDO COM DATA
5735,942,350,2.0,9559.91,0.14,80.39,16490.79,CANCELADO,2024-11-24,PEDIDO COM DATA
5736,174,229,5.0,12952.69,0.15,37.32,55086.25,CANCELADO,2022-07-14,PEDIDO COM DATA
5738,870,516,5.0,11676.8,0.07,119.0,54416.12,CANCELADO,2023-08-08,PEDIDO COM DATA
5739,560,70,9.0,10466.15,0.24,126.97,71715.44,PENDENTE,2024-08-04,PEDIDO COM DATA
5741,911,685,6.0,14278.78,0.3,119.07,60089.95,PENDENTE,,PEDIDO SEM DATA
5742,569,370,1.0,7815.8,0.08,48.66,7239.2,PENDENTE,2024-01-02,PEDIDO COM DATA
5743,479,53,7.0,4865.36,0.14,17.37,29306.84,PAGO,2025-02-05,PEDIDO COM DATA
5746,890,671,5.0,12588.84,0.22,81.78,49178.26,PENDENTE,,PEDIDO SEM DATA
5748,565,709,2.0,4453.33,0.09,23.17,8128.23,ENVIADO,2022-03-26,PEDIDO COM DATA
5750,144,597,0.0,1006.78,0.09,91.52,8337.05,PAGO,2022-12-29,PEDIDO COM DATA
5753,54,549,9.0,4494.23,0.24,37.8,30778.33,CANCELADO,2024-03-04,PEDIDO COM DATA
5754,863,812,10.0,5359.33,0.07,85.61,49927.38,PENDENTE,2024-07-26,PEDIDO COM DATA
5756,150,131,6.0,14254.22,0.0,129.69,85655.01,ENVIADO,2022-10-01,PEDIDO COM DATA
5757,490,548,5.0,1184.67,0.16,142.83,5118.44,PENDENTE,2023-03-13,PEDIDO COM DATA
5758,431,363,8.0,11682.48,0.23,133.93,72098.01,PAGO,2023-08-26,PEDIDO COM DATA
5760,715,854,8.0,9272.5,0.1,146.09,66908.09,ENVIADO,2022-07-09,PEDIDO COM DATA
5761,706,297,5.0,13553.26,0.05,98.66,64476.65,PAGO,2023-02-11,PEDIDO COM DATA
5763,975,624,6.0,6229.65,0.05,123.51,35632.51,PENDENTE,,PEDIDO SEM DATA
5764,286,400,8.0,6449.74,0.13,65.4,25248.04,PENDENTE,2023-12-08,PEDIDO COM DATA
5765,539,378,3.0,9389.43,0.29,48.52,20048.01,PAGO,,PEDIDO SEM DATA
5767,409,121,2.0,13445.92,0.2,74.38,21587.85,PAGO,2022-07-31,PEDIDO COM DATA
5768,871,47,3.0,12224.58,0.04,111.08,35317.87,ENVIADO,2022-05-13,PEDIDO COM DATA
5771,508,659,6.0,11711.27,0.08,124.19,64770.4,CANCELADO,,PEDIDO SEM DATA
5774,866,243,1.0,5665.28,0.13,15.67,4944.46,PENDENTE,2024-12-26,PEDIDO COM DATA
5778,585,142,4.0,11297.3,0.13,77.94,39392.54,CANCELADO,2022-12-21,PEDIDO COM DATA
5780,542,151,1.0,13120.74,0.28,147.99,9594.92,ENVIADO,2023-06-02,PEDIDO COM DATA
5781,85,374,3.0,1226.82,0.13,106.14,3308.14,CANCELADO,2024-10-18,PEDIDO COM DATA
5782,233,29,1.0,5180.14,0.14,33.99,4488.91,ENVIADO,2024-04-04,PEDIDO COM DATA
5786,588,406,1.0,8411.16,0.27,95.46,6235.61,PAGO,2024-08-09,PEDIDO COM DATA
5789,95,782,9.0,12395.53,0.06,81.47,-500.0,PENDENTE,2025-01-23,PEDIDO COM DATA
5790,149,844,9.0,9508.1,0.2,11.54,68469.86,PENDENTE,2023-04-29,PEDIDO COM DATA
5791,105,780,3.0,4374.21,0.2,28.04,10526.14,CANCELADO,2023-06-06,PEDIDO COM DATA
5794,247,391,-5.0,2875.05,0.17,37.45,14355.2,ENVIADO,2023-09-18,PEDIDO COM DATA
5795,590,724,2.0,14101.91,0.06,131.76,26643.35,PAGO,2023-08-22,PEDIDO COM DATA
5796,314,496,9.0,14277.01,0.13,48.46,111837.45,ENVIADO,2022-07-19,PEDIDO COM DATA
5797,516,630,2.0,7580.7,0.22,133.45,25248.04,PENDENTE,2023-06-11,PEDIDO COM DATA
5799,804,327,5.0,834.11,0.27,118.17,3162.67,ENVIADO,2023-02-03,PEDIDO COM DATA
5803,411,97,5.0,10983.11,0.3,107.49,38548.38,PAGO,2024-10-31,PEDIDO COM DATA
5805,114,664,5.0,13714.21,0.12,110.34,60452.86,PENDENTE,,PEDIDO SEM DATA
5807,836,873,1.0,14101.71,0.11,80.39,12668.85,ENVIADO,2023-01-14,PEDIDO COM DATA
5808,689,162,6.0,2553.87,0.09,127.87,14072.0,ENVIADO,2024-09-16,PEDIDO COM DATA
5810,955,144,1.0,4935.44,0.21,117.52,4016.52,ENVIADO,,PEDIDO SEM DATA
5811,113,421,4.0,10805.85,0.25,11.25,32428.8,PENDENTE,2024-06-03,PEDIDO COM DATA
5813,260,815,7.0,3006.65,0.17,103.09,25248.04,ENVIADO,2024-03-06,PEDIDO COM DATA
5814,119,510,9.0,2115.96,0.25,99.58,14382.31,CANCELADO,2022-07-26,PEDIDO COM DATA
5815,341,828,8.0,9949.03,0.17,67.32,66128.88,PAGO,2023-11-08,PEDIDO COM DATA
5816,312,904,9.0,1514.59,0.14,35.35,11758.28,CANCELADO,2022-02-05,PEDIDO COM DATA
5817,348,564,3.0,774.68,0.07,58.27,2219.63,CANCELADO,2022-04-04,PEDIDO COM DATA
5819,638,479,10.0,11538.41,0.25,131.35,86669.43,CANCELADO,2024-10-09,PEDIDO COM DATA
5822,189,335,10.0,6576.51,0.17,45.02,54630.05,PAGO,2022-04-27,PEDIDO COM DATA
5823,485,564,5.0,4014.69,0.14,16.58,17279.75,CANCELADO,2022-03-10,PEDIDO COM DATA
5824,45,415,4.0,11763.52,0.12,19.91,25248.04,PENDENTE,2022-09-01,PEDIDO COM DATA
5826,499,19,8.0,9032.43,0.02,118.17,70932.42,PAGO,2023-07-03,PEDIDO COM DATA
5828,335,74,4.0,9147.45,0.02,40.19,0.0,ENVIADO,2022-08-27,PEDIDO COM DATA
5829,655,132,5.0,6046.45,0.29,125.16,21590.06,PENDENTE,,PEDIDO SEM DATA
5830,873,983,6.0,79.17,0.08,83.52,520.54,ENVIADO,2024-02-18,PEDIDO COM DATA
5831,975,743,10.0,6241.39,0.13,15.55,54315.64,ENVIADO,2022-12-08,PEDIDO COM DATA
5832,263,810,0.0,3227.7,0.03,109.7,28287.52,ENVIADO,2023-10-18,PEDIDO COM DATA
5833,872,744,5.0,6022.42,0.21,39.28,23827.84,ENVIADO,2023-07-18,PEDIDO COM DATA
5837,456,70,4.0,12801.12,0.09,57.21,46653.29,CANCELADO,2022-06-15,PEDIDO COM DATA
5838,413,71,3.0,11209.7,0.1,94.33,30360.52,CANCELADO,2022-12-25,PEDIDO COM DATA
5839,393,39,4.0,5409.54,0.22,40.34,16918.1,PAGO,,PEDIDO SEM DATA
5840,659,18,5.0,7867.31,0.09,77.11,0.0,PAGO,,PEDIDO SEM DATA
5841,428,286,7.0,5660.81,0.05,88.79,37733.18,PAGO,2024-08-12,PEDIDO COM DATA
5843,85,739,2.0,6909.25,0.02,79.12,13621.25,ENVIADO,2022-05-27,PEDIDO COM DATA
5844,459,173,5.0,11924.96,0.2,120.1,47819.94,ENVIADO,2022-06-16,PEDIDO COM DATA
5846,489,973,4.0,1077.42,0.04,90.12,25248.04,PAGO,2022-10-24,PEDIDO COM DATA
5847,815,484,2.0,4669.24,0.12,13.42,8231.28,ENVIADO,2022-07-17,PEDIDO COM DATA
5849,249,207,1.0,2885.37,0.23,11.98,2233.71,PENDENTE,2022-04-16,PEDIDO COM DATA
5850,687,354,5.0,11494.04,0.1,144.37,51867.55,CANCELADO,2023-08-25,PEDIDO COM DATA
5852,162,274,9.0,11411.87,0.07,90.6,95607.95,PENDENTE,2024-10-03,PEDIDO COM DATA
5858,826,645,4.0,7405.04,0.27,25.88,21648.6,PENDENTE,2024-04-22,PEDIDO COM DATA
5861,169,940,5.0,7883.78,0.22,76.89,30823.63,PAGO,2024-03-08,PEDIDO COM DATA
5862,159,115,3.0,4543.68,0.17,98.8,11412.56,PENDENTE,2022-08-18,PEDIDO COM DATA
5863,329,606,5.0,13959.27,0.17,64.94,57995.91,ENVIADO,2022-02-04,PEDIDO COM DATA
5864,531,505,1.0,12120.15,0.24,130.09,9341.4,PAGO,2025-02-27,PEDIDO COM DATA
5866,573,304,10.0,7406.48,0.21,112.81,58624.0,PENDENTE,2022-10-22,PEDIDO COM DATA
5867,405,490,7.0,3989.95,0.12,130.67,24708.76,ENVIADO,2023-05-18,PEDIDO COM DATA
5868,362,970,9.0,2174.28,0.21,138.96,15598.09,PENDENTE,2023-01-06,PEDIDO COM DATA
5869,217,698,6.0,8755.57,0.09,80.39,47827.27,CANCELADO,2025-02-15,PEDIDO COM DATA
5872,444,202,6.0,7388.94,0.05,83.23,42200.19,ENVIADO,2023-04-05,PEDIDO COM DATA
5873,560,815,3.0,1087.2,0.03,138.7,3302.45,PENDENTE,2024-06-21,PEDIDO COM DATA
5875,411,609,1.0,10967.84,0.13,64.75,9606.77,CANCELADO,2024-01-02,PEDIDO COM DATA
5876,693,779,10.0,1948.36,0.11,118.45,0.0,ENVIADO,,PEDIDO SEM DATA
5877,897,381,-5.0,14639.57,0.15,125.24,74787.05,PAGO,2024-11-10,PEDIDO COM DATA
5879,103,721,10.0,10942.84,0.29,59.02,77753.18,CANCELADO,2024-06-09,PEDIDO COM DATA
5883,200,779,9.0,14167.69,0.07,50.61,118634.18,PENDENTE,2025-01-17,PEDIDO COM DATA
5884,15,357,1.0,4805.53,0.0,80.39,3671.83,PENDENTE,2022-02-26,PEDIDO COM DATA
5885,317,904,1.0,11054.55,0.01,112.37,11056.37,CANCELADO,2022-04-24,PEDIDO COM DATA
5886,103,235,4.0,7821.89,0.14,122.47,27029.77,ENVIADO,2024-01-14,PEDIDO COM DATA
5887,408,844,6.0,8076.74,0.21,67.41,38351.16,ENVIADO,2024-11-16,PEDIDO COM DATA
5891,828,231,4.0,2112.48,0.22,105.12,6696.06,PENDENTE,2022-01-11,PEDIDO COM DATA
5893,176,432,6.0,11000.49,0.03,85.06,64107.91,CANCELADO,2023-11-24,PEDIDO COM DATA
5894,320,821,7.0,3528.23,0.14,95.14,21335.08,PAGO,2024-04-04,PEDIDO COM DATA
5895,86,476,8.0,2273.9,0.07,83.85,17001.67,PENDENTE,2022-07-12,PEDIDO COM DATA
5900,695,521,4.0,7880.44,0.06,35.88,29666.33,PENDENTE,2025-04-09,PEDIDO COM DATA
5901,222,559,3.0,7604.5,0.14,80.39,19697.95,ENVIADO,2023-06-13,PEDIDO COM DATA
5903,108,609,9.0,7519.6,0.16,142.62,56990.8,PAGO,2023-05-20,PEDIDO COM DATA
5904,608,278,7.0,6953.75,0.24,147.91,37141.86,PAGO,2023-02-06,PEDIDO COM DATA
5906,445,577,2.0,2233.92,0.0,88.42,3305.26,PAGO,2025-02-21,PEDIDO COM DATA
5909,869,350,3.0,1724.1,0.27,107.13,3882.91,PAGO,2023-05-17,PEDIDO COM DATA
5910,823,570,6.0,11089.22,0.08,111.77,61324.26,CANCELADO,2024-11-18,PEDIDO COM DATA
5911,123,578,8.0,13175.34,0.15,124.65,89716.96,PAGO,2022-11-15,PEDIDO COM DATA
5913,688,26,6.0,10280.22,0.3,78.51,43255.43,PAGO,,PEDIDO SEM DATA
5914,295,251,0.0,2644.98,0.01,32.47,7888.06,ENVIADO,2023-05-20,PEDIDO COM DATA
5916,973,234,5.0,10908.33,0.0,19.92,50743.65,PENDENTE,2024-07-03,PEDIDO COM DATA
5917,601,338,5.0,802.31,0.08,102.17,3792.8,PENDENTE,2025-01-17,PEDIDO COM DATA
5918,107,533,9.0,13935.35,0.08,67.87,115452.57,CANCELADO,2023-01-26,PEDIDO COM DATA
5920,233,832,5.0,2214.3,0.2,99.12,8956.32,PAGO,2022-05-13,PEDIDO COM DATA
5921,346,19,8.0,9566.75,0.06,96.84,72038.8,ENVIADO,2025-03-02,PEDIDO COM DATA
5924,931,70,4.0,4115.47,0.07,99.41,15408.96,ENVIADO,2023-10-02,PEDIDO COM DATA
5925,885,958,1.0,3232.9,0.12,51.7,2896.65,PENDENTE,,PEDIDO SEM DATA
5927,246,819,5.0,6570.31,0.29,94.74,23419.34,PAGO,2024-09-17,PEDIDO COM DATA
5928,36,620,8.0,5903.78,0.06,141.93,44538.36,PENDENTE,2023-10-20,PEDIDO COM DATA
5929,939,307,5.0,10389.97,0.06,11.55,48844.41,PENDENTE,2024-08-27,PEDIDO COM DATA
5931,694,141,8.0,3901.12,0.16,143.14,26358.67,CANCELADO,2022-12-12,PEDIDO COM DATA
5932,187,753,6.0,10787.85,0.09,27.44,58929.1,PAGO,2024-12-02,PEDIDO COM DATA
5933,242,266,7.0,8546.48,0.18,62.7,49119.5,PENDENTE,2023-10-30,PEDIDO COM DATA
5934,431,78,6.0,8666.56,0.22,63.34,40622.84,PAGO,,PEDIDO SEM DATA
5936,505,430,7.0,14437.2,0.2,143.75,25248.04,ENVIADO,,PEDIDO SEM DATA
5937,169,221,4.0,5742.16,0.24,45.68,17501.85,PAGO,2025-04-06,PEDIDO COM DATA
5938,510,323,-5.0,7412.94,0.02,47.36,58164.81,PAGO,2022-01-18,PEDIDO COM DATA
5939,883,129,2.0,10440.13,0.16,39.47,17578.89,CANCELADO,2024-12-02,PEDIDO COM DATA
5941,675,869,10.0,1807.49,0.09,143.9,16592.06,PAGO,2024-01-13,PEDIDO COM DATA
5943,237,326,8.0,8976.93,0.25,67.24,53928.82,PAGO,2023-04-15,PEDIDO COM DATA
5944,477,946,6.0,8924.24,0.07,95.63,49892.89,ENVIADO,2023-02-08,PEDIDO COM DATA
5945,58,668,1.0,12046.54,0.13,131.9,10612.39,CANCELADO,2024-09-22,PEDIDO COM DATA
5946,69,173,7.0,7289.62,0.0,17.7,44411.49,PAGO,2022-01-14,PEDIDO COM DATA
5947,256,687,3.0,6554.45,0.01,34.75,19501.47,CANCELADO,2025-02-23,PEDIDO COM DATA
5949,552,443,6.0,7388.5,0.3,70.42,31102.12,PAGO,2025-02-27,PEDIDO COM DATA
5950,340,980,6.0,4776.42,0.09,103.5,26182.75,PAGO,2024-06-09,PEDIDO COM DATA
5951,595,341,3.0,5908.68,0.11,17.23,15793.41,PENDENTE,2022-01-04,PEDIDO COM DATA
5954,318,99,3.0,6082.81,0.22,14.65,14248.43,CANCELADO,2024-11-13,PEDIDO COM DATA
5955,40,845,2.0,2845.34,0.0,51.78,5059.58,ENVIADO,2024-01-07,PEDIDO COM DATA
5956,962,99,3.0,10423.33,0.17,61.65,26015.74,CANCELADO,2024-10-28,PEDIDO COM DATA
5957,911,661,1.0,1752.94,0.21,80.39,1426.66,ENVIADO,2024-06-19,PEDIDO COM DATA
5959,674,744,10.0,6774.42,0.3,109.82,47530.76,ENVIADO,2024-07-01,PEDIDO COM DATA
5961,931,869,9.0,1716.67,0.23,49.92,11946.44,PAGO,2023-11-07,PEDIDO COM DATA
5962,210,484,9.0,11399.79,0.19,145.2,83249.67,CANCELADO,,PEDIDO SEM DATA
5964,516,282,8.0,2739.41,0.18,41.24,18011.77,ENVIADO,2022-09-08,PEDIDO COM DATA
5966,455,349,2.0,9853.82,0.27,20.88,14407.46,PENDENTE,2023-03-27,PEDIDO COM DATA
5968,681,504,10.0,5435.45,0.15,97.23,46298.56,ENVIADO,2022-04-15,PEDIDO COM DATA
5969,733,291,1.0,3678.71,0.26,141.9,2864.15,PENDENTE,,PEDIDO SEM DATA
5972,423,133,7.0,1078.18,0.28,119.59,5553.62,CANCELADO,2025-03-20,PEDIDO COM DATA
5975,885,450,4.0,6011.95,0.09,41.93,-500.0,CANCELADO,2022-01-06,PEDIDO COM DATA
5976,873,42,9.0,6330.61,0.24,21.03,43322.4,PAGO,,PEDIDO SEM DATA
5977,171,90,9.0,4815.64,0.04,27.6,41634.73,CANCELADO,2024-05-17,PEDIDO COM DATA
5978,442,581,5.0,9654.65,0.0,72.6,48345.85,PENDENTE,2023-07-29,PEDIDO COM DATA
5979,691,401,9.0,8281.68,0.0,116.09,53036.03,CANCELADO,2022-02-05,PEDIDO COM DATA
5981,292,325,1.0,4685.35,0.03,61.22,4606.01,CANCELADO,2025-02-14,PEDIDO COM DATA
5982,997,463,2.0,9143.14,0.19,68.93,14880.82,PENDENTE,2023-11-29,PEDIDO COM DATA
5983,531,80,4.0,11199.71,0.28,67.2,25248.04,CANCELADO,2023-10-28,PEDIDO COM DATA
5985,467,334,7.0,2440.1,0.0,50.32,13885.69,ENVIADO,2024-07-03,PEDIDO COM DATA
5986,839,345,9.0,3731.11,0.03,17.88,32590.47,CANCELADO,2022-07-06,PEDIDO COM DATA
5987,120,559,7.0,4896.52,0.16,22.05,28813.59,ENVIADO,2024-04-21,PEDIDO COM DATA
5990,827,953,6.0,1615.6,0.26,95.44,7268.7,ENVIADO,2023-12-15,PEDIDO COM DATA
5991,560,157,4.0,7608.56,0.14,26.94,25248.04,PAGO,2022-12-16,PEDIDO COM DATA
5992,622,155,7.0,14887.64,0.1,126.54,93918.67,PAGO,2024-08-29,PEDIDO COM DATA
5994,474,300,8.0,2318.56,0.25,109.64,14021.0,CANCELADO,2024-09-29,PEDIDO COM DATA
5996,992,717,9.0,3218.92,0.06,14.4,27246.46,PAGO,2022-05-05,PEDIDO COM DATA
5997,352,182,8.0,635.6,0.13,139.95,4563.73,CANCELADO,2025-02-01,PEDIDO COM DATA
5998,84,304,6.0,11156.61,0.15,41.71,56940.42,PENDENTE,2022-02-14,PEDIDO COM DATA
5999,979,209,8.0,12805.97,0.06,79.92,96380.81,CANCELADO,2022-06-15,PEDIDO COM DATA
6000,161,316,3.0,7814.06,0.0,116.17,25248.04,CANCELADO,2022-04-12,PEDIDO COM DATA
6001,395,508,7.0,8892.71,0.03,41.07,0.0,CANCELADO,2022-01-19,PEDIDO COM DATA
6006,37,126,4.0,5718.73,0.12,15.72,20145.65,CANCELADO,2022-10-22,PEDIDO COM DATA
6008,518,596,6.0,812.04,0.1,19.6,4404.62,PAGO,2022-09-24,PEDIDO COM DATA
6009,210,901,3.0,7254.86,0.22,31.22,17007.59,ENVIADO,,PEDIDO SEM DATA
6010,952,375,7.0,8639.77,0.14,147.32,52158.74,PAGO,2023-07-10,PEDIDO COM DATA
6011,395,478,5.0,10757.17,0.26,14.97,39816.5,CANCELADO,2023-05-04,PEDIDO COM DATA
6012,460,71,8.0,6037.65,0.03,37.28,46889.44,CANCELADO,2025-04-13,PEDIDO COM DATA
6013,942,614,8.0,3279.79,0.17,102.3,21880.11,PAGO,2024-09-22,PEDIDO COM DATA
6015,917,131,2.0,235.39,0.23,73.84,436.34,ENVIADO,2023-09-05,PEDIDO COM DATA
6016,494,515,10.0,3834.58,0.12,71.29,33815.59,ENVIADO,2023-01-28,PEDIDO COM DATA
6017,727,385,3.0,2472.69,0.21,49.11,5909.39,PENDENTE,2022-01-16,PEDIDO COM DATA
6018,931,948,1.0,109.28,0.1,19.08,117.43,CANCELADO,2023-02-06,PEDIDO COM DATA
6019,293,51,4.0,11345.94,0.05,15.24,43129.81,PAGO,2022-10-15,PEDIDO COM DATA
6020,590,555,4.0,11519.92,0.15,138.69,25248.04,CANCELADO,2022-10-16,PEDIDO COM DATA
6025,908,729,4.0,10999.99,0.15,147.49,37547.46,PAGO,2022-10-19,PEDIDO COM DATA
6026,593,112,9.0,2047.43,0.22,103.88,25248.04,PAGO,2022-12-05,PEDIDO COM DATA
6027,186,403,7.0,7452.64,0.2,24.78,41759.56,PENDENTE,2022-05-21,PEDIDO COM DATA
6031,288,599,7.0,10443.09,0.12,47.91,64377.34,PENDENTE,2023-04-15,PEDIDO COM DATA
6032,213,815,5.0,1082.27,0.23,80.72,4247.46,ENVIADO,,PEDIDO SEM DATA
6033,172,601,-5.0,9659.89,0.07,106.86,45025.35,CANCELADO,2023-01-24,PEDIDO COM DATA
6034,572,988,7.0,12720.3,0.04,80.39,85523.83,ENVIADO,,PEDIDO SEM DATA
6035,548,403,6.0,8659.48,0.11,52.17,46293.79,PENDENTE,2024-10-30,PEDIDO COM DATA
6036,448,121,8.0,4801.5,0.1,55.73,34626.53,ENVIADO,2022-07-28,PEDIDO COM DATA
6037,892,301,4.0,3965.81,0.3,80.39,11137.28,PAGO,2022-09-22,PEDIDO COM DATA
6038,280,500,9.0,8339.27,0.0,17.57,68316.19,PENDENTE,2023-11-03,PEDIDO COM DATA
6039,262,317,5.0,9184.05,0.18,112.78,37767.39,ENVIADO,,PEDIDO SEM DATA
6041,508,677,3.0,1748.97,0.03,32.93,5122.43,ENVIADO,,PEDIDO SEM DATA
6042,645,307,1.0,10518.75,0.22,36.28,8240.91,PAGO,2024-11-05,PEDIDO COM DATA
6044,492,981,4.0,4302.27,0.14,11.4,14811.21,CANCELADO,2024-10-28,PEDIDO COM DATA
6046,888,909,9.0,13205.51,0.29,125.66,84508.87,CANCELADO,2022-03-29,PEDIDO COM DATA
6048,408,821,5.0,2368.97,0.2,32.44,9508.32,PAGO,2022-01-03,PEDIDO COM DATA
6049,192,513,9.0,58.16,0.09,52.52,528.85,PENDENTE,2022-11-20,PEDIDO COM DATA
6050,239,589,1.0,5951.31,0.09,131.26,5546.95,PENDENTE,2025-02-01,PEDIDO COM DATA
6051,487,832,1.0,10560.09,0.18,18.3,8677.57,ENVIADO,2024-03-18,PEDIDO COM DATA
6053,142,241,6.0,7610.65,0.05,80.2,43460.9,ENVIADO,,PEDIDO SEM DATA
6054,622,211,2.0,4292.01,0.04,85.08,8325.74,ENVIADO,2023-09-08,PEDIDO COM DATA
6055,610,235,6.0,5205.4,0.21,101.13,24774.73,ENVIADO,2023-03-01,PEDIDO COM DATA
6056,833,988,2.0,11817.23,0.05,13.43,22466.17,ENVIADO,2025-01-31,PEDIDO COM DATA
6057,455,74,1.0,1783.19,0.14,40.22,1573.76,PAGO,2024-01-27,PEDIDO COM DATA
6058,119,536,1.0,13197.23,0.18,71.93,25248.04,PAGO,2024-05-21,PEDIDO COM DATA
6059,823,461,3.0,14118.43,0.14,20.21,36445.76,PENDENTE,2022-10-20,PEDIDO COM DATA
6060,37,600,8.0,13709.5,0.02,22.77,107505.25,ENVIADO,2023-06-02,PEDIDO COM DATA
6062,173,901,5.0,2054.28,0.13,36.5,25248.04,CANCELADO,2024-12-19,PEDIDO COM DATA
6063,544,463,2.0,4258.13,0.21,57.19,6785.04,PAGO,2023-07-04,PEDIDO COM DATA
6064,441,896,6.0,6504.51,0.17,53.7,32446.16,CANCELADO,2023-08-26,PEDIDO COM DATA
6066,241,831,6.0,3376.17,0.0,46.11,20303.13,ENVIADO,2023-10-07,PEDIDO COM DATA
6068,808,114,9.0,3972.11,0.17,49.99,29721.65,ENVIADO,2023-10-10,PEDIDO COM DATA
6069,224,299,4.0,3316.29,0.09,76.49,12147.79,CANCELADO,,PEDIDO SEM DATA
6070,147,647,8.0,6262.54,0.21,87.2,39666.45,PENDENTE,2025-02-15,PEDIDO COM DATA
6071,141,342,10.0,9113.57,0.16,52.53,76606.52,ENVIADO,2022-02-27,PEDIDO COM DATA
6072,518,825,1.0,13508.84,0.01,66.01,13439.76,PENDENTE,2022-09-21,PEDIDO COM DATA
6073,569,138,1.0,4955.57,0.26,17.25,3684.37,CANCELADO,2022-01-05,PEDIDO COM DATA
6074,904,934,4.0,14970.4,0.08,123.8,55214.87,ENVIADO,2022-11-15,PEDIDO COM DATA
6075,943,889,9.0,2929.33,0.21,14.91,20842.45,PENDENTE,2024-01-07,PEDIDO COM DATA
6076,643,604,9.0,9784.14,0.07,38.27,81931.52,ENVIADO,2023-03-20,PEDIDO COM DATA
6077,179,727,6.0,5537.98,0.17,16.48,27595.62,PENDENTE,,PEDIDO SEM DATA
6078,399,506,8.0,4622.37,0.08,129.34,34149.98,PAGO,2023-09-04,PEDIDO COM DATA
6079,998,891,-1.0,3166.17,0.04,137.72,24453.91,ENVIADO,2023-08-15,PEDIDO COM DATA
6080,293,264,6.0,793.98,0.09,25.09,4360.22,PAGO,2025-03-28,PEDIDO COM DATA
6081,272,702,-5.0,11673.22,0.09,95.08,21340.34,PENDENTE,,PEDIDO SEM DATA
6082,19,342,5.0,6421.01,0.26,102.77,23860.51,PAGO,2025-03-02,PEDIDO COM DATA
6083,740,151,10.0,8263.63,0.27,36.61,60361.11,PENDENTE,,PEDIDO SEM DATA
6085,504,722,5.0,3732.03,0.05,121.5,17848.64,PENDENTE,2022-11-03,PEDIDO COM DATA
6087,711,411,-5.0,3597.03,0.09,99.21,9919.1,PENDENTE,2023-07-20,PEDIDO COM DATA
6088,930,979,3.0,9071.81,0.16,27.65,22888.61,PENDENTE,2024-08-03,PEDIDO COM DATA
6091,373,374,3.0,12462.42,0.28,67.32,26986.15,PENDENTE,2023-08-29,PEDIDO COM DATA
6094,751,550,4.0,14058.7,0.15,76.74,47876.32,CANCELADO,2022-04-15,PEDIDO COM DATA
6095,996,255,8.0,6333.85,0.29,106.9,36083.17,PENDENTE,2022-05-07,PEDIDO COM DATA
6098,29,869,6.0,12098.99,0.04,62.41,69752.59,PENDENTE,2024-09-02,PEDIDO COM DATA
6101,965,949,6.0,10802.15,0.03,21.25,62889.76,PENDENTE,2024-03-21,PEDIDO COM DATA
6102,279,4,9.0,519.9,0.29,48.98,3371.14,PAGO,2023-10-11,PEDIDO COM DATA
6106,959,970,3.0,11398.32,0.02,103.74,33614.8,ENVIADO,2023-02-13,PEDIDO COM DATA
6107,6,108,3.0,3135.63,0.02,109.3,9328.05,CANCELADO,2023-02-27,PEDIDO COM DATA
6108,786,22,7.0,4219.91,0.12,29.36,26024.01,CANCELADO,2022-08-20,PEDIDO COM DATA
6109,853,173,6.0,13341.12,0.19,21.57,64859.41,CANCELADO,,PEDIDO SEM DATA
6110,316,64,7.0,10166.76,0.26,80.39,25248.04,PENDENTE,,PEDIDO SEM DATA
6111,829,326,2.0,1648.93,0.15,11.51,2814.69,CANCELADO,2025-04-15,PEDIDO COM DATA
6112,126,660,3.0,6399.22,0.3,46.95,13485.31,CANCELADO,2022-05-02,PEDIDO COM DATA
6113,880,495,-1.0,2571.54,0.08,33.7,23691.87,PENDENTE,,PEDIDO SEM DATA
6115,582,479,6.0,9842.23,0.19,39.49,47872.73,ENVIADO,,PEDIDO SEM DATA
6118,522,612,1.0,13673.6,0.1,144.7,12450.94,PAGO,2023-11-28,PEDIDO COM DATA
6119,400,191,6.0,12579.24,0.27,20.74,55117.81,PENDENTE,2022-06-04,PEDIDO COM DATA
6120,477,714,2.0,7837.78,0.07,114.34,14692.61,PAGO,2025-03-24,PEDIDO COM DATA
6122,976,924,10.0,98.5,0.12,80.34,947.14,ENVIADO,2024-07-14,PEDIDO COM DATA
6125,630,882,9.0,11932.13,0.3,79.73,75252.15,PENDENTE,2022-04-08,PEDIDO COM DATA
6127,509,330,2.0,14918.36,0.21,11.85,23582.86,PAGO,2024-04-21,PEDIDO COM DATA
6128,937,851,4.0,3215.93,0.12,61.15,11381.22,PAGO,2023-05-22,PEDIDO COM DATA
6130,286,103,9.0,6592.89,0.15,118.66,50554.27,ENVIADO,2022-01-12,PEDIDO COM DATA
6131,261,455,0.0,7320.52,0.11,20.49,39112.07,PAGO,2024-10-28,PEDIDO COM DATA
6132,360,901,3.0,6739.87,0.14,30.02,17418.88,PAGO,2022-10-02,PEDIDO COM DATA
6135,455,780,2.0,10868.04,0.06,74.72,20506.64,PENDENTE,,PEDIDO SEM DATA
6139,825,43,10.0,3661.66,0.14,121.95,31612.23,CANCELADO,2024-05-08,PEDIDO COM DATA
6141,623,552,6.0,13287.1,0.0,102.45,79825.05,PENDENTE,2023-04-30,PEDIDO COM DATA
6142,153,231,2.0,4687.05,0.02,149.11,9335.73,PAGO,2024-05-20,PEDIDO COM DATA
6144,137,223,7.0,9594.07,0.29,52.81,47735.34,ENVIADO,2022-11-20,PEDIDO COM DATA
6145,109,118,9.0,2386.6,0.21,33.9,17002.63,PENDENTE,2024-06-27,PEDIDO COM DATA
6146,866,78,4.0,1147.71,0.04,72.87,4480.08,ENVIADO,2023-12-22,PEDIDO COM DATA
6147,228,360,2.0,9990.55,0.18,16.17,16400.67,PAGO,2023-09-06,PEDIDO COM DATA
6148,253,688,9.0,12033.34,0.0,35.07,89924.12,PENDENTE,2024-05-13,PEDIDO COM DATA
6149,879,473,10.0,3827.22,0.06,54.94,36030.81,PAGO,2024-08-06,PEDIDO COM DATA
6150,831,995,6.0,7744.61,0.26,112.72,34498.79,CANCELADO,2025-03-15,PEDIDO COM DATA
6151,615,889,2.0,7006.82,0.15,80.62,11992.21,PENDENTE,2023-02-13,PEDIDO COM DATA
6152,30,413,7.0,572.26,0.27,57.69,2981.94,PENDENTE,2024-10-19,PEDIDO COM DATA
6154,470,928,5.0,4682.6,0.2,95.0,18825.4,PAGO,2024-12-29,PEDIDO COM DATA
6155,464,677,9.0,1330.97,0.26,36.16,8900.42,CANCELADO,2024-07-01,PEDIDO COM DATA
6157,418,125,1.0,3707.41,0.13,87.11,3312.56,PAGO,2022-03-24,PEDIDO COM DATA
6158,213,251,2.0,14277.73,0.08,106.84,26377.86,ENVIADO,2024-03-13,PEDIDO COM DATA
6160,583,457,8.0,10760.83,0.02,51.5,84416.41,CANCELADO,2023-04-20,PEDIDO COM DATA
6163,639,504,6.0,4311.04,0.15,145.88,22132.18,PENDENTE,2024-05-06,PEDIDO COM DATA
6164,152,274,4.0,7170.83,0.2,14.33,22960.99,PENDENTE,,PEDIDO SEM DATA
6166,645,272,7.0,12422.05,0.21,79.68,68773.62,CANCELADO,2024-03-05,PEDIDO COM DATA
6168,752,857,2.0,1273.82,0.22,11.4,1998.56,PENDENTE,2025-02-20,PEDIDO COM DATA
6169,382,950,8.0,1219.5,0.14,93.67,8483.83,PAGO,,PEDIDO SEM DATA
6170,351,847,1.0,9447.15,0.04,103.31,9172.57,PAGO,2023-05-26,PEDIDO COM DATA
6171,159,854,3.0,3849.53,0.0,144.62,11693.21,PAGO,2023-01-20,PEDIDO COM DATA
6172,179,744,1.0,13295.12,0.26,19.97,9858.36,PAGO,2023-12-25,PEDIDO COM DATA
6173,850,447,2.0,8689.35,0.18,31.71,14282.24,CANCELADO,2022-05-17,PEDIDO COM DATA
6175,700,693,6.0,11928.33,0.09,41.96,65170.64,ENVIADO,,PEDIDO SEM DATA
6177,907,299,6.0,6699.48,0.04,25.73,38614.73,PAGO,2023-04-07,PEDIDO COM DATA
6178,172,436,10.0,6799.08,0.02,126.32,66757.3,PENDENTE,2024-09-24,PEDIDO COM DATA
6179,665,336,8.0,12674.09,0.03,101.32,98452.26,PENDENTE,2024-08-23,PEDIDO COM DATA
6181,343,778,5.0,5578.6,0.22,80.39,21874.3,PENDENTE,2024-10-01,PEDIDO COM DATA
6182,35,473,-1.0,2218.18,0.01,12.7,6600.69,ENVIADO,2022-03-27,PEDIDO COM DATA
6183,852,702,9.0,11921.92,0.1,92.4,0.0,PAGO,2024-02-12,PEDIDO COM DATA
6184,247,787,10.0,12472.17,0.16,16.6,104782.83,PENDENTE,2022-07-09,PEDIDO COM DATA
6185,740,601,3.0,3419.35,0.0,119.7,9044.2,PENDENTE,2022-09-07,PEDIDO COM DATA
6187,214,924,3.0,10337.11,0.26,80.39,22961.93,PENDENTE,2022-07-31,PEDIDO COM DATA
6188,640,211,9.0,12561.54,0.16,137.74,95102.98,ENVIADO,2022-11-07,PEDIDO COM DATA
6192,939,157,9.0,11476.13,0.17,54.05,85780.74,PENDENTE,2023-09-11,PEDIDO COM DATA
6193,799,66,3.0,1813.18,0.25,138.29,4217.94,PAGO,2024-03-20,PEDIDO COM DATA
6194,558,679,3.0,8234.17,0.25,12.35,18539.23,PENDENTE,2024-02-29,PEDIDO COM DATA
6195,882,710,5.0,2476.84,0.02,50.44,12186.96,PENDENTE,2023-02-20,PEDIDO COM DATA
6196,88,610,4.0,3035.69,0.24,34.45,25248.04,PENDENTE,2025-02-05,PEDIDO COM DATA
6203,621,274,1.0,11620.83,0.21,106.91,9287.37,PAGO,2023-10-23,PEDIDO COM DATA
6204,208,269,4.0,2323.32,0.1,129.0,8492.95,CANCELADO,2022-04-14,PEDIDO COM DATA
6205,171,831,10.0,9312.25,0.19,134.63,75563.86,PENDENTE,2024-02-02,PEDIDO COM DATA
6208,783,594,5.0,13491.49,0.2,46.35,54012.31,PENDENTE,2024-11-09,PEDIDO COM DATA
6209,785,559,6.0,11073.35,0.01,136.91,65912.61,ENVIADO,2024-07-07,PEDIDO COM DATA
6210,536,243,8.0,12218.83,0.01,96.58,96869.71,PAGO,2022-12-24,PEDIDO COM DATA
6212,871,579,1.0,14287.59,0.18,80.39,11731.54,PAGO,2022-09-12,PEDIDO COM DATA
6214,462,103,2.0,3132.69,0.2,37.12,5049.42,PAGO,2024-05-15,PEDIDO COM DATA
6215,159,445,9.0,7563.17,0.26,144.48,50515.19,PENDENTE,2023-09-03,PEDIDO COM DATA
6216,124,114,3.0,3727.34,0.03,42.03,10888.59,PENDENTE,2024-07-23,PEDIDO COM DATA
6217,914,195,2.0,10834.14,0.02,85.9,21320.81,CANCELADO,2022-05-21,PEDIDO COM DATA
6219,273,204,7.0,8748.76,0.27,128.74,44834.9,CANCELADO,2022-06-25,PEDIDO COM DATA
6222,198,499,5.0,641.77,0.0,106.33,3154.74,PENDENTE,2024-01-07,PEDIDO COM DATA
6223,146,273,5.0,4815.21,0.12,84.63,21271.55,ENVIADO,2024-03-15,PEDIDO COM DATA
6224,466,197,8.0,7695.01,0.27,67.39,45006.25,PENDENTE,,PEDIDO SEM DATA
6226,907,7,-5.0,5072.67,0.22,84.08,31737.54,ENVIADO,2024-04-26,PEDIDO COM DATA
6227,639,39,2.0,6258.2,0.05,20.66,11911.24,CANCELADO,2022-04-06,PEDIDO COM DATA
6230,447,8,8.0,2699.61,0.27,102.39,15868.11,ENVIADO,2024-05-10,PEDIDO COM DATA
6231,905,890,2.0,12673.63,0.11,122.95,22682.01,PAGO,2024-07-03,PEDIDO COM DATA
6232,292,367,3.0,2532.86,0.02,47.6,7494.21,PAGO,,PEDIDO SEM DATA
6233,748,298,5.0,1599.69,0.17,119.76,0.0,CANCELADO,2024-03-11,PEDIDO COM DATA
6234,434,707,9.0,10202.13,0.25,35.29,68899.67,ENVIADO,2023-02-15,PEDIDO COM DATA
6235,489,830,7.0,8783.54,0.19,79.64,49882.31,CANCELADO,2022-11-14,PEDIDO COM DATA
6236,255,608,7.0,3497.71,0.04,131.45,23636.06,CANCELADO,2022-09-29,PEDIDO COM DATA
6237,515,204,8.0,14593.4,0.07,56.34,108631.24,PENDENTE,2023-10-05,PEDIDO COM DATA
6238,337,316,3.0,4880.27,0.24,58.38,11185.4,PENDENTE,2023-02-14,PEDIDO COM DATA
6240,340,973,6.0,9967.47,0.06,80.39,56328.32,PAGO,2024-05-20,PEDIDO COM DATA
6241,516,799,6.0,4355.22,0.08,90.01,24130.82,CANCELADO,2022-11-12,PEDIDO COM DATA
6242,633,869,6.0,13618.05,0.09,67.83,74422.38,PAGO,,PEDIDO SEM DATA
6244,748,209,6.0,12122.52,0.26,37.39,53861.38,CANCELADO,2023-05-08,PEDIDO COM DATA
6245,834,759,10.0,10355.48,0.07,58.58,96364.54,ENVIADO,2024-12-29,PEDIDO COM DATA
6247,931,687,9.0,3780.62,0.01,133.08,33818.4,ENVIADO,2025-04-04,PEDIDO COM DATA
6248,215,793,2.0,10394.04,0.29,129.01,14888.55,CANCELADO,2022-07-29,PEDIDO COM DATA
6250,742,463,6.0,1357.49,0.05,53.77,7791.46,PAGO,2024-04-15,PEDIDO COM DATA
6251,546,886,1.0,4578.53,0.13,73.39,4056.71,CANCELADO,,PEDIDO SEM DATA
6252,57,99,1.0,3008.82,0.09,17.26,25248.04,ENVIADO,2022-10-13,PEDIDO COM DATA
6254,664,536,2.0,1660.24,0.22,35.67,2625.64,CANCELADO,2024-07-21,PEDIDO COM DATA
6258,801,471,2.0,6473.88,0.29,111.92,9304.83,ENVIADO,2024-08-25,PEDIDO COM DATA
6259,560,670,5.0,6742.16,0.29,148.29,24082.96,ENVIADO,2023-10-11,PEDIDO COM DATA
6261,383,128,0.0,2866.57,0.27,23.73,8394.11,ENVIADO,2023-06-08,PEDIDO COM DATA
6262,813,481,5.0,14341.78,0.24,76.27,-500.0,PENDENTE,2022-06-05,PEDIDO COM DATA
6268,798,767,-5.0,10789.5,0.11,58.92,48072.19,PENDENTE,,PEDIDO SEM DATA
6269,858,824,10.0,71.81,0.0,71.72,646.2,ENVIADO,2023-01-15,PEDIDO COM DATA
6271,880,53,3.0,1087.56,0.05,66.58,3166.13,PENDENTE,2022-05-08,PEDIDO COM DATA
6274,521,826,6.0,13125.3,0.1,118.42,70995.04,PENDENTE,2023-08-15,PEDIDO COM DATA
6275,784,284,2.0,3586.56,0.19,88.86,5899.09,PENDENTE,2022-07-07,PEDIDO COM DATA
6276,502,139,3.0,13201.03,0.22,52.54,30942.95,ENVIADO,2023-10-04,PEDIDO COM DATA
6277,333,226,3.0,4067.76,0.22,63.82,9582.38,ENVIADO,2025-03-05,PEDIDO COM DATA
6278,346,262,1.0,9457.06,0.06,70.23,8959.87,PENDENTE,2022-02-04,PEDIDO COM DATA
6280,795,878,7.0,6222.38,0.3,20.71,30510.37,PAGO,2024-02-17,PEDIDO COM DATA
6281,782,777,1.0,5906.87,0.23,86.53,4634.82,CANCELADO,2024-01-12,PEDIDO COM DATA
6284,810,108,7.0,4154.02,0.07,131.86,27174.53,ENVIADO,2025-03-22,PEDIDO COM DATA
6285,76,147,10.0,4945.43,0.03,69.54,48040.21,PAGO,2024-01-14,PEDIDO COM DATA
6286,104,347,3.0,5592.45,0.26,132.86,12548.1,CANCELADO,2024-06-07,PEDIDO COM DATA
6287,90,609,9.0,12601.84,0.16,136.32,95406.23,PAGO,,PEDIDO SEM DATA
6288,872,33,4.0,1839.1,0.27,115.67,-500.0,PAGO,2022-01-07,PEDIDO COM DATA
6289,212,641,8.0,748.38,0.29,114.69,4365.49,PENDENTE,2022-10-10,PEDIDO COM DATA
6291,450,619,7.0,7436.52,0.28,63.39,37543.45,CANCELADO,2023-06-04,PEDIDO COM DATA
6295,483,397,2.0,11592.53,0.21,10.97,18327.17,PENDENTE,2025-04-12,PEDIDO COM DATA
6296,317,217,2.0,2317.87,0.15,80.39,4026.51,CANCELADO,2022-01-04,PEDIDO COM DATA
6297,552,457,9.0,5720.76,0.18,32.16,42251.37,PAGO,2022-07-23,PEDIDO COM DATA
6298,244,379,4.0,13387.8,0.08,46.12,49313.22,CANCELADO,2024-09-20,PEDIDO COM DATA
6300,726,834,0.0,1048.65,0.17,74.93,25248.04,CANCELADO,,PEDIDO SEM DATA
6301,446,812,10.0,1609.6,0.29,55.05,11483.21,ENVIADO,2022-03-13,PEDIDO COM DATA
6302,872,546,7.0,8678.31,0.03,95.77,59021.49,PAGO,2024-03-26,PEDIDO COM DATA
6303,415,851,6.0,7350.19,0.28,116.74,31869.56,PENDENTE,,PEDIDO SEM DATA
6304,958,601,4.0,9057.58,0.26,38.32,25248.04,ENVIADO,2022-05-24,PEDIDO COM DATA
6307,108,889,10.0,14824.04,0.25,61.13,111241.43,ENVIADO,2023-12-07,PEDIDO COM DATA
6308,867,164,5.0,3147.28,0.3,51.68,11067.16,ENVIADO,2023-12-06,PEDIDO COM DATA
6311,721,130,2.0,852.95,0.13,108.7,1592.83,PENDENTE,,PEDIDO SEM DATA
6313,374,751,10.0,10995.71,0.06,33.92,103393.59,PAGO,2022-09-30,PEDIDO COM DATA
6314,936,463,9.0,14856.03,0.29,146.77,95076.8,CANCELADO,2024-07-17,PEDIDO COM DATA
6315,435,202,10.0,8517.29,0.01,144.56,84465.73,PENDENTE,2024-07-11,PEDIDO COM DATA
6317,922,297,6.0,3564.02,0.03,89.45,20832.05,PAGO,2023-03-14,PEDIDO COM DATA
6319,48,622,6.0,2595.48,0.06,118.95,14757.46,PAGO,2022-11-15,PEDIDO COM DATA
6324,389,757,6.0,7839.61,0.15,119.49,40101.5,CANCELADO,2022-03-01,PEDIDO COM DATA
6326,121,148,10.0,12577.35,0.1,49.55,113245.7,PENDENTE,2023-06-07,PEDIDO COM DATA
6327,492,46,3.0,4321.39,0.02,80.39,12763.99,ENVIADO,2023-06-23,PEDIDO COM DATA
6330,286,472,7.0,11237.83,0.3,63.38,55128.75,PENDENTE,2025-01-10,PEDIDO COM DATA
6334,216,847,5.0,7132.97,0.16,61.02,25248.04,ENVIADO,2022-08-06,PEDIDO COM DATA
6335,235,25,4.0,10634.95,0.03,24.8,41288.41,CANCELADO,2024-03-17,PEDIDO COM DATA
6336,390,754,3.0,1282.44,0.08,64.94,3604.47,ENVIADO,2022-08-05,PEDIDO COM DATA
6340,444,719,9.0,10671.58,0.04,67.29,92269.74,PENDENTE,,PEDIDO SEM DATA
6343,602,605,5.0,13359.67,0.22,80.39,52169.32,PAGO,2024-06-05,PEDIDO COM DATA
6346,735,222,8.0,2022.25,0.3,86.2,11410.8,ENVIADO,2022-06-29,PEDIDO COM DATA
6348,294,398,4.0,4397.96,0.05,119.75,16832.0,PENDENTE,,PEDIDO SEM DATA
6349,483,671,4.0,13656.28,0.04,120.27,52560.39,CANCELADO,2024-03-11,PEDIDO COM DATA
6351,805,799,9.0,9235.21,0.18,121.42,68277.27,PAGO,2024-11-10,PEDIDO COM DATA
6354,681,931,5.0,114.22,0.0,135.2,586.37,PAGO,2022-06-05,PEDIDO COM DATA
6355,294,996,7.0,8458.85,0.08,96.85,54571.84,ENVIADO,2023-12-03,PEDIDO COM DATA
6357,757,490,2.0,3517.36,0.08,43.85,6515.79,CANCELADO,2024-06-14,PEDIDO COM DATA
6358,490,365,3.0,10558.66,0.22,134.62,24841.88,ENVIADO,,PEDIDO SEM DATA
6359,316,119,6.0,5053.75,0.16,116.06,25586.96,PAGO,,PEDIDO SEM DATA
6363,176,373,1.0,12360.34,0.0,14.35,11509.47,PENDENTE,,PEDIDO SEM DATA
6364,105,841,0.0,3691.56,0.25,45.35,2814.02,ENVIADO,2023-07-03,PEDIDO COM DATA
6365,492,569,-1.0,4572.74,0.2,41.03,18331.99,ENVIADO,2022-08-11,PEDIDO COM DATA
6366,530,75,4.0,4482.74,0.28,23.14,12933.43,PAGO,2024-03-04,PEDIDO COM DATA
6367,107,76,1.0,627.77,0.18,59.77,574.54,ENVIADO,2025-04-08,PEDIDO COM DATA
6368,502,830,2.0,6699.02,0.17,45.97,11166.34,ENVIADO,2022-01-17,PEDIDO COM DATA
6369,803,281,9.0,6473.07,0.11,137.78,51987.07,PAGO,2024-03-22,PEDIDO COM DATA
6371,373,841,1.0,3166.21,0.06,55.6,3031.84,CANCELADO,2022-12-05,PEDIDO COM DATA
6373,821,827,10.0,12444.16,0.15,41.35,105816.71,PENDENTE,2024-04-29,PEDIDO COM DATA
6375,310,349,9.0,623.18,0.24,75.88,4338.43,CANCELADO,2025-04-11,PEDIDO COM DATA
6376,118,629,5.0,14769.68,0.27,67.54,53976.87,CANCELADO,2025-01-31,PEDIDO COM DATA
6380,983,155,2.0,7409.27,0.15,57.06,12652.82,CANCELADO,2025-02-04,PEDIDO COM DATA
6381,359,600,10.0,12880.53,0.08,134.39,118635.27,PENDENTE,2023-02-14,PEDIDO COM DATA
6382,621,385,2.0,14391.54,0.21,62.12,22800.75,CANCELADO,,PEDIDO SEM DATA
6383,542,433,7.0,14057.16,0.28,95.66,25248.04,PAGO,2024-06-03,PEDIDO COM DATA
6385,236,961,1.0,158.79,0.08,16.41,162.5,PENDENTE,2023-04-11,PEDIDO COM DATA
6386,335,563,5.0,2809.24,0.0,113.63,12333.82,ENVIADO,2022-05-22,PEDIDO COM DATA
6387,336,407,10.0,10861.01,0.16,23.8,91256.28,PENDENTE,2023-09-10,PEDIDO COM DATA
6388,813,716,8.0,926.22,0.14,88.52,6460.91,PENDENTE,2024-05-11,PEDIDO COM DATA
6389,356,45,8.0,9196.2,0.12,130.31,64871.56,PENDENTE,2022-04-05,PEDIDO COM DATA
6390,892,338,9.0,3252.71,0.05,147.57,27958.24,PENDENTE,2023-11-12,PEDIDO COM DATA
6391,959,538,8.0,2123.94,0.03,70.36,16552.13,CANCELADO,,PEDIDO SEM DATA
6393,318,279,2.0,2134.89,0.09,51.75,3937.25,PENDENTE,2022-06-23,PEDIDO COM DATA
6394,400,21,4.0,13818.41,0.0,133.45,55407.09,PENDENTE,2024-07-30,PEDIDO COM DATA
6395,272,620,8.0,9604.9,0.01,80.39,76207.76,ENVIADO,2022-03-13,PEDIDO COM DATA
6396,69,277,0.0,13011.97,0.15,145.32,44386.02,PAGO,2022-02-23,PEDIDO COM DATA
6401,363,46,1.0,13194.8,0.14,110.31,11457.84,PAGO,2023-06-19,PEDIDO COM DATA
6403,284,675,9.0,5900.29,0.18,142.68,43686.82,PAGO,,PEDIDO SEM DATA
6405,675,207,10.0,12480.78,0.0,132.59,91242.28,CANCELADO,2024-04-03,PEDIDO COM DATA
6406,271,876,9.0,11514.39,0.24,19.91,78778.34,PENDENTE,2024-10-01,PEDIDO COM DATA
6407,45,520,3.0,4800.97,0.27,37.32,10551.44,ENVIADO,2023-12-21,PEDIDO COM DATA
6408,792,218,9.0,11700.19,0.15,72.45,89578.9,ENVIADO,2024-05-19,PEDIDO COM DATA
6409,413,265,8.0,10960.06,0.28,31.79,63161.74,PENDENTE,2024-02-10,PEDIDO COM DATA
6410,783,866,9.0,8964.37,0.0,137.46,67101.3,PAGO,2024-03-21,PEDIDO COM DATA
6414,156,559,5.0,10834.59,0.22,139.18,42394.08,PAGO,2024-02-02,PEDIDO COM DATA
6415,286,115,6.0,9125.24,0.0,59.36,54810.8,PENDENTE,2023-05-05,PEDIDO COM DATA
6416,714,980,6.0,14778.26,0.13,108.99,77251.51,PENDENTE,2024-03-24,PEDIDO COM DATA
6422,450,880,10.0,1116.54,0.24,134.16,8619.86,CANCELADO,2023-01-14,PEDIDO COM DATA
6423,955,186,-5.0,5765.35,0.05,61.12,32923.62,PENDENTE,2022-12-27,PEDIDO COM DATA
6427,138,327,7.0,2149.56,0.0,16.38,13408.14,PAGO,2024-06-20,PEDIDO COM DATA
6428,485,52,4.0,1306.12,0.01,56.07,5228.31,ENVIADO,2022-10-21,PEDIDO COM DATA
6430,940,688,6.0,10746.67,0.01,55.64,63890.86,CANCELADO,,PEDIDO SEM DATA
6431,206,679,5.0,2219.39,0.08,145.45,10354.64,PENDENTE,2025-01-19,PEDIDO COM DATA
6432,905,58,9.0,14262.24,0.11,29.06,114269.6,ENVIADO,2022-08-27,PEDIDO COM DATA
6433,169,931,4.0,3097.56,0.05,46.08,11816.81,CANCELADO,2022-08-11,PEDIDO COM DATA
6435,591,933,7.0,6155.61,0.28,103.88,31128.15,PAGO,2025-01-30,PEDIDO COM DATA
6437,828,778,-5.0,2937.85,0.08,140.64,19060.39,ENVIADO,2023-02-02,PEDIDO COM DATA
6438,99,392,2.0,7356.82,0.04,61.01,14186.1,PAGO,2023-01-11,PEDIDO COM DATA
6439,699,962,10.0,7265.61,0.24,80.39,55287.29,PENDENTE,2022-07-08,PEDIDO COM DATA
6441,633,747,6.0,2164.49,0.25,97.66,9837.86,PAGO,2022-04-04,PEDIDO COM DATA
6442,95,741,9.0,6746.29,0.03,122.69,59017.8,PENDENTE,2024-12-08,PEDIDO COM DATA
6443,196,681,2.0,246.93,0.06,90.25,0.0,PENDENTE,2022-05-09,PEDIDO COM DATA
6445,225,903,2.0,5762.15,0.27,98.51,8511.25,PENDENTE,2024-04-02,PEDIDO COM DATA
6447,160,600,4.0,1195.37,0.26,81.29,3619.59,CANCELADO,2022-08-10,PEDIDO COM DATA
6449,830,341,4.0,9756.13,0.0,51.41,37514.95,CANCELADO,2022-09-10,PEDIDO COM DATA
6450,578,865,-1.0,3332.93,0.25,129.85,25126.82,PENDENTE,2023-07-13,PEDIDO COM DATA
6451,518,512,4.0,14238.14,0.15,145.48,48555.16,PAGO,2023-10-22,PEDIDO COM DATA
6452,504,434,2.0,3431.92,0.22,88.05,5441.85,PAGO,,PEDIDO SEM DATA
6453,277,592,3.0,10315.17,0.14,80.39,26636.78,PENDENTE,2023-03-05,PEDIDO COM DATA
6455,118,837,4.0,3638.16,0.17,119.57,12198.26,CANCELADO,2023-01-19,PEDIDO COM DATA
6456,629,137,6.0,10026.59,0.11,35.31,53577.3,ENVIADO,2023-01-12,PEDIDO COM DATA
6457,584,368,2.0,7266.91,0.08,97.67,13468.78,PENDENTE,2023-03-05,PEDIDO COM DATA
6458,882,128,7.0,8130.37,0.13,127.28,49641.23,ENVIADO,2022-08-19,PEDIDO COM DATA
6459,750,808,-1.0,2617.18,0.21,148.23,8418.52,PAGO,2023-03-21,PEDIDO COM DATA
6460,698,239,2.0,6466.22,0.18,144.75,10749.35,PAGO,2022-06-04,PEDIDO COM DATA
6461,681,855,6.0,2328.4,0.14,80.39,12092.83,ENVIADO,2022-01-02,PEDIDO COM DATA
6462,173,911,7.0,10877.22,0.08,24.9,25248.04,PENDENTE,2022-12-24,PEDIDO COM DATA
6463,200,421,8.0,319.69,0.28,143.21,-500.0,PENDENTE,2023-06-19,PEDIDO COM DATA
6464,64,944,8.0,10768.1,0.0,33.75,72395.38,CANCELADO,2023-05-03,PEDIDO COM DATA
6465,741,640,10.0,5911.53,0.03,42.02,57383.86,PAGO,2022-11-05,PEDIDO COM DATA
6466,715,922,3.0,11967.85,0.0,36.56,25248.04,PAGO,2024-12-31,PEDIDO COM DATA
6467,230,526,7.0,3912.23,0.19,96.02,22278.36,PAGO,2024-10-21,PEDIDO COM DATA
6468,702,400,1.0,9071.98,0.28,131.52,25248.04,PENDENTE,2022-08-01,PEDIDO COM DATA
6469,1,381,7.0,7254.65,0.1,46.14,45750.43,PENDENTE,2022-11-08,PEDIDO COM DATA
6470,636,449,7.0,8431.9,0.08,121.46,-500.0,CANCELADO,2024-01-14,PEDIDO COM DATA
6472,476,664,4.0,13323.44,0.03,34.72,51729.67,ENVIADO,2022-06-16,PEDIDO COM DATA
6474,255,551,8.0,10362.45,0.17,126.68,68933.35,CANCELADO,2023-04-09,PEDIDO COM DATA
6477,563,396,1.0,5796.94,0.27,138.42,4370.19,ENVIADO,2022-02-18,PEDIDO COM DATA
6478,831,854,3.0,8493.78,0.1,102.53,23035.74,PAGO,2024-03-24,PEDIDO COM DATA
6479,864,911,2.0,13361.93,0.22,119.29,20963.9,ENVIADO,2022-10-16,PEDIDO COM DATA
6480,407,274,-1.0,5220.45,0.15,141.03,26765.32,PAGO,,PEDIDO SEM DATA
6481,199,58,6.0,14711.25,0.2,52.17,70666.17,ENVIADO,2023-07-07,PEDIDO COM DATA
6483,978,840,-1.0,2657.11,0.2,129.13,8631.88,ENVIADO,2022-11-27,PEDIDO COM DATA
6484,290,692,5.0,8786.89,0.25,125.24,33076.08,PENDENTE,2023-08-01,PEDIDO COM DATA
6485,333,765,8.0,3902.85,0.18,70.91,25673.61,PENDENTE,2023-07-24,PEDIDO COM DATA
6486,131,32,8.0,11226.68,0.11,11.57,79945.53,ENVIADO,2022-02-12,PEDIDO COM DATA
6487,684,2,5.0,2039.72,0.08,88.97,9471.68,CANCELADO,2022-03-07,PEDIDO COM DATA
6488,953,373,1.0,6093.48,0.14,141.95,5382.34,PENDENTE,2024-06-11,PEDIDO COM DATA
6489,116,271,9.0,2233.98,0.02,140.03,19843.73,ENVIADO,2024-07-02,PEDIDO COM DATA
6490,569,884,2.0,9899.4,0.24,26.69,15073.78,PENDENTE,2024-12-31,PEDIDO COM DATA
6492,892,568,2.0,13131.59,0.02,80.39,0.0,CANCELADO,2024-04-14,PEDIDO COM DATA
6493,814,816,9.0,12089.11,0.3,20.82,76182.21,CANCELADO,2022-05-28,PEDIDO COM DATA
6495,70,720,8.0,3264.81,0.21,13.35,20646.95,PAGO,2022-03-26,PEDIDO COM DATA
6496,702,759,2.0,9140.55,0.0,146.57,18427.67,ENVIADO,2022-08-01,PEDIDO COM DATA
6497,672,264,8.0,2239.31,0.19,145.75,14656.48,PAGO,2024-10-27,PEDIDO COM DATA
6499,20,432,3.0,12384.46,0.07,106.85,34659.49,PAGO,2024-04-30,PEDIDO COM DATA
6500,308,781,8.0,10517.67,0.04,112.67,80888.38,PENDENTE,2024-06-10,PEDIDO COM DATA
6501,610,204,10.0,893.7,0.13,140.23,7915.42,PENDENTE,2023-11-27,PEDIDO COM DATA
6502,695,390,2.0,728.76,0.23,131.86,25248.04,ENVIADO,2025-02-08,PEDIDO COM DATA
6504,61,613,6.0,13930.45,0.11,59.25,74447.85,ENVIADO,2023-03-18,PEDIDO COM DATA
6508,642,929,1.0,7702.0,0.17,98.84,6491.5,PENDENTE,,PEDIDO SEM DATA
6509,668,96,10.0,14175.74,0.02,13.2,138935.45,CANCELADO,2024-09-08,PEDIDO COM DATA
6510,126,716,6.0,13911.36,0.18,65.86,68509.75,PAGO,2024-11-14,PEDIDO COM DATA
6511,216,644,6.0,9144.28,0.05,80.39,52261.29,CANCELADO,2024-04-15,PEDIDO COM DATA
6512,619,649,6.0,5712.19,0.03,71.91,33316.86,ENVIADO,2025-02-26,PEDIDO COM DATA
6514,291,692,9.0,4728.51,0.09,102.79,38829.29,PAGO,2022-06-29,PEDIDO COM DATA
6517,701,367,1.0,7600.7,0.24,148.6,5925.13,PENDENTE,2024-01-14,PEDIDO COM DATA
6520,503,406,-1.0,5087.55,0.17,19.01,8464.34,PAGO,2023-03-16,PEDIDO COM DATA
6521,826,199,-5.0,12748.46,0.05,86.8,109086.13,CANCELADO,2023-06-20,PEDIDO COM DATA
6522,818,315,10.0,8855.96,0.19,74.45,71807.73,ENVIADO,2022-07-05,PEDIDO COM DATA
6523,496,805,8.0,12867.11,0.27,132.57,75276.49,CANCELADO,2025-03-11,PEDIDO COM DATA
6524,599,11,10.0,5568.53,0.09,50.69,50724.31,ENVIADO,2022-08-18,PEDIDO COM DATA
6526,389,659,9.0,9778.4,0.08,135.68,81100.83,ENVIADO,2022-11-15,PEDIDO COM DATA
6529,153,869,5.0,9913.64,0.04,80.39,47692.38,PAGO,2022-12-02,PEDIDO COM DATA
6530,1,463,6.0,14857.31,0.0,80.39,89190.01,ENVIADO,2024-01-03,PEDIDO COM DATA
6531,871,421,6.0,8507.13,0.27,111.77,37373.0,PAGO,2025-03-31,PEDIDO COM DATA
6532,225,345,5.0,6984.48,0.09,83.2,31862.58,ENVIADO,2023-07-23,PEDIDO COM DATA
6533,81,827,3.0,9295.09,0.18,88.82,22954.74,PAGO,2022-10-03,PEDIDO COM DATA
6534,636,415,6.0,9111.86,0.14,68.84,0.0,PAGO,2024-02-26,PEDIDO COM DATA
6535,650,532,7.0,10432.42,0.21,42.82,57734.1,PENDENTE,2023-07-12,PEDIDO COM DATA
6536,935,808,2.0,3454.67,0.25,90.35,5272.36,PENDENTE,2024-12-18,PEDIDO COM DATA
6539,153,913,6.0,9206.85,0.1,108.77,49825.76,ENVIADO,2024-06-21,PEDIDO COM DATA
6542,400,298,1.0,9506.18,0.17,125.71,8015.84,PENDENTE,2022-11-20,PEDIDO COM DATA
6543,92,112,9.0,10253.66,0.15,128.79,78569.29,ENVIADO,2024-05-27,PEDIDO COM DATA
6545,219,535,2.0,1658.28,0.03,50.91,3267.97,PAGO,2024-01-29,PEDIDO COM DATA
6548,460,708,3.0,8110.89,0.23,63.53,18799.69,PENDENTE,2024-01-12,PEDIDO COM DATA
6552,763,382,2.0,12362.15,0.18,47.12,20321.05,PAGO,2025-04-01,PEDIDO COM DATA
6553,413,173,7.0,3868.94,0.0,104.39,24478.71,PENDENTE,2023-07-22,PEDIDO COM DATA
6554,538,148,8.0,14778.72,0.15,66.79,100562.09,CANCELADO,,PEDIDO SEM DATA
6555,180,688,2.0,6525.49,0.0,65.65,13116.63,ENVIADO,2025-03-19,PEDIDO COM DATA
6558,216,605,10.0,2927.78,0.09,138.15,26780.95,PENDENTE,2023-02-15,PEDIDO COM DATA
6562,78,140,3.0,11241.21,0.0,63.52,32100.97,ENVIADO,2022-07-21,PEDIDO COM DATA
6563,603,91,8.0,378.61,0.14,62.0,2666.84,ENVIADO,2024-08-08,PEDIDO COM DATA
6564,494,990,7.0,7063.44,0.23,109.71,38181.65,CANCELADO,2022-01-07,PEDIDO COM DATA
6565,219,727,6.0,2954.71,0.05,38.43,16880.28,PENDENTE,2025-03-22,PEDIDO COM DATA
6566,258,921,9.0,2984.22,0.05,98.74,25613.82,PAGO,2023-01-06,PEDIDO COM DATA
6567,607,210,10.0,3791.7,0.26,63.57,28122.15,ENVIADO,2024-04-05,PEDIDO COM DATA
6569,492,977,10.0,5710.55,0.03,113.7,55506.03,PENDENTE,2023-05-07,PEDIDO COM DATA
6570,66,668,1.0,5912.17,0.07,100.08,5598.4,PAGO,,PEDIDO SEM DATA
6571,904,137,1.0,14048.8,0.18,135.4,11655.42,ENVIADO,,PEDIDO SEM DATA
6573,581,385,1.0,14005.76,0.19,76.51,11421.18,ENVIADO,2024-11-06,PEDIDO COM DATA
6576,626,644,2.0,12313.43,0.06,28.79,23178.04,ENVIADO,2025-04-01,PEDIDO COM DATA
6578,811,287,8.0,8426.25,0.13,47.21,58693.91,PAGO,2022-07-07,PEDIDO COM DATA
6580,358,228,6.0,4837.42,0.26,80.39,21491.05,ENVIADO,,PEDIDO SEM DATA
6582,892,634,2.0,6135.27,0.13,104.68,10780.05,ENVIADO,,PEDIDO SEM DATA
6583,362,135,8.0,14889.8,0.04,68.39,0.0,PENDENTE,2023-08-10,PEDIDO COM DATA
6584,156,496,1.0,12955.87,0.21,31.7,10266.84,PENDENTE,2023-05-12,PEDIDO COM DATA
6585,690,751,3.0,8967.98,0.12,61.41,23736.88,ENVIADO,2025-03-08,PEDIDO COM DATA
6586,379,327,7.0,3429.37,0.23,123.84,18608.14,PENDENTE,2023-07-16,PEDIDO COM DATA
6588,477,49,10.0,7649.01,0.19,43.64,62000.62,CANCELADO,2024-08-17,PEDIDO COM DATA
6589,37,827,2.0,7799.09,0.29,80.39,11178.53,PENDENTE,,PEDIDO SEM DATA
6590,630,477,2.0,1618.63,0.24,72.63,2532.95,PENDENTE,2024-10-08,PEDIDO COM DATA
6591,912,139,3.0,1253.22,0.08,121.28,3580.17,PENDENTE,2023-12-29,PEDIDO COM DATA
6594,316,65,1.0,1703.78,0.22,70.22,1399.17,ENVIADO,2024-11-17,PEDIDO COM DATA
6595,279,641,7.0,5140.58,0.24,21.79,27369.68,PAGO,2024-01-30,PEDIDO COM DATA
6596,162,328,5.0,6996.39,0.14,135.63,30220.11,PAGO,2024-04-06,PEDIDO COM DATA
6597,829,175,6.0,12276.24,0.28,56.26,53089.62,PENDENTE,2023-09-15,PEDIDO COM DATA
6598,281,828,3.0,6959.61,0.15,106.3,17853.31,ENVIADO,2025-02-11,PEDIDO COM DATA
6600,863,461,6.0,1092.64,0.03,80.39,6476.69,ENVIADO,,PEDIDO SEM DATA
6601,75,119,-1.0,5236.53,0.23,68.3,16196.81,ENVIADO,2022-01-19,PEDIDO COM DATA
6602,396,908,7.0,14541.95,0.07,65.8,94733.89,CANCELADO,2022-06-14,PEDIDO COM DATA
6603,243,880,10.0,7299.59,0.15,68.88,62115.39,PENDENTE,2024-12-30,PEDIDO COM DATA
6604,381,805,1.0,2428.73,0.09,67.95,2278.09,PAGO,2023-07-03,PEDIDO COM DATA
6608,564,215,7.0,2854.96,0.29,135.63,14324.78,PAGO,,PEDIDO SEM DATA
6609,724,828,10.0,11431.76,0.18,39.26,93779.69,CANCELADO,2023-12-27,PEDIDO COM DATA
6610,116,497,6.0,8050.31,0.0,80.39,38658.34,CANCELADO,2023-02-16,PEDIDO COM DATA
6611,62,925,7.0,13771.46,0.25,132.33,72432.5,PENDENTE,2023-03-31,PEDIDO COM DATA
6613,990,532,8.0,1815.85,0.24,16.38,11056.75,ENVIADO,2022-06-24,PEDIDO COM DATA
6614,578,49,3.0,2547.37,0.28,44.44,5546.76,PAGO,2023-01-20,PEDIDO COM DATA
6615,227,432,3.0,1183.39,0.15,65.1,3082.74,ENVIADO,2023-04-21,PEDIDO COM DATA
6616,214,263,8.0,10601.9,0.17,139.84,70536.46,PENDENTE,2024-10-19,PEDIDO COM DATA
6618,562,24,4.0,7142.62,0.12,80.39,25152.81,PAGO,2025-04-03,PEDIDO COM DATA
6619,721,912,10.0,14187.73,0.17,25.14,117783.3,PAGO,2023-03-17,PEDIDO COM DATA
6620,622,574,6.0,11952.83,0.16,29.25,60271.51,PENDENTE,2024-04-11,PEDIDO COM DATA
6623,207,962,5.0,8274.42,0.13,147.64,36141.37,ENVIADO,2023-07-31,PEDIDO COM DATA
6624,911,236,4.0,12899.25,0.15,21.53,43878.98,ENVIADO,2023-01-05,PEDIDO COM DATA
6625,835,64,6.0,9440.75,0.25,117.12,42600.5,PENDENTE,2023-03-30,PEDIDO COM DATA
6627,735,780,6.0,13469.18,0.26,35.16,59838.32,CANCELADO,2022-04-16,PEDIDO COM DATA
6628,827,138,6.0,2228.39,0.15,125.07,11489.86,CANCELADO,2022-09-20,PEDIDO COM DATA
6629,367,408,4.0,6685.71,0.17,92.37,22288.93,CANCELADO,2022-01-12,PEDIDO COM DATA
6631,849,461,8.0,6348.96,0.17,42.77,42199.86,PAGO,,PEDIDO SEM DATA
6632,371,591,4.0,1012.85,0.0,50.71,3615.94,CANCELADO,2022-03-04,PEDIDO COM DATA
6633,600,725,5.0,11225.71,0.1,35.78,50551.47,PAGO,2022-12-11,PEDIDO COM DATA
6634,168,354,2.0,7837.21,0.16,120.13,13286.64,CANCELADO,2023-01-04,PEDIDO COM DATA
6635,494,958,3.0,1226.32,0.13,94.4,25248.04,CANCELADO,,PEDIDO SEM DATA
6636,228,650,8.0,3132.9,0.01,102.09,24914.66,CANCELADO,2022-11-23,PEDIDO COM DATA
6639,349,23,8.0,7540.16,0.01,116.54,59834.61,CANCELADO,2024-10-27,PEDIDO COM DATA
6640,38,206,3.0,7619.93,0.04,112.89,22058.29,CANCELADO,2022-10-24,PEDIDO COM DATA
6642,875,262,2.0,10595.06,0.3,21.48,14854.56,PENDENTE,2022-10-19,PEDIDO COM DATA
6644,971,323,8.0,9066.5,0.15,142.98,61795.18,PAGO,2024-11-04,PEDIDO COM DATA
6645,914,713,10.0,3371.85,0.29,50.34,23990.47,ENVIADO,2023-01-11,PEDIDO COM DATA
6646,276,969,7.0,1915.16,0.22,73.14,10529.91,ENVIADO,2025-01-31,PEDIDO COM DATA
6647,924,864,7.0,13396.91,0.0,95.49,93873.86,ENVIADO,2023-05-28,PEDIDO COM DATA
6652,967,687,5.0,1800.14,0.17,91.38,7561.96,CANCELADO,2025-02-23,PEDIDO COM DATA
6653,339,791,8.0,3483.91,0.02,119.94,27433.79,ENVIADO,2024-04-09,PEDIDO COM DATA
6654,349,982,2.0,6494.67,0.12,80.39,11448.8,CANCELADO,,PEDIDO SEM DATA
6655,142,225,7.0,12286.12,0.16,143.55,72385.94,ENVIADO,2022-01-28,PEDIDO COM DATA
6656,907,392,1.0,11735.93,0.22,12.47,25248.04,PAGO,2025-04-14,PEDIDO COM DATA
6657,146,242,9.0,4703.78,0.26,35.24,31362.41,PAGO,2025-02-06,PEDIDO COM DATA
6660,786,298,1.0,9049.81,0.24,114.76,6992.62,CANCELADO,2023-02-19,PEDIDO COM DATA
6661,47,379,6.0,9204.23,0.25,85.08,41504.11,CANCELADO,2022-02-21,PEDIDO COM DATA
6663,56,702,8.0,4675.26,0.1,132.56,0.0,CANCELADO,2023-03-08,PEDIDO COM DATA
6664,478,341,3.0,12007.68,0.17,50.61,29949.73,ENVIADO,2022-05-13,PEDIDO COM DATA
6665,740,328,2.0,13813.75,0.22,149.61,21699.06,CANCELADO,2025-03-28,PEDIDO COM DATA
6667,283,843,-1.0,3222.9,0.2,73.54,23278.42,PAGO,2024-07-13,PEDIDO COM DATA
6668,327,412,6.0,8040.98,0.25,14.66,36199.07,PAGO,2022-11-30,PEDIDO COM DATA
6669,983,449,8.0,11841.08,0.07,79.79,88177.43,ENVIADO,2022-06-12,PEDIDO COM DATA
6671,894,805,8.0,9012.57,0.13,31.55,62759.04,PAGO,2022-04-25,PEDIDO COM DATA
6672,387,90,5.0,7529.82,0.23,22.03,29011.84,PENDENTE,2022-01-29,PEDIDO COM DATA
6673,432,381,1.0,547.68,0.09,14.9,513.29,PENDENTE,2022-09-20,PEDIDO COM DATA
6676,99,126,10.0,6982.12,0.12,23.9,25248.04,CANCELADO,2025-04-03,PEDIDO COM DATA
6677,215,518,7.0,2941.75,0.04,17.49,19786.05,CANCELADO,2023-01-07,PEDIDO COM DATA
6678,951,195,2.0,10989.42,0.13,123.32,0.0,CANCELADO,2022-04-22,PEDIDO COM DATA
6679,260,490,7.0,3297.55,0.22,73.71,18078.33,ENVIADO,2024-04-18,PEDIDO COM DATA
6680,799,235,0.0,12561.85,0.2,54.38,90499.7,ENVIADO,2023-07-20,PEDIDO COM DATA
6681,687,765,9.0,11454.22,0.16,53.88,86647.78,PAGO,,PEDIDO SEM DATA
6683,474,362,6.0,7975.51,0.21,102.53,37906.45,PENDENTE,2024-02-02,PEDIDO COM DATA
6684,767,935,6.0,8071.24,0.01,94.09,48037.26,PAGO,2022-11-28,PEDIDO COM DATA
6686,595,711,1.0,813.17,0.12,45.88,761.47,PAGO,2023-03-20,PEDIDO COM DATA
6689,119,180,1.0,9882.85,0.24,22.47,7533.44,ENVIADO,2023-10-22,PEDIDO COM DATA
6690,454,271,10.0,2513.88,0.04,11.06,24144.31,ENVIADO,2023-06-18,PEDIDO COM DATA
6691,391,907,7.0,7104.59,0.25,19.13,37318.23,ENVIADO,2024-09-15,PEDIDO COM DATA
6692,462,362,7.0,6849.78,0.23,48.19,36968.5,PAGO,2024-06-08,PEDIDO COM DATA
6693,483,34,1.0,9485.83,0.06,19.0,8935.68,PAGO,2023-04-09,PEDIDO COM DATA
6694,176,508,7.0,13944.36,0.21,102.45,77214.76,PAGO,2024-09-09,PEDIDO COM DATA
6695,614,438,4.0,8906.27,0.14,49.0,30686.57,PAGO,2023-05-01,PEDIDO COM DATA
6698,744,119,7.0,6378.39,0.0,14.08,37519.01,PENDENTE,2022-11-06,PEDIDO COM DATA
6699,310,586,8.0,10577.77,0.28,80.39,61061.23,CANCELADO,2023-01-10,PEDIDO COM DATA
6700,392,958,1.0,2752.78,0.25,129.32,2193.91,PENDENTE,2022-09-10,PEDIDO COM DATA
6702,873,312,1.0,13773.04,0.0,18.47,13240.59,PENDENTE,2022-06-30,PEDIDO COM DATA
6703,408,506,6.0,9589.86,0.07,29.31,53540.73,CANCELADO,2025-04-10,PEDIDO COM DATA
6704,483,884,0.0,13254.8,0.13,36.63,80758.36,PENDENTE,2022-07-06,PEDIDO COM DATA
6706,3,543,5.0,9424.12,0.06,141.34,44434.7,CANCELADO,2024-08-13,PEDIDO COM DATA
6707,360,298,5.0,12405.99,0.04,146.7,25248.04,PENDENTE,2024-01-06,PEDIDO COM DATA
6708,514,168,6.0,12926.55,0.11,48.33,69076.11,CANCELADO,2025-01-07,PEDIDO COM DATA
6709,891,499,-1.0,6825.8,0.13,48.67,41617.79,PAGO,2022-06-04,PEDIDO COM DATA
6712,657,696,2.0,9952.52,0.06,19.24,18729.98,PAGO,2022-12-03,PEDIDO COM DATA
6713,105,697,1.0,13214.58,0.03,26.83,25248.04,ENVIADO,2024-11-12,PEDIDO COM DATA
6714,837,389,9.0,2999.96,0.08,76.13,24915.8,ENVIADO,2024-08-14,PEDIDO COM DATA
6715,67,725,1.0,9406.25,0.13,148.19,8331.63,ENVIADO,2022-11-15,PEDIDO COM DATA
6717,426,760,6.0,7533.03,0.0,48.68,38919.11,CANCELADO,,PEDIDO SEM DATA
6720,47,789,10.0,6438.38,0.3,128.7,25248.04,PAGO,2024-06-28,PEDIDO COM DATA
6721,265,844,6.0,5480.3,0.17,106.5,27398.39,CANCELADO,2024-07-02,PEDIDO COM DATA
6722,110,180,3.0,6152.7,0.14,72.06,15946.03,PENDENTE,2023-07-21,PEDIDO COM DATA
6723,311,819,0.0,3633.81,0.16,31.84,30555.84,CANCELADO,2023-01-13,PEDIDO COM DATA
6724,814,640,6.0,5198.07,0.05,109.21,29738.21,PAGO,2023-02-10,PEDIDO COM DATA
6725,65,428,10.0,1434.05,0.1,87.12,12993.57,PAGO,2022-04-07,PEDIDO COM DATA
6727,406,256,5.0,12585.51,0.26,65.89,46632.28,PAGO,2024-03-23,PEDIDO COM DATA
6731,174,687,6.0,1546.64,0.24,138.44,7191.12,PENDENTE,2022-09-22,PEDIDO COM DATA
6734,595,564,6.0,8498.58,0.0,123.03,50094.68,CANCELADO,2023-08-07,PEDIDO COM DATA
6737,414,789,9.0,7560.61,0.0,99.33,64062.09,ENVIADO,2022-05-16,PEDIDO COM DATA
6739,906,772,5.0,5678.08,0.22,34.51,22179.02,PENDENTE,2024-03-04,PEDIDO COM DATA
6740,176,196,1.0,12594.21,0.0,78.25,9397.97,ENVIADO,2022-11-26,PEDIDO COM DATA
6741,87,148,3.0,7046.79,0.0,58.0,19507.14,PAGO,2022-12-29,PEDIDO COM DATA
6743,742,346,5.0,5982.82,0.05,84.75,28503.14,ENVIADO,2024-01-15,PEDIDO COM DATA
6746,499,227,1.0,7187.26,0.1,47.98,6516.51,PAGO,2022-02-27,PEDIDO COM DATA
6747,199,559,2.0,453.07,0.29,110.63,25248.04,CANCELADO,2022-12-06,PEDIDO COM DATA
6750,154,785,1.0,7478.22,0.27,21.21,5480.31,PENDENTE,2022-06-09,PEDIDO COM DATA
6751,615,337,10.0,6094.05,0.02,43.58,25248.04,PENDENTE,,PEDIDO SEM DATA
6753,734,830,4.0,14356.3,0.16,126.37,48363.54,CANCELADO,2024-04-17,PEDIDO COM DATA
6754,706,479,2.0,10312.02,0.1,101.32,18662.96,PAGO,2023-07-15,PEDIDO COM DATA
6756,645,483,7.0,3223.51,0.05,45.64,21481.98,CANCELADO,2024-04-19,PEDIDO COM DATA
6757,413,140,0.0,1271.29,0.06,82.94,7253.02,PENDENTE,2024-08-03,PEDIDO COM DATA
6758,610,380,10.0,2951.2,0.16,90.17,24880.25,ENVIADO,2025-04-03,PEDIDO COM DATA
6759,150,236,2.0,3916.84,0.18,61.57,6485.19,PAGO,2022-06-20,PEDIDO COM DATA
6760,554,227,3.0,9341.24,0.2,25.03,22444.01,PAGO,2022-05-22,PEDIDO COM DATA
6763,460,818,5.0,13686.57,0.06,80.39,64399.09,PENDENTE,2022-03-14,PEDIDO COM DATA
6765,992,931,9.0,5503.47,0.0,19.61,36177.41,ENVIADO,2022-05-27,PEDIDO COM DATA
6766,242,842,8.0,12080.61,0.28,148.93,69733.24,PAGO,2024-10-08,PEDIDO COM DATA
6767,808,407,8.0,4645.21,0.03,47.17,36094.0,ENVIADO,2022-05-01,PEDIDO COM DATA
6768,320,259,10.0,533.55,0.07,87.09,5049.1,ENVIADO,2022-06-16,PEDIDO COM DATA
6769,504,946,8.0,8115.67,0.28,102.29,0.0,PAGO,2024-09-15,PEDIDO COM DATA
6771,36,845,3.0,5812.12,0.11,13.01,15531.37,PENDENTE,2025-01-11,PEDIDO COM DATA
6772,405,476,10.0,2019.8,0.25,115.37,15263.87,PAGO,2022-12-21,PEDIDO COM DATA
6773,337,416,4.0,12700.46,0.19,80.39,0.0,PAGO,2024-07-02,PEDIDO COM DATA
6774,872,940,10.0,1421.5,0.24,89.86,10893.26,PENDENTE,2023-04-02,PEDIDO COM DATA
6775,566,535,4.0,1050.88,0.15,35.03,3608.02,PAGO,2024-11-22,PEDIDO COM DATA
6776,943,212,5.0,4600.16,0.09,84.42,21015.15,PENDENTE,2024-03-09,PEDIDO COM DATA
6782,752,250,-5.0,12425.54,0.19,33.75,60421.87,ENVIADO,2023-04-25,PEDIDO COM DATA
6783,186,194,9.0,11518.18,0.0,80.39,75790.74,ENVIADO,2024-07-24,PEDIDO COM DATA
6784,51,444,3.0,13445.34,0.26,80.39,29938.3,PAGO,2023-05-25,PEDIDO COM DATA
6785,367,91,8.0,12843.59,0.21,103.39,81274.88,PENDENTE,2022-12-12,PEDIDO COM DATA
6788,675,147,4.0,6620.85,0.19,134.7,21586.25,ENVIADO,2024-02-07,PEDIDO COM DATA
6791,23,737,5.0,4809.55,0.28,61.81,17376.19,PENDENTE,2022-01-16,PEDIDO COM DATA
6793,283,800,8.0,4004.32,0.17,70.94,26659.62,CANCELADO,2022-09-01,PEDIDO COM DATA
6794,872,369,-5.0,1155.23,0.3,121.87,6591.16,ENVIADO,2022-10-17,PEDIDO COM DATA
6795,19,845,7.0,13360.36,0.27,123.36,68394.8,PAGO,2023-01-07,PEDIDO COM DATA
6800,548,377,4.0,3224.97,0.02,104.74,12746.62,PAGO,2023-02-08,PEDIDO COM DATA
6801,106,9,1.0,12303.15,0.07,148.0,0.0,PENDENTE,2024-04-23,PEDIDO COM DATA
6805,796,157,6.0,6551.46,0.25,52.79,29534.36,PAGO,2022-02-23,PEDIDO COM DATA
6806,452,246,1.0,10880.56,0.0,99.78,8369.01,PAGO,2024-11-24,PEDIDO COM DATA
6807,517,133,-5.0,4238.18,0.12,59.26,22436.85,CANCELADO,,PEDIDO SEM DATA
6808,181,823,2.0,3447.41,0.02,76.64,0.0,CANCELADO,2023-03-19,PEDIDO COM DATA
6809,713,165,3.0,11063.32,0.08,139.11,30673.87,ENVIADO,2024-08-28,PEDIDO COM DATA
6810,506,639,3.0,7376.6,0.1,89.16,20005.98,CANCELADO,2024-06-09,PEDIDO COM DATA
6812,671,522,10.0,4324.75,0.27,77.09,31647.76,PAGO,2024-07-28,PEDIDO COM DATA
6813,658,581,10.0,2989.86,0.13,25.47,26037.25,PENDENTE,2025-03-10,PEDIDO COM DATA
6814,554,948,8.0,3498.71,0.0,20.02,21292.18,PAGO,2023-03-30,PEDIDO COM DATA
6815,484,581,2.0,7769.31,0.09,94.01,14234.15,PENDENTE,2022-09-09,PEDIDO COM DATA
6816,950,684,5.0,10290.84,0.17,143.42,42850.41,ENVIADO,2022-06-20,PEDIDO COM DATA
6817,654,859,6.0,4930.89,0.2,129.07,23797.34,ENVIADO,2025-01-22,PEDIDO COM DATA
6819,205,802,3.0,3433.67,0.1,21.06,9291.97,CANCELADO,2023-03-09,PEDIDO COM DATA
6822,593,477,3.0,7372.42,0.11,137.85,-500.0,ENVIADO,2022-03-26,PEDIDO COM DATA
6823,803,546,5.0,14388.09,0.29,70.97,51148.69,CANCELADO,2025-01-23,PEDIDO COM DATA
6824,24,932,2.0,3041.71,0.18,57.45,5045.85,CANCELADO,2023-01-26,PEDIDO COM DATA
6825,118,21,3.0,11388.95,0.13,11.42,29736.58,PAGO,2022-03-25,PEDIDO COM DATA
6827,864,187,1.0,11295.1,0.15,110.11,9710.95,ENVIADO,2022-09-07,PEDIDO COM DATA
6828,239,664,9.0,7026.93,0.21,89.04,50050.51,ENVIADO,2023-03-13,PEDIDO COM DATA
6829,246,60,7.0,496.32,0.06,148.89,3414.68,ENVIADO,2024-08-13,PEDIDO COM DATA
6830,244,934,3.0,7278.45,0.21,35.21,17285.14,PAGO,2023-11-08,PEDIDO COM DATA
6833,631,788,7.0,7242.62,0.03,96.44,25248.04,ENVIADO,2023-11-26,PEDIDO COM DATA
6835,833,600,6.0,13684.17,0.18,96.42,67422.54,PAGO,2023-10-12,PEDIDO COM DATA
6836,505,510,9.0,1233.74,0.22,80.39,8726.28,PAGO,2024-09-14,PEDIDO COM DATA
6839,958,519,5.0,11687.13,0.25,25.29,43852.03,PAGO,2025-02-22,PEDIDO COM DATA
6842,55,94,5.0,14341.41,0.03,33.72,69589.56,ENVIADO,,PEDIDO SEM DATA
6843,268,777,5.0,13465.78,0.09,87.49,61356.79,PAGO,2022-12-21,PEDIDO COM DATA
6844,503,422,8.0,7136.65,0.15,14.58,48543.8,PENDENTE,2024-07-29,PEDIDO COM DATA
6845,888,317,7.0,13720.4,0.0,16.13,25248.04,PAGO,2025-02-03,PEDIDO COM DATA
6846,194,753,7.0,8782.36,0.04,56.53,59073.99,PENDENTE,2022-01-23,PEDIDO COM DATA
6847,385,552,5.0,3461.05,0.26,139.34,12945.23,PAGO,2023-06-22,PEDIDO COM DATA
6848,377,480,4.0,4922.62,0.15,47.08,16783.99,CANCELADO,2022-09-27,PEDIDO COM DATA
6849,582,8,9.0,8525.33,0.18,39.54,62956.48,PAGO,2023-04-04,PEDIDO COM DATA
6850,57,884,10.0,8044.48,0.0,42.39,80487.19,CANCELADO,2023-06-08,PEDIDO COM DATA
6852,591,456,6.0,1406.17,0.04,80.39,8119.86,PENDENTE,2022-05-06,PEDIDO COM DATA
6855,919,868,4.0,12096.78,0.12,120.26,42700.93,ENVIADO,2022-04-01,PEDIDO COM DATA
6856,416,478,6.0,9674.03,0.0,39.78,48796.89,CANCELADO,2023-10-12,PEDIDO COM DATA
6858,71,596,2.0,12096.63,0.29,140.32,17317.53,PAGO,2024-04-13,PEDIDO COM DATA
6859,576,36,9.0,14517.25,0.12,144.68,115121.3,PAGO,2024-04-13,PEDIDO COM DATA
6861,635,650,8.0,13056.81,0.09,48.84,95102.42,PENDENTE,2024-11-20,PEDIDO COM DATA
6862,455,603,4.0,12312.44,0.0,58.56,-500.0,CANCELADO,2024-02-14,PEDIDO COM DATA
6863,610,172,2.0,14976.91,0.04,18.07,28773.74,PAGO,2023-05-29,PEDIDO COM DATA
6864,911,533,8.0,7757.42,0.04,101.68,59678.67,PENDENTE,2023-03-06,PEDIDO COM DATA
6866,102,750,2.0,5649.44,0.26,127.35,8488.52,PAGO,2024-07-10,PEDIDO COM DATA
6867,800,395,5.0,14820.26,0.12,50.79,65259.93,ENVIADO,2024-09-19,PEDIDO COM DATA
6869,396,93,3.0,12304.26,0.12,82.96,32566.21,PENDENTE,,PEDIDO SEM DATA
6870,454,638,4.0,12920.67,0.11,37.56,46035.15,ENVIADO,2023-11-09,PEDIDO COM DATA
6872,617,935,4.0,6932.13,0.04,143.69,26763.07,PENDENTE,2022-12-04,PEDIDO COM DATA
6874,954,162,5.0,5199.78,0.16,65.53,-500.0,PENDENTE,2023-04-30,PEDIDO COM DATA
6876,648,184,5.0,11307.24,0.24,80.39,43023.34,PENDENTE,2025-04-14,PEDIDO COM DATA
6877,559,986,6.0,14102.16,0.27,49.39,61816.85,PAGO,2025-02-01,PEDIDO COM DATA
6878,332,259,3.0,6025.4,0.23,12.74,13931.41,ENVIADO,2023-11-15,PEDIDO COM DATA
6879,91,429,9.0,11292.1,0.09,107.96,92590.26,PAGO,2024-02-02,PEDIDO COM DATA
6881,815,467,8.0,12600.04,0.23,43.03,77659.28,ENVIADO,2023-12-10,PEDIDO COM DATA
6882,701,454,1.0,8252.75,0.12,50.59,7313.01,CANCELADO,2023-05-12,PEDIDO COM DATA
6883,210,735,6.0,13629.96,0.2,135.06,65558.87,ENVIADO,2022-07-05,PEDIDO COM DATA
6884,834,494,7.0,6943.95,0.15,95.84,41412.34,PAGO,2022-05-24,PEDIDO COM DATA
6885,608,34,7.0,3560.32,0.08,74.3,23002.76,PAGO,2023-03-22,PEDIDO COM DATA
6886,656,735,3.0,12438.63,0.26,50.23,27663.99,ENVIADO,2024-04-14,PEDIDO COM DATA
6887,966,949,8.0,4762.25,0.0,80.39,38173.04,CANCELADO,2023-08-06,PEDIDO COM DATA
6888,917,113,5.0,1606.12,0.12,80.39,0.0,PAGO,2023-11-02,PEDIDO COM DATA
6889,198,157,2.0,1455.38,0.05,149.8,2915.02,PENDENTE,2023-02-20,PEDIDO COM DATA
6890,610,732,4.0,9233.01,0.04,120.89,35575.65,PAGO,2023-01-30,PEDIDO COM DATA
6891,572,969,5.0,1733.24,0.29,138.07,6291.07,PENDENTE,2024-04-07,PEDIDO COM DATA
6892,114,494,2.0,10084.26,0.04,32.99,19394.77,PENDENTE,2024-08-10,PEDIDO COM DATA
6893,311,689,10.0,2044.44,0.14,97.6,25248.04,ENVIADO,2023-09-18,PEDIDO COM DATA
6894,140,380,7.0,4908.08,0.04,14.43,32996.73,PENDENTE,2023-08-06,PEDIDO COM DATA
6897,795,789,10.0,4864.74,0.27,79.2,35591.8,PAGO,2024-11-14,PEDIDO COM DATA
6899,630,609,5.0,14462.48,0.1,44.2,65125.36,ENVIADO,2022-10-16,PEDIDO COM DATA
6901,497,134,2.0,541.57,0.16,65.12,25248.04,CANCELADO,2023-03-10,PEDIDO COM DATA
6902,321,213,2.0,13365.75,0.18,52.45,21972.28,CANCELADO,2022-09-09,PEDIDO COM DATA
6903,110,617,2.0,5030.77,0.16,108.13,25248.04,CANCELADO,2022-09-10,PEDIDO COM DATA
6909,357,444,4.0,2347.99,0.03,12.45,9122.65,PENDENTE,2024-03-23,PEDIDO COM DATA
6910,110,277,10.0,11054.65,0.06,71.77,103985.48,PAGO,2024-07-30,PEDIDO COM DATA
6911,900,495,2.0,7411.13,0.0,126.73,11836.32,PAGO,2022-01-29,PEDIDO COM DATA
6912,774,395,6.0,13406.43,0.03,15.3,78040.72,CANCELADO,2024-05-05,PEDIDO COM DATA
6913,828,669,6.0,12035.51,0.24,80.39,54965.54,PENDENTE,2024-11-22,PEDIDO COM DATA
6914,419,971,4.0,8756.59,0.01,135.73,34811.83,PENDENTE,2024-09-27,PEDIDO COM DATA
6916,249,800,3.0,547.35,0.23,34.88,1299.26,PAGO,2023-07-16,PEDIDO COM DATA
6919,267,528,4.0,2666.45,0.19,56.18,25248.04,PAGO,,PEDIDO SEM DATA
6920,812,711,8.0,1308.03,0.17,69.09,8754.41,PAGO,2024-10-02,PEDIDO COM DATA
6921,810,864,6.0,2021.31,0.01,36.8,12043.38,PENDENTE,2024-05-15,PEDIDO COM DATA
6922,754,955,1.0,9588.96,0.26,77.93,7173.76,CANCELADO,2024-08-09,PEDIDO COM DATA
6923,154,239,6.0,2984.91,0.07,112.57,16768.37,CANCELADO,2025-03-14,PEDIDO COM DATA
6924,196,559,8.0,6073.84,0.02,43.32,47662.23,CANCELADO,2022-11-07,PEDIDO COM DATA
6928,603,464,7.0,11300.4,0.28,134.32,57088.34,PAGO,2022-03-17,PEDIDO COM DATA
6931,817,591,7.0,14000.42,0.28,131.35,70693.47,PAGO,2022-04-30,PEDIDO COM DATA
6932,999,717,8.0,4749.97,0.27,74.46,27814.28,ENVIADO,2023-06-24,PEDIDO COM DATA
6933,26,494,4.0,11697.5,0.2,67.19,-500.0,CANCELADO,2025-01-21,PEDIDO COM DATA
6935,285,196,10.0,7241.14,0.05,105.66,68896.49,PENDENTE,2023-05-12,PEDIDO COM DATA
6936,83,527,5.0,4355.19,0.29,63.27,25248.04,CANCELADO,2022-04-04,PEDIDO COM DATA
6937,577,956,7.0,8867.02,0.08,67.98,57171.59,ENVIADO,2025-01-04,PEDIDO COM DATA
6938,790,29,5.0,14683.15,0.29,137.56,52262.74,CANCELADO,2023-11-09,PEDIDO COM DATA
6939,603,679,6.0,4046.69,0.1,89.77,21941.9,PENDENTE,2023-07-24,PEDIDO COM DATA
6940,569,207,10.0,1980.53,0.29,117.26,14179.02,ENVIADO,2023-10-10,PEDIDO COM DATA
6942,128,177,9.0,541.98,0.03,110.38,4841.87,CANCELADO,2024-05-01,PEDIDO COM DATA
6943,485,378,8.0,4151.08,0.19,90.99,26989.99,PAGO,2022-10-20,PEDIDO COM DATA
6944,176,144,10.0,942.18,0.1,61.95,25248.04,PAGO,2023-03-08,PEDIDO COM DATA
6945,459,254,3.0,7552.16,0.09,83.24,20700.64,PAGO,2023-11-03,PEDIDO COM DATA
6946,352,271,3.0,3587.47,0.22,75.87,8470.55,PENDENTE,2022-08-26,PEDIDO COM DATA
6947,406,816,2.0,11237.98,0.09,141.72,20594.84,PENDENTE,2023-12-24,PEDIDO COM DATA
6949,386,51,3.0,538.22,0.29,10.08,1156.49,CANCELADO,2025-01-18,PEDIDO COM DATA
6951,975,726,10.0,1577.96,0.18,18.66,12957.93,PENDENTE,2024-08-22,PEDIDO COM DATA
6952,259,274,2.0,12265.66,0.17,43.63,20404.63,ENVIADO,2022-05-22,PEDIDO COM DATA
6953,750,980,10.0,2661.14,0.04,82.12,25629.06,PAGO,2022-03-28,PEDIDO COM DATA
6954,97,42,4.0,2928.22,0.17,128.82,9850.51,CANCELADO,2023-04-22,PEDIDO COM DATA
6955,414,270,3.0,12953.45,0.22,105.04,30416.11,ENVIADO,2022-06-22,PEDIDO COM DATA
6956,958,36,9.0,13962.5,0.08,72.45,115681.95,PENDENTE,2024-06-15,PEDIDO COM DATA
6957,687,812,5.0,14128.24,0.15,114.49,60159.51,PAGO,2024-08-15,PEDIDO COM DATA
6958,346,906,5.0,5653.03,0.2,11.72,22623.84,PENDENTE,,PEDIDO SEM DATA
6959,702,636,8.0,10501.85,0.27,118.22,61449.02,ENVIADO,2023-05-28,PEDIDO COM DATA
6961,719,884,4.0,8104.0,0.24,80.39,24683.95,CANCELADO,2023-12-25,PEDIDO COM DATA
6962,97,164,6.0,9295.77,0.08,27.15,51339.8,PENDENTE,2024-09-19,PEDIDO COM DATA
6963,424,84,2.0,13787.48,0.3,73.63,19376.1,ENVIADO,2025-02-02,PEDIDO COM DATA
6964,224,222,10.0,8429.13,0.03,118.09,81880.65,ENVIADO,2023-06-06,PEDIDO COM DATA
6965,246,814,5.0,1857.44,0.17,144.04,7852.42,PENDENTE,,PEDIDO SEM DATA
6966,710,752,10.0,2680.87,0.3,17.29,18783.38,CANCELADO,2024-02-11,PEDIDO COM DATA
6968,685,455,7.0,8930.64,0.16,105.31,52617.47,PAGO,2024-05-18,PEDIDO COM DATA
6969,332,480,7.0,2337.03,0.15,31.21,13936.54,PAGO,2023-11-05,PEDIDO COM DATA
6972,582,482,9.0,7654.08,0.14,124.62,59367.2,ENVIADO,2024-02-03,PEDIDO COM DATA
6973,706,489,7.0,3303.03,0.18,80.39,18998.89,ENVIADO,2023-09-16,PEDIDO COM DATA
6975,626,159,2.0,176.24,0.05,96.9,431.76,ENVIADO,2022-01-29,PEDIDO COM DATA
6976,343,225,7.0,9396.58,0.24,94.5,50084.31,PENDENTE,2023-03-06,PEDIDO COM DATA
6979,288,437,10.0,5491.45,0.13,44.47,47820.08,ENVIADO,2023-06-27,PEDIDO COM DATA
6980,19,674,3.0,4421.71,0.18,90.51,10967.92,PAGO,2024-10-22,PEDIDO COM DATA
6981,972,180,3.0,4391.15,0.27,128.91,25248.04,PAGO,2025-01-23,PEDIDO COM DATA
6982,297,276,1.0,9908.96,0.29,21.92,7057.28,PAGO,2022-12-06,PEDIDO COM DATA
6983,69,483,4.0,11391.63,0.06,46.81,42879.34,CANCELADO,2024-07-19,PEDIDO COM DATA
6984,178,497,1.0,7982.82,0.01,52.4,7955.39,PENDENTE,2023-04-17,PEDIDO COM DATA
6985,58,258,-5.0,11100.9,0.17,52.82,9266.57,PAGO,2024-02-08,PEDIDO COM DATA
6988,575,278,4.0,5391.3,0.2,79.54,25248.04,ENVIADO,2022-08-10,PEDIDO COM DATA
6989,883,664,3.0,7774.37,0.19,77.55,18969.27,ENVIADO,2024-07-13,PEDIDO COM DATA
6990,322,889,3.0,5773.62,0.14,18.53,14914.47,PAGO,2023-01-14,PEDIDO COM DATA
6992,23,305,4.0,825.33,0.08,128.28,3165.49,PENDENTE,2024-03-05,PEDIDO COM DATA
6994,820,481,5.0,6566.86,0.03,54.84,31904.11,PAGO,2023-03-24,PEDIDO COM DATA
6995,600,619,3.0,11811.64,0.14,19.23,30493.26,PAGO,2023-04-06,PEDIDO COM DATA
6999,239,229,9.0,2018.51,0.28,49.47,25248.04,ENVIADO,2022-08-23,PEDIDO COM DATA
7002,909,142,5.0,5245.13,0.21,87.25,20805.51,PAGO,2023-07-31,PEDIDO COM DATA
7003,596,315,4.0,8776.15,0.15,130.54,29969.45,PAGO,2023-03-22,PEDIDO COM DATA
7006,246,288,10.0,8047.39,0.15,48.14,68450.96,CANCELADO,2023-08-03,PEDIDO COM DATA
7008,264,88,10.0,9287.75,0.12,99.09,81831.29,PAGO,2022-04-12,PEDIDO COM DATA
7009,492,9,2.0,7173.63,0.02,81.45,14141.76,PAGO,2025-01-24,PEDIDO COM DATA
7010,85,606,8.0,2823.6,0.12,95.3,19973.44,CANCELADO,2024-02-08,PEDIDO COM DATA
7011,629,983,4.0,3301.38,0.29,52.92,25248.04,PAGO,2025-03-30,PEDIDO COM DATA
7012,971,678,1.0,7943.12,0.02,60.65,7844.91,PENDENTE,,PEDIDO SEM DATA
7013,959,787,10.0,10401.63,0.0,142.14,25248.04,PAGO,2022-07-07,PEDIDO COM DATA
7018,396,96,2.0,3472.14,0.29,82.36,5012.8,PAGO,2022-05-11,PEDIDO COM DATA
7020,418,595,6.0,11935.35,0.06,139.59,67454.96,PENDENTE,2022-08-12,PEDIDO COM DATA
7026,152,140,8.0,13352.44,0.0,118.35,96255.92,CANCELADO,2023-02-03,PEDIDO COM DATA
7027,260,107,3.0,9718.65,0.27,25.36,21309.2,CANCELADO,2023-10-21,PEDIDO COM DATA
7029,930,845,5.0,14926.91,0.25,88.53,56064.44,PAGO,2024-12-10,PEDIDO COM DATA
7030,817,471,6.0,14214.43,0.28,80.39,61480.93,CANCELADO,2022-04-03,PEDIDO COM DATA
7032,680,669,1.0,3145.26,0.0,73.29,2715.31,CANCELADO,2024-01-28,PEDIDO COM DATA
7035,363,487,3.0,13214.56,0.23,99.11,30624.74,ENVIADO,2023-10-14,PEDIDO COM DATA
7038,162,718,4.0,5897.39,0.12,60.34,20819.15,ENVIADO,2024-11-19,PEDIDO COM DATA
7039,387,871,2.0,3779.04,0.18,48.41,6246.04,PAGO,2024-01-26,PEDIDO COM DATA
7040,114,548,6.0,610.94,0.07,35.92,3444.97,ENVIADO,2022-06-11,PEDIDO COM DATA
7041,624,1000,9.0,9721.89,0.05,22.47,83144.63,PAGO,2024-05-09,PEDIDO COM DATA
7043,734,328,1.0,5470.92,0.03,109.35,5416.14,PAGO,2024-01-21,PEDIDO COM DATA
7044,309,958,-5.0,11790.03,0.06,104.58,22269.84,ENVIADO,2023-12-12,PEDIDO COM DATA
7045,957,317,2.0,6616.46,0.28,50.14,9577.84,PAGO,2022-12-27,PEDIDO COM DATA
7046,587,695,1.0,11986.61,0.21,117.49,9586.91,PAGO,2024-08-18,PEDIDO COM DATA
7047,30,60,3.0,12228.72,0.16,58.63,30875.0,PAGO,2022-08-19,PEDIDO COM DATA
7053,227,513,10.0,2453.09,0.24,79.82,18723.3,CANCELADO,2023-11-14,PEDIDO COM DATA
7056,411,230,4.0,12927.47,0.03,101.42,50260.0,ENVIADO,2024-12-21,PEDIDO COM DATA
7057,374,36,2.0,13241.37,0.05,68.4,25227.0,PAGO,2022-12-25,PEDIDO COM DATA
7058,890,667,2.0,7277.44,0.23,95.98,11303.24,CANCELADO,2023-11-18,PEDIDO COM DATA
7060,470,976,8.0,13656.77,0.26,96.92,-500.0,PENDENTE,2024-10-11,PEDIDO COM DATA
7061,35,365,9.0,8359.4,0.15,118.21,64067.62,CANCELADO,2024-09-21,PEDIDO COM DATA
7063,415,68,2.0,13496.76,0.05,30.15,25673.99,PAGO,2024-08-13,PEDIDO COM DATA
7065,209,782,5.0,1337.42,0.06,38.09,6323.96,PAGO,2023-04-11,PEDIDO COM DATA
7067,712,505,7.0,8707.96,0.02,124.18,59860.79,PAGO,2022-08-10,PEDIDO COM DATA
7068,81,177,10.0,7617.69,0.15,63.33,64813.69,CANCELADO,2023-08-03,PEDIDO COM DATA
7069,166,170,1.0,10511.81,0.19,84.09,8598.66,CANCELADO,2024-07-09,PEDIDO COM DATA
7072,143,820,1.0,12008.34,0.21,67.62,9554.21,CANCELADO,2023-08-26,PEDIDO COM DATA
7073,396,540,5.0,7317.15,0.24,138.32,27943.49,PAGO,2022-04-28,PEDIDO COM DATA
7074,526,678,9.0,3077.63,0.05,113.35,26427.09,CANCELADO,2024-10-23,PEDIDO COM DATA
7076,806,116,-5.0,3745.52,0.01,45.68,37126.33,ENVIADO,2022-08-23,PEDIDO COM DATA
7078,312,227,5.0,4992.58,0.2,149.61,20119.93,CANCELADO,2022-05-24,PEDIDO COM DATA
7079,680,241,4.0,9723.69,0.22,147.62,30485.53,CANCELADO,2023-10-13,PEDIDO COM DATA
7080,306,955,9.0,3263.4,0.09,51.41,26778.66,PAGO,2023-05-16,PEDIDO COM DATA
7081,760,742,4.0,906.73,0.14,137.53,3256.68,PAGO,2024-09-02,PEDIDO COM DATA
7082,853,829,6.0,10536.22,0.1,73.64,56969.23,PAGO,2022-11-16,PEDIDO COM DATA
7083,157,354,10.0,12840.28,0.19,57.16,104063.43,PENDENTE,2024-05-07,PEDIDO COM DATA
7087,959,58,10.0,1700.52,0.08,33.28,25248.04,PAGO,2024-03-01,PEDIDO COM DATA
7088,786,934,1.0,4143.33,0.12,37.22,3683.35,PAGO,2022-01-10,PEDIDO COM DATA
7089,270,512,9.0,4882.46,0.17,25.94,36497.92,PENDENTE,2022-08-07,PEDIDO COM DATA
7090,413,126,3.0,3197.61,0.13,78.97,8424.73,CANCELADO,2025-03-14,PEDIDO COM DATA
7091,599,347,9.0,13362.04,0.06,98.87,113141.73,CANCELADO,2023-08-06,PEDIDO COM DATA
7092,883,17,6.0,10244.95,0.11,60.13,54768.16,CANCELADO,2024-10-25,PEDIDO COM DATA
7093,212,901,8.0,5079.18,0.17,54.02,33779.78,PAGO,2023-06-17,PEDIDO COM DATA
7095,539,849,10.0,13880.95,0.24,86.35,105581.57,PAGO,2024-09-19,PEDIDO COM DATA
7096,382,300,1.0,1349.06,0.14,65.56,1225.75,PAGO,2023-05-12,PEDIDO COM DATA
7097,588,341,10.0,6034.38,0.2,119.7,48394.74,ENVIADO,2024-07-02,PEDIDO COM DATA
7098,437,114,7.0,12441.29,0.03,61.8,84538.16,PENDENTE,2023-06-03,PEDIDO COM DATA
7099,383,936,7.0,6952.17,0.03,12.04,47217.27,PAGO,,PEDIDO SEM DATA
7101,84,30,3.0,6472.97,0.05,62.78,0.0,PAGO,2023-01-11,PEDIDO COM DATA
7102,302,244,2.0,11845.65,0.07,28.26,22061.17,PENDENTE,2024-03-24,PEDIDO COM DATA
7103,310,483,7.0,11752.86,0.17,73.23,68357.35,PAGO,2023-07-14,PEDIDO COM DATA
7107,785,429,6.0,10013.2,0.21,120.32,47582.89,PAGO,2025-03-27,PEDIDO COM DATA
7108,757,578,2.0,14907.91,0.03,130.83,29052.18,PAGO,2025-03-18,PEDIDO COM DATA
7110,100,263,2.0,2229.86,0.09,80.39,4089.44,PAGO,2023-07-04,PEDIDO COM DATA
7111,275,354,7.0,6034.33,0.28,140.22,30553.24,PAGO,2022-09-26,PEDIDO COM DATA
7112,485,96,1.0,12626.93,0.29,93.6,9058.72,PAGO,,PEDIDO SEM DATA
7113,584,108,5.0,14159.74,0.12,72.1,62374.96,CANCELADO,2024-07-07,PEDIDO COM DATA
7115,759,269,10.0,5955.63,0.01,46.92,59007.66,PAGO,2024-09-20,PEDIDO COM DATA
7116,116,685,7.0,3680.65,0.29,29.11,18321.94,ENVIADO,2023-07-24,PEDIDO COM DATA
7118,124,138,5.0,6777.15,0.11,14.72,30173.04,PAGO,2022-01-01,PEDIDO COM DATA
7121,645,850,7.0,10962.32,0.15,45.49,25248.04,PAGO,2022-03-24,PEDIDO COM DATA
7123,940,365,5.0,2064.69,0.12,149.34,9233.98,ENVIADO,2022-12-21,PEDIDO COM DATA
7124,597,948,5.0,5125.89,0.24,99.93,19578.31,ENVIADO,2022-09-20,PEDIDO COM DATA
7125,562,781,8.0,5174.24,0.2,127.09,33242.23,PENDENTE,2023-03-05,PEDIDO COM DATA
7128,584,282,8.0,4606.7,0.0,29.34,27301.0,PENDENTE,,PEDIDO SEM DATA
7130,279,840,4.0,5675.81,0.02,142.36,22391.54,ENVIADO,2024-06-06,PEDIDO COM DATA
7131,129,341,7.0,11113.32,0.23,123.84,60024.63,ENVIADO,2023-12-26,PEDIDO COM DATA
7132,209,901,2.0,14304.63,0.0,80.39,28078.09,PENDENTE,2022-10-17,PEDIDO COM DATA
7134,384,642,5.0,2672.88,0.26,66.64,9956.3,PENDENTE,2024-06-25,PEDIDO COM DATA
7135,566,577,6.0,14918.86,0.13,89.93,77966.38,PAGO,2023-11-23,PEDIDO COM DATA
7136,788,247,7.0,5002.51,0.27,45.17,25608.0,ENVIADO,2023-08-29,PEDIDO COM DATA
7138,249,670,2.0,12338.33,0.24,129.22,18883.48,CANCELADO,2022-11-06,PEDIDO COM DATA
7143,160,240,0.0,5580.46,0.02,18.31,0.0,PENDENTE,2024-04-28,PEDIDO COM DATA
7145,296,293,9.0,3251.42,0.12,109.63,25860.88,PAGO,2022-05-16,PEDIDO COM DATA
7147,805,504,10.0,10435.29,0.08,148.84,0.0,CANCELADO,2022-05-31,PEDIDO COM DATA
7149,347,968,10.0,9596.6,0.24,20.68,72954.84,CANCELADO,2022-11-25,PEDIDO COM DATA
7150,237,189,8.0,4630.85,0.11,133.34,33104.99,CANCELADO,2024-05-24,PEDIDO COM DATA
7151,58,990,9.0,11654.48,0.21,16.16,82879.51,PENDENTE,2024-12-17,PEDIDO COM DATA
7153,584,916,5.0,722.43,0.25,141.09,2850.2,CANCELADO,2022-08-13,PEDIDO COM DATA
7155,639,947,7.0,3409.19,0.06,119.24,22551.71,PAGO,2024-06-18,PEDIDO COM DATA
7157,162,389,3.0,12148.08,0.3,80.63,25591.6,CANCELADO,2024-09-14,PEDIDO COM DATA
7158,977,692,6.0,10117.21,0.09,17.67,55257.64,CANCELADO,2022-07-22,PEDIDO COM DATA
7160,131,274,3.0,10197.86,0.0,80.01,27614.23,CANCELADO,2025-02-03,PEDIDO COM DATA
7161,134,540,6.0,10706.23,0.05,44.15,61069.66,ENVIADO,2024-09-12,PEDIDO COM DATA
7163,221,223,9.0,14235.01,0.06,118.85,120547.03,ENVIADO,2024-03-11,PEDIDO COM DATA
7164,640,594,10.0,14268.19,0.16,40.48,119893.28,ENVIADO,2022-01-11,PEDIDO COM DATA
7165,538,335,8.0,6846.63,0.24,131.26,41758.77,PAGO,2022-12-29,PEDIDO COM DATA
7166,336,614,9.0,9364.73,0.0,117.51,75129.0,ENVIADO,,PEDIDO SEM DATA
7167,355,734,5.0,13853.17,0.27,61.14,50625.21,PENDENTE,2022-10-13,PEDIDO COM DATA
7169,291,917,1.0,11732.17,0.28,20.38,8467.54,CANCELADO,2022-10-03,PEDIDO COM DATA
7171,560,332,7.0,10530.4,0.05,11.8,70038.96,PENDENTE,2024-02-23,PEDIDO COM DATA
7172,426,364,10.0,5639.68,0.13,53.92,49119.14,PAGO,2023-07-05,PEDIDO COM DATA
7174,573,227,5.0,8330.77,0.03,91.27,40495.5,PAGO,2022-09-07,PEDIDO COM DATA
7175,550,909,6.0,6296.65,0.23,45.87,29136.39,PENDENTE,2023-09-23,PEDIDO COM DATA
7176,158,911,-1.0,10479.23,0.27,51.13,68899.67,PENDENTE,2022-09-06,PEDIDO COM DATA
7178,697,480,10.0,3055.14,0.25,80.39,22982.55,PENDENTE,,PEDIDO SEM DATA
7179,873,765,2.0,8206.46,0.07,82.19,15346.21,CANCELADO,2023-01-03,PEDIDO COM DATA
7180,603,90,10.0,7799.94,0.28,139.65,56299.22,PAGO,2023-01-05,PEDIDO COM DATA
7182,568,647,8.0,14413.28,0.21,89.71,91181.64,PENDENTE,2024-06-17,PEDIDO COM DATA
7183,813,821,4.0,13892.26,0.22,40.54,43384.39,PENDENTE,2023-08-04,PEDIDO COM DATA
7185,101,140,5.0,7902.06,0.3,148.02,25248.04,ENVIADO,2024-10-15,PEDIDO COM DATA
7188,22,520,9.0,7837.17,0.0,79.91,25248.04,PENDENTE,2024-07-07,PEDIDO COM DATA
7190,311,60,6.0,2909.18,0.18,15.26,14328.43,ENVIADO,2024-11-07,PEDIDO COM DATA
7191,288,658,4.0,4335.79,0.28,36.74,12523.82,PENDENTE,2023-10-19,PEDIDO COM DATA
7192,938,911,7.0,10612.94,0.0,104.01,72165.87,PAGO,2024-06-10,PEDIDO COM DATA
7193,579,785,6.0,8846.84,0.03,80.26,51568.87,PAGO,2024-10-04,PEDIDO COM DATA
7194,45,52,7.0,6028.19,0.24,146.13,32216.1,PENDENTE,,PEDIDO SEM DATA
7195,124,126,2.0,11167.66,0.12,96.48,25248.04,ENVIADO,2023-10-15,PEDIDO COM DATA
7196,982,42,6.0,9554.53,0.15,80.39,48822.33,PAGO,2022-02-21,PEDIDO COM DATA
7197,55,799,2.0,9568.87,0.07,63.74,17861.84,PENDENTE,2022-04-05,PEDIDO COM DATA
7198,424,249,7.0,6282.26,0.29,20.72,31243.55,PENDENTE,2024-05-19,PEDIDO COM DATA
7199,454,570,3.0,873.64,0.03,128.04,2670.33,ENVIADO,2024-06-19,PEDIDO COM DATA
7201,639,182,4.0,7149.37,0.29,33.98,20338.19,ENVIADO,2023-07-31,PEDIDO COM DATA
7205,177,642,2.0,10183.03,0.28,103.26,14766.82,PENDENTE,2024-01-31,PEDIDO COM DATA
7207,595,285,8.0,9875.21,0.19,123.56,64114.92,ENVIADO,2025-01-23,PEDIDO COM DATA
7208,359,935,5.0,9036.04,0.19,108.83,36704.79,CANCELADO,2023-07-04,PEDIDO COM DATA
7209,237,922,10.0,397.28,0.21,121.07,3259.58,PENDENTE,2023-08-18,PEDIDO COM DATA
7211,380,476,2.0,7729.86,0.25,62.73,11657.52,ENVIADO,2023-08-25,PEDIDO COM DATA
7214,980,245,-1.0,14623.96,0.17,78.14,97181.23,PAGO,2022-10-22,PEDIDO COM DATA
7215,712,9,10.0,270.38,0.28,99.08,2045.82,CANCELADO,2023-03-11,PEDIDO COM DATA
7216,774,76,8.0,7000.69,0.02,119.8,55005.21,CANCELADO,2025-01-23,PEDIDO COM DATA
7218,898,266,2.0,6193.27,0.18,23.54,10180.5,PAGO,2023-05-17,PEDIDO COM DATA
7219,575,646,5.0,1363.25,0.2,141.64,5594.64,ENVIADO,2023-05-12,PEDIDO COM DATA
7221,375,944,1.0,7249.72,0.06,93.1,6907.84,CANCELADO,2024-01-14,PEDIDO COM DATA
7222,342,647,5.0,14148.79,0.21,59.96,55947.68,CANCELADO,2022-06-14,PEDIDO COM DATA
7223,632,551,8.0,11238.65,0.26,62.25,66595.06,ENVIADO,2025-02-07,PEDIDO COM DATA
7224,704,670,8.0,7107.7,0.04,35.03,54622.17,PENDENTE,2024-09-04,PEDIDO COM DATA
7225,25,490,1.0,8821.54,0.11,114.43,7965.6,PAGO,2025-02-03,PEDIDO COM DATA
7226,688,584,7.0,12960.6,0.03,113.95,-500.0,PENDENTE,2022-09-04,PEDIDO COM DATA
7229,716,103,9.0,3313.1,0.27,142.48,21909.55,CANCELADO,2024-11-30,PEDIDO COM DATA
7230,344,760,5.0,4382.78,0.29,30.62,15589.49,CANCELADO,,PEDIDO SEM DATA
7233,245,311,9.0,14917.66,0.07,13.53,124874.34,PENDENTE,2025-02-03,PEDIDO COM DATA
7237,340,765,-5.0,14687.91,0.08,22.59,27048.34,PAGO,2024-10-27,PEDIDO COM DATA
7239,532,506,2.0,9675.83,0.06,104.29,18294.85,CANCELADO,2024-02-09,PEDIDO COM DATA
7240,459,484,3.0,6910.54,0.05,93.9,19788.94,ENVIADO,2024-10-29,PEDIDO COM DATA
7241,18,385,8.0,2303.19,0.01,16.8,18258.06,PENDENTE,2023-06-08,PEDIDO COM DATA
7243,208,546,-1.0,4097.08,0.18,97.42,26974.26,ENVIADO,2022-05-15,PEDIDO COM DATA
7244,267,153,10.0,3333.23,0.07,130.98,31130.02,PAGO,2024-07-14,PEDIDO COM DATA
7248,620,533,2.0,7738.01,0.1,108.19,14036.61,CANCELADO,2023-09-02,PEDIDO COM DATA
7249,605,732,1.0,7874.68,0.2,76.45,6376.19,ENVIADO,2024-11-06,PEDIDO COM DATA
7256,225,747,7.0,7674.67,0.05,81.25,51117.81,PAGO,,PEDIDO SEM DATA
7257,582,269,1.0,5014.17,0.26,67.11,3777.6,CANCELADO,2022-05-24,PEDIDO COM DATA
7258,923,788,4.0,5473.92,0.25,125.66,16547.42,ENVIADO,2023-10-30,PEDIDO COM DATA
7259,857,906,9.0,13626.59,0.15,48.73,104292.14,PENDENTE,2024-09-14,PEDIDO COM DATA
7260,617,94,6.0,1849.21,0.03,53.05,10815.45,PENDENTE,2023-08-22,PEDIDO COM DATA
7262,65,458,3.0,528.96,0.0,147.23,1448.47,PAGO,2023-04-17,PEDIDO COM DATA
7264,792,586,3.0,3652.93,0.04,91.02,10611.46,PAGO,2022-02-27,PEDIDO COM DATA
7266,882,439,4.0,89.81,0.09,114.91,441.82,CANCELADO,,PEDIDO SEM DATA
7267,7,502,2.0,5144.85,0.08,11.53,9478.05,CANCELADO,2022-01-22,PEDIDO COM DATA
7269,251,393,7.0,8111.28,0.27,35.84,41484.48,ENVIADO,2022-10-27,PEDIDO COM DATA
7270,375,785,7.0,1457.6,0.28,99.32,7445.62,ENVIADO,2025-01-18,PEDIDO COM DATA
7273,860,565,4.0,5956.49,0.28,121.98,17276.67,CANCELADO,2023-05-25,PEDIDO COM DATA
7274,603,212,9.0,8882.4,0.19,108.78,64861.48,CANCELADO,,PEDIDO SEM DATA
7275,44,272,10.0,6864.96,0.2,66.47,54986.15,PAGO,2024-10-30,PEDIDO COM DATA
7276,270,925,3.0,13008.27,0.23,115.11,30164.21,PENDENTE,2024-08-20,PEDIDO COM DATA
7279,338,875,5.0,5800.16,0.1,30.23,26130.95,CANCELADO,2025-03-30,PEDIDO COM DATA
7282,815,375,4.0,9113.97,0.26,72.54,27049.89,ENVIADO,2022-12-11,PEDIDO COM DATA
7283,890,590,5.0,14887.01,0.18,134.79,61171.53,ENVIADO,2023-03-27,PEDIDO COM DATA
7285,816,710,8.0,1086.85,0.3,80.39,6203.0,PAGO,2022-07-26,PEDIDO COM DATA
7290,147,618,9.0,8230.25,0.1,137.66,66802.69,CANCELADO,2024-10-13,PEDIDO COM DATA
7292,545,332,10.0,9871.31,0.25,86.78,74121.6,PENDENTE,2022-05-28,PEDIDO COM DATA
7294,226,608,2.0,10253.05,0.12,80.39,18119.48,PAGO,2024-10-07,PEDIDO COM DATA
7296,116,143,10.0,13466.55,0.17,36.42,111808.78,PENDENTE,2024-07-23,PEDIDO COM DATA
7297,267,54,2.0,13832.01,0.29,71.27,19712.72,CANCELADO,2024-05-05,PEDIDO COM DATA
7298,93,862,4.0,5223.73,0.18,42.24,25248.04,ENVIADO,2023-06-19,PEDIDO COM DATA
7299,899,468,7.0,13525.02,0.08,75.84,87176.97,PAGO,2022-08-09,PEDIDO COM DATA
7300,574,522,10.0,6738.81,0.13,85.72,58713.37,ENVIADO,2022-12-18,PEDIDO COM DATA
7302,206,695,9.0,14229.19,0.26,67.51,94833.92,PAGO,2024-02-13,PEDIDO COM DATA
7306,643,278,-1.0,1286.04,0.2,144.45,0.0,CANCELADO,2023-07-05,PEDIDO COM DATA
7307,389,856,4.0,6347.87,0.19,131.45,20698.55,PENDENTE,2024-12-05,PEDIDO COM DATA
7309,937,678,10.0,14970.17,0.14,89.27,128832.73,ENVIADO,2024-10-21,PEDIDO COM DATA
7313,35,519,4.0,5073.92,0.22,102.79,15933.42,CANCELADO,2025-01-07,PEDIDO COM DATA
7314,848,348,7.0,364.82,0.16,46.6,2191.74,CANCELADO,2024-11-28,PEDIDO COM DATA
7316,430,288,2.0,3469.01,0.14,115.49,6082.19,PENDENTE,,PEDIDO SEM DATA
7317,336,964,6.0,9228.97,0.24,78.79,42162.89,PENDENTE,2025-02-14,PEDIDO COM DATA
7318,608,523,9.0,14109.74,0.07,92.91,118191.43,ENVIADO,2023-05-15,PEDIDO COM DATA
7320,363,494,4.0,8488.16,0.19,41.27,27542.91,CANCELADO,2023-04-02,PEDIDO COM DATA
7322,396,568,7.0,12547.51,0.1,38.79,79088.1,ENVIADO,2022-09-17,PEDIDO COM DATA
7324,512,194,5.0,7572.73,0.0,37.71,36386.81,PAGO,2022-11-20,PEDIDO COM DATA
7325,739,932,9.0,2708.1,0.02,71.29,23956.73,PENDENTE,,PEDIDO SEM DATA
7328,390,80,4.0,14035.25,0.07,21.62,52232.75,PENDENTE,2024-08-14,PEDIDO COM DATA
7329,168,299,10.0,14998.5,0.24,77.44,114066.04,ENVIADO,2023-10-06,PEDIDO COM DATA
7330,677,447,5.0,1241.89,0.28,22.63,4493.43,PAGO,2023-05-17,PEDIDO COM DATA
7332,318,12,-5.0,14825.31,0.19,48.98,48082.98,PENDENTE,2022-02-16,PEDIDO COM DATA
7334,926,991,3.0,2639.1,0.14,112.01,6920.89,PAGO,2022-10-14,PEDIDO COM DATA
7335,252,151,10.0,5524.74,0.17,141.09,45996.43,PENDENTE,,PEDIDO SEM DATA
7336,898,884,10.0,13038.35,0.15,60.64,110886.61,PENDENTE,,PEDIDO SEM DATA
7337,328,334,1.0,3172.37,0.24,107.06,2518.06,ENVIADO,2022-11-11,PEDIDO COM DATA
7338,102,490,2.0,9605.13,0.0,108.59,18166.23,PENDENTE,2023-02-27,PEDIDO COM DATA
7340,866,904,5.0,3564.61,0.14,85.47,15413.29,PAGO,2022-02-26,PEDIDO COM DATA
7341,277,638,4.0,8387.84,0.0,91.61,33307.46,ENVIADO,2022-01-31,PEDIDO COM DATA
7343,125,331,9.0,9287.54,0.18,142.07,68684.12,PENDENTE,2023-11-16,PEDIDO COM DATA
7345,123,916,1.0,3532.37,0.18,37.5,2934.04,ENVIADO,2024-06-01,PEDIDO COM DATA
7346,240,913,6.0,10364.29,0.01,54.07,61617.95,ENVIADO,2024-06-17,PEDIDO COM DATA
7347,59,288,5.0,9291.14,0.29,89.67,33073.22,PENDENTE,2022-09-17,PEDIDO COM DATA
7348,557,703,0.0,10327.45,0.29,138.11,73463.0,CANCELADO,2024-01-03,PEDIDO COM DATA
7349,886,274,6.0,6967.72,0.12,131.16,36920.72,CANCELADO,2025-03-15,PEDIDO COM DATA
7350,275,601,3.0,690.52,0.14,82.04,1863.58,PAGO,,PEDIDO SEM DATA
7351,267,96,9.0,6291.83,0.07,73.02,52735.64,ENVIADO,2022-02-08,PEDIDO COM DATA
7352,866,10,1.0,13344.0,0.23,93.52,25248.04,PENDENTE,2022-09-09,PEDIDO COM DATA
7353,473,587,3.0,2546.67,0.0,79.79,7719.8,CANCELADO,,PEDIDO SEM DATA
7354,256,851,7.0,13789.85,0.04,48.72,92716.51,CANCELADO,,PEDIDO SEM DATA
7355,559,861,7.0,7769.04,0.25,35.16,40822.62,CANCELADO,2022-06-07,PEDIDO COM DATA
7356,139,131,2.0,10286.16,0.13,134.38,18032.3,CANCELADO,2022-02-21,PEDIDO COM DATA
7357,935,500,2.0,7907.18,0.23,83.93,12260.99,PENDENTE,2025-01-05,PEDIDO COM DATA
7359,510,296,3.0,13963.19,0.29,46.47,29788.06,PENDENTE,2023-01-05,PEDIDO COM DATA
7361,247,798,10.0,211.69,0.15,97.81,1897.17,PAGO,2022-03-19,PEDIDO COM DATA
7365,800,518,0.0,1899.68,0.11,95.09,5167.24,PENDENTE,2022-08-26,PEDIDO COM DATA
7367,205,52,7.0,8162.2,0.11,57.69,50908.2,ENVIADO,2022-11-08,PEDIDO COM DATA
7368,32,908,2.0,1884.95,0.05,51.06,3632.46,PENDENTE,2023-08-09,PEDIDO COM DATA
7370,181,341,8.0,5558.16,0.28,14.1,32029.1,CANCELADO,2022-10-26,PEDIDO COM DATA
7373,1,670,10.0,11860.47,0.1,31.35,106775.58,PENDENTE,2022-01-05,PEDIDO COM DATA
7374,751,431,3.0,4897.19,0.25,79.73,11098.41,PAGO,2024-01-22,PEDIDO COM DATA
7376,314,136,1.0,11753.06,0.06,27.85,11075.73,CANCELADO,,PEDIDO SEM DATA
7377,911,743,8.0,2270.25,0.04,29.1,17464.62,PAGO,2025-01-02,PEDIDO COM DATA
7381,63,468,5.0,13909.22,0.03,118.11,67577.83,PENDENTE,2023-12-31,PEDIDO COM DATA
7382,125,591,7.0,7151.17,0.15,80.39,42679.54,CANCELADO,2023-03-29,PEDIDO COM DATA
7383,546,987,8.0,5055.45,0.1,11.29,36410.53,ENVIADO,2024-06-18,PEDIDO COM DATA
7384,487,945,2.0,13684.48,0.18,147.79,22590.34,ENVIADO,2024-10-14,PEDIDO COM DATA
7388,352,268,-5.0,6981.31,0.01,92.37,13915.36,PENDENTE,,PEDIDO SEM DATA
7389,201,956,2.0,9315.53,0.2,118.42,15023.27,ENVIADO,2022-08-31,PEDIDO COM DATA
7391,973,541,1.0,6001.07,0.04,72.83,5833.86,ENVIADO,2024-06-05,PEDIDO COM DATA
7392,134,832,0.0,1173.57,0.25,77.2,957.38,PENDENTE,2024-11-10,PEDIDO COM DATA
7395,355,263,7.0,3142.74,0.0,80.39,22050.85,CANCELADO,2023-06-14,PEDIDO COM DATA
7396,23,654,9.0,11355.18,0.19,143.62,-500.0,CANCELADO,2024-06-05,PEDIDO COM DATA
7398,407,486,6.0,3100.43,0.27,53.53,13633.41,PAGO,2022-05-29,PEDIDO COM DATA
7399,499,305,3.0,14769.25,0.17,80.39,36792.71,ENVIADO,2025-03-27,PEDIDO COM DATA
7400,966,284,1.0,8405.03,0.27,125.63,6261.3,PAGO,2024-10-30,PEDIDO COM DATA
7401,303,878,2.0,6867.97,0.04,74.67,13261.17,PAGO,,PEDIDO SEM DATA
7402,639,491,4.0,1478.37,0.02,80.39,5818.37,PENDENTE,2023-01-21,PEDIDO COM DATA
7403,328,762,4.0,4548.93,0.05,149.08,17435.01,PENDENTE,2024-12-01,PEDIDO COM DATA
7404,952,165,9.0,10166.69,0.13,28.7,79633.88,PENDENTE,2024-08-20,PEDIDO COM DATA
7405,266,569,2.0,3151.55,0.09,11.57,5747.39,CANCELADO,,PEDIDO SEM DATA
7409,923,384,10.0,10451.2,0.26,83.27,77422.15,CANCELADO,2024-12-27,PEDIDO COM DATA
7410,6,491,7.0,13290.68,0.12,16.46,81887.05,PENDENTE,,PEDIDO SEM DATA
7412,981,560,1.0,5766.33,0.12,109.11,5183.48,PAGO,2022-07-09,PEDIDO COM DATA
7413,129,344,1.0,5681.2,0.21,10.71,4498.86,PAGO,2023-09-29,PEDIDO COM DATA
7414,199,609,7.0,14389.77,0.08,109.21,92779.33,PAGO,2023-05-18,PEDIDO COM DATA
7415,152,793,7.0,10209.31,0.15,45.35,60790.74,PAGO,2022-06-25,PEDIDO COM DATA
7416,713,347,1.0,9558.19,0.0,139.03,7690.0,PAGO,2022-04-10,PEDIDO COM DATA
7417,713,443,10.0,3769.07,0.07,36.54,35088.89,PAGO,2025-02-27,PEDIDO COM DATA
7421,585,220,4.0,9160.08,0.28,53.53,26434.56,PAGO,2022-08-29,PEDIDO COM DATA
7424,978,916,7.0,6196.48,0.2,106.27,34806.56,PENDENTE,2023-12-06,PEDIDO COM DATA
7425,907,689,5.0,4412.24,0.14,80.39,19101.11,CANCELADO,2024-08-10,PEDIDO COM DATA
7426,169,644,3.0,3725.31,0.03,41.44,10882.09,CANCELADO,2025-01-12,PEDIDO COM DATA
7427,307,311,10.0,14606.9,0.0,42.74,119819.32,ENVIADO,2023-03-12,PEDIDO COM DATA
7428,930,457,4.0,9789.04,0.26,146.23,29121.79,CANCELADO,2024-03-14,PEDIDO COM DATA
7429,38,781,4.0,11645.97,0.04,84.4,44804.92,CANCELADO,2023-09-18,PEDIDO COM DATA
7432,91,486,3.0,13744.76,0.18,17.13,33829.24,PENDENTE,2023-12-05,PEDIDO COM DATA
7433,897,828,7.0,13527.84,0.0,80.39,82423.45,ENVIADO,2023-08-18,PEDIDO COM DATA
7434,674,65,7.0,9959.0,0.18,63.7,57228.36,ENVIADO,2024-05-19,PEDIDO COM DATA
7435,975,450,10.0,7110.48,0.24,24.64,54064.29,CANCELADO,2022-06-08,PEDIDO COM DATA
7438,530,395,6.0,1590.84,0.17,130.62,8053.0,PENDENTE,2022-01-01,PEDIDO COM DATA
7441,5,408,8.0,10712.24,0.07,59.95,79759.02,ENVIADO,2022-08-15,PEDIDO COM DATA
7443,255,907,6.0,5301.87,0.17,123.31,26526.62,PAGO,2024-11-15,PEDIDO COM DATA
7445,871,769,1.0,14910.05,0.19,130.6,12207.74,PENDENTE,2025-01-17,PEDIDO COM DATA
7449,492,842,7.0,12850.4,0.2,142.52,72104.76,PAGO,2023-07-19,PEDIDO COM DATA
7450,900,714,7.0,1219.15,0.29,105.65,25248.04,ENVIADO,2024-08-05,PEDIDO COM DATA
7451,866,996,4.0,7191.44,0.14,80.39,24885.13,CANCELADO,2024-11-12,PEDIDO COM DATA
7452,954,4,3.0,108.2,0.04,100.28,411.9,ENVIADO,,PEDIDO SEM DATA
7453,336,449,-5.0,6966.13,0.0,80.39,45890.38,PAGO,2023-12-17,PEDIDO COM DATA
7456,335,741,6.0,9829.55,0.11,112.21,52602.01,PAGO,2024-03-27,PEDIDO COM DATA
7458,611,436,6.0,9592.21,0.23,51.33,44367.34,PAGO,2024-07-05,PEDIDO COM DATA
7462,69,577,3.0,14985.06,0.2,79.6,36043.74,ENVIADO,2023-03-31,PEDIDO COM DATA
7463,547,490,7.0,14014.75,0.21,39.74,25248.04,ENVIADO,2024-06-27,PEDIDO COM DATA
7464,341,52,4.0,9734.98,0.27,131.15,28557.29,ENVIADO,2022-11-13,PEDIDO COM DATA
7465,311,734,1.0,2167.36,0.26,139.16,1743.01,PENDENTE,2022-03-18,PEDIDO COM DATA
7466,116,983,5.0,14474.26,0.18,13.03,59357.5,PENDENTE,2024-05-09,PEDIDO COM DATA
7467,969,387,10.0,5749.63,0.04,96.62,55293.07,ENVIADO,2024-12-30,PEDIDO COM DATA
7468,425,851,0.0,10540.65,0.25,93.51,23809.97,ENVIADO,2023-04-28,PEDIDO COM DATA
7469,282,234,5.0,9455.54,0.03,33.12,45892.49,PAGO,2025-01-29,PEDIDO COM DATA
7470,469,84,1.0,8771.26,0.21,117.85,7047.15,PENDENTE,2024-07-26,PEDIDO COM DATA
7471,468,639,2.0,4946.75,0.22,120.7,7837.63,ENVIADO,2024-01-27,PEDIDO COM DATA
7473,254,965,9.0,3089.91,0.23,128.37,21541.45,CANCELADO,2022-06-29,PEDIDO COM DATA
7474,67,418,8.0,8796.15,0.24,59.69,53540.28,PENDENTE,2023-08-16,PEDIDO COM DATA
7475,428,450,5.0,455.98,0.02,48.45,2282.75,PAGO,2022-09-29,PEDIDO COM DATA
7479,414,984,1.0,7091.25,0.3,111.13,5075.01,PENDENTE,2022-07-17,PEDIDO COM DATA
7482,918,812,3.0,12405.87,0.11,41.09,33164.76,ENVIADO,2023-09-23,PEDIDO COM DATA
7483,818,482,2.0,10900.82,0.04,110.38,25248.04,CANCELADO,,PEDIDO SEM DATA
7485,87,209,9.0,3587.82,0.07,55.42,30085.47,PENDENTE,2024-01-24,PEDIDO COM DATA
7486,745,889,0.0,476.0,0.01,80.39,2420.97,PAGO,2025-03-21,PEDIDO COM DATA
7487,858,948,1.0,11322.59,0.27,80.39,8291.42,PAGO,2024-09-10,PEDIDO COM DATA
7488,635,891,2.0,7586.73,0.14,49.13,13098.31,CANCELADO,2022-06-14,PEDIDO COM DATA
7490,803,884,4.0,6390.26,0.24,55.47,19481.86,PENDENTE,2022-03-23,PEDIDO COM DATA
7492,519,269,5.0,2060.51,0.27,47.69,7568.55,PAGO,2023-10-13,PEDIDO COM DATA
7493,599,233,9.0,7773.77,0.12,148.35,61716.61,PENDENTE,2025-01-26,PEDIDO COM DATA
7495,456,293,6.0,3129.56,0.0,48.41,14319.2,PENDENTE,,PEDIDO SEM DATA
7496,957,390,-1.0,7045.82,0.09,67.8,64184.76,PAGO,2022-07-06,PEDIDO COM DATA
7497,919,865,10.0,3706.8,0.12,43.51,32663.35,CANCELADO,2023-05-27,PEDIDO COM DATA
7499,637,869,10.0,7027.05,0.13,22.19,61157.53,CANCELADO,2024-03-30,PEDIDO COM DATA
7500,924,485,1.0,5460.42,0.24,97.64,4247.56,ENVIADO,,PEDIDO SEM DATA
7501,899,150,7.0,14756.03,0.29,135.98,73473.45,ENVIADO,2023-08-23,PEDIDO COM DATA
7502,293,173,5.0,11909.52,0.11,41.09,53038.45,ENVIADO,,PEDIDO SEM DATA
7504,719,990,3.0,1368.47,0.18,26.19,3392.63,CANCELADO,2022-05-25,PEDIDO COM DATA
7506,611,688,3.0,54.69,0.02,96.73,25248.04,CANCELADO,,PEDIDO SEM DATA
7508,424,728,3.0,7362.43,0.09,45.06,20144.49,PAGO,2024-02-27,PEDIDO COM DATA
7510,269,250,9.0,10228.5,0.0,20.2,89315.0,ENVIADO,2024-02-02,PEDIDO COM DATA
7511,939,434,10.0,5648.18,0.01,51.21,55968.19,ENVIADO,2024-03-03,PEDIDO COM DATA
7512,240,964,-1.0,12381.71,0.14,129.59,21426.13,CANCELADO,2022-12-07,PEDIDO COM DATA
7513,662,947,8.0,14350.13,0.05,142.6,109203.59,PAGO,2023-01-06,PEDIDO COM DATA
7514,562,454,1.0,2941.65,0.06,117.15,2882.3,ENVIADO,,PEDIDO SEM DATA
7515,804,102,5.0,737.79,0.29,141.62,25248.04,PENDENTE,2023-04-21,PEDIDO COM DATA
7516,554,358,7.0,9906.57,0.07,104.08,64595.85,ENVIADO,2024-10-15,PEDIDO COM DATA
7518,347,985,5.0,3725.26,0.17,41.66,15501.49,PENDENTE,2023-02-16,PEDIDO COM DATA
7519,641,196,10.0,10412.91,0.02,58.59,102105.11,PENDENTE,2025-02-16,PEDIDO COM DATA
7520,20,620,7.0,12042.66,0.16,125.51,70936.35,CANCELADO,2022-01-26,PEDIDO COM DATA
7521,253,568,7.0,13448.44,0.19,141.44,76394.09,CANCELADO,,PEDIDO SEM DATA
7522,197,929,7.0,4068.67,0.14,122.34,24615.73,CANCELADO,2023-08-13,PEDIDO COM DATA
7523,123,17,9.0,14981.93,0.11,136.73,120141.99,PAGO,2025-02-16,PEDIDO COM DATA
7524,568,911,5.0,11170.99,0.17,132.63,46492.24,CANCELADO,2022-05-07,PEDIDO COM DATA
7525,418,269,10.0,3253.63,0.25,122.06,24524.29,CANCELADO,2024-12-06,PEDIDO COM DATA
7527,270,655,10.0,5299.2,0.22,129.05,41462.81,PAGO,2023-07-23,PEDIDO COM DATA
7529,917,742,0.0,13795.1,0.2,113.54,22185.7,PENDENTE,2023-07-04,PEDIDO COM DATA
7531,832,295,6.0,12493.55,0.07,105.38,69819.39,CANCELADO,2023-02-06,PEDIDO COM DATA
7533,606,732,6.0,8920.42,0.22,26.62,41774.19,PAGO,2022-04-19,PEDIDO COM DATA
7534,911,172,3.0,5567.98,0.1,80.39,15166.03,CANCELADO,2024-01-27,PEDIDO COM DATA
7535,715,385,8.0,10711.06,0.25,31.08,64297.44,PAGO,2024-03-22,PEDIDO COM DATA
7537,708,634,10.0,4110.21,0.22,15.33,32074.97,PENDENTE,,PEDIDO SEM DATA
7538,332,21,7.0,8255.74,0.05,131.51,55032.18,CANCELADO,2024-08-16,PEDIDO COM DATA
7539,227,396,1.0,1029.56,0.14,29.1,914.52,CANCELADO,2024-08-13,PEDIDO COM DATA
7542,357,832,2.0,10355.75,0.16,108.44,17506.1,CANCELADO,2022-08-22,PEDIDO COM DATA
7543,477,595,5.0,4750.74,0.09,143.02,21758.89,ENVIADO,2023-12-17,PEDIDO COM DATA
7544,120,248,6.0,8748.72,0.2,52.58,42046.44,CANCELADO,2022-07-04,PEDIDO COM DATA
7545,461,513,5.0,2673.19,0.27,127.01,9884.15,ENVIADO,2022-08-29,PEDIDO COM DATA
7546,399,114,4.0,9371.94,0.21,80.39,29742.53,ENVIADO,2022-01-22,PEDIDO COM DATA
7547,675,689,7.0,1384.89,0.17,93.31,8139.52,PENDENTE,2023-01-04,PEDIDO COM DATA
7548,613,842,3.0,11272.36,0.01,147.11,33626.02,CANCELADO,,PEDIDO SEM DATA
7549,921,345,4.0,10158.96,0.02,101.61,39924.73,ENVIADO,2023-07-02,PEDIDO COM DATA
7550,908,689,7.0,3799.31,0.3,117.75,18734.37,ENVIADO,2024-01-31,PEDIDO COM DATA
7552,834,590,3.0,13653.91,0.24,116.6,31247.51,ENVIADO,2023-02-04,PEDIDO COM DATA
7553,423,219,0.0,5537.92,0.19,123.93,9095.36,ENVIADO,2025-03-29,PEDIDO COM DATA
7556,455,582,7.0,1913.05,0.15,108.26,11490.91,PENDENTE,2022-12-23,PEDIDO COM DATA
7560,235,529,5.0,6975.8,0.11,46.72,31089.03,PENDENTE,2023-10-29,PEDIDO COM DATA
7561,183,524,3.0,14369.5,0.0,25.83,41409.99,PENDENTE,2023-05-07,PEDIDO COM DATA
7562,571,362,10.0,3319.59,0.0,47.85,24280.86,CANCELADO,2023-08-03,PEDIDO COM DATA
7563,444,993,8.0,13638.57,0.0,34.81,106961.2,CANCELADO,2023-01-31,PEDIDO COM DATA
7564,615,510,2.0,5298.47,0.15,63.36,9070.76,PAGO,,PEDIDO SEM DATA
7565,599,249,8.0,5605.12,0.2,82.74,35955.51,PENDENTE,2024-03-11,PEDIDO COM DATA
7566,653,990,9.0,827.2,0.2,148.24,6104.08,PAGO,2023-03-11,PEDIDO COM DATA
7567,96,774,2.0,11068.83,0.06,138.55,20947.95,CANCELADO,2022-05-08,PEDIDO COM DATA
7568,696,150,8.0,3715.89,0.0,50.93,23238.08,PENDENTE,2025-04-05,PEDIDO COM DATA
7569,722,656,6.0,11075.35,0.11,54.48,59196.85,CANCELADO,2023-10-08,PEDIDO COM DATA
7570,569,401,-1.0,6586.67,0.12,96.79,23281.87,PAGO,2023-02-24,PEDIDO COM DATA
7571,191,879,3.0,157.93,0.24,80.39,408.31,CANCELADO,2022-06-25,PEDIDO COM DATA
7572,554,257,3.0,13567.12,0.27,91.69,29803.68,PAGO,2024-08-22,PEDIDO COM DATA
7573,520,213,5.0,12106.77,0.07,131.27,56427.75,PENDENTE,,PEDIDO SEM DATA
7574,57,857,3.0,9770.24,0.08,109.03,27074.89,CANCELADO,2025-01-16,PEDIDO COM DATA
7575,514,824,5.0,12562.08,0.08,81.04,0.0,ENVIADO,,PEDIDO SEM DATA
7576,343,301,10.0,10691.35,0.28,139.07,77116.79,ENVIADO,2025-01-17,PEDIDO COM DATA
7577,73,300,6.0,12245.51,0.19,132.75,59645.93,PAGO,2022-12-26,PEDIDO COM DATA
7578,758,374,2.0,3386.49,0.22,54.49,5337.41,CANCELADO,2024-01-11,PEDIDO COM DATA
7579,585,816,8.0,5950.53,0.28,132.73,34407.78,PAGO,2023-10-09,PEDIDO COM DATA
7580,66,420,3.0,1888.29,0.0,106.66,4808.5,PENDENTE,2022-08-04,PEDIDO COM DATA
7581,59,239,5.0,5769.57,0.1,28.8,25991.86,ENVIADO,2022-07-25,PEDIDO COM DATA
7583,552,949,4.0,6626.79,0.25,123.74,20004.11,ENVIADO,,PEDIDO SEM DATA
7584,731,837,5.0,4523.94,0.16,67.23,19067.78,PENDENTE,2024-05-29,PEDIDO COM DATA
7585,951,732,9.0,9421.19,0.0,43.37,74659.19,PAGO,2022-04-18,PEDIDO COM DATA
7587,331,603,10.0,1206.37,0.14,89.74,10464.52,PENDENTE,2024-09-14,PEDIDO COM DATA
7590,403,319,9.0,1148.72,0.0,10.06,10348.54,CANCELADO,2022-12-23,PEDIDO COM DATA
7592,752,604,8.0,9484.92,0.17,95.71,63075.58,ENVIADO,2022-08-22,PEDIDO COM DATA
7598,715,202,9.0,9382.46,0.23,143.93,65164.38,CANCELADO,2023-09-22,PEDIDO COM DATA
7599,217,281,1.0,701.77,0.0,80.05,25248.04,PAGO,2022-04-11,PEDIDO COM DATA
7600,57,416,3.0,6776.79,0.22,80.39,15969.55,ENVIADO,2025-03-09,PEDIDO COM DATA
7602,401,873,3.0,7500.9,0.14,97.78,25248.04,PAGO,2022-05-09,PEDIDO COM DATA
7603,16,563,7.0,7823.48,0.01,103.4,54320.12,PENDENTE,2022-03-09,PEDIDO COM DATA
7606,937,147,5.0,11325.35,0.0,80.26,46514.2,CANCELADO,2023-11-29,PEDIDO COM DATA
7611,980,339,9.0,12327.27,0.21,99.35,87746.24,PAGO,,PEDIDO SEM DATA
7614,800,304,5.0,1224.27,0.09,57.04,5627.47,PENDENTE,2024-05-02,PEDIDO COM DATA
7620,554,119,2.0,5715.57,0.29,128.59,8244.7,PAGO,2024-01-10,PEDIDO COM DATA
7621,365,738,6.0,2103.04,0.26,36.68,9374.18,CANCELADO,2023-06-02,PEDIDO COM DATA
7623,91,278,6.0,5195.16,0.21,149.46,24774.52,PAGO,2025-02-07,PEDIDO COM DATA
7625,630,325,0.0,2041.72,0.3,113.59,11547.22,ENVIADO,2025-01-17,PEDIDO COM DATA
7626,567,667,3.0,5438.48,0.14,97.91,14129.19,ENVIADO,2022-07-15,PEDIDO COM DATA
7629,251,213,6.0,315.36,0.05,134.66,1932.21,ENVIADO,2023-01-21,PEDIDO COM DATA
7630,229,523,2.0,8071.53,0.18,39.29,13276.6,PAGO,,PEDIDO SEM DATA
7631,745,413,7.0,5988.55,0.22,48.6,32746.08,PENDENTE,,PEDIDO SEM DATA
7632,936,692,6.0,11746.48,0.16,80.76,59283.02,ENVIADO,2024-07-24,PEDIDO COM DATA
7633,513,476,8.0,2343.18,0.11,75.92,16759.36,ENVIADO,2024-11-22,PEDIDO COM DATA
7634,557,911,9.0,328.58,0.2,98.39,2464.17,CANCELADO,2022-07-06,PEDIDO COM DATA
7635,310,237,7.0,10263.46,0.23,40.7,55360.75,PAGO,,PEDIDO SEM DATA
7637,643,489,7.0,3684.27,0.28,36.84,18605.56,PAGO,2022-01-06,PEDIDO COM DATA
7639,22,18,10.0,874.24,0.03,44.25,8524.38,ENVIADO,2023-02-20,PEDIDO COM DATA
7641,310,490,5.0,10494.58,0.0,85.1,0.0,PAGO,2023-10-15,PEDIDO COM DATA
7642,749,719,5.0,2934.19,0.23,29.87,11326.5,PENDENTE,2022-08-02,PEDIDO COM DATA
7643,16,316,2.0,21.22,0.04,126.1,166.84,PENDENTE,2022-03-18,PEDIDO COM DATA
7644,563,944,3.0,13056.58,0.18,17.83,32137.02,ENVIADO,2024-06-15,PEDIDO COM DATA
7645,197,713,4.0,6550.27,0.17,80.39,21789.9,PAGO,2022-04-17,PEDIDO COM DATA
7646,717,175,1.0,8592.21,0.06,143.36,25248.04,PENDENTE,2024-09-26,PEDIDO COM DATA
7648,851,377,6.0,7563.58,0.28,46.37,32721.04,PAGO,,PEDIDO SEM DATA
7649,504,464,1.0,2373.11,0.16,100.72,2094.13,PAGO,,PEDIDO SEM DATA
7651,854,493,2.0,11494.96,0.04,93.64,22163.96,PENDENTE,2023-03-27,PEDIDO COM DATA
7652,332,424,3.0,878.27,0.02,14.36,2596.47,ENVIADO,2023-11-30,PEDIDO COM DATA
7654,558,299,5.0,2685.3,0.14,125.21,25248.04,CANCELADO,2025-01-31,PEDIDO COM DATA
7656,137,60,4.0,14441.82,0.27,108.92,42279.03,CANCELADO,2025-03-18,PEDIDO COM DATA
7657,458,182,4.0,9245.58,0.12,118.88,-500.0,ENVIADO,2023-10-02,PEDIDO COM DATA
7658,620,562,2.0,12635.5,0.14,80.39,21747.62,ENVIADO,2022-10-12,PEDIDO COM DATA
7659,893,825,7.0,11451.59,0.0,60.88,78618.79,PENDENTE,2022-09-23,PEDIDO COM DATA
7660,958,242,7.0,3838.25,0.22,120.41,21077.26,PENDENTE,2024-04-27,PEDIDO COM DATA
7665,450,667,6.0,12294.26,0.0,25.31,64201.35,PAGO,2022-04-10,PEDIDO COM DATA
7668,614,235,2.0,12441.79,0.08,78.1,22970.99,PAGO,2022-12-09,PEDIDO COM DATA
7670,269,258,8.0,5431.48,0.03,56.41,42204.69,CANCELADO,2023-04-13,PEDIDO COM DATA
7671,146,696,1.0,10279.54,0.07,130.42,9690.39,PAGO,2024-05-19,PEDIDO COM DATA
7672,955,839,9.0,7709.71,0.01,36.35,68729.87,CANCELADO,2025-02-13,PEDIDO COM DATA
7673,683,563,1.0,3382.04,0.04,63.75,3310.51,ENVIADO,,PEDIDO SEM DATA
7674,617,93,6.0,12122.24,0.09,94.73,25248.04,PAGO,2023-02-10,PEDIDO COM DATA
7676,442,845,5.0,9942.82,0.06,98.18,46829.43,PAGO,2022-03-04,PEDIDO COM DATA
7677,666,131,2.0,12085.91,0.22,97.95,18951.97,CANCELADO,,PEDIDO SEM DATA
7678,700,935,-5.0,11416.93,0.07,14.51,74338.72,ENVIADO,2022-10-18,PEDIDO COM DATA
7679,538,534,7.0,1932.03,0.06,56.44,12769.2,CANCELADO,2024-05-27,PEDIDO COM DATA
7680,974,922,2.0,2909.17,0.01,14.47,5774.63,PENDENTE,2024-01-22,PEDIDO COM DATA
7681,16,555,4.0,2133.04,0.15,80.39,7311.28,CANCELADO,2024-05-12,PEDIDO COM DATA
7682,71,283,8.0,4744.55,0.27,129.92,27838.09,ENVIADO,2022-04-28,PEDIDO COM DATA
7683,973,923,10.0,218.83,0.17,148.18,1964.47,ENVIADO,2024-11-05,PEDIDO COM DATA
7685,957,583,2.0,12641.59,0.13,123.46,22119.83,PAGO,2024-02-25,PEDIDO COM DATA
7688,844,645,9.0,14061.06,0.15,25.23,25248.04,PAGO,2022-05-25,PEDIDO COM DATA
7690,801,932,10.0,9979.93,0.13,97.05,86922.44,ENVIADO,2023-04-22,PEDIDO COM DATA
7691,647,801,8.0,8539.64,0.3,59.46,47881.44,PENDENTE,2022-08-28,PEDIDO COM DATA
7693,237,375,5.0,14787.98,0.22,104.96,57778.08,PAGO,2022-03-11,PEDIDO COM DATA
7696,825,592,0.0,10314.04,0.06,104.54,77666.12,PENDENTE,2022-01-14,PEDIDO COM DATA
7697,85,505,10.0,9843.38,0.3,130.94,69034.6,PAGO,2023-04-12,PEDIDO COM DATA
7698,243,396,9.0,11615.51,0.04,120.45,100478.46,CANCELADO,2024-01-25,PEDIDO COM DATA
7700,63,217,7.0,9930.31,0.0,15.87,69528.04,PAGO,2025-01-14,PEDIDO COM DATA
7703,10,559,6.0,14263.0,0.17,143.88,71173.62,PENDENTE,2023-08-24,PEDIDO COM DATA
7704,514,755,4.0,10814.27,0.07,61.45,40290.53,ENVIADO,2024-12-19,PEDIDO COM DATA
7707,485,285,10.0,7141.66,0.0,41.04,60745.15,ENVIADO,2024-12-08,PEDIDO COM DATA
7711,538,488,6.0,5133.72,0.11,76.25,27490.31,PAGO,2023-08-21,PEDIDO COM DATA
7712,739,266,2.0,12531.35,0.06,100.97,23659.91,ENVIADO,2023-04-07,PEDIDO COM DATA
7714,998,548,2.0,8034.66,0.26,80.39,11904.02,CANCELADO,2023-06-10,PEDIDO COM DATA
7715,359,917,3.0,7305.59,0.28,133.88,0.0,PAGO,2024-06-05,PEDIDO COM DATA
7716,21,599,1.0,11519.54,0.16,85.96,9762.37,PAGO,2025-01-01,PEDIDO COM DATA
7718,81,845,5.0,2730.2,0.01,149.12,13663.61,PAGO,2022-03-13,PEDIDO COM DATA
7720,974,267,6.0,5931.61,0.22,145.45,27905.38,CANCELADO,2023-08-21,PEDIDO COM DATA
7721,275,783,2.0,2995.5,0.03,62.74,5874.01,CANCELADO,2022-07-02,PEDIDO COM DATA
7722,40,197,5.0,9154.34,0.15,61.73,25248.04,PAGO,2025-04-03,PEDIDO COM DATA
7723,999,826,10.0,14250.84,0.23,10.42,109741.89,CANCELADO,2023-09-03,PEDIDO COM DATA
7724,240,454,8.0,3046.88,0.26,71.01,18108.54,PENDENTE,2024-08-01,PEDIDO COM DATA
7725,373,781,9.0,8257.84,0.12,148.44,65550.53,CANCELADO,2024-03-12,PEDIDO COM DATA
7726,530,95,10.0,12557.94,0.14,50.41,108048.69,CANCELADO,2023-07-14,PEDIDO COM DATA
7728,404,620,3.0,3727.4,0.28,80.39,25248.04,PENDENTE,2024-11-25,PEDIDO COM DATA
7729,142,399,4.0,14763.37,0.16,114.81,49719.73,ENVIADO,2024-09-04,PEDIDO COM DATA
7731,194,156,9.0,4515.37,0.11,77.2,36245.31,PAGO,2025-01-17,PEDIDO COM DATA
7733,239,245,5.0,862.85,0.24,123.33,3402.16,PENDENTE,,PEDIDO SEM DATA
7736,316,222,10.0,14895.49,0.11,26.59,132596.45,PENDENTE,,PEDIDO SEM DATA
7737,92,494,2.0,4168.66,0.27,61.7,6147.94,ENVIADO,2024-06-02,PEDIDO COM DATA
7738,698,450,5.0,6654.14,0.0,79.12,29690.04,ENVIADO,2023-05-28,PEDIDO COM DATA
7741,295,984,1.0,4152.71,0.12,68.58,3722.96,ENVIADO,,PEDIDO SEM DATA
7742,931,625,8.0,7079.21,0.12,28.81,49866.45,PENDENTE,2022-11-12,PEDIDO COM DATA
7743,84,239,8.0,13484.16,0.07,51.94,100374.09,PAGO,2024-02-25,PEDIDO COM DATA
7747,701,845,0.0,14769.75,0.14,27.95,-500.0,ENVIADO,2024-11-03,PEDIDO COM DATA
7748,263,4,10.0,5803.62,0.17,60.61,48230.66,PAGO,2022-05-03,PEDIDO COM DATA
7751,159,993,9.0,14927.55,0.07,20.83,124964.42,ENVIADO,,PEDIDO SEM DATA
7752,179,526,3.0,9024.01,0.1,80.39,24389.02,PAGO,2022-07-22,PEDIDO COM DATA
7753,547,1000,7.0,3217.03,0.22,135.83,17700.81,PAGO,,PEDIDO SEM DATA
7755,846,230,10.0,8203.54,0.21,85.17,64893.14,ENVIADO,,PEDIDO SEM DATA
7756,768,395,2.0,8303.93,0.04,29.11,15972.66,CANCELADO,2023-11-06,PEDIDO COM DATA
7757,777,513,2.0,13175.49,0.27,141.74,19377.96,ENVIADO,2022-07-31,PEDIDO COM DATA
7758,291,950,1.0,3759.27,0.13,17.98,3288.54,PAGO,2022-01-03,PEDIDO COM DATA
7759,794,755,5.0,13901.93,0.08,80.39,64062.56,PENDENTE,2022-11-29,PEDIDO COM DATA
7761,985,415,9.0,2004.53,0.07,83.11,16861.03,PENDENTE,2023-01-20,PEDIDO COM DATA
7762,125,365,7.0,2969.93,0.08,148.91,19275.26,CANCELADO,2022-11-03,PEDIDO COM DATA
7763,550,882,6.0,6613.73,0.29,31.21,28205.7,CANCELADO,2022-06-18,PEDIDO COM DATA
7764,858,564,6.0,6646.42,0.13,73.52,34767.83,PAGO,2023-06-17,PEDIDO COM DATA
7765,468,120,3.0,4659.65,0.16,36.57,11778.89,PAGO,,PEDIDO SEM DATA
7767,162,315,10.0,9104.4,0.19,130.3,73875.94,ENVIADO,2024-04-20,PEDIDO COM DATA
7768,797,660,5.0,6214.11,0.28,97.53,22468.33,PENDENTE,2024-09-04,PEDIDO COM DATA
7769,4,389,5.0,8654.53,0.03,29.3,42003.77,PAGO,2023-09-19,PEDIDO COM DATA
7770,652,766,4.0,9078.3,0.16,98.34,30601.43,CANCELADO,2022-12-28,PEDIDO COM DATA
7773,405,751,7.0,14954.77,0.1,44.45,94259.5,PAGO,2022-09-28,PEDIDO COM DATA
7774,92,869,6.0,14168.89,0.18,55.78,25248.04,PAGO,2023-07-05,PEDIDO COM DATA
7776,49,873,1.0,12587.92,0.22,143.87,9962.45,CANCELADO,2022-06-02,PEDIDO COM DATA
7778,439,166,7.0,10876.38,0.15,60.73,64775.19,ENVIADO,2023-08-05,PEDIDO COM DATA
7779,531,16,9.0,9797.47,0.24,26.29,67040.98,PENDENTE,2025-02-13,PEDIDO COM DATA
7780,844,829,7.0,7714.09,0.16,80.39,45401.94,CANCELADO,,PEDIDO SEM DATA
7781,224,286,-1.0,7147.02,0.3,135.5,10141.33,PENDENTE,2023-04-17,PEDIDO COM DATA
7783,538,619,7.0,329.4,0.25,76.96,1806.31,CANCELADO,2024-05-28,PEDIDO COM DATA
7786,604,518,-5.0,9851.24,0.05,49.39,56201.46,ENVIADO,2022-05-11,PEDIDO COM DATA
7790,49,762,2.0,5663.11,0.01,93.9,11306.86,PAGO,2022-08-22,PEDIDO COM DATA
7792,320,134,6.0,13889.31,0.19,68.02,67570.07,ENVIADO,2024-06-08,PEDIDO COM DATA
7793,546,933,2.0,4524.77,0.3,21.55,6356.23,PAGO,2022-07-01,PEDIDO COM DATA
7794,731,372,9.0,7205.28,0.0,136.46,63038.55,CANCELADO,2025-01-19,PEDIDO COM DATA
7795,373,152,2.0,14204.15,0.09,77.01,25928.56,ENVIADO,2022-01-22,PEDIDO COM DATA
7797,40,69,9.0,5060.21,0.11,33.48,40565.76,CANCELADO,2025-01-13,PEDIDO COM DATA
7798,252,884,8.0,11881.5,0.06,88.35,89437.23,PAGO,2023-01-23,PEDIDO COM DATA
7799,346,879,-5.0,8822.17,0.11,132.37,39391.03,CANCELADO,2024-08-15,PEDIDO COM DATA
7802,368,359,4.0,6696.56,0.21,11.35,21172.48,ENVIADO,2023-03-19,PEDIDO COM DATA
7803,688,686,10.0,11706.75,0.03,16.41,113571.88,CANCELADO,2023-08-15,PEDIDO COM DATA
7804,93,360,7.0,7748.38,0.18,24.96,44500.66,CANCELADO,2024-12-25,PEDIDO COM DATA
7805,804,541,-1.0,8243.02,0.06,18.38,0.0,ENVIADO,2022-05-20,PEDIDO COM DATA
7806,309,151,9.0,6629.97,0.13,80.39,51963.34,PENDENTE,2025-03-21,PEDIDO COM DATA
7808,244,578,2.0,7700.72,0.09,50.0,14065.31,CANCELADO,2024-07-14,PEDIDO COM DATA
7809,749,658,10.0,12419.49,0.0,143.5,97015.52,PENDENTE,2022-11-11,PEDIDO COM DATA
7812,828,788,5.0,2766.83,0.28,84.8,10045.39,PAGO,2023-09-07,PEDIDO COM DATA
7814,104,248,7.0,5045.18,0.26,16.61,26150.64,PENDENTE,2023-12-18,PEDIDO COM DATA
7816,37,974,-1.0,12652.66,0.2,134.95,91234.1,CANCELADO,2024-06-08,PEDIDO COM DATA
7819,778,425,2.0,7312.8,0.2,91.99,11792.47,CANCELADO,2025-04-10,PEDIDO COM DATA
7822,204,815,1.0,369.88,0.25,46.95,324.36,ENVIADO,2022-08-12,PEDIDO COM DATA
7823,235,418,3.0,12735.58,0.18,134.9,31464.43,CANCELADO,2022-10-04,PEDIDO COM DATA
7824,473,581,6.0,5786.4,0.24,48.38,26434.36,PENDENTE,2023-06-07,PEDIDO COM DATA
7825,376,466,5.0,8758.86,0.18,10.97,35922.3,PAGO,2023-04-18,PEDIDO COM DATA
7826,448,991,-5.0,3872.31,0.3,136.01,16399.71,CANCELADO,2023-04-26,PEDIDO COM DATA
7827,701,597,8.0,7575.39,0.28,102.23,43736.48,PENDENTE,2024-03-17,PEDIDO COM DATA
7828,435,472,4.0,9908.65,0.0,80.39,32588.85,PENDENTE,2023-10-06,PEDIDO COM DATA
7830,624,454,-1.0,4242.07,0.2,96.32,20458.26,PAGO,2022-07-13,PEDIDO COM DATA
7831,775,146,6.0,3577.55,0.27,140.65,15810.32,PENDENTE,,PEDIDO SEM DATA
7832,798,975,0.0,5644.64,0.01,134.83,25248.04,PAGO,2024-02-08,PEDIDO COM DATA
7833,950,384,1.0,5055.05,0.28,129.21,3768.85,PAGO,2022-07-01,PEDIDO COM DATA
7835,994,514,0.0,5956.89,0.1,108.49,53720.5,PAGO,2022-03-18,PEDIDO COM DATA
7838,323,690,7.0,4471.12,0.02,123.32,30795.2,PAGO,2022-12-09,PEDIDO COM DATA
7841,445,985,1.0,4180.17,0.26,96.18,3189.51,ENVIADO,2023-12-09,PEDIDO COM DATA
7842,570,447,4.0,7581.09,0.15,144.51,25248.04,PENDENTE,2024-08-31,PEDIDO COM DATA
7843,158,397,10.0,12861.16,0.18,73.0,105534.51,ENVIADO,2025-02-02,PEDIDO COM DATA
7844,394,150,5.0,11064.59,0.05,37.25,52594.05,PAGO,2024-12-08,PEDIDO COM DATA
7845,678,246,7.0,12276.02,0.29,101.21,61113.03,CANCELADO,2022-03-01,PEDIDO COM DATA
7846,783,92,5.0,6955.99,0.07,51.94,32397.29,CANCELADO,2023-06-24,PEDIDO COM DATA
7847,752,130,1.0,10265.72,0.05,105.36,9857.79,PAGO,2022-04-15,PEDIDO COM DATA
7848,243,681,4.0,2435.37,0.21,142.88,7838.65,ENVIADO,2022-06-09,PEDIDO COM DATA
7850,212,936,3.0,4035.87,0.05,119.23,11621.46,PENDENTE,2024-05-17,PEDIDO COM DATA
7852,352,679,3.0,10503.49,0.06,140.98,29760.82,PENDENTE,2024-08-16,PEDIDO COM DATA
7853,868,528,0.0,3739.84,0.1,132.37,30425.07,CANCELADO,2022-07-09,PEDIDO COM DATA
7854,719,903,1.0,4228.45,0.0,109.57,3280.91,PAGO,2023-02-14,PEDIDO COM DATA
7855,898,920,5.0,10863.65,0.27,99.86,39752.18,CANCELADO,2025-03-21,PEDIDO COM DATA
7856,310,136,1.0,9696.95,0.23,98.49,7565.14,PENDENTE,2023-12-22,PEDIDO COM DATA
7857,919,98,9.0,13227.71,0.03,80.39,115578.35,PAGO,2024-01-10,PEDIDO COM DATA
7858,770,696,7.0,4498.17,0.25,15.83,23631.22,ENVIADO,2022-08-18,PEDIDO COM DATA
7860,961,263,4.0,2570.83,0.06,12.2,9678.52,PENDENTE,2022-02-16,PEDIDO COM DATA
7861,698,926,9.0,13345.55,0.06,126.27,113029.62,PAGO,2024-11-26,PEDIDO COM DATA
7862,719,575,3.0,4058.32,0.24,65.92,9318.89,PAGO,2024-07-15,PEDIDO COM DATA
7864,434,591,2.0,11459.89,0.03,61.22,22293.41,PAGO,2023-01-29,PEDIDO COM DATA
7865,201,138,2.0,6594.8,0.23,118.72,-500.0,PAGO,2025-03-30,PEDIDO COM DATA
7868,583,363,9.0,12324.04,0.19,12.31,89854.56,CANCELADO,2024-12-17,PEDIDO COM DATA
7869,462,702,7.0,5119.46,0.0,37.61,35873.83,PENDENTE,,PEDIDO SEM DATA
7870,27,121,9.0,10669.59,0.01,73.96,95140.01,CANCELADO,2024-03-03,PEDIDO COM DATA
7871,484,839,10.0,12038.18,0.04,38.24,25248.04,CANCELADO,2022-09-11,PEDIDO COM DATA
7872,385,659,1.0,14512.63,0.14,29.12,25248.04,PENDENTE,2022-11-28,PEDIDO COM DATA
7875,452,709,6.0,3291.87,0.1,137.51,0.0,CANCELADO,2022-01-20,PEDIDO COM DATA
7876,786,864,9.0,1575.39,0.11,142.66,12761.53,PAGO,2023-11-02,PEDIDO COM DATA
7879,520,48,10.0,1411.93,0.28,64.17,10230.07,ENVIADO,2023-09-10,PEDIDO COM DATA
7881,858,23,4.0,3006.89,0.15,42.03,10265.46,ENVIADO,2022-05-27,PEDIDO COM DATA
7884,871,19,7.0,6962.68,0.23,80.39,37589.92,PAGO,2024-01-05,PEDIDO COM DATA
7885,527,38,3.0,8822.17,0.15,141.77,22638.3,PAGO,2025-02-24,PEDIDO COM DATA
7886,458,399,3.0,13776.57,0.29,105.66,29449.75,PAGO,2022-11-19,PEDIDO COM DATA
7887,495,930,9.0,8550.67,0.12,58.56,67779.87,PAGO,2025-02-17,PEDIDO COM DATA
7888,102,813,7.0,195.76,0.06,52.87,1340.97,PAGO,2023-05-24,PEDIDO COM DATA
7891,515,741,6.0,6140.58,0.29,111.77,26270.64,PAGO,2022-06-17,PEDIDO COM DATA
7892,433,766,3.0,12142.4,0.0,46.74,36473.94,ENVIADO,2023-10-24,PEDIDO COM DATA
7893,458,278,4.0,3702.27,0.17,14.53,12306.07,PAGO,2024-11-21,PEDIDO COM DATA
7894,919,123,1.0,7149.73,0.25,52.77,5415.07,CANCELADO,2023-03-30,PEDIDO COM DATA
7895,997,483,-1.0,13942.45,0.07,23.21,77822.08,ENVIADO,2023-08-07,PEDIDO COM DATA
7896,27,654,7.0,5066.71,0.03,17.02,34419.98,CANCELADO,2022-11-04,PEDIDO COM DATA
7897,577,876,4.0,10816.68,0.03,63.63,42032.35,ENVIADO,2022-05-13,PEDIDO COM DATA
7898,147,215,4.0,6363.88,0.28,34.73,18362.7,PENDENTE,2023-05-22,PEDIDO COM DATA
7902,836,567,5.0,5288.69,0.05,70.93,25192.21,ENVIADO,2022-09-25,PEDIDO COM DATA
7903,61,442,2.0,4683.37,0.06,126.01,8930.75,PAGO,,PEDIDO SEM DATA
7904,48,259,1.0,7388.13,0.12,81.36,6582.91,ENVIADO,,PEDIDO SEM DATA
7905,221,357,8.0,14953.43,0.09,26.77,108887.74,CANCELADO,2024-06-11,PEDIDO COM DATA
7908,120,491,6.0,905.86,0.25,102.52,4178.89,CANCELADO,2025-02-15,PEDIDO COM DATA
7909,408,771,4.0,9180.96,0.15,63.06,31278.32,ENVIADO,2022-02-01,PEDIDO COM DATA
7910,557,736,9.0,6882.69,0.28,51.16,-500.0,CANCELADO,2023-08-14,PEDIDO COM DATA
7911,750,132,8.0,10880.66,0.01,39.81,86214.64,CANCELADO,2023-12-04,PEDIDO COM DATA
7913,758,248,2.0,10442.89,0.24,121.14,15994.33,CANCELADO,2022-03-05,PEDIDO COM DATA
7915,413,710,8.0,414.73,0.1,99.09,3085.15,PENDENTE,2024-04-09,PEDIDO COM DATA
7917,525,519,6.0,12419.75,0.14,132.92,64218.83,PENDENTE,2022-05-14,PEDIDO COM DATA
7919,271,371,8.0,8648.7,0.19,51.88,56095.46,PENDENTE,2024-06-13,PEDIDO COM DATA
7920,268,29,9.0,6562.93,0.16,90.06,49705.81,CANCELADO,2025-01-18,PEDIDO COM DATA
7921,948,208,3.0,13565.51,0.12,126.07,35939.02,CANCELADO,2022-07-24,PEDIDO COM DATA
7922,25,412,10.0,3531.2,0.14,80.39,30449.09,ENVIADO,2025-03-18,PEDIDO COM DATA
7924,356,731,8.0,1389.63,0.0,72.54,11189.58,ENVIADO,2023-04-26,PEDIDO COM DATA
7925,701,120,10.0,9320.81,0.14,73.74,80232.71,PENDENTE,2023-01-22,PEDIDO COM DATA
7927,560,971,2.0,10962.74,0.09,80.39,20034.16,PENDENTE,2023-07-05,PEDIDO COM DATA
7931,75,95,6.0,1060.22,0.09,28.22,25248.04,CANCELADO,2022-04-14,PEDIDO COM DATA
7933,38,604,5.0,12124.38,0.27,130.78,44384.77,CANCELADO,2025-01-16,PEDIDO COM DATA
7934,506,205,5.0,12584.21,0.05,139.5,59914.5,ENVIADO,2024-11-21,PEDIDO COM DATA
7935,534,510,2.0,3855.88,0.17,13.18,6413.94,PAGO,2023-03-02,PEDIDO COM DATA
7938,443,912,10.0,470.4,0.26,34.6,3515.56,ENVIADO,2023-12-16,PEDIDO COM DATA
7944,931,112,-5.0,14652.28,0.08,138.21,-500.0,CANCELADO,2024-10-31,PEDIDO COM DATA
7950,277,272,1.0,14484.79,0.25,118.86,10982.45,PENDENTE,2024-07-31,PEDIDO COM DATA
7952,780,934,5.0,9723.6,0.15,60.05,41385.35,PENDENTE,2022-10-01,PEDIDO COM DATA
7953,858,99,9.0,5610.83,0.17,38.43,41951.33,PENDENTE,2022-02-18,PEDIDO COM DATA
7954,583,702,-1.0,7497.4,0.26,62.68,5610.76,PAGO,2024-02-13,PEDIDO COM DATA
7955,818,636,1.0,6595.38,0.29,80.39,4703.89,PAGO,2022-02-20,PEDIDO COM DATA
7957,230,741,9.0,3307.31,0.26,37.89,22064.57,PENDENTE,2024-10-10,PEDIDO COM DATA
7959,194,659,10.0,4340.99,0.19,80.39,35186.33,PAGO,2024-11-26,PEDIDO COM DATA
7960,474,552,6.0,13927.38,0.16,115.82,70309.82,PAGO,,PEDIDO SEM DATA
7961,213,277,9.0,120.78,0.0,79.75,0.0,ENVIADO,2025-01-28,PEDIDO COM DATA
7962,447,472,7.0,10029.94,0.18,40.37,25248.04,PENDENTE,2022-04-09,PEDIDO COM DATA
7965,500,270,1.0,818.9,0.13,21.51,733.95,PENDENTE,2023-08-02,PEDIDO COM DATA
7966,171,560,1.0,3628.06,0.21,23.32,25248.04,CANCELADO,2025-01-08,PEDIDO COM DATA
7967,470,101,3.0,9907.19,0.15,33.42,25296.75,CANCELADO,2024-07-08,PEDIDO COM DATA
7971,168,472,10.0,2439.28,0.23,52.07,18834.53,CANCELADO,2024-08-01,PEDIDO COM DATA
7973,149,171,4.0,1768.68,0.26,15.32,5250.61,PAGO,2022-09-03,PEDIDO COM DATA
7974,527,91,2.0,331.74,0.29,40.16,511.23,PENDENTE,2023-03-21,PEDIDO COM DATA
7976,688,78,7.0,13806.56,0.08,137.15,89051.4,ENVIADO,2023-03-12,PEDIDO COM DATA
7977,314,540,9.0,11653.35,0.25,88.2,78748.31,PAGO,2023-10-23,PEDIDO COM DATA
7979,690,777,5.0,5064.63,0.21,45.55,20050.84,CANCELADO,2024-02-19,PEDIDO COM DATA
7981,27,177,5.0,9752.63,0.06,27.23,45864.59,ENVIADO,2023-04-18,PEDIDO COM DATA
7983,979,897,4.0,4531.24,0.13,142.99,15911.71,ENVIADO,2023-07-14,PEDIDO COM DATA
7984,638,786,-5.0,3341.12,0.18,80.19,21997.94,PAGO,2023-09-16,PEDIDO COM DATA
7985,440,307,9.0,6930.29,0.17,111.38,51880.65,CANCELADO,2024-12-25,PEDIDO COM DATA
7987,12,827,10.0,13985.23,0.14,128.15,120401.13,CANCELADO,2022-08-06,PEDIDO COM DATA
7988,665,368,6.0,13373.96,0.04,35.11,77069.12,ENVIADO,2022-09-24,PEDIDO COM DATA
7989,435,754,7.0,2133.91,0.11,59.54,13353.8,CANCELADO,2023-10-20,PEDIDO COM DATA
7993,991,821,-5.0,7429.48,0.2,121.52,23895.86,CANCELADO,2024-07-07,PEDIDO COM DATA
7994,346,916,10.0,1562.65,0.04,19.02,15020.46,PAGO,2022-06-21,PEDIDO COM DATA
7995,292,240,1.0,53.0,0.0,117.38,165.08,PENDENTE,2024-08-17,PEDIDO COM DATA
7996,513,935,6.0,11870.2,0.15,139.26,60677.28,PENDENTE,2023-12-14,PEDIDO COM DATA
7997,19,845,5.0,257.61,0.01,91.29,1366.46,PAGO,2022-12-05,PEDIDO COM DATA
7998,814,752,7.0,5298.34,0.04,84.23,35689.07,ENVIADO,2024-02-01,PEDIDO COM DATA
8000,362,222,2.0,7938.37,0.25,80.39,11979.4,PAGO,2023-03-07,PEDIDO COM DATA
8002,23,436,7.0,2897.45,0.18,84.3,16715.66,PAGO,2022-03-24,PEDIDO COM DATA
8003,748,137,7.0,8301.18,0.07,27.08,25248.04,ENVIADO,2022-10-29,PEDIDO COM DATA
8004,491,799,2.0,3955.92,0.14,56.74,6860.92,ENVIADO,2024-04-20,PEDIDO COM DATA
8005,239,991,4.0,6365.65,0.13,39.29,22191.75,PENDENTE,2022-08-24,PEDIDO COM DATA
8007,803,412,-1.0,4453.35,0.0,86.79,4540.14,PENDENTE,2024-10-14,PEDIDO COM DATA
8009,605,780,1.0,6534.73,0.21,84.77,5247.21,CANCELADO,,PEDIDO SEM DATA
8011,510,980,-1.0,2795.17,0.23,134.35,8743.47,PAGO,2024-04-02,PEDIDO COM DATA
8014,626,914,6.0,2070.18,0.13,134.59,25248.04,CANCELADO,2022-10-25,PEDIDO COM DATA
8016,136,212,4.0,13927.34,0.08,86.24,51338.85,ENVIADO,2024-11-21,PEDIDO COM DATA
8022,288,233,1.0,14305.85,0.05,145.13,13735.69,PAGO,2023-05-25,PEDIDO COM DATA
8023,786,129,8.0,6841.42,0.06,139.91,51587.39,PENDENTE,2022-04-29,PEDIDO COM DATA
8024,436,818,1.0,7122.05,0.22,61.11,5616.31,CANCELADO,2023-07-10,PEDIDO COM DATA
8026,688,543,1.0,2120.05,0.02,23.45,2101.1,PAGO,,PEDIDO SEM DATA
8029,3,808,2.0,3218.69,0.09,125.12,5983.14,CANCELADO,2025-02-06,PEDIDO COM DATA
8031,514,349,9.0,13034.45,0.12,82.46,103315.3,CANCELADO,2022-08-12,PEDIDO COM DATA
8032,59,400,6.0,13437.95,0.21,69.92,63765.8,CANCELADO,2023-05-09,PEDIDO COM DATA
8033,982,584,7.0,14413.58,0.22,115.84,78813.99,CANCELADO,2022-11-20,PEDIDO COM DATA
8034,283,713,9.0,2960.13,0.0,142.74,26783.91,PENDENTE,2022-06-06,PEDIDO COM DATA
8035,875,555,9.0,5954.77,0.07,41.29,49882.71,ENVIADO,2022-12-05,PEDIDO COM DATA
8036,693,375,10.0,2717.69,0.21,46.75,21516.5,PENDENTE,2022-11-18,PEDIDO COM DATA
8038,602,18,7.0,1366.89,0.06,135.05,25248.04,PENDENTE,2022-09-15,PEDIDO COM DATA
8039,958,436,4.0,14849.9,0.15,42.76,50532.42,PAGO,2024-10-17,PEDIDO COM DATA
8040,914,53,10.0,9009.33,0.02,77.92,88369.35,ENVIADO,2025-01-04,PEDIDO COM DATA
8043,396,779,10.0,13738.55,0.14,74.82,118226.35,PENDENTE,2023-04-16,PEDIDO COM DATA
8045,613,244,1.0,1381.34,0.21,132.44,0.0,PENDENTE,2022-05-02,PEDIDO COM DATA
8047,924,800,9.0,13720.51,0.14,17.79,106214.54,PAGO,2024-11-27,PEDIDO COM DATA
8049,227,779,7.0,4451.24,0.28,35.99,22470.24,CANCELADO,2023-11-29,PEDIDO COM DATA
8050,602,744,6.0,7932.65,0.17,130.69,39635.29,ENVIADO,2023-11-12,PEDIDO COM DATA
8051,542,155,6.0,1838.2,0.27,42.81,8094.13,PENDENTE,,PEDIDO SEM DATA
8052,893,826,1.0,5630.69,0.23,56.6,4392.23,CANCELADO,2024-06-23,PEDIDO COM DATA
8053,1000,955,9.0,14512.24,0.15,79.86,111098.5,PENDENTE,2024-01-19,PEDIDO COM DATA
8054,561,311,5.0,181.68,0.18,65.7,810.59,ENVIADO,,PEDIDO SEM DATA
8055,627,683,10.0,10420.61,0.22,24.63,81305.39,CANCELADO,2023-10-17,PEDIDO COM DATA
8056,301,675,7.0,3483.12,0.0,48.89,20042.0,ENVIADO,2024-11-09,PEDIDO COM DATA
8057,416,189,10.0,7280.93,0.1,84.93,65613.3,ENVIADO,2023-11-17,PEDIDO COM DATA
8058,301,596,10.0,1910.49,0.3,64.0,13437.43,CANCELADO,2025-03-02,PEDIDO COM DATA
8060,572,262,5.0,7785.57,0.21,59.28,30812.28,PENDENTE,,PEDIDO SEM DATA
8064,488,751,9.0,5700.17,0.23,141.37,39643.55,CANCELADO,2022-02-13,PEDIDO COM DATA
8067,555,531,10.0,6264.13,0.03,53.14,60815.2,PENDENTE,,PEDIDO SEM DATA
8068,589,662,6.0,13940.48,0.14,16.77,71949.65,ENVIADO,2024-01-21,PEDIDO COM DATA
8070,128,862,8.0,13028.06,0.11,78.74,92838.53,ENVIADO,2023-05-05,PEDIDO COM DATA
8073,464,988,-5.0,64.93,0.14,139.01,250.69,ENVIADO,2023-08-02,PEDIDO COM DATA
8074,762,625,-5.0,7881.84,0.09,97.53,50304.85,PAGO,2023-03-03,PEDIDO COM DATA
8075,52,601,7.0,4729.88,0.02,77.34,32524.32,ENVIADO,2023-11-29,PEDIDO COM DATA
8076,177,941,5.0,10082.4,0.22,145.49,39466.85,ENVIADO,2022-11-13,PEDIDO COM DATA
8080,178,702,1.0,3689.16,0.05,33.87,3538.57,ENVIADO,2024-12-05,PEDIDO COM DATA
8081,805,897,8.0,8608.71,0.02,95.53,67587.82,PENDENTE,2022-11-13,PEDIDO COM DATA
8082,485,330,1.0,14474.61,0.18,27.11,11896.29,CANCELADO,2024-12-05,PEDIDO COM DATA
8086,255,228,2.0,11584.7,0.06,14.87,21794.11,CANCELADO,2024-12-27,PEDIDO COM DATA
8087,183,577,8.0,7658.96,0.1,80.39,55274.16,ENVIADO,2022-04-15,PEDIDO COM DATA
8088,485,344,1.0,10807.98,0.16,26.03,9104.73,PAGO,2022-04-30,PEDIDO COM DATA
8089,404,961,0.0,13823.36,0.0,84.28,32016.24,CANCELADO,2024-04-26,PEDIDO COM DATA
8091,281,137,5.0,3237.63,0.12,80.39,25248.04,PAGO,2024-07-27,PEDIDO COM DATA
8094,389,175,6.0,7341.3,0.3,125.83,30959.29,PAGO,2022-03-08,PEDIDO COM DATA
8095,309,311,6.0,8214.8,0.26,23.15,36496.86,ENVIADO,2022-02-12,PEDIDO COM DATA
8096,368,956,10.0,10765.93,0.09,54.93,98024.89,CANCELADO,2022-02-11,PEDIDO COM DATA
8099,506,724,3.0,13622.87,0.19,75.09,33178.66,PAGO,2023-07-11,PEDIDO COM DATA
8100,895,432,1.0,776.23,0.19,57.75,686.5,PAGO,2023-12-02,PEDIDO COM DATA
8101,245,49,9.0,4909.23,0.3,122.23,31050.38,CANCELADO,2024-08-19,PEDIDO COM DATA
8104,708,265,8.0,2532.26,0.17,32.46,25248.04,CANCELADO,2023-01-26,PEDIDO COM DATA
8106,752,364,8.0,13274.95,0.12,143.48,93599.13,ENVIADO,,PEDIDO SEM DATA
8107,882,943,4.0,9538.72,0.06,109.4,35974.99,PAGO,2022-09-29,PEDIDO COM DATA
8108,650,211,7.0,9892.34,0.13,80.39,60321.93,PAGO,2023-07-10,PEDIDO COM DATA
8109,183,276,8.0,13855.06,0.17,146.22,0.0,ENVIADO,2022-11-25,PEDIDO COM DATA
8111,468,586,5.0,4808.12,0.28,51.21,17360.44,PAGO,2023-06-28,PEDIDO COM DATA
8112,484,967,7.0,12718.7,0.15,48.91,75725.18,PAGO,2022-07-31,PEDIDO COM DATA
8113,114,247,1.0,6310.37,0.09,26.34,5768.78,PAGO,2024-03-03,PEDIDO COM DATA
8114,108,903,4.0,5578.74,0.09,80.39,20431.58,ENVIADO,2023-05-20,PEDIDO COM DATA
8116,953,372,7.0,10414.27,0.1,128.78,65738.68,CANCELADO,2023-11-07,PEDIDO COM DATA
8118,746,116,7.0,5777.82,0.04,20.17,38847.12,ENVIADO,,PEDIDO SEM DATA
8120,185,267,6.0,14261.67,0.13,85.75,74531.67,CANCELADO,2023-06-05,PEDIDO COM DATA
8121,52,116,10.0,2377.55,0.29,121.44,17002.04,ENVIADO,2023-01-25,PEDIDO COM DATA
8123,981,773,5.0,4894.57,0.0,23.0,24495.85,PAGO,2024-07-22,PEDIDO COM DATA
8124,743,950,1.0,276.33,0.05,85.83,348.34,ENVIADO,2024-07-27,PEDIDO COM DATA
8125,791,589,5.0,14217.75,0.1,82.55,64062.43,PENDENTE,2023-10-24,PEDIDO COM DATA
8126,169,584,3.0,7484.35,0.07,145.38,21026.72,CANCELADO,2022-09-30,PEDIDO COM DATA
8127,719,948,9.0,5248.12,0.03,24.93,45841.02,PENDENTE,,PEDIDO SEM DATA
8129,708,395,4.0,11555.59,0.23,99.57,35690.79,ENVIADO,2022-10-15,PEDIDO COM DATA
8132,110,865,1.0,9211.67,0.25,54.26,6963.01,PAGO,2022-03-26,PEDIDO COM DATA
8133,653,22,9.0,4735.57,0.11,46.15,37978.07,CANCELADO,2024-03-24,PEDIDO COM DATA
8135,685,217,2.0,7141.58,0.01,36.34,25248.04,CANCELADO,2022-12-25,PEDIDO COM DATA
8136,831,578,2.0,8683.1,0.2,148.19,14041.15,PAGO,2023-10-18,PEDIDO COM DATA
8138,167,529,6.0,1100.53,0.05,118.39,6391.41,CANCELADO,2024-04-20,PEDIDO COM DATA
8141,223,791,6.0,11962.78,0.12,141.16,63304.64,ENVIADO,2024-11-01,PEDIDO COM DATA
8143,128,372,3.0,14640.97,0.26,28.77,32531.72,CANCELADO,2024-04-25,PEDIDO COM DATA
8144,60,636,2.0,7951.02,0.08,69.47,14699.35,PENDENTE,2023-01-01,PEDIDO COM DATA
8145,897,403,9.0,12769.29,0.28,129.42,82874.42,PAGO,2023-07-06,PEDIDO COM DATA
8146,276,790,5.0,4296.13,0.16,80.39,18151.28,PENDENTE,,PEDIDO SEM DATA
8148,966,57,6.0,2115.64,0.25,49.66,9570.04,PENDENTE,2023-12-09,PEDIDO COM DATA
8149,87,549,10.0,2871.94,0.07,80.67,26789.71,ENVIADO,2022-02-04,PEDIDO COM DATA
8150,412,431,2.0,14993.86,0.1,10.8,26999.75,PAGO,2022-12-01,PEDIDO COM DATA
8151,257,823,9.0,6606.11,0.14,56.91,51188.2,ENVIADO,2024-07-03,PEDIDO COM DATA
8152,335,266,2.0,11591.05,0.02,14.11,22732.57,PENDENTE,2024-05-14,PEDIDO COM DATA
8153,702,641,7.0,10702.77,0.05,40.38,71213.8,ENVIADO,2025-02-23,PEDIDO COM DATA
8155,818,940,8.0,13294.78,0.22,128.28,83087.71,CANCELADO,2023-07-26,PEDIDO COM DATA
8156,286,91,9.0,9345.34,0.11,80.17,74936.34,CANCELADO,2022-09-17,PEDIDO COM DATA
8157,590,315,5.0,13406.06,0.06,80.39,25248.04,PENDENTE,2023-12-30,PEDIDO COM DATA
8161,418,605,2.0,6704.57,0.21,71.21,10664.43,CANCELADO,2022-03-04,PEDIDO COM DATA
8165,210,429,4.0,13022.22,0.15,133.66,44409.21,PENDENTE,2024-06-23,PEDIDO COM DATA
8166,76,334,3.0,4707.27,0.13,115.88,12401.85,CANCELADO,2023-05-20,PEDIDO COM DATA
8167,599,9,6.0,11134.47,0.05,63.04,63529.52,ENVIADO,2023-01-29,PEDIDO COM DATA
8169,544,543,7.0,5250.69,0.3,67.12,25795.5,PAGO,2024-01-17,PEDIDO COM DATA
8171,402,675,10.0,14054.01,0.23,130.01,-500.0,CANCELADO,2022-03-24,PEDIDO COM DATA
8172,288,359,7.0,3602.53,0.28,107.23,18263.98,ENVIADO,2022-06-07,PEDIDO COM DATA
8174,115,637,7.0,9054.13,0.15,109.02,53981.09,PAGO,2022-12-11,PEDIDO COM DATA
8175,269,385,9.0,5546.21,0.2,27.17,39959.88,PAGO,2024-06-25,PEDIDO COM DATA
8176,310,89,4.0,14560.31,0.11,34.26,51868.96,ENVIADO,2022-04-25,PEDIDO COM DATA
8177,642,983,8.0,2235.56,0.0,67.87,16521.59,PAGO,2022-05-22,PEDIDO COM DATA
8178,391,795,-1.0,14410.75,0.26,69.65,10733.6,PAGO,2023-08-17,PEDIDO COM DATA
8179,772,457,10.0,2127.59,0.06,62.31,20061.66,PAGO,2023-07-30,PEDIDO COM DATA
8183,991,61,3.0,9036.38,0.15,41.92,23084.69,ENVIADO,2023-12-22,PEDIDO COM DATA
8184,741,522,5.0,8754.26,0.28,87.88,31603.22,CANCELADO,2023-10-14,PEDIDO COM DATA
8186,269,846,3.0,9067.2,0.23,97.65,21042.88,PENDENTE,2024-06-19,PEDIDO COM DATA
8187,377,901,9.0,6446.31,0.1,20.79,52235.9,ENVIADO,2022-06-16,PEDIDO COM DATA
8188,834,559,10.0,14193.29,0.09,98.75,129257.69,CANCELADO,2023-12-02,PEDIDO COM DATA
8189,277,587,8.0,4993.68,0.15,77.38,34034.4,PENDENTE,2023-12-10,PEDIDO COM DATA
8193,75,541,7.0,10150.22,0.3,108.93,49845.01,PAGO,2023-11-28,PEDIDO COM DATA
8194,194,851,9.0,1547.47,0.1,91.65,12626.16,CANCELADO,2024-09-11,PEDIDO COM DATA
8196,804,123,2.0,13426.21,0.0,112.31,22399.82,PENDENTE,,PEDIDO SEM DATA
8197,718,944,1.0,5518.01,0.01,16.16,25248.04,CANCELADO,2022-07-30,PEDIDO COM DATA
8198,904,813,6.0,4629.9,0.19,108.27,22609.58,ENVIADO,2025-02-01,PEDIDO COM DATA
8200,326,393,7.0,7311.27,0.16,84.49,43074.76,PAGO,2023-12-27,PEDIDO COM DATA
8201,515,822,7.0,4768.61,0.23,30.16,-500.0,PAGO,2023-10-10,PEDIDO COM DATA
8202,512,948,4.0,1922.74,0.09,100.78,7099.55,ENVIADO,2023-10-19,PEDIDO COM DATA
8203,50,186,10.0,419.07,0.06,105.96,4045.22,ENVIADO,2022-03-24,PEDIDO COM DATA
8204,275,6,4.0,12712.28,0.23,35.62,39189.44,CANCELADO,2023-02-27,PEDIDO COM DATA
8205,39,121,9.0,2430.36,0.27,100.51,16067.98,PENDENTE,,PEDIDO SEM DATA
8207,367,794,1.0,14211.61,0.07,38.06,13254.86,PENDENTE,2024-09-07,PEDIDO COM DATA
8208,945,314,5.0,2821.6,0.12,45.31,12460.35,PAGO,2024-03-17,PEDIDO COM DATA
8209,251,969,2.0,10478.58,0.1,131.29,18992.73,PENDENTE,2023-05-23,PEDIDO COM DATA
8210,967,335,2.0,11622.78,0.16,147.85,19674.12,PENDENTE,2024-08-08,PEDIDO COM DATA
8212,184,871,10.0,725.44,0.19,80.39,5992.36,ENVIADO,2023-07-21,PEDIDO COM DATA
8213,765,907,1.0,8546.72,0.07,51.23,7999.68,PAGO,2025-02-05,PEDIDO COM DATA
8214,846,218,3.0,7773.13,0.1,119.54,21106.99,CANCELADO,2022-07-07,PEDIDO COM DATA
8215,432,641,2.0,2827.58,0.28,94.07,4165.79,PENDENTE,2023-02-05,PEDIDO COM DATA
8217,785,132,6.0,2478.65,0.17,80.39,12449.24,PAGO,2022-10-06,PEDIDO COM DATA
8219,491,38,3.0,3034.15,0.18,122.44,7586.45,PENDENTE,2023-10-29,PEDIDO COM DATA
8221,9,345,8.0,7628.82,0.15,73.14,51949.12,CANCELADO,2022-06-01,PEDIDO COM DATA
8222,66,709,-5.0,4702.13,0.29,135.75,6812.77,PAGO,2023-07-03,PEDIDO COM DATA
8223,563,715,2.0,12362.39,0.05,80.39,23604.0,CANCELADO,2023-10-29,PEDIDO COM DATA
8224,888,375,6.0,11139.69,0.23,67.13,51532.5,PENDENTE,2024-03-17,PEDIDO COM DATA
8225,522,355,5.0,293.32,0.15,137.96,1384.57,ENVIADO,2023-10-11,PEDIDO COM DATA
8226,805,985,9.0,577.49,0.15,123.88,4541.68,ENVIADO,2023-05-21,PEDIDO COM DATA
8227,640,70,2.0,3989.03,0.0,11.65,6394.1,ENVIADO,2023-07-23,PEDIDO COM DATA
8229,503,165,8.0,7338.59,0.2,79.89,47046.87,CANCELADO,2022-01-29,PEDIDO COM DATA
8233,459,502,4.0,4291.48,0.11,47.27,15324.94,PAGO,2024-02-15,PEDIDO COM DATA
8235,415,572,1.0,10391.71,0.16,88.03,8817.07,PENDENTE,2023-10-26,PEDIDO COM DATA
8236,318,95,10.0,13810.82,0.01,108.28,136835.4,ENVIADO,2023-06-08,PEDIDO COM DATA
8238,116,22,1.0,11823.61,0.12,125.63,10530.41,ENVIADO,2023-04-15,PEDIDO COM DATA
8239,127,1,6.0,12103.95,0.23,30.76,55951.01,CANCELADO,2022-07-17,PEDIDO COM DATA
8240,188,964,2.0,9764.33,0.11,56.46,17436.97,PENDENTE,2023-03-22,PEDIDO COM DATA
8241,404,605,4.0,12033.07,0.08,23.26,44304.96,ENVIADO,2023-03-11,PEDIDO COM DATA
8243,98,736,2.0,3707.93,0.12,136.67,6662.63,PAGO,2024-04-26,PEDIDO COM DATA
8244,333,381,1.0,3089.21,0.25,49.41,2366.32,CANCELADO,2022-10-06,PEDIDO COM DATA
8246,966,993,8.0,13973.44,0.18,17.25,91683.02,ENVIADO,2022-10-24,PEDIDO COM DATA
8247,357,244,5.0,9683.56,0.15,110.36,41265.49,PENDENTE,2023-09-29,PEDIDO COM DATA
8248,508,816,7.0,9575.96,0.08,106.66,61775.84,PAGO,,PEDIDO SEM DATA
8249,446,420,7.0,9490.64,0.16,122.84,55927.8,PENDENTE,2022-05-14,PEDIDO COM DATA
8251,55,361,7.0,11058.44,0.2,80.39,61987.08,PAGO,2022-07-05,PEDIDO COM DATA
8254,513,87,7.0,4579.81,0.07,88.44,29903.0,PAGO,2023-01-08,PEDIDO COM DATA
8257,764,480,8.0,1790.57,0.24,75.15,10961.82,PAGO,2025-03-11,PEDIDO COM DATA
8259,209,269,9.0,10332.17,0.27,96.9,25248.04,CANCELADO,2022-10-16,PEDIDO COM DATA
8262,503,494,3.0,12924.58,0.15,44.68,33002.36,ENVIADO,2022-05-26,PEDIDO COM DATA
8263,284,685,1.0,10337.77,0.26,112.11,7762.06,PENDENTE,2023-05-02,PEDIDO COM DATA
8264,339,262,5.0,7900.25,0.02,54.5,38765.72,PENDENTE,2023-10-15,PEDIDO COM DATA
8266,632,987,5.0,4579.64,0.25,105.5,17279.15,CANCELADO,2024-01-06,PEDIDO COM DATA
8268,256,479,6.0,9987.81,0.15,112.8,51050.63,ENVIADO,2023-07-02,PEDIDO COM DATA
8269,594,903,8.0,5413.43,0.29,148.52,30896.8,PENDENTE,2024-10-14,PEDIDO COM DATA
8270,289,579,5.0,9141.74,0.12,106.09,-500.0,PENDENTE,2023-04-24,PEDIDO COM DATA
8272,240,34,8.0,6037.31,0.22,102.22,37775.03,PAGO,2024-06-07,PEDIDO COM DATA
8273,711,42,7.0,8768.12,0.01,76.68,60839.75,ENVIADO,2024-04-16,PEDIDO COM DATA
8274,713,715,1.0,14198.39,0.06,62.42,13408.91,CANCELADO,2023-02-18,PEDIDO COM DATA
8275,873,418,1.0,13628.68,0.24,15.42,10373.22,CANCELADO,2024-02-04,PEDIDO COM DATA
8276,328,317,4.0,6395.94,0.29,16.9,18181.37,PENDENTE,2023-10-19,PEDIDO COM DATA
8277,197,387,2.0,2141.32,0.03,33.07,4187.23,PAGO,2024-09-29,PEDIDO COM DATA
8278,232,844,4.0,13562.63,0.25,118.91,40806.8,PAGO,2024-01-04,PEDIDO COM DATA
8279,330,258,8.0,11197.45,0.03,80.39,87032.08,CANCELADO,,PEDIDO SEM DATA
8281,302,126,6.0,1536.36,0.15,108.12,7943.56,ENVIADO,2022-09-17,PEDIDO COM DATA
8284,485,634,4.0,13234.88,0.25,79.82,39784.46,CANCELADO,2025-03-14,PEDIDO COM DATA
8286,353,751,5.0,1536.48,0.06,102.26,7323.72,ENVIADO,,PEDIDO SEM DATA
8288,308,12,5.0,6093.12,0.23,38.11,23496.62,PAGO,2023-08-18,PEDIDO COM DATA
8289,852,762,2.0,3766.81,0.24,80.39,5872.51,CANCELADO,2024-08-17,PEDIDO COM DATA
8291,602,819,6.0,1912.96,0.0,127.6,11605.36,ENVIADO,2022-08-08,PEDIDO COM DATA
8292,661,411,10.0,9734.06,0.18,50.72,79870.01,ENVIADO,2024-04-07,PEDIDO COM DATA
8293,61,743,9.0,10874.59,0.24,57.69,74439.89,PAGO,2022-03-15,PEDIDO COM DATA
8294,961,402,9.0,11058.74,0.29,120.74,70786.09,PAGO,2024-11-01,PEDIDO COM DATA
8299,418,857,9.0,6161.09,0.09,61.51,50520.84,CANCELADO,,PEDIDO SEM DATA
8302,932,825,6.0,4039.32,0.07,64.12,22603.53,PENDENTE,2024-05-26,PEDIDO COM DATA
8303,470,935,10.0,9380.82,0.3,42.22,-500.0,ENVIADO,2022-10-03,PEDIDO COM DATA
8304,258,393,3.0,4432.93,0.03,61.84,12961.67,CANCELADO,2024-08-11,PEDIDO COM DATA
8308,655,166,3.0,7674.39,0.06,114.88,21756.66,PAGO,2024-12-02,PEDIDO COM DATA
8311,87,978,2.0,11687.95,0.29,67.87,16664.76,PENDENTE,2023-10-09,PEDIDO COM DATA
8312,614,4,7.0,9780.96,0.06,21.72,64380.44,PENDENTE,2024-08-01,PEDIDO COM DATA
8315,990,526,6.0,9210.35,0.0,11.99,52510.99,PENDENTE,2025-02-09,PEDIDO COM DATA
8316,629,998,2.0,7068.94,0.23,145.03,11031.2,PAGO,2024-06-04,PEDIDO COM DATA
8319,709,913,3.0,3710.84,0.09,28.48,10159.07,ENVIADO,2024-05-18,PEDIDO COM DATA
8321,745,741,8.0,1924.05,0.09,25.88,14032.96,PAGO,2025-04-06,PEDIDO COM DATA
8322,471,432,6.0,888.89,0.27,53.95,3947.29,PAGO,2023-02-02,PEDIDO COM DATA
8324,401,241,6.0,7305.0,0.0,31.63,32465.83,ENVIADO,2023-10-10,PEDIDO COM DATA
8325,658,72,5.0,14295.56,0.06,66.37,67255.5,ENVIADO,2024-11-12,PEDIDO COM DATA
8326,846,936,7.0,12845.63,0.24,84.97,68423.72,ENVIADO,2022-08-29,PEDIDO COM DATA
8328,515,507,2.0,14791.98,0.2,124.66,23791.83,PAGO,2022-04-23,PEDIDO COM DATA
8331,764,130,1.0,7368.24,0.15,141.27,6404.27,ENVIADO,2022-11-04,PEDIDO COM DATA
8333,93,398,10.0,6290.69,0.26,86.73,25248.04,PAGO,2022-10-12,PEDIDO COM DATA
8337,720,914,8.0,8732.54,0.23,53.81,53846.26,ENVIADO,2022-02-01,PEDIDO COM DATA
8338,253,103,5.0,7962.54,0.3,14.92,27883.81,CANCELADO,2022-07-11,PEDIDO COM DATA
8339,365,622,8.0,2992.12,0.16,65.83,20172.88,PAGO,2025-04-03,PEDIDO COM DATA
8340,564,984,8.0,2712.04,0.14,79.77,18738.61,PENDENTE,2022-01-08,PEDIDO COM DATA
8341,502,729,7.0,8928.03,0.05,78.32,59449.72,ENVIADO,2022-09-19,PEDIDO COM DATA
8342,681,335,8.0,205.77,0.17,35.5,1401.81,PAGO,2023-01-25,PEDIDO COM DATA
8343,953,136,6.0,9020.78,0.23,60.52,41736.52,PAGO,2022-12-14,PEDIDO COM DATA
8344,620,962,6.0,14481.85,0.13,136.85,75732.11,PAGO,2024-10-20,PEDIDO COM DATA
8345,629,847,8.0,13907.12,0.23,109.61,85777.47,PENDENTE,2022-05-24,PEDIDO COM DATA
8346,437,420,7.0,13563.81,0.05,80.39,90249.07,CANCELADO,2024-06-09,PEDIDO COM DATA
8347,470,195,4.0,6162.83,0.23,65.09,19046.61,ENVIADO,2024-09-16,PEDIDO COM DATA
8350,46,482,1.0,1937.48,0.24,136.44,1608.92,PENDENTE,2022-02-21,PEDIDO COM DATA
8352,579,108,6.0,14954.23,0.29,13.55,-500.0,PENDENTE,2023-11-06,PEDIDO COM DATA
8355,201,787,5.0,14719.13,0.19,80.39,-500.0,CANCELADO,,PEDIDO SEM DATA
8357,853,532,5.0,4989.02,0.21,80.39,19748.87,CANCELADO,2025-01-11,PEDIDO COM DATA
8358,56,21,10.0,3675.82,0.21,26.86,29065.84,ENVIADO,2024-04-14,PEDIDO COM DATA
8359,228,443,3.0,7789.14,0.17,88.34,19483.3,PENDENTE,2022-11-10,PEDIDO COM DATA
8360,509,340,5.0,10838.65,0.12,131.3,47821.36,PENDENTE,2023-11-27,PEDIDO COM DATA
8362,106,156,2.0,1534.79,0.19,21.34,2507.7,PAGO,2022-05-08,PEDIDO COM DATA
8363,723,634,1.0,4618.41,0.04,62.3,4495.97,ENVIADO,2022-06-29,PEDIDO COM DATA
8368,341,487,9.0,1763.32,0.28,72.56,11498.87,ENVIADO,,PEDIDO SEM DATA
8369,797,479,10.0,12497.71,0.26,87.5,92570.55,PENDENTE,2024-04-08,PEDIDO COM DATA
8370,619,572,6.0,14053.95,0.0,44.06,84367.76,CANCELADO,2023-02-25,PEDIDO COM DATA
8372,30,769,4.0,7414.59,0.1,33.88,26726.4,PAGO,2024-12-19,PEDIDO COM DATA
8373,115,879,5.0,239.26,0.12,147.11,1199.85,PAGO,2024-05-07,PEDIDO COM DATA
8374,173,350,10.0,7715.18,0.17,55.25,64091.24,PAGO,2022-07-06,PEDIDO COM DATA
8376,485,69,7.0,7256.15,0.07,100.13,47337.67,PENDENTE,2023-09-24,PEDIDO COM DATA
8377,881,185,4.0,4250.47,0.29,108.8,12180.13,ENVIADO,2022-10-12,PEDIDO COM DATA
8378,708,390,7.0,1186.4,0.02,85.27,8223.97,PENDENTE,2024-06-26,PEDIDO COM DATA
8380,647,496,8.0,13175.5,0.0,86.13,105490.13,ENVIADO,2024-09-11,PEDIDO COM DATA
8381,635,993,3.0,135.25,0.13,10.78,363.78,ENVIADO,2023-12-18,PEDIDO COM DATA
8382,367,575,8.0,517.66,0.28,47.15,3028.87,ENVIADO,2023-01-08,PEDIDO COM DATA
8385,669,918,6.0,13805.02,0.2,99.08,25248.04,PAGO,2023-12-07,PEDIDO COM DATA
8386,60,940,-1.0,1002.94,0.0,92.4,7815.04,PAGO,2022-06-23,PEDIDO COM DATA
8387,677,329,4.0,175.32,0.09,26.72,664.88,ENVIADO,2023-03-18,PEDIDO COM DATA
8388,254,917,8.0,9511.8,0.09,103.64,69349.54,CANCELADO,2022-11-24,PEDIDO COM DATA
8391,368,930,5.0,5576.93,0.15,21.23,23723.18,ENVIADO,2023-12-05,PEDIDO COM DATA
8392,915,565,2.0,5844.5,0.26,121.33,8771.19,PENDENTE,2022-01-23,PEDIDO COM DATA
8393,561,645,1.0,1584.8,0.27,80.39,1268.47,PAGO,2022-12-17,PEDIDO COM DATA
8394,505,642,9.0,11273.76,0.07,77.82,94439.19,PAGO,2022-03-07,PEDIDO COM DATA
8395,111,185,4.0,13515.75,0.19,67.45,43858.48,PENDENTE,2022-08-25,PEDIDO COM DATA
8396,352,677,10.0,8953.02,0.27,96.79,65453.84,PENDENTE,2022-09-27,PEDIDO COM DATA
8397,950,189,5.0,7296.38,0.11,85.9,32554.79,PENDENTE,2024-10-19,PEDIDO COM DATA
8399,131,69,5.0,1199.33,0.21,27.93,4765.28,ENVIADO,2024-12-10,PEDIDO COM DATA
8400,760,456,8.0,5515.37,0.29,29.75,31357.05,PENDENTE,2022-03-22,PEDIDO COM DATA
8401,626,143,2.0,13305.19,0.1,121.25,24070.59,ENVIADO,2022-02-22,PEDIDO COM DATA
8405,790,233,6.0,14104.96,0.15,58.53,71993.83,PENDENTE,,PEDIDO SEM DATA
8407,457,824,8.0,11097.02,0.16,99.6,74671.57,PAGO,2023-10-10,PEDIDO COM DATA
8410,516,937,6.0,57.84,0.07,75.76,398.51,CANCELADO,2022-11-23,PEDIDO COM DATA
8411,402,776,7.0,4802.1,0.21,49.22,26604.83,PAGO,2023-01-17,PEDIDO COM DATA
8412,413,255,5.0,1190.01,0.13,111.55,5288.09,CANCELADO,2023-09-04,PEDIDO COM DATA
8413,605,477,6.0,5563.96,0.25,141.79,25179.61,PAGO,2022-06-07,PEDIDO COM DATA
8417,772,91,6.0,10862.71,0.01,52.63,64577.13,CANCELADO,2025-03-11,PEDIDO COM DATA
8418,851,805,7.0,10187.48,0.15,57.05,60672.56,PENDENTE,,PEDIDO SEM DATA
8421,731,935,9.0,13985.27,0.1,134.98,113415.67,PAGO,2024-11-28,PEDIDO COM DATA
8423,220,938,8.0,6255.33,0.27,121.77,36652.9,CANCELADO,2025-01-28,PEDIDO COM DATA
8424,467,180,0.0,5397.6,0.11,62.15,48100.79,PAGO,2022-04-27,PEDIDO COM DATA
8425,681,543,1.0,14489.14,0.24,93.97,11105.72,CANCELADO,2024-09-04,PEDIDO COM DATA
8426,251,804,10.0,5913.34,0.16,48.53,49720.59,ENVIADO,2024-07-11,PEDIDO COM DATA
8429,347,841,1.0,1682.04,0.04,28.35,1643.11,PAGO,2022-02-16,PEDIDO COM DATA
8430,154,481,5.0,1490.09,0.17,60.95,6244.82,ENVIADO,2024-03-16,PEDIDO COM DATA
8432,467,777,3.0,14379.98,0.08,61.91,39750.65,PAGO,2022-07-22,PEDIDO COM DATA
8433,948,740,6.0,10447.63,0.17,12.48,52041.68,PAGO,2024-01-24,PEDIDO COM DATA
8434,386,407,5.0,9989.07,0.24,75.06,38033.53,CANCELADO,2024-05-07,PEDIDO COM DATA
8435,896,681,3.0,11074.45,0.0,43.35,32602.23,CANCELADO,2024-12-11,PEDIDO COM DATA
8436,518,183,7.0,14724.85,0.23,54.03,79420.97,ENVIADO,2023-06-08,PEDIDO COM DATA
8442,390,265,3.0,5931.6,0.16,148.22,15095.85,PAGO,2023-07-22,PEDIDO COM DATA
8443,296,540,1.0,8578.63,0.1,56.66,7777.43,PAGO,2022-01-13,PEDIDO COM DATA
8444,318,973,1.0,8256.2,0.14,111.77,7212.1,PAGO,2022-04-14,PEDIDO COM DATA
8445,293,655,6.0,5917.67,0.05,57.22,33787.94,CANCELADO,2024-10-01,PEDIDO COM DATA
8447,944,156,3.0,13191.75,0.13,46.7,34477.17,ENVIADO,2023-08-09,PEDIDO COM DATA
8449,665,516,3.0,12428.99,0.11,36.69,33222.09,PAGO,2024-11-19,PEDIDO COM DATA
8450,258,123,7.0,7764.82,0.29,60.83,38651.99,PENDENTE,2023-10-12,PEDIDO COM DATA
8452,257,946,9.0,10431.85,0.13,18.29,81699.68,ENVIADO,2022-01-21,PEDIDO COM DATA
8453,684,660,1.0,13733.1,0.28,136.62,10024.45,ENVIADO,2025-03-27,PEDIDO COM DATA
8457,939,491,1.0,1621.02,0.27,44.91,1228.25,PENDENTE,2022-04-12,PEDIDO COM DATA
8458,263,679,8.0,12101.8,0.0,109.15,0.0,PENDENTE,2023-07-29,PEDIDO COM DATA
8459,699,261,7.0,11372.83,0.12,88.72,70145.35,PENDENTE,2024-01-09,PEDIDO COM DATA
8460,277,216,10.0,13048.95,0.15,10.61,25248.04,PENDENTE,2024-12-06,PEDIDO COM DATA
8461,671,982,1.0,9245.03,0.08,59.81,8565.24,PAGO,2023-09-26,PEDIDO COM DATA
8462,168,358,4.0,9594.29,0.05,142.43,36600.73,CANCELADO,2024-10-12,PEDIDO COM DATA
8464,322,144,8.0,13689.71,0.13,20.44,95300.82,CANCELADO,2022-01-25,PEDIDO COM DATA
8465,360,166,8.0,501.65,0.1,127.54,3739.42,PENDENTE,2022-03-30,PEDIDO COM DATA
8466,342,526,4.0,7626.57,0.18,90.86,25106.01,ENVIADO,2025-02-19,PEDIDO COM DATA
8467,810,880,1.0,3618.99,0.02,66.96,3613.57,PAGO,2023-06-03,PEDIDO COM DATA
8468,522,799,3.0,11257.65,0.06,55.27,31801.84,CANCELADO,2022-05-23,PEDIDO COM DATA
8469,329,630,10.0,4691.66,0.08,57.22,43220.49,PAGO,2022-05-17,PEDIDO COM DATA
8470,780,78,4.0,3857.59,0.02,99.46,15221.21,PAGO,2024-07-14,PEDIDO COM DATA
8472,771,202,6.0,2124.83,0.25,33.91,9595.65,PENDENTE,2022-01-25,PEDIDO COM DATA
8473,244,128,10.0,13599.51,0.23,23.38,104739.61,PAGO,2022-02-03,PEDIDO COM DATA
8474,740,891,3.0,5301.39,0.2,10.04,12733.38,PENDENTE,2023-11-27,PEDIDO COM DATA
8475,375,799,6.0,1163.68,0.06,10.92,6574.08,CANCELADO,2022-06-07,PEDIDO COM DATA
8476,962,805,0.0,9576.39,0.22,62.8,67289.06,PAGO,2023-07-10,PEDIDO COM DATA
8477,585,304,1.0,14684.52,0.16,73.79,12408.79,PAGO,2022-08-22,PEDIDO COM DATA
8478,763,123,7.0,7594.29,0.02,102.96,52199.79,ENVIADO,2022-03-10,PEDIDO COM DATA
8480,583,540,7.0,5270.94,0.12,69.7,32538.69,ENVIADO,2024-06-08,PEDIDO COM DATA
8481,368,341,9.0,1613.95,0.02,125.81,14360.85,CANCELADO,2023-05-15,PEDIDO COM DATA
8483,402,964,4.0,12824.5,0.05,15.37,48748.47,CANCELADO,2022-06-15,PEDIDO COM DATA
8488,775,349,9.0,12216.98,0.28,126.29,79292.32,PENDENTE,2024-06-30,PEDIDO COM DATA
8489,795,304,6.0,8494.3,0.2,63.75,40836.39,PAGO,2022-02-12,PEDIDO COM DATA
8492,145,159,2.0,148.92,0.09,12.74,283.77,CANCELADO,,PEDIDO SEM DATA
8493,673,854,10.0,14749.26,0.29,101.53,104821.28,ENVIADO,2024-09-26,PEDIDO COM DATA
8494,315,740,8.0,8466.67,0.22,11.0,52843.02,ENVIADO,2024-06-19,PEDIDO COM DATA
8498,847,989,4.0,13881.86,0.21,143.98,44010.66,CANCELADO,2022-06-06,PEDIDO COM DATA
8499,942,32,0.0,5956.21,0.18,20.81,29325.36,ENVIADO,2023-03-30,PEDIDO COM DATA
8500,21,91,7.0,6202.95,0.29,75.16,30903.82,CANCELADO,2022-04-13,PEDIDO COM DATA
8501,849,341,9.0,4286.69,0.0,36.43,35144.42,ENVIADO,2023-09-10,PEDIDO COM DATA
8503,515,960,3.0,5528.35,0.17,109.62,13875.21,ENVIADO,2022-08-18,PEDIDO COM DATA
8505,307,713,3.0,360.32,0.21,13.98,867.94,CANCELADO,2022-02-10,PEDIDO COM DATA
8506,821,33,7.0,11163.78,0.0,147.94,59539.25,ENVIADO,2023-05-27,PEDIDO COM DATA
8507,1000,815,4.0,1789.72,0.02,116.08,7131.78,PENDENTE,2023-08-16,PEDIDO COM DATA
8508,438,217,3.0,2920.85,0.06,36.78,8273.58,PENDENTE,2025-01-29,PEDIDO COM DATA
8509,667,744,6.0,7939.69,0.11,110.22,42508.16,CANCELADO,2022-12-24,PEDIDO COM DATA
8514,754,264,8.0,3003.41,0.1,44.44,21668.99,PAGO,2024-07-15,PEDIDO COM DATA
8515,414,686,7.0,2864.05,0.14,56.29,17297.87,PENDENTE,2023-07-26,PEDIDO COM DATA
8516,820,502,9.0,4522.58,0.17,87.65,33871.32,CANCELADO,2022-05-03,PEDIDO COM DATA
8517,462,517,1.0,13174.38,0.16,15.82,11082.3,PAGO,2025-03-22,PEDIDO COM DATA
8519,592,118,5.0,9339.39,0.0,52.35,35075.06,CANCELADO,2022-09-26,PEDIDO COM DATA
8520,708,546,1.0,4340.04,0.23,48.21,3390.04,PENDENTE,2025-03-30,PEDIDO COM DATA
8522,571,830,1.0,7444.82,0.21,62.06,5943.47,PENDENTE,2022-07-06,PEDIDO COM DATA
8523,645,735,9.0,5141.19,0.03,107.68,44990.27,PENDENTE,2024-06-21,PEDIDO COM DATA
8527,50,684,3.0,518.04,0.07,48.49,1493.82,CANCELADO,2023-12-09,PEDIDO COM DATA
8528,490,224,8.0,2595.71,0.13,98.26,18164.4,PAGO,2025-02-24,PEDIDO COM DATA
8530,247,328,10.0,3163.74,0.28,51.26,22830.19,ENVIADO,2023-06-14,PEDIDO COM DATA
8531,217,663,4.0,2621.93,0.02,118.07,10396.04,PAGO,2024-01-20,PEDIDO COM DATA
8532,566,455,3.0,2889.98,0.0,80.39,7130.91,ENVIADO,,PEDIDO SEM DATA
8533,217,988,2.0,10863.66,0.12,71.65,19191.69,PENDENTE,2024-07-21,PEDIDO COM DATA
8535,116,448,2.0,14386.17,0.07,61.48,26819.76,ENVIADO,2022-06-03,PEDIDO COM DATA
8536,176,541,4.0,8772.92,0.18,143.22,28918.4,CANCELADO,2025-03-09,PEDIDO COM DATA
8538,263,289,10.0,12856.06,0.17,53.55,106758.85,PAGO,2024-09-09,PEDIDO COM DATA
8539,277,760,0.0,9695.64,0.12,108.89,25248.04,PAGO,2023-06-02,PEDIDO COM DATA
8541,768,984,-1.0,4109.59,0.23,27.98,19014.29,CANCELADO,2024-09-30,PEDIDO COM DATA
8543,184,118,6.0,4445.87,0.19,80.39,21678.98,CANCELADO,2022-01-17,PEDIDO COM DATA
8544,588,714,1.0,10509.57,0.02,65.4,10364.78,ENVIADO,2025-01-21,PEDIDO COM DATA
8545,55,827,2.0,7112.47,0.21,57.27,11294.97,PAGO,2022-04-29,PEDIDO COM DATA
8546,684,500,8.0,6684.18,0.3,36.3,37467.71,PENDENTE,2024-05-30,PEDIDO COM DATA
8548,719,444,5.0,12872.99,0.24,112.21,49029.57,CANCELADO,2024-02-05,PEDIDO COM DATA
8551,358,187,3.0,13197.73,0.14,28.09,34078.23,CANCELADO,2022-09-26,PEDIDO COM DATA
8554,21,645,-5.0,11401.56,0.22,140.1,62392.62,ENVIADO,2024-03-08,PEDIDO COM DATA
8555,35,966,8.0,3100.1,0.13,114.25,21690.95,ENVIADO,2022-05-15,PEDIDO COM DATA
8556,602,621,2.0,10881.06,0.01,107.89,21652.39,CANCELADO,2022-02-06,PEDIDO COM DATA
8560,749,455,3.0,3750.8,0.01,10.05,11149.93,CANCELADO,2022-10-21,PEDIDO COM DATA
8561,972,122,7.0,13863.22,0.26,141.81,71953.29,PAGO,2023-05-10,PEDIDO COM DATA
8563,929,836,2.0,14406.13,0.13,12.88,25079.55,PENDENTE,2023-07-06,PEDIDO COM DATA
8565,87,513,7.0,14428.3,0.24,134.47,76893.03,PAGO,2022-02-08,PEDIDO COM DATA
8571,303,155,3.0,7950.4,0.0,22.0,23396.18,PAGO,2023-01-13,PEDIDO COM DATA
8572,317,901,9.0,10947.77,0.12,90.7,86797.04,PAGO,,PEDIDO SEM DATA
8574,384,650,7.0,14254.41,0.06,148.23,93942.25,PAGO,2025-03-26,PEDIDO COM DATA
8576,90,1000,9.0,1078.32,0.11,119.01,8756.35,ENVIADO,2024-01-03,PEDIDO COM DATA
8577,512,399,4.0,1053.79,0.0,84.62,3962.57,PAGO,2022-11-15,PEDIDO COM DATA
8579,93,178,2.0,2823.43,0.15,70.27,4870.1,PENDENTE,2022-02-14,PEDIDO COM DATA
8580,550,674,6.0,2860.06,0.0,84.76,16901.91,ENVIADO,2023-07-18,PEDIDO COM DATA
8581,749,351,5.0,9143.33,0.26,77.34,33907.66,ENVIADO,2022-02-19,PEDIDO COM DATA
8582,467,315,5.0,12283.78,0.26,107.94,45557.93,CANCELADO,2024-12-29,PEDIDO COM DATA
8584,215,547,1.0,7246.3,0.11,62.3,6511.51,CANCELADO,2025-03-31,PEDIDO COM DATA
8585,654,574,10.0,14045.63,0.23,114.23,108265.58,PAGO,2022-02-03,PEDIDO COM DATA
8586,794,175,2.0,490.15,0.12,13.67,876.33,CANCELADO,2025-03-24,PEDIDO COM DATA
8587,100,926,1.0,10611.93,0.04,107.75,10295.2,CANCELADO,2025-03-29,PEDIDO COM DATA
8588,215,714,10.0,11396.38,0.03,149.5,110694.39,CANCELADO,2022-12-24,PEDIDO COM DATA
8589,199,384,9.0,14062.67,0.2,28.26,101279.48,PENDENTE,2022-11-14,PEDIDO COM DATA
8590,519,837,4.0,14987.28,0.05,27.12,56978.78,PENDENTE,2022-12-09,PEDIDO COM DATA
8592,567,788,3.0,9483.52,0.04,29.67,27342.21,PAGO,2023-03-23,PEDIDO COM DATA
8593,668,832,8.0,3694.74,0.16,25.23,24853.88,ENVIADO,2024-06-26,PEDIDO COM DATA
8595,397,921,5.0,5077.04,0.29,50.4,18073.89,CANCELADO,2022-11-28,PEDIDO COM DATA
8596,321,793,4.0,4502.02,0.21,92.53,14318.91,PENDENTE,2025-04-11,PEDIDO COM DATA
8598,387,547,1.0,132.14,0.23,42.31,144.06,ENVIADO,2023-03-30,PEDIDO COM DATA
8601,795,408,8.0,11100.81,0.0,73.84,88880.32,ENVIADO,2022-11-21,PEDIDO COM DATA
8602,733,892,2.0,3971.4,0.16,139.25,6811.2,ENVIADO,2024-03-21,PEDIDO COM DATA
8603,147,351,-5.0,12009.17,0.0,34.63,-500.0,CANCELADO,2024-08-26,PEDIDO COM DATA
8604,837,828,3.0,10255.54,0.22,112.85,24110.81,ENVIADO,2024-03-13,PEDIDO COM DATA
8605,276,790,6.0,7331.59,0.01,142.0,43691.64,ENVIADO,2024-09-07,PEDIDO COM DATA
8606,308,875,8.0,10342.35,0.14,80.39,71266.5,PAGO,2023-10-08,PEDIDO COM DATA
8607,87,58,-5.0,14365.88,0.1,149.87,51867.04,CANCELADO,2022-07-16,PEDIDO COM DATA
8610,395,468,0.0,6651.75,0.17,81.68,16644.54,PAGO,2022-11-15,PEDIDO COM DATA
8611,141,311,4.0,4892.72,0.08,30.55,18035.76,ENVIADO,2024-04-27,PEDIDO COM DATA
8612,235,215,7.0,4157.47,0.1,13.48,26205.54,CANCELADO,2025-03-20,PEDIDO COM DATA
8615,771,821,3.0,9897.93,0.27,130.86,21807.33,PAGO,2023-08-08,PEDIDO COM DATA
8617,386,247,9.0,6409.02,0.0,90.01,42774.08,ENVIADO,2024-04-11,PEDIDO COM DATA
8620,260,225,1.0,7973.34,0.22,75.36,6294.57,PENDENTE,2024-10-11,PEDIDO COM DATA
8621,389,203,8.0,4356.81,0.07,72.38,32487.05,PENDENTE,2024-10-10,PEDIDO COM DATA
8622,365,839,1.0,11473.65,0.08,63.66,10619.42,PAGO,2023-03-27,PEDIDO COM DATA
8623,342,400,1.0,12987.48,0.06,18.04,25248.04,ENVIADO,2024-04-20,PEDIDO COM DATA
8625,810,344,3.0,4915.3,0.01,12.66,14611.1,CANCELADO,2022-07-14,PEDIDO COM DATA
8626,335,977,1.0,5188.98,0.2,39.44,4190.62,CANCELADO,2023-08-13,PEDIDO COM DATA
8627,462,188,4.0,3824.39,0.24,110.35,11736.5,PAGO,2025-04-11,PEDIDO COM DATA
8628,429,766,-1.0,986.54,0.18,64.83,5727.57,ENVIADO,2022-10-25,PEDIDO COM DATA
8629,85,726,7.0,13994.42,0.05,119.14,93182.03,CANCELADO,2024-08-25,PEDIDO COM DATA
8631,860,521,9.0,2659.59,0.23,97.66,18528.62,CANCELADO,2022-09-05,PEDIDO COM DATA
8632,538,379,3.0,513.21,0.28,54.38,1162.91,PENDENTE,2024-05-07,PEDIDO COM DATA
8634,506,412,1.0,7756.27,0.27,147.6,5809.68,CANCELADO,2023-02-14,PEDIDO COM DATA
8635,758,365,3.0,1330.86,0.07,52.52,3765.62,CANCELADO,2022-03-28,PEDIDO COM DATA
8636,51,122,2.0,8470.01,0.23,140.07,0.0,CANCELADO,,PEDIDO SEM DATA
8638,665,641,8.0,12319.85,0.04,132.91,94749.36,PAGO,2023-06-05,PEDIDO COM DATA
8640,903,159,9.0,12343.76,0.07,132.93,103450.2,CANCELADO,2022-04-15,PEDIDO COM DATA
8641,16,720,2.0,5814.77,0.13,92.49,10210.19,CANCELADO,2025-03-19,PEDIDO COM DATA
8642,405,673,4.0,7955.04,0.1,112.83,28750.97,CANCELADO,2024-02-22,PEDIDO COM DATA
8643,352,843,5.0,10685.3,0.28,49.37,38516.45,CANCELADO,,PEDIDO SEM DATA
8645,439,432,0.0,990.48,0.17,34.49,5789.18,CANCELADO,2025-04-01,PEDIDO COM DATA
8646,680,766,7.0,6487.33,0.3,85.07,31872.99,PAGO,2025-01-06,PEDIDO COM DATA
8647,825,96,1.0,2622.18,0.22,96.19,2141.49,ENVIADO,2022-07-31,PEDIDO COM DATA
8649,988,907,6.0,5552.34,0.14,58.25,28708.32,CANCELADO,2022-06-17,PEDIDO COM DATA
8650,276,391,5.0,4705.43,0.12,93.72,20797.61,ENVIADO,2025-01-08,PEDIDO COM DATA
8652,314,412,4.0,8815.94,0.03,59.64,34265.49,CANCELADO,2022-12-06,PEDIDO COM DATA
8653,258,205,3.0,60.05,0.17,63.37,212.89,PAGO,2022-05-18,PEDIDO COM DATA
8654,798,54,4.0,918.4,0.12,133.79,3366.56,CANCELADO,2022-11-14,PEDIDO COM DATA
8656,448,450,5.0,9430.8,0.08,130.43,43512.11,CANCELADO,2023-01-21,PEDIDO COM DATA
8658,722,252,9.0,12278.97,0.26,51.0,0.0,CANCELADO,2024-05-16,PEDIDO COM DATA
8659,697,916,1.0,10988.6,0.25,148.56,8390.01,ENVIADO,2023-02-20,PEDIDO COM DATA
8660,16,640,9.0,1200.58,0.14,45.96,25248.04,PAGO,2025-01-23,PEDIDO COM DATA
8661,881,165,9.0,12996.28,0.03,97.09,113554.61,PAGO,2024-12-15,PEDIDO COM DATA
8664,194,427,9.0,8846.31,0.02,98.12,78122.57,PENDENTE,,PEDIDO SEM DATA
8665,701,549,8.0,5769.03,0.21,128.37,36588.64,PAGO,2022-08-30,PEDIDO COM DATA
8667,659,474,10.0,3251.33,0.0,127.08,29063.92,PENDENTE,2024-04-15,PEDIDO COM DATA
8668,186,650,1.0,3783.94,0.07,128.68,3647.74,PAGO,2022-12-28,PEDIDO COM DATA
8670,607,207,7.0,14632.38,0.06,125.77,96406.83,CANCELADO,2023-05-18,PEDIDO COM DATA
8671,797,980,3.0,6820.88,0.22,142.01,16102.87,ENVIADO,2023-08-02,PEDIDO COM DATA
8673,370,207,2.0,10971.42,0.29,18.38,15597.8,PAGO,2022-03-05,PEDIDO COM DATA
8674,136,344,10.0,11316.69,0.11,117.4,100835.94,PAGO,2023-09-20,PEDIDO COM DATA
8676,434,789,10.0,14208.44,0.23,30.34,109435.33,PAGO,2024-05-23,PEDIDO COM DATA
8679,39,934,8.0,7389.62,0.12,39.43,52062.35,PENDENTE,2022-12-17,PEDIDO COM DATA
8681,418,210,1.0,12466.46,0.06,124.88,25248.04,PENDENTE,2023-03-25,PEDIDO COM DATA
8682,114,495,3.0,5202.55,0.25,100.87,11806.61,ENVIADO,2022-06-27,PEDIDO COM DATA
8683,974,760,3.0,6589.58,0.04,61.0,19038.99,PAGO,2022-01-14,PEDIDO COM DATA
8685,347,856,7.0,3185.86,0.27,99.72,16379.46,PENDENTE,2022-08-28,PEDIDO COM DATA
8686,694,507,5.0,12792.64,0.25,114.74,48087.14,PAGO,2024-09-17,PEDIDO COM DATA
8687,189,182,7.0,11788.74,0.0,128.36,65320.09,PAGO,2024-06-25,PEDIDO COM DATA
8688,414,781,0.0,13781.25,0.17,145.69,80214.75,PAGO,,PEDIDO SEM DATA
8691,412,638,8.0,920.56,0.28,14.23,5316.66,ENVIADO,2023-05-26,PEDIDO COM DATA
8692,189,590,1.0,1839.31,0.0,122.78,1759.77,CANCELADO,2022-07-16,PEDIDO COM DATA
8694,276,728,6.0,214.3,0.06,10.74,1219.39,CANCELADO,2022-10-11,PEDIDO COM DATA
8697,806,471,5.0,8512.41,0.27,49.41,31119.71,PENDENTE,2022-12-28,PEDIDO COM DATA
8698,894,634,1.0,14061.94,0.05,139.63,13498.47,PAGO,2022-09-08,PEDIDO COM DATA
8699,205,475,9.0,9135.37,0.17,80.33,68321.54,CANCELADO,2022-10-13,PEDIDO COM DATA
8702,530,908,6.0,3124.41,0.23,108.06,14542.83,PAGO,2022-01-18,PEDIDO COM DATA
8703,760,655,2.0,14482.91,0.01,142.27,0.0,CANCELADO,,PEDIDO SEM DATA
8706,71,358,10.0,7865.01,0.24,23.75,59797.83,PENDENTE,2023-05-03,PEDIDO COM DATA
8708,747,909,9.0,5306.63,0.25,85.83,35905.58,PAGO,2023-04-17,PEDIDO COM DATA
8709,336,629,5.0,3406.78,0.14,47.93,14697.08,PAGO,2024-01-03,PEDIDO COM DATA
8711,311,521,4.0,14006.68,0.16,107.29,47169.73,ENVIADO,2022-06-22,PEDIDO COM DATA
8712,456,824,2.0,10574.15,0.27,93.15,15531.41,ENVIADO,2023-06-18,PEDIDO COM DATA
8713,284,313,9.0,4909.71,0.07,127.19,25248.04,PAGO,2023-04-12,PEDIDO COM DATA
8714,323,266,2.0,7764.45,0.16,124.41,13168.69,ENVIADO,2022-12-14,PEDIDO COM DATA
8717,239,339,3.0,10805.17,0.14,34.88,27912.22,CANCELADO,2025-03-24,PEDIDO COM DATA
8719,896,750,3.0,13814.72,0.25,122.11,31205.23,CANCELADO,2023-07-16,PEDIDO COM DATA
8720,67,480,3.0,2672.36,0.22,106.19,6359.51,PENDENTE,2024-09-25,PEDIDO COM DATA
8721,581,731,9.0,5995.72,0.19,80.95,43789.75,PENDENTE,2022-11-06,PEDIDO COM DATA
8722,745,242,8.0,3885.89,0.22,18.05,24266.0,ENVIADO,2024-01-25,PEDIDO COM DATA
8724,568,823,2.0,6440.06,0.23,124.3,10041.99,CANCELADO,2024-03-25,PEDIDO COM DATA
8727,215,47,8.0,10970.7,0.11,80.39,78174.16,PAGO,2022-09-30,PEDIDO COM DATA
8730,840,421,2.0,8125.71,0.11,103.96,14567.72,PENDENTE,2022-05-10,PEDIDO COM DATA
8731,417,759,7.0,3313.3,0.03,12.27,22509.58,CANCELADO,,PEDIDO SEM DATA
8732,76,501,7.0,278.65,0.24,125.17,1607.59,ENVIADO,,PEDIDO SEM DATA
8733,603,706,3.0,13831.4,0.26,19.62,30725.33,ENVIADO,2024-03-02,PEDIDO COM DATA
8734,247,551,4.0,13404.21,0.05,28.58,50964.58,CANCELADO,2022-12-05,PEDIDO COM DATA
8735,193,76,4.0,6332.42,0.21,141.06,20151.51,PAGO,2023-12-29,PEDIDO COM DATA
8737,177,354,9.0,3041.98,0.26,102.14,20361.73,PAGO,,PEDIDO SEM DATA
8738,407,829,4.0,11917.61,0.03,84.05,46324.38,CANCELADO,2022-12-13,PEDIDO COM DATA
8743,632,471,4.0,11201.49,0.14,135.25,38668.38,CANCELADO,2023-08-14,PEDIDO COM DATA
8745,516,948,1.0,3785.88,0.1,43.44,3450.73,CANCELADO,2024-03-30,PEDIDO COM DATA
8746,245,377,6.0,530.53,0.18,101.41,2711.62,CANCELADO,2024-04-23,PEDIDO COM DATA
8747,206,854,7.0,1639.21,0.06,83.16,10869.16,CANCELADO,2022-11-13,PEDIDO COM DATA
8750,99,970,6.0,13173.75,0.18,43.96,64858.81,PAGO,2022-03-24,PEDIDO COM DATA
8752,726,548,7.0,14554.74,0.0,48.11,98874.79,PAGO,2024-10-12,PEDIDO COM DATA
8753,897,185,2.0,1352.08,0.24,24.1,2079.26,CANCELADO,2023-08-17,PEDIDO COM DATA
8754,821,651,9.0,8648.79,0.02,120.13,76402.46,PAGO,2022-04-04,PEDIDO COM DATA
8755,815,879,8.0,6330.35,0.13,95.04,44154.28,PAGO,2024-06-10,PEDIDO COM DATA
8756,495,504,8.0,12815.92,0.25,148.23,77043.75,ENVIADO,2022-04-02,PEDIDO COM DATA
8758,501,436,2.0,10210.71,0.05,85.64,19485.99,PENDENTE,2025-01-08,PEDIDO COM DATA
8759,722,130,10.0,8963.43,0.0,83.68,75376.49,CANCELADO,2023-12-22,PEDIDO COM DATA
8760,273,816,8.0,6621.13,0.05,106.16,-500.0,PENDENTE,2022-08-30,PEDIDO COM DATA
8761,127,991,2.0,13816.74,0.01,108.0,27465.15,PAGO,2024-02-04,PEDIDO COM DATA
8762,582,766,9.0,12402.29,0.29,63.0,79313.63,CANCELADO,2023-05-09,PEDIDO COM DATA
8763,879,519,4.0,5247.26,0.29,133.12,15035.34,CANCELADO,2023-02-03,PEDIDO COM DATA
8767,32,828,8.0,10658.88,0.0,67.73,63168.3,PENDENTE,2023-12-06,PEDIDO COM DATA
8769,883,248,10.0,4364.35,0.18,10.57,35798.24,PENDENTE,2022-11-22,PEDIDO COM DATA
8770,762,504,8.0,14854.99,0.03,132.48,115407.2,PENDENTE,2023-02-02,PEDIDO COM DATA
8771,827,93,9.0,7489.55,0.04,109.04,0.0,CANCELADO,2023-07-31,PEDIDO COM DATA
8773,882,456,2.0,6413.49,0.22,127.34,10132.38,ENVIADO,2023-09-05,PEDIDO COM DATA
8774,388,197,6.0,574.6,0.11,22.57,3090.93,CANCELADO,2024-06-19,PEDIDO COM DATA
8775,843,61,1.0,5574.22,0.26,131.86,4256.78,PENDENTE,2023-11-22,PEDIDO COM DATA
8777,124,977,6.0,8759.9,0.24,111.05,40056.19,PENDENTE,2023-05-25,PEDIDO COM DATA
8780,366,33,10.0,3165.7,0.11,124.46,28299.19,PENDENTE,2022-06-06,PEDIDO COM DATA
8781,269,151,2.0,9838.11,0.17,56.8,16388.06,PAGO,2022-02-05,PEDIDO COM DATA
8783,651,133,5.0,9251.98,0.2,55.88,37063.8,CANCELADO,2024-08-12,PEDIDO COM DATA
8784,282,570,10.0,3290.82,0.07,68.43,30673.06,PENDENTE,,PEDIDO SEM DATA
8785,767,450,-1.0,4345.04,0.01,127.96,25248.04,PAGO,2023-12-13,PEDIDO COM DATA
8786,713,24,4.0,5373.65,0.21,134.86,17115.59,PENDENTE,2023-06-21,PEDIDO COM DATA
8788,521,979,3.0,1101.95,0.19,125.64,2803.38,CANCELADO,2023-02-26,PEDIDO COM DATA
8789,365,93,5.0,13648.11,0.26,15.8,50513.81,CANCELADO,,PEDIDO SEM DATA
8790,715,308,8.0,8652.63,0.2,60.13,55436.96,PENDENTE,2022-12-30,PEDIDO COM DATA
8794,129,319,8.0,5693.19,0.06,129.54,42942.33,ENVIADO,2024-09-13,PEDIDO COM DATA
8795,164,134,6.0,3240.83,0.03,49.72,18911.35,ENVIADO,,PEDIDO SEM DATA
8796,715,449,3.0,7187.58,0.1,92.2,19498.67,PENDENTE,2022-09-06,PEDIDO COM DATA
8798,495,888,8.0,6424.51,0.13,80.39,44768.08,PAGO,2022-04-05,PEDIDO COM DATA
8799,384,153,0.0,13563.16,0.12,46.92,71660.4,PAGO,2022-11-24,PEDIDO COM DATA
8801,525,24,10.0,4929.85,0.22,138.32,38591.15,CANCELADO,2024-10-11,PEDIDO COM DATA
8802,735,634,7.0,5237.12,0.19,95.29,29789.76,PAGO,2022-03-01,PEDIDO COM DATA
8803,805,160,6.0,10562.19,0.21,103.12,50167.9,PAGO,2023-09-10,PEDIDO COM DATA
8807,921,820,5.0,4861.35,0.25,105.43,18335.49,PAGO,2024-02-25,PEDIDO COM DATA
8809,623,846,1.0,2438.1,0.22,29.24,1930.96,ENVIADO,2024-07-25,PEDIDO COM DATA
8810,777,267,3.0,1653.4,0.15,44.25,4260.42,PAGO,2025-01-17,PEDIDO COM DATA
8811,820,194,10.0,14250.85,0.15,57.11,121189.33,PENDENTE,2024-09-19,PEDIDO COM DATA
8813,135,769,10.0,12209.16,0.28,72.23,87978.18,CANCELADO,2023-03-19,PEDIDO COM DATA
8814,505,476,3.0,282.34,0.1,27.01,789.33,ENVIADO,,PEDIDO SEM DATA
8815,114,340,3.0,13759.68,0.25,93.35,31052.63,PAGO,2023-04-20,PEDIDO COM DATA
8816,439,516,5.0,5648.26,0.18,51.61,23209.48,CANCELADO,2022-02-23,PEDIDO COM DATA
8818,633,228,2.0,9605.15,0.18,80.39,15839.42,ENVIADO,2022-01-22,PEDIDO COM DATA
8819,75,333,8.0,10108.58,0.14,64.01,69611.04,CANCELADO,2023-02-05,PEDIDO COM DATA
8821,837,430,10.0,8451.24,0.28,12.19,-500.0,ENVIADO,2022-11-07,PEDIDO COM DATA
8822,503,528,3.0,9175.54,0.15,113.05,23510.68,ENVIADO,2023-01-22,PEDIDO COM DATA
8823,874,912,10.0,4315.87,0.18,87.58,35477.71,PAGO,2024-12-29,PEDIDO COM DATA
8824,972,799,4.0,14042.59,0.08,77.51,51754.24,PENDENTE,2023-07-24,PEDIDO COM DATA
8825,577,910,9.0,1372.58,0.25,43.25,9308.16,ENVIADO,2022-10-27,PEDIDO COM DATA
8829,269,993,4.0,6573.5,0.23,80.39,20374.92,ENVIADO,2024-05-01,PEDIDO COM DATA
8834,885,393,6.0,9365.06,0.0,94.2,0.0,CANCELADO,2024-05-03,PEDIDO COM DATA
8836,449,463,2.0,13465.41,0.21,55.94,21331.29,PENDENTE,2022-12-20,PEDIDO COM DATA
8837,393,134,10.0,7017.37,0.12,29.11,61781.97,PENDENTE,2022-07-18,PEDIDO COM DATA
8839,317,161,5.0,8254.98,0.08,134.46,38107.37,PAGO,2022-10-09,PEDIDO COM DATA
8841,258,654,2.0,11386.2,0.01,83.54,22628.22,CANCELADO,2022-01-30,PEDIDO COM DATA
8842,996,140,4.0,1660.74,0.07,26.32,0.0,CANCELADO,2025-02-24,PEDIDO COM DATA
8844,358,169,4.0,7676.6,0.19,18.14,24890.32,CANCELADO,2024-09-28,PEDIDO COM DATA
8845,215,923,7.0,10039.81,0.09,80.39,64090.26,ENVIADO,2023-01-17,PEDIDO COM DATA
8846,806,569,7.0,1914.84,0.16,54.39,11313.65,PENDENTE,,PEDIDO SEM DATA
8847,693,317,8.0,898.91,0.13,57.27,6313.68,CANCELADO,2025-01-06,PEDIDO COM DATA
8849,399,714,4.0,4605.51,0.26,43.3,13675.61,CANCELADO,2023-10-20,PEDIDO COM DATA
8850,545,141,3.0,7945.77,0.13,123.06,20861.52,ENVIADO,2024-10-18,PEDIDO COM DATA
8853,46,65,3.0,4766.78,0.06,108.6,13550.92,PAGO,2022-01-06,PEDIDO COM DATA
8855,935,729,1.0,10877.16,0.02,119.91,25248.04,PENDENTE,2023-09-18,PEDIDO COM DATA
8856,22,307,5.0,7539.22,0.02,59.7,37001.88,ENVIADO,2023-11-04,PEDIDO COM DATA
8857,977,99,6.0,9332.36,0.15,148.37,47743.41,PENDENTE,2025-03-17,PEDIDO COM DATA
8860,141,713,10.0,10283.16,0.09,88.79,93665.55,CANCELADO,2025-01-06,PEDIDO COM DATA
8861,367,155,2.0,4040.65,0.19,129.29,6675.14,PAGO,2025-04-06,PEDIDO COM DATA
8862,874,832,4.0,1456.03,0.19,82.34,4799.88,ENVIADO,2023-03-08,PEDIDO COM DATA
8863,748,591,7.0,5648.71,0.3,96.21,27774.89,PAGO,,PEDIDO SEM DATA
8864,564,298,3.0,919.81,0.12,93.83,2522.13,PAGO,2023-06-07,PEDIDO COM DATA
8865,504,19,1.0,12166.45,0.0,40.25,12206.7,CANCELADO,,PEDIDO SEM DATA
8867,438,841,9.0,11955.41,0.14,55.39,92590.26,CANCELADO,2024-06-08,PEDIDO COM DATA
8868,714,889,2.0,9409.23,0.08,12.43,17325.41,PAGO,2023-12-05,PEDIDO COM DATA
8869,645,721,3.0,7147.11,0.29,57.25,15280.59,CANCELADO,2022-02-17,PEDIDO COM DATA
8870,231,868,-1.0,7113.09,0.04,84.97,20570.67,PENDENTE,2022-01-20,PEDIDO COM DATA
8871,223,740,1.0,4966.67,0.22,91.17,3965.17,PENDENTE,,PEDIDO SEM DATA
8872,23,810,8.0,3318.18,0.08,49.94,24471.74,CANCELADO,2024-04-01,PEDIDO COM DATA
8874,869,52,9.0,11634.44,0.19,133.3,84948.37,ENVIADO,2024-01-04,PEDIDO COM DATA
8875,498,626,6.0,10452.63,0.0,119.83,55936.87,PAGO,2024-09-13,PEDIDO COM DATA
8877,421,131,5.0,14897.07,0.18,104.79,61182.78,CANCELADO,2025-03-02,PEDIDO COM DATA
8878,678,283,6.0,4272.23,0.18,144.08,21163.45,PAGO,2023-07-12,PEDIDO COM DATA
8879,49,491,10.0,7341.23,0.23,92.82,56620.29,PAGO,2023-11-10,PEDIDO COM DATA
8880,839,939,5.0,8847.42,0.08,13.84,40711.97,CANCELADO,2023-07-14,PEDIDO COM DATA
8882,158,523,10.0,398.62,0.21,122.37,3271.47,PAGO,2024-07-16,PEDIDO COM DATA
8884,183,313,5.0,11842.99,0.17,23.11,49171.52,PENDENTE,2022-06-06,PEDIDO COM DATA
8889,406,149,7.0,6693.66,0.29,85.65,33353.14,PENDENTE,2022-12-18,PEDIDO COM DATA
8890,406,141,3.0,9928.49,0.09,103.28,27208.06,ENVIADO,2024-08-17,PEDIDO COM DATA
8891,46,157,8.0,1387.08,0.05,79.07,10620.88,CANCELADO,2023-12-27,PEDIDO COM DATA
8892,946,972,10.0,12771.21,0.06,142.05,120191.42,ENVIADO,2024-07-23,PEDIDO COM DATA
8895,864,762,7.0,14006.34,0.05,95.98,93238.14,ENVIADO,2024-07-09,PEDIDO COM DATA
8896,502,940,1.0,3557.73,0.01,68.17,3590.32,ENVIADO,2022-09-15,PEDIDO COM DATA
8897,307,524,-1.0,13204.48,0.01,30.78,25248.04,PENDENTE,2022-11-28,PEDIDO COM DATA
8899,241,962,5.0,5605.98,0.0,14.22,28044.12,PAGO,2024-11-23,PEDIDO COM DATA
8900,514,823,1.0,11598.7,0.29,80.39,8333.52,ENVIADO,2024-11-29,PEDIDO COM DATA
8902,623,602,4.0,3238.54,0.0,80.39,11868.81,PENDENTE,2024-01-02,PEDIDO COM DATA
8903,286,413,7.0,7949.63,0.13,132.26,48545.51,ENVIADO,2024-12-23,PEDIDO COM DATA
8904,313,155,6.0,8543.71,0.06,11.98,48198.5,PAGO,2025-03-31,PEDIDO COM DATA
8905,259,556,9.0,7889.12,0.05,40.2,67492.18,ENVIADO,2024-09-25,PEDIDO COM DATA
8906,1,475,8.0,14107.03,0.09,142.97,102842.15,ENVIADO,2025-01-01,PEDIDO COM DATA
8907,108,424,4.0,68.52,0.11,109.24,353.17,PENDENTE,2022-11-28,PEDIDO COM DATA
8908,184,692,2.0,10927.55,0.2,123.81,17607.89,PAGO,,PEDIDO SEM DATA
8909,513,146,3.0,3704.55,0.0,35.98,11038.49,CANCELADO,2022-08-01,PEDIDO COM DATA
8910,411,323,10.0,11614.24,0.11,36.06,0.0,CANCELADO,2024-07-24,PEDIDO COM DATA
8911,48,907,8.0,10396.71,0.05,103.62,79118.62,CANCELADO,2022-11-24,PEDIDO COM DATA
8913,849,688,6.0,3554.75,0.05,122.19,20384.26,PAGO,2022-06-28,PEDIDO COM DATA
8914,45,87,10.0,8305.84,0.2,40.16,66486.88,CANCELADO,2024-09-25,PEDIDO COM DATA
8916,863,440,10.0,3853.79,0.26,43.79,28561.84,PENDENTE,2022-09-09,PEDIDO COM DATA
8920,48,194,3.0,14083.97,0.29,119.9,30118.76,PAGO,2023-10-29,PEDIDO COM DATA
8921,444,990,9.0,12040.49,0.21,48.26,85656.14,PENDENTE,2023-03-21,PEDIDO COM DATA
8922,507,192,9.0,11837.98,0.14,96.5,91722.47,PAGO,2023-04-24,PEDIDO COM DATA
8925,284,172,9.0,9878.23,0.22,45.39,69390.56,ENVIADO,2023-12-09,PEDIDO COM DATA
8928,486,424,5.0,9997.6,0.27,73.55,36564.79,ENVIADO,2024-01-04,PEDIDO COM DATA
8930,564,450,-1.0,14150.21,0.11,42.31,63010.74,PAGO,2022-05-17,PEDIDO COM DATA
8931,703,640,7.0,8751.01,0.1,104.31,55235.67,ENVIADO,,PEDIDO SEM DATA
8933,186,629,7.0,1113.95,0.08,148.26,7322.1,PENDENTE,2023-05-31,PEDIDO COM DATA
8935,503,630,9.0,3539.32,0.03,81.23,30979.49,PAGO,2024-09-11,PEDIDO COM DATA
8937,357,205,3.0,4129.24,0.01,80.67,12344.51,PENDENTE,2024-02-29,PEDIDO COM DATA
8939,270,246,-1.0,8180.67,0.12,78.15,21675.12,PENDENTE,2024-06-17,PEDIDO COM DATA
8940,915,199,9.0,12766.94,0.2,103.46,92025.43,PAGO,2023-11-12,PEDIDO COM DATA
8941,170,367,10.0,14673.01,0.05,86.13,139479.73,PENDENTE,2022-05-31,PEDIDO COM DATA
8944,104,740,4.0,11962.78,0.27,85.93,35017.25,PAGO,,PEDIDO SEM DATA
8945,105,531,-1.0,5845.55,0.26,58.5,30338.45,PENDENTE,2023-03-07,PEDIDO COM DATA
8946,750,646,8.0,12243.12,0.15,144.99,83398.21,PENDENTE,2023-08-24,PEDIDO COM DATA
8948,399,385,2.0,2034.59,0.22,51.39,3225.35,PAGO,2024-11-13,PEDIDO COM DATA
8949,285,805,9.0,10055.62,0.04,105.38,86985.94,PAGO,2023-10-08,PEDIDO COM DATA
8950,228,631,5.0,3996.14,0.13,98.36,17481.57,ENVIADO,2023-10-31,PEDIDO COM DATA
8951,937,975,6.0,6111.58,0.08,112.37,33848.29,CANCELADO,2023-03-05,PEDIDO COM DATA
8952,316,410,2.0,944.22,0.19,43.17,1572.81,ENVIADO,2022-08-08,PEDIDO COM DATA
8953,585,630,5.0,7712.48,0.08,127.5,35604.91,PAGO,2024-02-05,PEDIDO COM DATA
8954,918,208,8.0,2815.2,0.28,35.42,16250.97,PENDENTE,2022-05-11,PEDIDO COM DATA
8959,685,266,2.0,4091.21,0.01,77.06,8177.66,CANCELADO,2023-03-25,PEDIDO COM DATA
8960,655,206,1.0,7749.19,0.0,84.1,7833.29,CANCELADO,2022-03-18,PEDIDO COM DATA
8963,215,369,2.0,317.59,0.01,80.39,731.48,PENDENTE,2025-03-28,PEDIDO COM DATA
8965,458,288,1.0,14571.86,0.21,14.35,11526.12,ENVIADO,2023-09-28,PEDIDO COM DATA
8966,535,789,2.0,6886.51,0.26,24.74,10216.77,PAGO,2023-11-14,PEDIDO COM DATA
8967,731,316,1.0,944.98,0.16,93.85,887.63,PAGO,2024-08-25,PEDIDO COM DATA
8969,712,987,8.0,6764.04,0.23,144.07,41810.56,PAGO,2025-02-25,PEDIDO COM DATA
8971,579,200,8.0,9205.78,0.24,90.99,56062.13,CANCELADO,2023-07-27,PEDIDO COM DATA
8973,835,336,4.0,835.82,0.0,111.64,2953.43,CANCELADO,2022-04-24,PEDIDO COM DATA
8975,104,628,3.0,14672.19,0.27,60.88,32192.98,CANCELADO,2024-09-14,PEDIDO COM DATA
8976,825,806,9.0,11951.15,0.03,70.86,104404.4,PAGO,2023-08-12,PEDIDO COM DATA
8977,643,846,9.0,3411.88,0.1,63.28,27699.51,CANCELADO,2024-01-18,PEDIDO COM DATA
8978,726,471,8.0,9512.6,0.1,83.81,25248.04,CANCELADO,2022-05-22,PEDIDO COM DATA
8979,262,345,1.0,3384.74,0.01,92.81,3443.7,PAGO,2024-01-28,PEDIDO COM DATA
8980,952,754,1.0,14695.96,0.13,105.3,12890.79,PAGO,2022-09-10,PEDIDO COM DATA
8981,701,330,6.0,3842.09,0.19,102.89,18775.45,PAGO,,PEDIDO SEM DATA
8982,92,732,10.0,3586.22,0.14,58.33,30899.82,ENVIADO,,PEDIDO SEM DATA
8983,312,904,7.0,269.35,0.03,102.54,1931.43,ENVIADO,2023-04-10,PEDIDO COM DATA
8984,83,396,3.0,8594.97,0.17,94.43,21495.91,CANCELADO,2022-01-29,PEDIDO COM DATA
8986,8,87,7.0,2477.46,0.16,108.93,14676.39,CANCELADO,,PEDIDO SEM DATA
8988,393,968,9.0,13373.45,0.26,85.59,89152.77,PAGO,,PEDIDO SEM DATA
8989,447,254,4.0,782.05,0.12,147.75,2900.57,PAGO,2023-08-05,PEDIDO COM DATA
8991,303,820,-1.0,6841.81,0.28,146.02,39554.85,PAGO,2023-04-27,PEDIDO COM DATA
8992,469,88,7.0,485.65,0.25,25.46,2575.12,CANCELADO,2025-04-12,PEDIDO COM DATA
8993,119,235,9.0,2611.73,0.16,38.95,19783.63,CANCELADO,,PEDIDO SEM DATA
8994,470,624,7.0,1724.0,0.0,115.01,10372.81,PAGO,2023-07-28,PEDIDO COM DATA
8995,146,463,7.0,3757.58,0.21,94.84,20874.26,ENVIADO,2025-03-13,PEDIDO COM DATA
8996,425,132,5.0,7847.9,0.01,121.61,38968.72,CANCELADO,2023-11-29,PEDIDO COM DATA
8999,690,264,3.0,10900.1,0.09,127.85,29885.12,ENVIADO,,PEDIDO SEM DATA
9004,681,879,6.0,10883.2,0.03,131.37,63471.59,PAGO,2022-12-24,PEDIDO COM DATA
9005,573,336,0.0,8811.87,0.04,83.15,17001.94,CANCELADO,2024-08-28,PEDIDO COM DATA
9007,709,490,5.0,2320.51,0.18,56.25,9570.34,PAGO,2023-03-13,PEDIDO COM DATA
9008,362,63,9.0,3769.17,0.1,109.32,30639.6,PENDENTE,2025-04-14,PEDIDO COM DATA
9009,331,970,3.0,12166.61,0.28,10.82,26290.7,PAGO,2022-09-09,PEDIDO COM DATA
9010,817,283,1.0,1073.51,0.11,32.9,988.32,PAGO,,PEDIDO SEM DATA
9011,46,1000,8.0,4156.85,0.03,53.4,32310.56,PAGO,2022-03-02,PEDIDO COM DATA
9013,471,949,0.0,11368.12,0.02,16.02,78001.32,PAGO,2024-05-06,PEDIDO COM DATA
9014,994,780,6.0,12690.91,0.13,69.83,0.0,CANCELADO,2022-12-18,PEDIDO COM DATA
9016,567,864,5.0,886.72,0.04,141.72,4397.98,PENDENTE,2022-07-13,PEDIDO COM DATA
9017,891,555,5.0,433.91,0.1,13.27,1965.87,CANCELADO,2023-09-24,PEDIDO COM DATA
9020,234,789,9.0,6500.0,0.25,31.0,43906.0,ENVIADO,2023-11-11,PEDIDO COM DATA
9021,10,961,4.0,5584.99,0.13,63.09,19498.86,PENDENTE,2023-01-13,PEDIDO COM DATA
9022,835,270,4.0,14542.22,0.07,146.48,54243.54,ENVIADO,2023-09-20,PEDIDO COM DATA
9024,630,716,2.0,6146.93,0.1,137.97,11202.44,CANCELADO,2022-01-28,PEDIDO COM DATA
9025,227,719,6.0,13103.41,0.24,126.65,59878.2,PENDENTE,2022-05-17,PEDIDO COM DATA
9026,477,457,-5.0,12705.02,0.22,132.2,59591.69,ENVIADO,2022-01-24,PEDIDO COM DATA
9027,355,818,3.0,8275.4,0.27,116.61,18239.74,CANCELADO,2023-08-15,PEDIDO COM DATA
9028,746,273,4.0,5951.05,0.0,85.77,23889.97,CANCELADO,,PEDIDO SEM DATA
9030,484,196,6.0,1581.13,0.14,21.31,8179.94,ENVIADO,2022-04-09,PEDIDO COM DATA
9031,252,9,7.0,11314.72,0.29,111.39,56345.55,ENVIADO,,PEDIDO SEM DATA
9032,614,337,1.0,14236.33,0.0,32.62,11991.14,PAGO,2022-02-21,PEDIDO COM DATA
9033,288,420,4.0,12955.17,0.24,32.25,25248.04,ENVIADO,2023-05-12,PEDIDO COM DATA
9037,37,192,3.0,12373.14,0.17,75.17,30884.29,PAGO,2022-06-09,PEDIDO COM DATA
9038,416,849,4.0,5405.3,0.07,63.66,20171.38,PAGO,2022-06-24,PEDIDO COM DATA
9039,973,946,8.0,13216.37,0.05,38.04,100482.45,PAGO,,PEDIDO SEM DATA
9040,12,381,5.0,7093.81,0.08,80.39,25248.04,CANCELADO,2024-04-05,PEDIDO COM DATA
9041,785,331,7.0,7864.13,0.0,130.7,52427.16,CANCELADO,2022-08-30,PEDIDO COM DATA
9042,804,543,2.0,9350.28,0.07,25.51,17417.03,PENDENTE,2023-03-10,PEDIDO COM DATA
9043,981,604,1.0,9352.94,0.14,106.85,8150.38,ENVIADO,2022-02-28,PEDIDO COM DATA
9045,173,734,5.0,14781.95,0.29,67.76,52543.68,CANCELADO,2023-09-01,PEDIDO COM DATA
9046,718,639,2.0,4029.32,0.13,45.63,7056.65,PAGO,,PEDIDO SEM DATA
9047,266,199,1.0,10990.08,0.25,131.47,8374.03,ENVIADO,2022-06-13,PEDIDO COM DATA
9048,550,147,8.0,5981.71,0.16,57.81,40254.9,ENVIADO,2022-10-09,PEDIDO COM DATA
9050,829,42,10.0,10606.65,0.01,127.91,105133.74,PAGO,,PEDIDO SEM DATA
9052,877,769,10.0,6654.58,0.15,141.56,25248.04,ENVIADO,2024-10-26,PEDIDO COM DATA
9053,253,743,5.0,854.6,0.08,65.23,3996.39,ENVIADO,2022-01-29,PEDIDO COM DATA
9055,344,672,2.0,8702.97,0.16,124.74,14745.73,CANCELADO,2023-02-23,PEDIDO COM DATA
9056,351,270,10.0,4894.47,0.14,80.95,42173.39,ENVIADO,2023-03-16,PEDIDO COM DATA
9059,860,827,3.0,13299.27,0.28,18.0,28744.42,PAGO,2023-05-30,PEDIDO COM DATA
9060,563,534,4.0,529.3,0.26,121.64,1688.37,CANCELADO,2025-03-31,PEDIDO COM DATA
9061,121,624,6.0,3686.85,0.27,59.24,16207.64,ENVIADO,2023-07-11,PEDIDO COM DATA
9062,448,690,1.0,11243.88,0.0,81.86,10313.79,PENDENTE,2022-12-18,PEDIDO COM DATA
9064,414,677,1.0,1040.83,0.21,58.4,880.66,CANCELADO,2024-10-09,PEDIDO COM DATA
9066,498,105,4.0,13825.41,0.13,36.36,48148.79,PAGO,2023-09-06,PEDIDO COM DATA
9067,181,738,7.0,8299.06,0.06,103.69,54711.5,ENVIADO,2024-04-10,PEDIDO COM DATA
9069,990,890,5.0,2819.97,0.02,21.35,13839.2,CANCELADO,2022-03-08,PEDIDO COM DATA
9071,546,839,9.0,12687.5,0.13,83.02,99426.15,CANCELADO,2024-12-31,PEDIDO COM DATA
9072,56,141,4.0,8017.52,0.21,73.13,25408.49,PAGO,2024-07-04,PEDIDO COM DATA
9074,804,770,5.0,10035.15,0.15,102.36,42751.75,PAGO,2023-12-01,PEDIDO COM DATA
9075,593,721,6.0,6743.05,0.11,64.52,36072.41,PAGO,2025-02-05,PEDIDO COM DATA
9077,459,53,6.0,12814.82,0.03,80.39,74645.03,CANCELADO,2022-08-13,PEDIDO COM DATA
9078,855,668,1.0,11198.55,0.0,17.97,11216.52,ENVIADO,2024-06-09,PEDIDO COM DATA
9080,830,808,1.0,9000.29,0.2,129.57,7329.8,PAGO,2024-03-07,PEDIDO COM DATA
9081,219,320,5.0,1127.49,0.05,121.79,5477.37,PENDENTE,2023-05-04,PEDIDO COM DATA
9082,245,383,9.0,11832.79,0.0,72.48,25248.04,PAGO,2024-12-27,PEDIDO COM DATA
9084,697,169,2.0,2470.65,0.02,47.28,25248.04,PAGO,2022-03-17,PEDIDO COM DATA
9085,726,849,6.0,4126.14,0.07,136.32,23160.18,PAGO,2024-12-01,PEDIDO COM DATA
9086,140,660,7.0,6143.31,0.29,27.21,30559.46,CANCELADO,2023-01-30,PEDIDO COM DATA
9087,306,272,9.0,1417.17,0.27,130.83,9441.64,ENVIADO,2022-06-25,PEDIDO COM DATA
9089,893,234,6.0,7543.41,0.26,137.31,33630.05,ENVIADO,2022-07-23,PEDIDO COM DATA
9091,509,204,8.0,486.83,0.02,38.58,3855.33,PAGO,2023-06-05,PEDIDO COM DATA
9092,594,274,10.0,4397.63,0.11,119.45,39258.36,ENVIADO,2024-10-01,PEDIDO COM DATA
9093,350,597,6.0,1070.15,0.18,22.96,5288.1,ENVIADO,2022-09-28,PEDIDO COM DATA
9094,767,647,6.0,12319.94,0.16,137.95,62230.45,CANCELADO,2022-07-22,PEDIDO COM DATA
9095,272,227,2.0,9271.61,0.2,17.13,14851.71,PAGO,2022-08-03,PEDIDO COM DATA
9096,793,935,3.0,11536.01,0.04,40.09,33263.8,ENVIADO,2022-08-02,PEDIDO COM DATA
9097,715,940,1.0,8962.93,0.24,58.94,6870.77,PENDENTE,2024-08-14,PEDIDO COM DATA
9099,39,7,1.0,7675.74,0.3,45.38,5418.4,ENVIADO,2022-05-16,PEDIDO COM DATA
9100,78,551,-1.0,10121.74,0.24,110.71,23188.28,PAGO,2022-12-22,PEDIDO COM DATA
9101,863,771,4.0,1907.37,0.2,73.44,6177.02,ENVIADO,2024-05-15,PEDIDO COM DATA
9102,572,985,3.0,13943.07,0.22,46.02,32672.8,ENVIADO,2023-01-15,PEDIDO COM DATA
9103,615,270,10.0,9413.85,0.16,12.22,79088.56,CANCELADO,2022-03-06,PEDIDO COM DATA
9105,562,285,1.0,8909.24,0.15,135.95,7708.8,ENVIADO,2023-06-09,PEDIDO COM DATA
9110,580,999,7.0,11917.29,0.07,147.14,77728.7,PAGO,2024-04-21,PEDIDO COM DATA
9111,937,704,4.0,4347.41,0.15,149.68,14930.87,CANCELADO,2024-04-08,PEDIDO COM DATA
9112,336,123,1.0,12361.13,0.09,43.7,11292.33,CANCELADO,2022-05-23,PEDIDO COM DATA
9116,589,786,6.0,5608.33,0.23,112.17,26022.65,CANCELADO,,PEDIDO SEM DATA
9117,160,433,4.0,6376.0,0.26,134.52,19007.48,PENDENTE,2022-08-22,PEDIDO COM DATA
9119,712,757,2.0,2066.59,0.13,121.73,3717.6,PENDENTE,2023-07-10,PEDIDO COM DATA
9122,369,489,5.0,13752.87,0.0,149.75,25248.04,PAGO,,PEDIDO SEM DATA
9123,174,967,10.0,13006.12,0.22,79.59,101527.33,CANCELADO,2023-10-03,PEDIDO COM DATA
9124,742,754,9.0,7558.1,0.2,115.24,54533.56,ENVIADO,2025-02-04,PEDIDO COM DATA
9125,387,475,7.0,186.53,0.27,114.37,1067.54,PENDENTE,2023-08-21,PEDIDO COM DATA
9126,694,273,3.0,745.46,0.11,107.01,2097.39,ENVIADO,2022-01-26,PEDIDO COM DATA
9128,825,118,-1.0,1222.52,0.21,89.65,6850.19,ENVIADO,2022-09-24,PEDIDO COM DATA
9129,872,914,3.0,3098.52,0.2,88.22,7524.67,PAGO,2024-06-06,PEDIDO COM DATA
9132,290,946,10.0,2185.9,0.0,117.8,20665.26,ENVIADO,,PEDIDO SEM DATA
9135,235,376,4.0,11774.94,0.26,80.39,34991.76,PENDENTE,2022-10-27,PEDIDO COM DATA
9136,46,356,1.0,7100.29,0.06,137.16,6811.43,PAGO,,PEDIDO SEM DATA
9137,487,43,1.0,12058.04,0.28,28.8,8710.59,ENVIADO,2024-01-22,PEDIDO COM DATA
9138,928,513,4.0,13812.33,0.08,71.36,50900.73,PAGO,2023-03-19,PEDIDO COM DATA
9140,883,177,2.0,9903.76,0.25,136.31,14991.95,PAGO,2024-05-05,PEDIDO COM DATA
9141,480,804,-5.0,3187.24,0.15,148.5,21821.73,PENDENTE,2024-01-12,PEDIDO COM DATA
9142,443,66,1.0,13418.0,0.24,69.16,10266.84,CANCELADO,2022-01-16,PEDIDO COM DATA
9143,304,278,6.0,4309.65,0.25,147.73,19541.15,ENVIADO,2024-04-18,PEDIDO COM DATA
9145,572,410,2.0,1739.37,0.29,26.2,2496.11,CANCELADO,2023-09-26,PEDIDO COM DATA
9148,449,776,5.0,10577.41,0.09,124.45,48251.67,ENVIADO,2024-06-01,PEDIDO COM DATA
9149,447,157,7.0,6127.74,0.0,81.11,42117.41,PAGO,2023-10-14,PEDIDO COM DATA
9151,611,720,7.0,12214.01,0.18,19.97,70128.39,PENDENTE,2022-02-17,PEDIDO COM DATA
9152,828,216,10.0,172.67,0.15,80.39,1499.89,PAGO,2023-08-27,PEDIDO COM DATA
9153,424,350,1.0,5862.25,0.25,142.08,4538.77,ENVIADO,,PEDIDO SEM DATA
9154,170,397,6.0,3437.46,0.24,69.22,15744.04,PAGO,2023-12-27,PEDIDO COM DATA
9155,355,882,5.0,3505.39,0.17,85.02,14632.39,CANCELADO,2024-11-09,PEDIDO COM DATA
9156,418,229,2.0,12458.4,0.0,101.29,25018.09,PAGO,2022-06-14,PEDIDO COM DATA
9158,85,421,10.0,361.25,0.29,13.85,2578.72,CANCELADO,2022-06-13,PEDIDO COM DATA
9159,816,855,3.0,8129.51,0.26,127.82,18175.33,PAGO,2022-04-24,PEDIDO COM DATA
9160,778,138,1.0,9812.57,0.12,84.37,8719.43,CANCELADO,2023-05-11,PEDIDO COM DATA
9161,423,758,4.0,792.12,0.14,62.23,2787.12,CANCELADO,2024-10-15,PEDIDO COM DATA
9162,292,71,9.0,14599.94,0.04,84.31,126227.79,CANCELADO,2024-02-17,PEDIDO COM DATA
9163,4,939,4.0,1212.0,0.23,82.86,3815.82,CANCELADO,2024-03-21,PEDIDO COM DATA
9166,202,9,5.0,722.68,0.01,100.43,3677.7,ENVIADO,2025-02-03,PEDIDO COM DATA
9168,863,201,4.0,7183.53,0.0,62.19,28796.31,PAGO,2024-04-05,PEDIDO COM DATA
9169,346,684,4.0,10006.33,0.0,145.74,30965.24,ENVIADO,2022-10-13,PEDIDO COM DATA
9170,921,285,6.0,2944.02,0.04,147.94,17105.5,PENDENTE,2022-10-10,PEDIDO COM DATA
9173,965,640,10.0,14507.56,0.18,139.78,119101.77,PAGO,2023-09-27,PEDIDO COM DATA
9174,800,873,5.0,10650.74,0.15,135.64,45401.28,PENDENTE,2022-01-07,PEDIDO COM DATA
9177,912,422,9.0,365.6,0.24,41.46,2542.16,CANCELADO,2023-09-28,PEDIDO COM DATA
9178,281,846,4.0,1302.41,0.05,134.29,5083.45,CANCELADO,2022-03-24,PEDIDO COM DATA
9179,526,113,3.0,3776.63,0.18,148.75,9439.26,ENVIADO,2024-05-20,PEDIDO COM DATA
9180,874,734,4.0,673.7,0.0,107.53,2532.85,PAGO,2022-04-19,PEDIDO COM DATA
9181,766,504,4.0,2626.58,0.0,27.9,8748.15,CANCELADO,2023-10-11,PEDIDO COM DATA
9182,464,771,2.0,2443.39,0.08,48.49,4544.33,ENVIADO,,PEDIDO SEM DATA
9186,671,32,7.0,8345.3,0.18,79.55,47981.57,PENDENTE,2022-01-27,PEDIDO COM DATA
9188,871,217,5.0,2679.49,0.18,35.89,11021.8,PENDENTE,2023-06-27,PEDIDO COM DATA
9190,429,316,-1.0,13606.94,0.09,26.85,74320.74,PENDENTE,,PEDIDO SEM DATA
9191,392,226,9.0,10418.84,0.28,99.24,67613.32,PAGO,2022-09-07,PEDIDO COM DATA
9192,74,634,5.0,4803.37,0.12,140.97,21275.8,CANCELADO,2022-01-27,PEDIDO COM DATA
9194,646,740,2.0,12658.49,0.29,110.52,18085.58,PENDENTE,2022-11-01,PEDIDO COM DATA
9195,778,751,8.0,1539.41,0.23,84.43,9567.2,CANCELADO,2023-08-19,PEDIDO COM DATA
9196,537,176,9.0,4897.31,0.21,112.54,34932.41,PAGO,2022-02-21,PEDIDO COM DATA
9199,267,596,-1.0,14640.71,0.13,130.18,76554.69,PENDENTE,2024-06-01,PEDIDO COM DATA
9202,328,387,10.0,6556.25,0.27,65.52,-500.0,PENDENTE,2022-11-24,PEDIDO COM DATA
9203,333,990,4.0,5842.42,0.1,75.92,21108.63,CANCELADO,2022-09-14,PEDIDO COM DATA
9206,977,325,10.0,11906.13,0.16,116.6,100128.09,CANCELADO,2025-02-11,PEDIDO COM DATA
9208,492,781,4.0,6086.42,0.2,77.42,19553.96,ENVIADO,2022-10-26,PEDIDO COM DATA
9209,252,873,8.0,7676.21,0.09,136.81,56019.62,CANCELADO,2025-03-22,PEDIDO COM DATA
9211,385,917,7.0,6362.44,0.1,50.9,40134.27,CANCELADO,2024-03-23,PEDIDO COM DATA
9212,306,660,6.0,4233.03,0.27,143.59,18684.26,CANCELADO,2023-11-25,PEDIDO COM DATA
9213,446,850,8.0,14984.28,0.13,43.82,104334.41,CANCELADO,2023-06-29,PEDIDO COM DATA
9215,801,11,1.0,12727.42,0.3,140.87,9050.06,CANCELADO,2024-01-17,PEDIDO COM DATA
9216,443,429,2.0,4524.32,0.23,80.39,7021.14,PENDENTE,2025-01-15,PEDIDO COM DATA
9217,701,328,2.0,12507.11,0.07,19.73,23282.95,PAGO,2025-01-13,PEDIDO COM DATA
9218,599,331,7.0,10166.18,0.05,96.46,67701.56,PAGO,2022-10-04,PEDIDO COM DATA
9219,908,498,-1.0,6123.29,0.18,137.26,40306.04,ENVIADO,2023-07-26,PEDIDO COM DATA
9222,127,26,7.0,13473.25,0.0,81.73,92508.22,CANCELADO,2025-01-12,PEDIDO COM DATA
9223,67,510,9.0,5167.26,0.0,140.66,34089.56,PENDENTE,2022-07-06,PEDIDO COM DATA
9224,16,94,3.0,8877.9,0.15,92.46,22731.1,PENDENTE,2024-12-22,PEDIDO COM DATA
9226,936,473,4.0,11438.41,0.18,112.27,37630.25,PAGO,2022-08-24,PEDIDO COM DATA
9227,642,175,2.0,8385.27,0.23,113.9,13027.22,CANCELADO,2023-03-15,PEDIDO COM DATA
9228,566,152,1.0,9064.82,0.0,19.8,7906.19,PENDENTE,2024-05-22,PEDIDO COM DATA
9229,940,400,3.0,10053.94,0.03,22.98,29279.95,ENVIADO,2024-11-10,PEDIDO COM DATA
9230,328,677,2.0,8030.67,0.29,73.89,11477.44,ENVIADO,2023-09-03,PEDIDO COM DATA
9231,79,803,3.0,891.11,0.17,122.35,2341.21,PAGO,2024-08-04,PEDIDO COM DATA
9232,901,312,4.0,7843.48,0.12,25.09,27634.14,PAGO,2025-04-08,PEDIDO COM DATA
9233,32,769,4.0,10684.75,0.05,97.2,40699.25,ENVIADO,2022-10-14,PEDIDO COM DATA
9235,978,729,3.0,12543.83,0.24,126.51,28726.44,CANCELADO,2024-12-13,PEDIDO COM DATA
9236,409,570,-5.0,2234.74,0.07,41.27,10432.81,PAGO,2022-05-02,PEDIDO COM DATA
9237,991,979,3.0,10086.36,0.2,84.4,24291.66,PENDENTE,2023-05-02,PEDIDO COM DATA
9239,549,726,8.0,7779.64,0.21,38.66,49205.98,PAGO,2024-01-26,PEDIDO COM DATA
9240,83,896,10.0,10001.26,0.18,21.03,82031.36,PENDENTE,2022-05-20,PEDIDO COM DATA
9241,866,163,7.0,9309.4,0.29,17.49,46285.21,PENDENTE,2024-11-07,PEDIDO COM DATA
9243,466,41,8.0,11544.98,0.26,17.73,-500.0,PAGO,,PEDIDO SEM DATA
9246,772,858,1.0,11052.39,0.15,116.85,9511.38,PAGO,2024-01-15,PEDIDO COM DATA
9247,247,557,8.0,13207.98,0.26,104.46,78295.7,PAGO,2022-01-25,PEDIDO COM DATA
9248,215,817,2.0,8967.05,0.08,110.9,16610.27,ENVIADO,2023-06-17,PEDIDO COM DATA
9249,318,689,6.0,309.28,0.17,89.22,1629.43,ENVIADO,2024-11-22,PEDIDO COM DATA
9250,880,347,6.0,6954.63,0.12,71.89,36792.34,PENDENTE,2024-12-06,PEDIDO COM DATA
9251,432,277,5.0,11478.08,0.26,61.3,42530.2,PAGO,2023-03-14,PEDIDO COM DATA
9253,355,207,3.0,5455.65,0.24,17.66,-500.0,CANCELADO,2022-04-27,PEDIDO COM DATA
9254,495,80,9.0,7047.12,0.25,42.67,47610.73,PAGO,2023-10-11,PEDIDO COM DATA
9255,62,380,3.0,4265.71,0.2,105.72,25248.04,PENDENTE,,PEDIDO SEM DATA
9256,49,19,0.0,5172.38,0.19,126.12,42022.4,CANCELADO,2023-02-18,PEDIDO COM DATA
9258,468,703,4.0,6205.45,0.19,65.99,20171.65,PENDENTE,,PEDIDO SEM DATA
9261,103,178,1.0,69.49,0.0,141.23,210.72,CANCELADO,2023-04-10,PEDIDO COM DATA
9262,615,783,4.0,11503.79,0.05,22.32,43736.72,PENDENTE,2023-05-22,PEDIDO COM DATA
9264,102,331,2.0,8315.29,0.2,24.97,13329.43,PENDENTE,2022-03-17,PEDIDO COM DATA
9266,617,695,9.0,13755.79,0.29,106.51,88006.01,CANCELADO,2023-12-19,PEDIDO COM DATA
9268,336,534,9.0,11715.67,0.26,123.43,78149.79,PAGO,2022-10-11,PEDIDO COM DATA
9269,15,252,8.0,7640.03,0.14,101.65,52665.06,PAGO,2024-09-18,PEDIDO COM DATA
9270,901,892,7.0,3932.0,0.1,23.02,24794.62,CANCELADO,2023-05-30,PEDIDO COM DATA
9273,722,847,7.0,309.78,0.28,95.3,1656.59,CANCELADO,2023-10-31,PEDIDO COM DATA
9275,4,773,2.0,8638.37,0.07,39.96,16107.33,PENDENTE,2024-03-05,PEDIDO COM DATA
9276,393,410,9.0,4242.73,0.1,143.79,25248.04,PENDENTE,2024-11-28,PEDIDO COM DATA
9277,610,636,4.0,5348.72,0.04,98.0,20637.08,ENVIADO,2022-05-28,PEDIDO COM DATA
9278,473,705,5.0,3560.09,0.22,111.14,13995.49,ENVIADO,2024-07-20,PEDIDO COM DATA
9282,167,334,10.0,10406.49,0.09,101.1,94800.16,ENVIADO,2024-04-28,PEDIDO COM DATA
9283,772,320,6.0,13875.44,0.0,110.28,62549.76,PENDENTE,2024-07-31,PEDIDO COM DATA
9284,405,439,6.0,14571.53,0.29,84.67,62159.39,CANCELADO,2023-06-29,PEDIDO COM DATA
9286,790,236,7.0,43.81,0.04,80.39,320.07,PENDENTE,2022-09-13,PEDIDO COM DATA
9287,946,194,5.0,4681.42,0.09,48.28,21348.74,ENVIADO,2022-04-17,PEDIDO COM DATA
9288,304,943,4.0,10551.58,0.14,18.32,36315.76,PENDENTE,2022-11-04,PEDIDO COM DATA
9289,662,331,4.0,4523.29,0.28,82.68,13109.76,ENVIADO,2022-04-10,PEDIDO COM DATA
9291,190,725,2.0,2083.79,0.11,80.39,3815.97,ENVIADO,2024-10-20,PEDIDO COM DATA
9292,982,804,7.0,10348.61,0.09,68.95,65989.6,ENVIADO,2025-01-22,PEDIDO COM DATA
9295,78,922,4.0,14140.17,0.12,18.34,49791.74,PENDENTE,2022-11-05,PEDIDO COM DATA
9297,441,646,10.0,12240.13,0.29,108.54,87013.46,PAGO,2024-07-09,PEDIDO COM DATA
9298,458,979,9.0,115.22,0.06,21.16,995.92,PAGO,2023-03-29,PEDIDO COM DATA
9300,840,398,8.0,6506.19,0.02,80.39,51156.81,PENDENTE,2024-01-02,PEDIDO COM DATA
9301,340,774,5.0,10667.45,0.04,111.45,51315.21,PAGO,2022-10-18,PEDIDO COM DATA
9303,969,954,7.0,13236.17,0.28,98.3,66808.6,PENDENTE,,PEDIDO SEM DATA
9308,649,373,6.0,4701.5,0.23,107.94,21828.87,PENDENTE,2024-12-24,PEDIDO COM DATA
9311,908,218,6.0,380.6,0.11,138.07,2170.47,PAGO,2022-04-09,PEDIDO COM DATA
9313,976,439,3.0,13360.61,0.16,80.39,33734.3,PENDENTE,2025-03-07,PEDIDO COM DATA
9314,407,725,10.0,3878.7,0.08,116.85,35800.89,CANCELADO,,PEDIDO SEM DATA
9315,889,78,10.0,1025.93,0.25,80.84,7775.32,PAGO,2024-02-18,PEDIDO COM DATA
9316,768,899,9.0,5978.81,0.1,83.23,48511.59,CANCELADO,2024-01-11,PEDIDO COM DATA
9319,724,355,4.0,8994.04,0.27,111.1,26373.7,ENVIADO,2024-06-15,PEDIDO COM DATA
9321,466,599,7.0,4907.41,0.17,120.93,28632.98,CANCELADO,2024-12-15,PEDIDO COM DATA
9322,350,112,4.0,10808.72,0.28,29.47,31158.58,CANCELADO,2024-04-28,PEDIDO COM DATA
9325,239,576,3.0,3074.27,0.06,11.02,8680.46,CANCELADO,2023-08-01,PEDIDO COM DATA
9327,86,41,3.0,3146.9,0.13,80.39,8298.1,CANCELADO,2022-04-03,PEDIDO COM DATA
9329,783,278,10.0,13632.63,0.18,80.39,111830.66,PAGO,2024-09-10,PEDIDO COM DATA
9330,449,217,2.0,13944.56,0.24,12.15,21207.88,CANCELADO,2022-02-12,PEDIDO COM DATA
9331,514,45,2.0,6263.75,0.0,131.84,12659.34,CANCELADO,2024-10-28,PEDIDO COM DATA
9332,932,523,3.0,8939.3,0.29,143.89,25248.04,ENVIADO,2024-03-03,PEDIDO COM DATA
9333,384,684,10.0,14761.93,0.16,136.7,124136.91,PENDENTE,2025-04-07,PEDIDO COM DATA
9334,20,685,10.0,11452.19,0.27,119.87,83720.86,CANCELADO,2023-12-03,PEDIDO COM DATA
9335,772,713,6.0,9474.99,0.14,97.4,48988.35,PAGO,2023-01-12,PEDIDO COM DATA
9337,61,301,1.0,3087.92,0.1,120.94,2900.07,PAGO,2024-06-26,PEDIDO COM DATA
9338,559,591,8.0,12656.47,0.11,59.66,90173.73,PENDENTE,,PEDIDO SEM DATA
9339,482,96,5.0,7699.85,0.04,123.45,37082.73,PENDENTE,2022-02-03,PEDIDO COM DATA
9340,688,259,9.0,6547.81,0.0,57.24,44254.96,CANCELADO,2022-08-20,PEDIDO COM DATA
9341,436,845,7.0,3957.04,0.24,82.45,21133.9,PAGO,2022-05-27,PEDIDO COM DATA
9342,611,438,3.0,2136.25,0.07,119.69,6079.83,PENDENTE,2023-05-29,PEDIDO COM DATA
9344,866,161,5.0,14307.03,0.12,144.92,63095.85,PENDENTE,,PEDIDO SEM DATA
9345,139,491,2.0,13943.0,0.0,75.9,25248.04,PAGO,2024-05-25,PEDIDO COM DATA
9346,343,221,1.0,10196.83,0.24,51.22,7800.81,ENVIADO,2023-12-07,PEDIDO COM DATA
9347,926,546,4.0,12233.36,0.02,87.47,48042.24,PENDENTE,2025-02-24,PEDIDO COM DATA
9350,775,825,10.0,8694.01,0.13,100.31,25248.04,PENDENTE,2024-10-07,PEDIDO COM DATA
9352,496,452,2.0,5182.99,0.09,25.62,9458.66,PENDENTE,,PEDIDO SEM DATA
9354,644,689,6.0,14548.59,0.22,47.63,68135.03,PENDENTE,2023-12-16,PEDIDO COM DATA
9355,720,144,5.0,10951.2,0.0,123.41,48308.69,CANCELADO,2024-10-04,PEDIDO COM DATA
9356,303,23,1.0,8493.75,0.09,76.52,7805.83,CANCELADO,2022-07-15,PEDIDO COM DATA
9357,228,869,6.0,5072.99,0.26,123.07,22647.15,PENDENTE,2024-12-02,PEDIDO COM DATA
9359,234,383,10.0,8690.77,0.24,114.09,66163.94,PAGO,2025-04-05,PEDIDO COM DATA
9360,5,679,1.0,8964.76,0.12,16.01,7905.0,PAGO,2022-09-18,PEDIDO COM DATA
9361,631,261,8.0,2662.5,0.07,123.24,19932.24,PAGO,2024-11-14,PEDIDO COM DATA
9362,967,141,10.0,4263.48,0.12,24.34,37542.96,CANCELADO,2022-04-20,PEDIDO COM DATA
9363,705,47,6.0,146.43,0.16,87.88,825.89,ENVIADO,2023-02-18,PEDIDO COM DATA
9364,27,175,9.0,8708.16,0.05,38.24,74493.01,ENVIADO,2023-02-18,PEDIDO COM DATA
9365,174,95,-5.0,11280.2,0.21,82.42,35727.85,CANCELADO,2022-08-25,PEDIDO COM DATA
9366,486,839,5.0,7962.67,0.2,36.0,31886.68,ENVIADO,2022-06-28,PEDIDO COM DATA
9367,261,707,8.0,1385.13,0.01,64.18,11034.41,PAGO,2023-10-10,PEDIDO COM DATA
9368,282,914,4.0,14105.36,0.22,74.01,44082.73,CANCELADO,2025-01-13,PEDIDO COM DATA
9370,460,473,-5.0,7247.65,0.28,129.14,21002.37,PAGO,2022-04-24,PEDIDO COM DATA
9376,879,291,9.0,13453.47,0.04,125.69,25248.04,CANCELADO,2023-03-23,PEDIDO COM DATA
9377,644,1,8.0,5108.78,0.3,55.07,0.0,PENDENTE,2024-10-16,PEDIDO COM DATA
9380,344,362,1.0,1764.05,0.0,52.05,1816.1,PENDENTE,2023-05-06,PEDIDO COM DATA
9382,330,715,9.0,2048.41,0.21,129.99,14694.19,PAGO,2025-04-09,PEDIDO COM DATA
9383,562,217,6.0,2019.77,0.06,12.0,11403.5,PAGO,2023-03-11,PEDIDO COM DATA
9386,699,379,1.0,11004.29,0.0,80.39,9534.53,PAGO,2025-03-29,PEDIDO COM DATA
9388,767,397,10.0,6949.44,0.27,30.18,50761.09,ENVIADO,2022-04-12,PEDIDO COM DATA
9389,815,156,10.0,6664.38,0.2,57.05,53372.09,PAGO,2024-06-12,PEDIDO COM DATA
9393,663,817,4.0,1844.45,0.22,51.37,5806.05,PAGO,2023-07-27,PEDIDO COM DATA
9395,232,478,4.0,4559.13,0.01,99.32,18153.47,PENDENTE,2022-12-22,PEDIDO COM DATA
9396,973,30,-1.0,74.62,0.22,123.94,531.37,PAGO,,PEDIDO SEM DATA
9399,170,211,4.0,4845.99,0.07,44.74,18071.82,CANCELADO,2024-11-23,PEDIDO COM DATA
9400,432,367,9.0,7372.21,0.17,137.67,55208.08,ENVIADO,2022-09-01,PEDIDO COM DATA
9402,103,573,2.0,4111.18,0.27,72.42,6074.74,PENDENTE,,PEDIDO SEM DATA
9403,254,984,2.0,12943.37,0.17,94.87,21580.86,PAGO,2025-02-21,PEDIDO COM DATA
9404,470,143,3.0,3402.33,0.18,104.71,8474.44,PENDENTE,2023-01-29,PEDIDO COM DATA
9407,696,61,10.0,11061.29,0.01,68.77,109575.54,CANCELADO,2022-05-30,PEDIDO COM DATA
9408,805,910,3.0,10404.72,0.2,44.0,25015.33,PAGO,2023-04-15,PEDIDO COM DATA
9412,224,719,10.0,3641.42,0.24,88.82,-500.0,CANCELADO,2024-11-24,PEDIDO COM DATA
9413,674,644,1.0,4871.39,0.01,120.82,0.0,PAGO,2024-07-11,PEDIDO COM DATA
9414,549,722,2.0,10695.52,0.09,36.42,19502.27,ENVIADO,,PEDIDO SEM DATA
9415,200,215,5.0,5454.52,0.27,45.27,19954.27,PENDENTE,2022-10-24,PEDIDO COM DATA
9416,180,546,7.0,8230.26,0.22,15.48,44952.7,PENDENTE,2023-12-08,PEDIDO COM DATA
9417,750,53,1.0,10675.51,0.12,82.25,9476.7,ENVIADO,2022-06-21,PEDIDO COM DATA
9419,667,180,-5.0,4958.06,0.06,24.68,4685.26,PAGO,2023-03-11,PEDIDO COM DATA
9420,816,189,8.0,12648.44,0.0,104.7,25248.04,PAGO,,PEDIDO SEM DATA
9421,872,813,4.0,13651.15,0.09,109.42,49799.61,PAGO,2024-03-27,PEDIDO COM DATA
9422,420,962,4.0,12473.97,0.11,31.3,44438.63,PAGO,2025-04-15,PEDIDO COM DATA
9423,727,751,2.0,4304.88,0.09,136.76,7971.64,PENDENTE,2024-06-12,PEDIDO COM DATA
9426,857,26,7.0,11773.05,0.1,144.68,74314.89,PENDENTE,2024-07-24,PEDIDO COM DATA
9428,747,259,2.0,14114.81,0.16,80.39,23795.45,PENDENTE,2024-07-28,PEDIDO COM DATA
9431,702,452,3.0,8020.38,0.22,83.16,18850.85,CANCELADO,2024-10-13,PEDIDO COM DATA
9432,284,515,5.0,5564.88,0.3,105.81,25248.04,PENDENTE,,PEDIDO SEM DATA
9434,530,862,4.0,7172.31,0.12,147.91,25394.44,PAGO,2024-03-07,PEDIDO COM DATA
9437,585,629,1.0,14055.11,0.17,46.65,0.0,CANCELADO,2023-10-25,PEDIDO COM DATA
9438,60,722,7.0,11936.92,0.0,126.68,83685.12,PAGO,2023-04-23,PEDIDO COM DATA
9439,754,372,9.0,2227.58,0.24,147.18,15383.83,PENDENTE,2024-04-17,PEDIDO COM DATA
9441,197,189,10.0,5464.55,0.07,82.03,50902.34,PENDENTE,2024-12-08,PEDIDO COM DATA
9443,623,765,5.0,474.07,0.13,80.39,2180.81,PENDENTE,2024-06-23,PEDIDO COM DATA
9444,577,398,8.0,907.75,0.22,125.31,5789.67,CANCELADO,2022-03-15,PEDIDO COM DATA
9446,237,90,5.0,9025.84,0.27,34.44,32978.76,ENVIADO,2022-01-20,PEDIDO COM DATA
9448,375,948,4.0,1819.0,0.26,14.3,5398.54,PAGO,2024-11-19,PEDIDO COM DATA
9449,664,118,1.0,9665.55,0.15,69.69,8285.41,PAGO,2024-11-11,PEDIDO COM DATA
9450,13,937,2.0,1277.89,0.26,82.63,25248.04,CANCELADO,2024-02-28,PEDIDO COM DATA
9451,518,631,10.0,3051.74,0.0,10.2,29306.9,CANCELADO,2023-03-08,PEDIDO COM DATA
9452,778,608,7.0,5219.69,0.19,120.4,29716.04,CANCELADO,2023-01-02,PEDIDO COM DATA
9453,698,467,2.0,12000.09,0.15,129.64,20529.79,PAGO,2022-10-23,PEDIDO COM DATA
9455,794,689,7.0,1479.07,0.19,119.95,8506.28,ENVIADO,2024-02-05,PEDIDO COM DATA
9456,258,526,9.0,6576.52,0.09,19.56,53881.26,ENVIADO,2025-01-24,PEDIDO COM DATA
9459,460,978,10.0,2095.92,0.13,17.44,18251.94,ENVIADO,2024-05-30,PEDIDO COM DATA
9461,267,563,1.0,12094.13,0.22,31.87,0.0,PAGO,2023-12-21,PEDIDO COM DATA
9462,946,645,1.0,13436.87,0.03,86.07,13119.83,PENDENTE,2023-01-05,PEDIDO COM DATA
9464,564,644,4.0,11345.92,0.27,129.69,-500.0,PAGO,2022-10-17,PEDIDO COM DATA
9465,927,875,3.0,12355.2,0.0,71.09,28982.26,PAGO,2024-08-23,PEDIDO COM DATA
9466,737,178,10.0,567.43,0.25,104.93,4360.65,PAGO,2024-01-19,PEDIDO COM DATA
9467,271,627,6.0,9321.17,0.06,89.55,52660.95,CANCELADO,2025-03-26,PEDIDO COM DATA
9468,371,507,3.0,8999.53,0.17,31.87,-500.0,PENDENTE,2024-06-24,PEDIDO COM DATA
9470,570,629,8.0,8708.49,0.26,63.98,51618.24,ENVIADO,,PEDIDO SEM DATA
9471,259,990,8.0,4964.87,0.3,103.45,27906.72,CANCELADO,2025-03-18,PEDIDO COM DATA
9472,844,696,1.0,8506.23,0.17,24.09,7084.26,ENVIADO,,PEDIDO SEM DATA
9474,535,780,7.0,10911.45,0.16,41.64,64200.97,PENDENTE,2022-11-05,PEDIDO COM DATA
9477,213,857,5.0,6484.9,0.29,63.77,23085.17,ENVIADO,2024-10-04,PEDIDO COM DATA
9478,372,2,9.0,9804.1,0.28,112.49,63643.06,CANCELADO,2022-04-10,PEDIDO COM DATA
9480,516,729,3.0,8681.46,0.11,80.39,23328.06,ENVIADO,2023-10-20,PEDIDO COM DATA
9483,469,988,9.0,419.0,0.26,44.64,2835.18,PAGO,2023-07-01,PEDIDO COM DATA
9484,127,774,1.0,14500.67,0.09,80.39,13318.11,CANCELADO,2022-08-12,PEDIDO COM DATA
9486,800,875,1.0,2398.72,0.0,72.53,2399.29,ENVIADO,2024-08-07,PEDIDO COM DATA
9488,897,334,2.0,10099.68,0.22,62.68,15818.18,PENDENTE,2023-01-18,PEDIDO COM DATA
9491,565,674,3.0,5746.28,0.28,46.78,12458.74,ENVIADO,2022-12-08,PEDIDO COM DATA
9493,980,191,7.0,6564.75,0.04,143.19,44258.31,PENDENTE,2024-06-05,PEDIDO COM DATA
9495,605,429,6.0,6085.63,0.2,80.39,29249.53,PAGO,2024-03-16,PEDIDO COM DATA
9497,782,692,5.0,7272.64,0.16,80.39,30628.91,PENDENTE,2025-01-09,PEDIDO COM DATA
9498,774,263,2.0,1356.58,0.08,94.81,2590.92,CANCELADO,2022-08-31,PEDIDO COM DATA
9499,268,933,6.0,14547.28,0.03,40.85,84706.02,CANCELADO,2023-10-20,PEDIDO COM DATA
9500,123,399,7.0,7053.24,0.23,11.5,38028.46,CANCELADO,2024-12-07,PEDIDO COM DATA
9501,428,912,5.0,13170.13,0.2,149.83,52830.35,ENVIADO,2022-02-09,PEDIDO COM DATA
9505,458,968,3.0,11831.68,0.0,14.85,35509.89,PAGO,,PEDIDO SEM DATA
9506,205,792,2.0,11414.07,0.17,46.02,18993.38,PENDENTE,2023-12-15,PEDIDO COM DATA
9509,359,622,5.0,7631.72,0.22,80.39,29900.69,ENVIADO,2025-01-29,PEDIDO COM DATA
9510,716,53,1.0,14097.22,0.22,16.11,11011.94,CANCELADO,2022-10-19,PEDIDO COM DATA
9511,416,296,-1.0,8538.4,0.25,56.87,51287.27,ENVIADO,2024-05-16,PEDIDO COM DATA
9512,780,286,7.0,10198.4,0.07,52.28,66443.86,PAGO,2022-08-24,PEDIDO COM DATA
9513,942,501,3.0,2194.14,0.29,46.61,25248.04,PAGO,2022-07-11,PEDIDO COM DATA
9516,967,287,10.0,1763.9,0.01,80.24,17542.85,CANCELADO,2025-03-23,PEDIDO COM DATA
9518,397,424,7.0,6540.66,0.23,25.02,35279.18,PAGO,2023-03-22,PEDIDO COM DATA
9519,291,728,1.0,9587.22,0.14,31.78,8276.79,PAGO,2022-02-10,PEDIDO COM DATA
9520,170,331,10.0,10809.26,0.26,144.56,80133.08,CANCELADO,2025-02-15,PEDIDO COM DATA
9521,85,654,7.0,7016.6,0.22,131.67,0.0,CANCELADO,2023-02-02,PEDIDO COM DATA
9522,706,210,9.0,5234.32,0.09,121.37,42990.45,CANCELADO,2024-09-26,PEDIDO COM DATA
9523,605,745,7.0,694.35,0.29,111.45,3562.37,PENDENTE,2022-09-11,PEDIDO COM DATA
9524,765,772,10.0,8050.58,0.17,121.02,66940.83,CANCELADO,2024-05-08,PEDIDO COM DATA
9525,252,282,4.0,11542.4,0.1,85.72,41638.36,PAGO,2024-11-16,PEDIDO COM DATA
9526,687,175,9.0,1816.91,0.28,60.73,11834.31,PENDENTE,2023-10-29,PEDIDO COM DATA
9527,624,773,10.0,12610.8,0.05,126.64,119929.24,CANCELADO,2023-04-15,PEDIDO COM DATA
9529,842,603,0.0,14873.91,0.07,80.39,96951.12,ENVIADO,2022-04-23,PEDIDO COM DATA
9531,587,565,2.0,13379.28,0.0,41.73,24392.02,PAGO,2022-05-15,PEDIDO COM DATA
9532,837,981,2.0,8502.83,0.04,52.16,16377.59,PAGO,2024-10-21,PEDIDO COM DATA
9534,961,319,10.0,14069.89,0.0,81.22,128117.22,CANCELADO,2024-06-09,PEDIDO COM DATA
9535,547,300,10.0,763.83,0.01,140.23,7702.15,PAGO,2024-06-08,PEDIDO COM DATA
9538,904,962,7.0,8443.55,0.0,53.59,59158.44,PENDENTE,2023-12-19,PEDIDO COM DATA
9539,294,38,6.0,5082.56,0.08,74.54,0.0,CANCELADO,2023-01-01,PEDIDO COM DATA
9540,787,374,3.0,3421.08,0.12,48.16,25248.04,ENVIADO,2024-06-01,PEDIDO COM DATA
9541,126,953,4.0,4414.34,0.14,94.98,15280.31,PENDENTE,2022-06-04,PEDIDO COM DATA
9543,307,795,8.0,3063.89,0.05,81.47,23367.03,PENDENTE,2022-08-30,PEDIDO COM DATA
9544,385,246,-1.0,7068.05,0.26,37.08,41879.94,PENDENTE,2023-09-07,PEDIDO COM DATA
9545,269,217,1.0,13413.13,0.03,31.82,-500.0,PAGO,2022-05-21,PEDIDO COM DATA
9546,557,400,8.0,8620.69,0.14,80.39,59420.1,CANCELADO,2025-01-26,PEDIDO COM DATA
9547,448,574,3.0,12927.7,0.06,50.86,36506.97,PAGO,2022-09-09,PEDIDO COM DATA
9548,945,406,8.0,8243.05,0.25,62.24,49520.54,CANCELADO,2024-11-17,PEDIDO COM DATA
9549,764,624,9.0,12314.06,0.27,27.07,80930.44,ENVIADO,2022-11-03,PEDIDO COM DATA
9550,891,672,9.0,11585.21,0.22,139.25,81467.42,CANCELADO,2024-02-29,PEDIDO COM DATA
9552,254,662,9.0,4260.11,0.19,34.83,31091.03,ENVIADO,2022-03-27,PEDIDO COM DATA
9554,780,85,7.0,1153.65,0.19,143.59,6684.79,ENVIADO,2023-01-21,PEDIDO COM DATA
9557,599,814,9.0,1499.39,0.16,76.4,11411.79,PAGO,2025-02-07,PEDIDO COM DATA
9558,641,42,10.0,757.41,0.23,78.33,5910.39,CANCELADO,2023-07-22,PEDIDO COM DATA
9560,391,219,8.0,9416.7,0.27,145.8,55139.33,CANCELADO,2023-12-03,PEDIDO COM DATA
9564,135,516,9.0,10041.78,0.0,51.97,85909.19,PAGO,2022-11-15,PEDIDO COM DATA
9565,788,717,2.0,5131.66,0.28,51.08,7440.67,CANCELADO,,PEDIDO SEM DATA
9566,52,560,0.0,9087.09,0.23,141.56,42123.92,ENVIADO,2023-07-22,PEDIDO COM DATA
9568,951,48,9.0,7073.08,0.1,66.93,25248.04,ENVIADO,2022-04-02,PEDIDO COM DATA
9569,757,153,5.0,5381.13,0.24,19.87,20468.16,PAGO,2023-10-18,PEDIDO COM DATA
9571,120,548,2.0,3939.67,0.12,66.52,7000.34,PENDENTE,2022-10-05,PEDIDO COM DATA
9573,437,580,4.0,1823.53,0.1,123.96,6688.67,PAGO,2024-05-14,PEDIDO COM DATA
9575,797,960,7.0,11072.75,0.18,116.44,63674.03,PAGO,2022-04-16,PEDIDO COM DATA
9577,455,416,4.0,11757.82,0.21,56.58,37211.29,CANCELADO,2022-10-16,PEDIDO COM DATA
9579,966,310,8.0,14662.23,0.3,56.62,82165.11,PAGO,2025-03-31,PEDIDO COM DATA
9580,365,533,8.0,13773.84,0.12,59.9,97027.73,ENVIADO,2024-04-18,PEDIDO COM DATA
9581,253,974,5.0,3166.71,0.18,24.85,13008.36,PAGO,2024-04-12,PEDIDO COM DATA
9582,594,209,6.0,4272.86,0.16,106.34,21641.55,ENVIADO,2023-03-24,PEDIDO COM DATA
9583,436,769,8.0,12401.65,0.05,118.16,94370.7,CANCELADO,2023-05-15,PEDIDO COM DATA
9584,411,536,8.0,5218.9,0.11,80.39,37245.71,CANCELADO,2023-05-19,PEDIDO COM DATA
9585,260,288,5.0,1565.1,0.06,99.91,7455.88,ENVIADO,2025-01-26,PEDIDO COM DATA
9587,857,663,2.0,10300.15,0.08,53.59,19005.87,ENVIADO,2024-04-12,PEDIDO COM DATA
9588,435,771,10.0,12346.61,0.27,141.76,90272.01,CANCELADO,2024-09-22,PEDIDO COM DATA
9589,850,48,2.0,5970.02,0.12,109.59,10616.83,PENDENTE,2024-12-25,PEDIDO COM DATA
9590,290,853,1.0,6470.8,0.16,135.77,5571.24,ENVIADO,2022-02-15,PEDIDO COM DATA
9592,986,953,10.0,14660.99,0.09,122.93,133537.94,PAGO,2024-10-03,PEDIDO COM DATA
9593,346,119,3.0,11748.85,0.09,65.65,32140.01,PAGO,2023-02-03,PEDIDO COM DATA
9594,945,347,1.0,14806.32,0.2,90.44,-500.0,CANCELADO,2022-12-13,PEDIDO COM DATA
9597,236,609,9.0,153.27,0.06,66.21,1362.87,PAGO,2024-01-07,PEDIDO COM DATA
9598,694,222,9.0,4103.78,0.27,148.19,27110.02,PENDENTE,2023-04-18,PEDIDO COM DATA
9599,233,855,1.0,13083.12,0.2,80.39,10532.17,ENVIADO,2024-07-30,PEDIDO COM DATA
9600,355,307,6.0,11362.2,0.25,48.74,51178.64,PAGO,2023-01-07,PEDIDO COM DATA
9601,720,301,10.0,11827.08,0.17,37.55,98202.31,CANCELADO,2022-03-28,PEDIDO COM DATA
9603,684,781,2.0,8111.14,0.17,16.75,13481.24,ENVIADO,2023-08-03,PEDIDO COM DATA
9606,244,647,3.0,7774.24,0.17,145.62,19503.48,ENVIADO,2023-09-23,PEDIDO COM DATA
9607,519,184,2.0,8542.03,0.0,44.35,14394.96,ENVIADO,,PEDIDO SEM DATA
9608,568,12,1.0,11035.06,0.14,89.41,9579.56,PAGO,2024-02-07,PEDIDO COM DATA
9611,17,856,0.0,13416.11,0.21,102.12,25248.04,PENDENTE,2024-02-23,PEDIDO COM DATA
9613,86,445,8.0,10506.32,0.25,146.4,63184.32,ENVIADO,2024-04-28,PEDIDO COM DATA
9614,737,829,8.0,8379.8,0.29,20.76,47618.02,PAGO,2022-04-25,PEDIDO COM DATA
9615,187,130,9.0,1130.5,0.19,97.45,8338.8,ENVIADO,2024-04-21,PEDIDO COM DATA
9616,512,384,5.0,185.23,0.17,121.58,890.28,PENDENTE,2024-04-15,PEDIDO COM DATA
9618,296,777,5.0,11024.05,0.23,130.73,42573.32,CANCELADO,,PEDIDO SEM DATA
9619,631,201,-1.0,6756.08,0.11,21.48,54137.68,PENDENTE,2024-05-02,PEDIDO COM DATA
9620,877,691,8.0,1554.9,0.0,81.66,0.0,PENDENTE,2023-12-17,PEDIDO COM DATA
9621,397,130,1.0,3767.21,0.02,131.86,25248.04,PAGO,2024-09-18,PEDIDO COM DATA
9622,900,399,6.0,10406.05,0.07,95.1,58160.86,ENVIADO,2025-04-03,PEDIDO COM DATA
9623,380,786,7.0,11839.09,0.12,92.68,73021.47,PAGO,2025-03-04,PEDIDO COM DATA
9626,504,260,2.0,13533.15,0.15,16.76,23023.11,PAGO,2025-01-19,PEDIDO COM DATA
9627,828,781,3.0,6473.22,0.16,138.88,16451.39,CANCELADO,2023-12-08,PEDIDO COM DATA
9628,656,970,2.0,9861.63,0.22,71.29,15455.43,PENDENTE,2024-04-30,PEDIDO COM DATA
9629,15,620,3.0,10567.05,0.19,36.21,25714.14,ENVIADO,2024-01-01,PEDIDO COM DATA
9630,868,495,1.0,1504.0,0.28,112.45,-500.0,CANCELADO,2024-10-12,PEDIDO COM DATA
9632,7,308,3.0,9856.47,0.12,83.48,26104.56,CANCELADO,2022-10-31,PEDIDO COM DATA
9633,997,138,9.0,9993.92,0.11,100.4,25248.04,CANCELADO,2024-08-03,PEDIDO COM DATA
9634,919,391,7.0,11658.66,0.17,116.83,67853.64,ENVIADO,2023-06-02,PEDIDO COM DATA
9635,40,865,5.0,8853.53,0.06,87.78,0.0,PAGO,2022-06-15,PEDIDO COM DATA
9636,64,937,3.0,8318.54,0.27,66.35,18283.95,PENDENTE,2024-01-09,PEDIDO COM DATA
9638,708,146,4.0,11964.77,0.27,91.84,25248.04,PAGO,2025-03-16,PEDIDO COM DATA
9643,376,500,4.0,9568.6,0.06,56.35,36034.29,ENVIADO,2023-03-03,PEDIDO COM DATA
9645,373,444,5.0,11563.49,0.01,55.39,57294.67,ENVIADO,2022-04-01,PEDIDO COM DATA
9646,829,854,4.0,9603.87,0.18,123.61,31624.3,PAGO,2022-12-15,PEDIDO COM DATA
9647,687,493,1.0,12091.9,0.06,93.48,11459.87,ENVIADO,2025-02-03,PEDIDO COM DATA
9648,862,819,4.0,5595.95,0.08,35.27,20628.37,PAGO,2023-01-28,PEDIDO COM DATA
9649,881,2,9.0,7506.63,0.23,81.81,52102.76,PENDENTE,2023-08-23,PEDIDO COM DATA
9650,52,971,9.0,12165.35,0.21,105.79,86601.43,PAGO,2022-06-16,PEDIDO COM DATA
9652,142,676,2.0,4743.9,0.19,149.5,7834.62,ENVIADO,,PEDIDO SEM DATA
9654,30,858,3.0,8993.47,0.23,146.05,20920.97,PAGO,2022-07-30,PEDIDO COM DATA
9656,19,760,10.0,10470.81,0.08,105.72,96437.17,ENVIADO,2023-02-28,PEDIDO COM DATA
9658,764,391,3.0,9338.15,0.09,44.2,25537.35,PENDENTE,2023-08-16,PEDIDO COM DATA
9659,765,63,2.0,11488.81,0.28,135.91,16679.8,CANCELADO,2025-03-11,PEDIDO COM DATA
9660,682,850,10.0,2199.64,0.1,125.79,19922.55,PAGO,2022-05-14,PEDIDO COM DATA
9661,780,934,5.0,14124.84,0.15,53.09,60083.66,PENDENTE,2022-04-26,PEDIDO COM DATA
9662,961,551,3.0,9451.41,0.01,17.47,28088.16,ENVIADO,2022-03-29,PEDIDO COM DATA
9663,912,617,8.0,3986.95,0.01,125.97,31702.61,PAGO,,PEDIDO SEM DATA
9665,449,60,8.0,11701.16,0.01,28.21,92701.4,ENVIADO,2024-10-26,PEDIDO COM DATA
9666,571,494,8.0,10792.34,0.13,110.61,75225.3,PENDENTE,2022-05-15,PEDIDO COM DATA
9667,810,346,4.0,2382.31,0.27,94.37,7050.72,PAGO,2023-08-26,PEDIDO COM DATA
9668,799,616,-1.0,1642.63,0.15,15.93,11185.81,PAGO,2023-09-15,PEDIDO COM DATA
9669,545,815,9.0,301.82,0.13,72.01,2435.26,PAGO,2024-06-06,PEDIDO COM DATA
9671,954,711,2.0,4652.69,0.08,46.37,8607.32,PAGO,2023-06-15,PEDIDO COM DATA
9673,738,2,8.0,6156.67,0.03,80.39,47841.72,ENVIADO,2022-02-23,PEDIDO COM DATA
9676,576,289,2.0,4385.27,0.15,128.2,25248.04,PENDENTE,2023-03-10,PEDIDO COM DATA
9677,236,442,5.0,3769.3,0.29,47.35,13428.36,CANCELADO,2023-03-22,PEDIDO COM DATA
9680,57,133,3.0,12533.05,0.11,93.48,33556.72,CANCELADO,2023-09-07,PEDIDO COM DATA
9681,795,385,9.0,5434.81,0.19,56.54,39676.3,PENDENTE,2023-04-14,PEDIDO COM DATA
9683,940,667,7.0,13990.58,0.11,118.98,87280.29,ENVIADO,2022-10-29,PEDIDO COM DATA
9685,479,849,2.0,12329.74,0.0,94.13,24753.61,PENDENTE,2023-09-02,PEDIDO COM DATA
9686,260,709,6.0,9680.29,0.16,125.64,48914.3,PAGO,2025-04-05,PEDIDO COM DATA
9688,836,983,9.0,5218.43,0.09,17.41,42756.35,PENDENTE,2022-04-22,PEDIDO COM DATA
9690,333,219,3.0,11940.7,0.27,80.47,26230.6,PAGO,2022-02-03,PEDIDO COM DATA
9691,517,48,6.0,9867.92,0.08,116.98,54587.9,ENVIADO,,PEDIDO SEM DATA
9692,688,345,10.0,14739.69,0.1,115.37,-500.0,CANCELADO,2025-04-05,PEDIDO COM DATA
9693,396,490,8.0,9699.69,0.13,137.36,67647.2,ENVIADO,2024-12-06,PEDIDO COM DATA
9695,180,319,9.0,13053.29,0.28,80.39,84622.08,CANCELADO,2024-05-05,PEDIDO COM DATA
9696,569,388,6.0,4227.03,0.18,89.9,20886.89,PAGO,2025-03-24,PEDIDO COM DATA
9697,973,38,6.0,5563.61,0.01,15.37,33063.21,PAGO,2022-03-11,PEDIDO COM DATA
9698,303,866,2.0,11056.46,0.06,45.92,20832.06,ENVIADO,2024-09-19,PEDIDO COM DATA
9699,275,132,8.0,14008.62,0.27,62.02,81872.36,PENDENTE,2025-01-04,PEDIDO COM DATA
9705,624,784,10.0,13495.14,0.11,75.77,120182.52,PAGO,2023-02-28,PEDIDO COM DATA
9707,167,191,9.0,8646.27,0.18,90.3,63899.77,PENDENTE,2023-05-25,PEDIDO COM DATA
9708,429,437,-5.0,14717.8,0.27,84.32,0.0,ENVIADO,2023-04-11,PEDIDO COM DATA
9709,123,980,4.0,3489.09,0.0,97.01,12797.3,PAGO,2024-08-15,PEDIDO COM DATA
9710,480,552,1.0,11154.54,0.05,35.05,10631.86,PAGO,2024-09-05,PEDIDO COM DATA
9712,959,259,6.0,9102.28,0.02,10.15,53531.56,CANCELADO,2024-05-29,PEDIDO COM DATA
9713,365,293,1.0,2358.1,0.25,123.43,1892.0,ENVIADO,,PEDIDO SEM DATA
9714,321,631,10.0,8945.16,0.02,38.23,87700.8,CANCELADO,2022-11-05,PEDIDO COM DATA
9715,304,663,9.0,9042.82,0.0,131.12,73377.96,CANCELADO,,PEDIDO SEM DATA
9718,487,369,8.0,7507.78,0.24,109.99,45757.29,PENDENTE,2022-07-16,PEDIDO COM DATA
9719,5,846,3.0,8659.87,0.0,98.03,20621.92,CANCELADO,2024-03-09,PEDIDO COM DATA
9721,392,433,5.0,3161.05,0.24,121.34,12133.33,PAGO,2024-03-24,PEDIDO COM DATA
9722,397,486,3.0,1509.39,0.17,80.02,3838.4,CANCELADO,2024-03-08,PEDIDO COM DATA
9723,244,108,2.0,3456.83,0.01,24.28,6868.8,PAGO,2022-09-27,PEDIDO COM DATA
9724,294,479,9.0,9277.42,0.12,93.08,73570.25,PENDENTE,2023-02-14,PEDIDO COM DATA
9725,572,676,3.0,11701.65,0.24,29.93,26709.69,PAGO,2024-04-17,PEDIDO COM DATA
9727,825,552,4.0,9482.51,0.18,10.9,31113.53,ENVIADO,2022-12-04,PEDIDO COM DATA
9731,663,139,-5.0,2435.56,0.03,44.94,18944.89,PAGO,,PEDIDO SEM DATA
9732,131,485,10.0,10829.73,0.18,135.99,88939.78,PAGO,2023-12-10,PEDIDO COM DATA
9736,899,518,10.0,5178.54,0.27,88.08,37891.42,CANCELADO,2022-12-12,PEDIDO COM DATA
9737,977,743,8.0,13785.87,0.03,93.98,107072.33,ENVIADO,2024-08-24,PEDIDO COM DATA
9739,722,293,10.0,5045.22,0.14,80.39,43442.09,PENDENTE,2023-09-20,PEDIDO COM DATA
9740,84,647,4.0,14018.93,0.0,75.44,45496.77,PAGO,2022-06-21,PEDIDO COM DATA
9741,847,509,3.0,1426.45,0.12,28.84,3794.67,ENVIADO,2023-04-24,PEDIDO COM DATA
9743,791,394,6.0,2008.69,0.22,146.02,9546.69,PAGO,2022-01-26,PEDIDO COM DATA
9746,682,579,6.0,234.91,0.27,99.47,0.0,PAGO,2022-01-10,PEDIDO COM DATA
9747,59,707,3.0,13283.69,0.26,68.01,29557.8,ENVIADO,2022-06-07,PEDIDO COM DATA
9752,685,522,3.0,4252.16,0.24,139.06,9833.98,PAGO,2022-08-26,PEDIDO COM DATA
9753,631,747,9.0,8188.29,0.01,145.73,73103.39,CANCELADO,2023-11-17,PEDIDO COM DATA
9754,403,317,3.0,2482.43,0.23,123.82,5858.23,CANCELADO,2022-05-18,PEDIDO COM DATA
9756,984,966,-5.0,406.42,0.05,133.08,3221.87,PAGO,2022-03-14,PEDIDO COM DATA
9757,654,231,7.0,13677.61,0.24,141.17,72906.06,PAGO,2024-11-30,PEDIDO COM DATA
9759,220,800,10.0,5334.27,0.0,138.2,52414.05,ENVIADO,2023-12-04,PEDIDO COM DATA
9760,708,172,9.0,7397.68,0.18,79.3,54674.18,ENVIADO,2024-01-01,PEDIDO COM DATA
9761,106,46,1.0,8712.73,0.03,105.23,8556.58,ENVIADO,,PEDIDO SEM DATA
9764,980,765,4.0,13660.74,0.26,123.25,40559.04,PAGO,2025-02-09,PEDIDO COM DATA
9765,923,613,5.0,7044.44,0.15,126.12,30064.99,PAGO,2022-02-16,PEDIDO COM DATA
9770,62,674,8.0,2293.36,0.18,53.6,15098.04,PAGO,2024-12-31,PEDIDO COM DATA
9771,891,711,1.0,12309.02,0.22,100.13,9701.17,ENVIADO,2022-07-16,PEDIDO COM DATA
9772,393,97,3.0,14479.27,0.02,36.98,42606.03,ENVIADO,2022-12-10,PEDIDO COM DATA
9773,257,723,6.0,13510.64,0.27,25.71,59202.31,CANCELADO,2023-11-24,PEDIDO COM DATA
9774,808,988,5.0,2762.56,0.02,138.27,13674.81,PAGO,2023-10-21,PEDIDO COM DATA
9775,826,310,1.0,10341.87,0.14,53.09,8947.1,PENDENTE,2024-07-12,PEDIDO COM DATA
9776,784,92,8.0,13060.05,0.12,147.92,92090.67,PAGO,2023-11-01,PEDIDO COM DATA
9779,643,171,8.0,2342.38,0.15,131.03,16059.21,PAGO,2025-03-08,PEDIDO COM DATA
9780,243,212,4.0,6693.93,0.02,60.18,26300.39,PAGO,2022-08-08,PEDIDO COM DATA
9782,449,632,6.0,6800.19,0.11,60.62,25248.04,PAGO,2024-04-07,PEDIDO COM DATA
9783,181,109,4.0,7420.23,0.28,38.42,21408.68,PAGO,2023-02-28,PEDIDO COM DATA
9784,786,791,9.0,8696.43,0.11,19.06,0.0,PENDENTE,2024-06-09,PEDIDO COM DATA
9785,931,308,10.0,5607.59,0.2,80.39,44952.99,PAGO,2023-12-30,PEDIDO COM DATA
9787,976,377,1.0,3786.53,0.01,140.77,3889.43,ENVIADO,2022-12-31,PEDIDO COM DATA
9789,580,735,4.0,10992.66,0.27,82.02,32180.59,PAGO,2022-06-04,PEDIDO COM DATA
9790,961,955,3.0,3336.09,0.09,123.9,9231.43,ENVIADO,2024-07-30,PEDIDO COM DATA
9793,955,398,6.0,11422.94,0.16,114.31,57685.93,CANCELADO,2022-02-17,PEDIDO COM DATA
9794,64,231,4.0,11006.38,0.05,122.16,41946.4,ENVIADO,2022-06-04,PEDIDO COM DATA
9795,454,945,-5.0,4908.56,0.04,108.08,9532.52,PAGO,2022-12-10,PEDIDO COM DATA
9796,118,80,4.0,14396.82,0.12,130.77,50807.58,ENVIADO,2024-08-14,PEDIDO COM DATA
9799,278,793,3.0,6669.85,0.14,63.65,17271.86,CANCELADO,2022-03-06,PEDIDO COM DATA
9802,992,235,5.0,1686.42,0.04,129.4,8224.22,PAGO,2024-12-17,PEDIDO COM DATA
9805,361,31,10.0,596.28,0.15,105.2,5173.58,PAGO,2024-08-15,PEDIDO COM DATA
9806,265,637,9.0,11230.24,0.12,144.12,89087.62,CANCELADO,2025-01-22,PEDIDO COM DATA
9807,773,218,3.0,12432.27,0.18,76.27,30659.65,ENVIADO,,PEDIDO SEM DATA
9808,505,706,9.0,5392.59,0.14,47.56,41786.21,CANCELADO,2023-06-22,PEDIDO COM DATA
9809,324,962,3.0,7834.94,0.15,61.37,25248.04,PAGO,2023-04-22,PEDIDO COM DATA
9810,456,627,5.0,1618.31,0.25,72.28,6140.94,ENVIADO,2022-11-09,PEDIDO COM DATA
9811,174,76,3.0,5674.37,0.22,99.79,13377.82,ENVIADO,2022-05-21,PEDIDO COM DATA
9812,381,374,10.0,4296.58,0.18,125.7,25248.04,PENDENTE,,PEDIDO SEM DATA
9813,938,636,9.0,3994.12,0.28,79.56,25961.46,PENDENTE,2022-03-30,PEDIDO COM DATA
9814,604,146,5.0,2520.97,0.11,61.85,11280.17,PAGO,2024-02-10,PEDIDO COM DATA
9817,58,672,4.0,5462.8,0.25,80.16,16468.56,PENDENTE,2023-01-22,PEDIDO COM DATA
9819,947,825,2.0,7939.18,0.09,80.39,14506.27,ENVIADO,2025-02-28,PEDIDO COM DATA
9821,135,112,10.0,2673.91,0.17,102.28,22295.73,PAGO,2022-03-05,PEDIDO COM DATA
9822,349,449,7.0,7981.84,0.18,105.16,45920.92,PENDENTE,2022-09-25,PEDIDO COM DATA
9823,843,716,2.0,13802.24,0.17,93.58,23005.3,CANCELADO,,PEDIDO SEM DATA
9825,193,967,4.0,5412.75,0.08,13.46,19932.38,CANCELADO,2024-04-12,PEDIDO COM DATA
9829,970,356,2.0,2923.07,0.22,90.02,4650.01,CANCELADO,,PEDIDO SEM DATA
9830,309,63,3.0,10371.47,0.03,66.74,30247.72,CANCELADO,2023-11-06,PEDIDO COM DATA
9832,471,933,7.0,3451.91,0.21,11.09,19100.15,ENVIADO,2023-01-20,PEDIDO COM DATA
9834,805,263,2.0,13875.95,0.1,66.35,25043.06,PAGO,2024-06-08,PEDIDO COM DATA
9837,878,92,8.0,9862.06,0.11,50.47,70268.34,PAGO,2022-01-28,PEDIDO COM DATA
9839,671,382,6.0,7036.48,0.03,144.14,41096.45,PAGO,2025-01-09,PEDIDO COM DATA
9840,135,820,4.0,4484.87,0.21,135.47,25248.04,CANCELADO,2023-05-03,PEDIDO COM DATA
9841,444,626,2.0,7941.02,0.05,23.06,15111.0,ENVIADO,2023-08-07,PEDIDO COM DATA
9842,227,307,3.0,6851.55,0.07,148.19,19264.01,CANCELADO,2022-04-01,PEDIDO COM DATA
9843,527,987,9.0,4800.05,0.24,78.9,32911.24,PAGO,2023-05-28,PEDIDO COM DATA
9844,626,84,8.0,10111.15,0.08,21.25,25248.04,PENDENTE,2024-06-04,PEDIDO COM DATA
9846,397,710,7.0,11948.27,0.12,38.6,73639.94,CANCELADO,2022-10-13,PEDIDO COM DATA
9848,965,199,6.0,13155.28,0.26,137.29,58546.73,PAGO,2023-11-10,PEDIDO COM DATA
9849,437,976,1.0,8084.36,0.2,118.46,6585.95,ENVIADO,2022-08-10,PEDIDO COM DATA
9851,187,337,8.0,7479.4,0.24,77.7,45552.45,PENDENTE,2024-02-05,PEDIDO COM DATA
9853,107,52,8.0,9141.13,0.06,61.29,68802.59,CANCELADO,2023-04-07,PEDIDO COM DATA
9855,170,818,3.0,6630.69,0.06,11.29,18709.84,PAGO,2022-11-14,PEDIDO COM DATA
9857,233,555,1.0,3292.81,0.14,145.73,2977.55,PAGO,2023-08-26,PEDIDO COM DATA
9858,539,471,7.0,3722.19,0.05,116.51,24869.07,PAGO,2022-01-18,PEDIDO COM DATA
9859,714,457,8.0,9925.1,0.14,38.61,68323.3,PENDENTE,2024-08-16,PEDIDO COM DATA
9861,202,621,3.0,1334.3,0.02,113.74,4036.58,PENDENTE,2024-01-01,PEDIDO COM DATA
9862,602,85,10.0,12387.29,0.28,131.62,25248.04,PAGO,2023-09-22,PEDIDO COM DATA
9864,450,305,10.0,12742.02,0.0,79.05,95644.2,PAGO,2024-06-27,PEDIDO COM DATA
9865,715,981,9.0,5923.45,0.06,101.01,50213.4,ENVIADO,2024-07-27,PEDIDO COM DATA
9868,648,567,1.0,14522.89,0.24,135.04,11172.44,PENDENTE,2025-03-30,PEDIDO COM DATA
9869,700,644,8.0,9822.94,0.16,83.43,66093.59,PENDENTE,2024-07-19,PEDIDO COM DATA
9872,794,697,3.0,4331.21,0.01,119.99,12983.68,CANCELADO,2023-02-25,PEDIDO COM DATA
9874,623,698,7.0,389.2,0.1,78.22,2530.18,PENDENTE,2023-09-15,PEDIDO COM DATA
9876,640,555,8.0,6595.73,0.28,35.2,38026.6,PAGO,2023-02-15,PEDIDO COM DATA
9879,975,937,3.0,6209.52,0.07,31.51,17356.07,ENVIADO,2023-02-20,PEDIDO COM DATA
9880,117,892,8.0,10478.25,0.28,40.87,60395.59,PENDENTE,2024-12-31,PEDIDO COM DATA
9881,52,708,8.0,13111.65,0.03,80.39,101820.52,CANCELADO,2025-03-04,PEDIDO COM DATA
9882,504,299,5.0,2232.13,0.16,137.61,9512.56,CANCELADO,2023-02-23,PEDIDO COM DATA
9883,208,888,2.0,750.32,0.08,11.94,1392.53,PENDENTE,2022-07-09,PEDIDO COM DATA
9884,535,921,8.0,2863.92,0.11,137.44,20528.55,PENDENTE,2023-10-26,PEDIDO COM DATA
9886,991,726,4.0,14177.12,0.15,82.33,48284.54,ENVIADO,2025-04-09,PEDIDO COM DATA
9887,631,326,8.0,7046.36,0.13,134.61,49177.28,ENVIADO,2024-06-06,PEDIDO COM DATA
9889,772,698,10.0,2474.08,0.29,52.02,17617.99,PAGO,,PEDIDO SEM DATA
9890,582,717,4.0,7987.03,0.19,11.01,25888.99,PAGO,2023-05-13,PEDIDO COM DATA
9891,638,757,2.0,6611.49,0.04,11.6,12705.66,PENDENTE,2023-11-10,PEDIDO COM DATA
9892,255,339,1.0,122.2,0.16,41.96,144.61,ENVIADO,2023-04-24,PEDIDO COM DATA
9893,495,779,4.0,3335.32,0.07,69.05,12476.44,ENVIADO,2022-07-18,PEDIDO COM DATA
9894,917,660,7.0,11281.02,0.08,116.2,72765.97,PAGO,2024-12-06,PEDIDO COM DATA
9895,918,402,6.0,9425.81,0.28,129.65,40849.15,PENDENTE,2024-01-22,PEDIDO COM DATA
9898,971,358,8.0,10487.9,0.11,123.93,74797.78,PAGO,2024-03-05,PEDIDO COM DATA
9903,424,819,8.0,3377.66,0.14,55.99,23294.29,ENVIADO,2024-02-12,PEDIDO COM DATA
9904,768,715,10.0,7864.86,0.15,46.59,66897.9,PAGO,2023-11-01,PEDIDO COM DATA
9905,75,109,7.0,3049.27,0.0,140.12,17002.58,PENDENTE,2023-11-13,PEDIDO COM DATA
9906,740,478,1.0,10988.19,0.26,20.96,0.0,ENVIADO,2025-03-08,PEDIDO COM DATA
9907,535,735,9.0,2962.13,0.04,32.5,25625.3,PAGO,2023-08-21,PEDIDO COM DATA
9909,260,391,6.0,9373.79,0.2,21.83,45016.02,CANCELADO,2023-07-12,PEDIDO COM DATA
9910,798,66,3.0,12846.09,0.07,130.63,35971.22,PENDENTE,2024-03-20,PEDIDO COM DATA
9912,120,720,4.0,9346.5,0.05,144.89,35661.59,PAGO,2022-10-02,PEDIDO COM DATA
9913,626,731,2.0,12360.99,0.29,87.85,17640.46,PENDENTE,2022-03-09,PEDIDO COM DATA
9914,627,628,2.0,10069.55,0.2,101.7,16212.98,CANCELADO,2022-09-24,PEDIDO COM DATA
9916,27,256,8.0,4778.31,0.11,113.12,34134.69,ENVIADO,2023-06-14,PEDIDO COM DATA
9917,78,826,7.0,9007.39,0.0,77.73,46105.49,PAGO,2023-07-30,PEDIDO COM DATA
9918,545,704,4.0,3821.9,0.3,132.77,10834.09,ENVIADO,2025-02-05,PEDIDO COM DATA
9919,116,653,2.0,1220.21,0.2,85.5,2037.84,ENVIADO,2022-10-07,PEDIDO COM DATA
9921,74,864,2.0,12084.89,0.04,109.22,23312.21,CANCELADO,2023-08-10,PEDIDO COM DATA
9923,950,429,5.0,5803.65,0.21,48.1,22972.52,ENVIADO,,PEDIDO SEM DATA
9924,911,658,9.0,9618.9,0.0,147.49,70269.27,ENVIADO,2022-09-13,PEDIDO COM DATA
9926,12,966,7.0,12922.16,0.13,51.79,78747.74,ENVIADO,2024-06-10,PEDIDO COM DATA
9927,356,395,1.0,11358.43,0.07,79.57,10642.91,CANCELADO,2022-05-19,PEDIDO COM DATA
9929,516,168,8.0,1267.46,0.0,40.38,25248.04,ENVIADO,2024-03-04,PEDIDO COM DATA
9930,948,857,0.0,8934.43,0.04,111.68,25248.04,PENDENTE,2023-04-05,PEDIDO COM DATA
9931,79,412,4.0,8900.85,0.16,80.39,30048.73,ENVIADO,2022-06-13,PEDIDO COM DATA
9933,372,512,4.0,8472.23,0.11,36.88,30198.02,PENDENTE,2023-03-18,PEDIDO COM DATA
9935,105,402,8.0,5069.2,0.13,71.47,35353.1,PENDENTE,2024-03-09,PEDIDO COM DATA
9936,855,921,5.0,7322.68,0.19,116.17,29773.02,PAGO,2025-01-02,PEDIDO COM DATA
9938,562,96,2.0,11564.06,0.24,80.39,17712.15,PENDENTE,2022-01-14,PEDIDO COM DATA
9942,348,582,2.0,1252.36,0.11,119.41,2348.61,CANCELADO,2022-07-06,PEDIDO COM DATA
9944,172,933,10.0,7620.01,0.0,52.85,76252.95,PAGO,2022-04-25,PEDIDO COM DATA
9946,908,869,2.0,1406.51,0.01,80.13,2865.02,ENVIADO,2025-02-20,PEDIDO COM DATA
9948,367,554,2.0,12096.47,0.04,138.45,23363.67,ENVIADO,2022-03-27,PEDIDO COM DATA
9949,336,861,7.0,1608.74,0.05,125.06,10823.18,PAGO,2024-07-19,PEDIDO COM DATA
9950,343,757,4.0,5273.15,0.17,14.05,17520.91,PENDENTE,2023-01-25,PEDIDO COM DATA
9951,252,188,8.0,4123.22,0.18,25.41,27073.73,PENDENTE,2023-03-30,PEDIDO COM DATA
9952,607,396,3.0,5875.86,0.09,117.63,16158.73,ENVIADO,2024-09-23,PEDIDO COM DATA
9955,573,641,1.0,5892.84,0.15,138.03,5146.94,CANCELADO,2022-01-26,PEDIDO COM DATA
9956,611,943,5.0,2711.54,0.04,15.88,13031.27,ENVIADO,2022-08-27,PEDIDO COM DATA
9957,854,464,8.0,6382.36,0.24,80.39,38945.48,ENVIADO,,PEDIDO SEM DATA
9959,850,960,8.0,12886.62,0.11,36.31,91789.04,PAGO,2025-01-13,PEDIDO COM DATA
9962,582,881,4.0,1294.02,0.02,91.01,5163.57,ENVIADO,2023-04-05,PEDIDO COM DATA
9964,6,675,8.0,583.57,0.19,21.94,3803.47,PAGO,2022-03-06,PEDIDO COM DATA
9965,327,818,5.0,11033.01,0.02,103.75,54165.5,PAGO,2024-11-10,PEDIDO COM DATA
9966,943,364,1.0,10296.33,0.22,78.31,8109.45,PENDENTE,2024-01-02,PEDIDO COM DATA
9967,57,16,6.0,14936.92,0.2,146.16,0.0,ENVIADO,2023-12-28,PEDIDO COM DATA
9969,915,200,10.0,7112.14,0.03,116.87,69104.63,PAGO,2024-02-18,PEDIDO COM DATA
9971,827,745,-1.0,11163.67,0.0,114.46,70445.58,PENDENTE,2023-03-25,PEDIDO COM DATA
9976,21,934,7.0,174.88,0.13,145.64,1210.66,ENVIADO,2024-07-28,PEDIDO COM DATA
9978,595,602,2.0,5311.81,0.05,67.84,10160.28,PAGO,,PEDIDO SEM DATA
9980,188,337,9.0,6509.43,0.28,80.39,42216.27,PAGO,2024-04-19,PEDIDO COM DATA
9981,223,252,5.0,6129.91,0.15,138.58,26190.7,PAGO,2024-05-11,PEDIDO COM DATA
9982,397,242,3.0,13778.03,0.0,86.69,37700.71,PAGO,,PEDIDO SEM DATA
9985,600,522,4.0,11887.22,0.24,92.25,36229.4,CANCELADO,2024-04-12,PEDIDO COM DATA
9986,143,160,8.0,5397.47,0.26,29.87,25248.04,CANCELADO,2023-08-14,PEDIDO COM DATA
9987,664,702,3.0,5699.26,0.2,88.23,0.0,PENDENTE,,PEDIDO SEM DATA
9988,88,416,10.0,5474.68,0.17,84.43,25248.04,PAGO,2022-05-30,PEDIDO COM DATA
9989,3,533,4.0,12496.85,0.2,51.97,40041.89,ENVIADO,2024-06-22,PEDIDO COM DATA
9990,774,549,4.0,1875.02,0.03,52.78,7327.86,CANCELADO,2025-01-28,PEDIDO COM DATA
9991,234,379,6.0,892.83,0.06,69.44,5105.0,CANCELADO,2022-07-05,PEDIDO COM DATA
9994,457,855,4.0,14177.89,0.24,51.56,43152.35,CANCELADO,2022-01-28,PEDIDO COM DATA
9997,276,677,6.0,2260.72,0.07,67.55,25248.04,CANCELADO,2024-02-27,PEDIDO COM DATA
9998,660,765,4.0,532.66,0.2,105.49,1810.0,PAGO,2024-10-21,PEDIDO COM DATA
9999,271,599,2.0,675.71,0.02,109.0,25248.04,CANCELADO,,PEDIDO SEM DATA
10000,119,740,6.0,6746.7,0.24,41.64,30806.59,ENVIADO,2023-08-23,PEDIDO COM DATA
