pagamento_id,pedido_id,forma_pagamento,parcelas,bandeira_cartao,valor_pago,status,data_pagamento,status_data
3,9892,BOLETO,1,SEM BANDEIRA,10951.38,ESTORNADO,2022-04-04,COM DATA
4,4742,PIX,4,SEM BANDEIRA,12999.93,PENDENTE,2022-12-17,COM DATA
5,4011,CARTÃO,8,SEM BANDEIRA,5704.24,ESTORNADO,2023-03-09,COM DATA
7,1490,PIX,2,SEM BANDEIRA,2309.56,PAGO,2022-08-23,COM DATA
8,8798,CARTAO,11,SEM BANDEIRA,5115.83,PENDENTE,2023-09-04,COM DATA
14,1236,DINHEIRO,9,SEM BANDEIRA,1486.67,ESTORNADO,,SEM DATA
17,9261,BOLETO,5,SEM BANDEIRA,3079.8,ESTORNADO,2025-02-27,COM DATA
18,1201,CARTÃO,9,VISA,3992.7,PENDENTE,2022-01-17,COM DATA
19,9087,BOLETO,11,SEM BANDEIRA,1571.73,PAGO,2023-06-25,COM DATA
21,6050,CARTÃO,7,ELO,1929.13,PENDENTE,2024-04-12,COM DATA
25,3115,CARTAO,1,SEM BANDEIRA,10637.6,PAGO,2024-04-16,COM DATA
26,4845,CARTÃO,4,SEM BANDEIRA,6318.29,PENDENTE,2023-10-22,COM DATA
28,758,CARTÃO,0,HIPERCARD,9176.88,PAGO,2022-08-07,COM DATA
29,3586,CARTÃO,12,AMERICAN EXPRESS,7779.01,PAGO,2024-06-25,COM DATA
31,5503,BOLETO,9,SEM BANDEIRA,1227.05,PAGO,2024-03-08,COM DATA
34,2224,DINHEIRO,3,SEM BANDEIRA,773.26,PENDENTE,2022-02-09,COM DATA
35,854,BOLETO,4,SEM BANDEIRA,0.0,ESTORNADO,2024-08-10,COM DATA
36,6044,CARTÃO,10,SEM BANDEIRA,9116.57,PAGO ,,SEM DATA
37,1670,BOLETO,11,SEM BANDEIRA,9014.17,PAGO,2024-01-12,COM DATA
38,7533,CARTÃO,7,SEM BANDEIRA,2658.53,ESTORNADO,2022-06-27,COM DATA
40,8465,CARTÃO,2,SEM BANDEIRA,3635.51,PENDENTE,2023-05-14,COM DATA
41,9529,BOLETO,8,SEM BANDEIRA,8311.02,PENDENTE,2025-01-02,COM DATA
42,3034,CARTÃO,4,SEM BANDEIRA,11084.3,PENDENTE,2024-12-29,COM DATA
44,1214,PIX,3,SEM BANDEIRA,2254.98,ESTORNADO,2024-06-25,COM DATA
45,9643,DINHEIRO,0,SEM BANDEIRA,8538.07,PAGO,2024-07-11,COM DATA
46,7700,BOLETO,1,SEM BANDEIRA,3487.51,ESTORNADO,2024-05-20,COM DATA
47,3684,CARTÃO,5,VISA,12402.93,PAGO,2023-07-12,COM DATA
48,8091,PIX,2,SEM BANDEIRA,8978.59,PENDENTE,2023-07-06,COM DATA
49,2871,DINHEIRO,9,SEM BANDEIRA,9779.61,PENDENTE,2022-11-26,COM DATA
50,8118,BOLETO,11,SEM BANDEIRA,14179.0,ESTORNADO,2025-01-16,COM DATA
52,5092,PIX,9,SEM BANDEIRA,6131.7,PAGO,2024-08-25,COM DATA
53,9032,CARTÃO,0,AMERICAN EXPRESS,7367.205,ESTORNADO,2025-04-02,COM DATA
54,8023,CARTÃO,8,ELO,8087.94,PENDENTE,,SEM DATA
55,6247,CANCELADO,11,SEM BANDEIRA,11890.06,ESTORNADO,2022-02-01,COM DATA
57,589,PIX,4,SEM BANDEIRA,9474.79,PENDENTE,2022-04-05,COM DATA
58,920,BOLETO,6,SEM BANDEIRA,5635.12,Pendente,2025-04-09,COM DATA
59,7556,BOLETO,8,SEM BANDEIRA,3844.79,PAGO,2023-05-28,COM DATA
60,4950,CARTÃO,7,MASTERCARD,12802.97,Pendente,2022-04-11,COM DATA
62,7223,PIX,10,SEM BANDEIRA,5485.62,PAGO,2023-07-13,COM DATA
63,4211,BOLETO,5,SEM BANDEIRA,11203.46,PENDENTE,2024-01-20,COM DATA
64,6465,PIX,0,SEM BANDEIRA,8057.85,PENDENTE,2025-02-23,COM DATA
66,6079,DINHEIRO,10,SEM BANDEIRA,11139.19,PAGO,2023-04-29,COM DATA
69,2859,PIX,11,SEM BANDEIRA,7367.205,Estornado,2024-07-07,COM DATA
72,1875,CARTÃO,7,HIPERCARD,6784.29,PAGO,,SEM DATA
76,8692,CARTÃO,7,MASTERCARD,6309.09,PENDENTE,2022-06-17,COM DATA
80,7539,BOLETO,-5,SEM BANDEIRA,6561.94,PAGO,2024-12-22,COM DATA
82,9237,DINHEIRO,11,SEM BANDEIRA,7367.205,ESTORNADO,2022-06-01,COM DATA
83,7405,PIX,1,SEM BANDEIRA,5543.69,PENDENTE,2022-03-26,COM DATA
84,9367,CARTÃO,0,MASTERCARD,9082.99,ESTORNADO,2024-06-15,COM DATA
85,8587,CARTÃO,6,HIPERCARD,5605.32,PENDENTE,2023-08-05,COM DATA
88,8844,PIX,0,SEM BANDEIRA,5064.73,ESTORNADO,2024-01-17,COM DATA
90,4617,DINHEIRO,9,SEM BANDEIRA,7921.35,PAGO,2022-09-13,COM DATA
91,2627,BOLETO,8,SEM BANDEIRA,13581.49,PAGO,2024-03-01,COM DATA
93,1299,PIX,5,SEM BANDEIRA,7367.205,PAGO,2024-10-20,COM DATA
94,270,CARTÃO,12,VISA,2170.78,PENDENTE,2024-11-05,COM DATA
97,5171,BOLETO,9,SEM BANDEIRA,5985.4,ESTORNADO,2024-01-24,COM DATA
98,6554,DINHEIRO,7,SEM BANDEIRA,5098.77,PAGO,2023-01-05,COM DATA
99,5263,PIX,2,SEM BANDEIRA,4932.24,PENDENTE,2024-06-09,COM DATA
102,4265,DINHEIRO,-1,SEM BANDEIRA,14945.55,PENDENTE,2023-10-17,COM DATA
103,1064,BOLETO,5,SEM BANDEIRA,7367.205,ESTORNADO,2024-01-26,COM DATA
104,9039,CARTÃO,10,ELO,13266.01,PAGO,2022-06-01,COM DATA
105,8477,BOLETO,3,SEM BANDEIRA,13171.84,ESTORNADO,2023-04-07,COM DATA
107,9235,PIX,1,SEM BANDEIRA,1236.72,ESTORNADO,2024-09-16,COM DATA
108,6654,BOLETO,8,SEM BANDEIRA,1113.14,PAGO,2024-03-27,COM DATA
109,6071,PIX,0,SEM BANDEIRA,3641.23,PAGO,2025-03-29,COM DATA
110,3111,CARTÃO,0,HIPERCARD,14939.62,PENDENTE,2023-07-31,COM DATA
111,7711,BOLETO,9,SEM BANDEIRA,142.5,Pago,2022-05-31,COM DATA
114,9223,BOLETO,8,SEM BANDEIRA,7367.205,PENDENTE,2025-03-30,COM DATA
115,842,DINHEIRO,0,SEM BANDEIRA,7873.0,ESTORNADO,2024-10-24,COM DATA
117,3151,CARTÃO,5,ELO,8380.14,PAGO,2023-08-13,COM DATA
120,2588,DINHEIRO,11,SEM BANDEIRA,14026.78,Pendente,2022-03-18,COM DATA
121,2869,DINHEIRO,3,SEM BANDEIRA,14010.16,PAGO,2023-11-18,COM DATA
122,8902,DINHEIRO,3,SEM BANDEIRA,12768.87,PENDENTE,2025-03-08,COM DATA
123,3165,CARTÃO,10,HIPERCARD,12845.07,PENDENTE,2023-04-28,COM DATA
124,4375,BOLETO,5,SEM BANDEIRA,8745.26,ESTORNADO,2023-09-29,COM DATA
125,4834,BOLETO,10,SEM BANDEIRA,3328.32,PAGO,2023-03-24,COM DATA
127,3366,DINHEIRO,2,SEM BANDEIRA,7367.205,PENDENTE,2022-01-07,COM DATA
131,1103,PIX,10,SEM BANDEIRA,522.97,ESTORNADO,2025-03-25,COM DATA
133,6245,BOLETO,12,SEM BANDEIRA,6256.54,PAGO,2025-02-25,COM DATA
134,6825,CARTÃO,7,ELO,3658.02,PAGO,2022-03-22,COM DATA
135,3083,PIX,8,ELO,3149.16,PENDENTE,2023-02-23,COM DATA
136,3922,BOLETO,5,SEM BANDEIRA,5722.31,ESTORNADO,2023-02-21,COM DATA
138,5531,BOLETO,8,SEM BANDEIRA,14498.29,ESTORNADO,2022-05-01,COM DATA
140,4502,BOLETO,1,SEM BANDEIRA,7543.2,ESTORNADO,2023-07-02,COM DATA
144,8857,BOLETO,0,SEM BANDEIRA,11339.03,CANCELADO,,SEM DATA
145,7382,DINHEIRO,4,SEM BANDEIRA,5350.05,PENDENTE,2024-02-18,COM DATA
148,4406,BOLETO,5,SEM BANDEIRA,7367.205,PAGO,2024-07-26,COM DATA
150,2911,DINHEIRO,6,SEM BANDEIRA,4385.89,ESTORNADO,2025-01-22,COM DATA
151,9013,PIX,12,SEM BANDEIRA,6935.1,ESTORNADO,2023-05-11,COM DATA
154,8500,CARTÃO,8,SEM BANDEIRA,7367.205,PENDENTE,2022-10-18,COM DATA
155,5621,DINHEIRO,4,SEM BANDEIRA,7367.205,PENDENTE,2022-12-03,COM DATA
157,7038,DINHEIRO,0,SEM BANDEIRA,10576.94,PAGO,2024-09-29,COM DATA
159,5004,PIX,3,SEM BANDEIRA,5612.12,PAGO,2025-02-10,COM DATA
161,7273,DINHEIRO,3,SEM BANDEIRA,1258.41,PAGO,2022-08-20,COM DATA
162,4390,BOLETO,9,SEM BANDEIRA,12342.71,PAGO,2023-12-15,COM DATA
164,9341,BOLETO,9,SEM BANDEIRA,4230.65,ESTORNADO,2024-04-22,COM DATA
165,4544,CARTÃO,12,MASTERCARD,12993.86,PAGO,,SEM DATA
166,6601,BOLETO,0,SEM BANDEIRA,14046.31,PENDENTE,2024-12-30,COM DATA
167,7040,CARTÃO,8,ELO,7367.205,PENDENTE,,SEM DATA
169,2712,PIX,0,SEM BANDEIRA,9391.55,CANCELADO,2023-12-05,COM DATA
170,6920,CARTÃO,8,VISA,1081.01,PENDENTE,,SEM DATA
171,139,CARTÃO,8,SEM BANDEIRA,5280.79,PAGO,2024-02-26,COM DATA
174,5186,CARTÃO,7,SEM BANDEIRA,12914.99,ESTORNADO,2022-03-23,COM DATA
175,6521,BOLETO,11,SEM BANDEIRA,10695.18,PENDENTE,2022-11-15,COM DATA
177,2685,DINHEIRO,6,SEM BANDEIRA,7367.205,ESTORNADO,2023-07-12,COM DATA
178,4309,PIX,8,SEM BANDEIRA,6838.86,PENDENTE,,SEM DATA
179,4007,PIX,8,SEM BANDEIRA,5472.37,PAGO,2023-10-18,COM DATA
180,1277,BOLETO,0,SEM BANDEIRA,7367.205,PAGO,,SEM DATA
182,5676,PIX,6,SEM BANDEIRA,41.9,ESTORNADO,2023-07-28,COM DATA
185,8781,BOLETO,4,SEM BANDEIRA,6789.72,PENDENTE,2022-10-31,COM DATA
187,1011,CARTÃO,3,ELO,2988.03,PENDENTE,2024-06-27,COM DATA
188,1507,BOLETO,2,SEM BANDEIRA,659.59,Estornado,2023-07-18,COM DATA
189,2436,PIX,10,SEM BANDEIRA,9295.26,PAGO,2023-05-26,COM DATA
190,8908,PIX,7,SEM BANDEIRA,11733.1,PENDENTE,,SEM DATA
192,2847,CARTÃO,4,SEM BANDEIRA,8895.94,ESTORNADO,2024-10-05,COM DATA
194,2321,PIX,9,SEM BANDEIRA,12912.83,PAGO,2024-09-24,COM DATA
196,5214,PIX,11,MASTERCARD,8491.94,PENDENTE,2023-11-19,COM DATA
199,7910,PIX,7,SEM BANDEIRA,14137.79,PAGO,2023-07-31,COM DATA
201,7759,PIX,0,SEM BANDEIRA,11777.45,PENDENTE,2024-06-19,COM DATA
202,3707,BOLETO,10,SEM BANDEIRA,943.36,ESTORNADO,2024-05-07,COM DATA
204,3158,CARTÃO,1,HIPERCARD,6362.16,ESTORNADO,2025-02-13,COM DATA
205,5344,BOLETO,9,SEM BANDEIRA,6883.19,PAGO,2023-08-09,COM DATA
208,6829,PIX,4,SEM BANDEIRA,6636.91,PENDENTE,2024-12-09,COM DATA
209,475,CARTÃO,4,VISA,13130.2,PAGO,2022-09-11,COM DATA
210,3964,BOLETO,8,SEM BANDEIRA,8918.77,PAGO,2022-11-30,COM DATA
213,9199,BOLETO,5,SEM BANDEIRA,10272.51,PENDENTE,2024-11-25,COM DATA
215,3644,DINHEIRO,11,SEM BANDEIRA,5390.29,PENDENTE,2023-01-10,COM DATA
216,5500,PIX,4,SEM BANDEIRA,5342.15,ESTORNADO,2025-04-03,COM DATA
218,2955,PIX,8,SEM BANDEIRA,5002.79,PAGO,2022-09-23,COM DATA
220,5642,BOLETO,3,SEM BANDEIRA,1558.57,ESTORNADO,2022-10-02,COM DATA
221,8032,BOLETO,4,SEM BANDEIRA,2489.95,PENDENTE,2022-03-18,COM DATA
222,4191,CARTAO,10,SEM BANDEIRA,14920.31,ESTORNADO,2022-01-20,COM DATA
224,3305,BOLETO,12,SEM BANDEIRA,6158.15,PAGO,2025-03-21,COM DATA
226,5124,DINHEIRO,12,SEM BANDEIRA,1756.2,PAGO,2023-12-03,COM DATA
227,6567,DINHEIRO,8,SEM BANDEIRA,4092.06,PENDENTE,2024-05-02,COM DATA
228,7909,DINHEIRO,3,SEM BANDEIRA,9177.62,PENDENTE,2022-05-10,COM DATA
229,5149,PIX,12,SEM BANDEIRA,13027.62,ESTORNADO,2023-12-10,COM DATA
231,9020,DINHEIRO,0,SEM BANDEIRA,12260.21,PAGO,2024-04-06,COM DATA
232,9129,PIX,2,SEM BANDEIRA,11880.91,ESTORNADO,2023-11-11,COM DATA
233,9830,DINHEIRO,12,SEM BANDEIRA,9864.36,ESTORNADO,,SEM DATA
234,8068,CARTÃO,12,VISA,11142.81,PENDENTE,,SEM DATA
235,2019,CARTAO,0,SEM BANDEIRA,9883.68,ESTORNADO,2025-03-30,COM DATA
238,2174,CARTÃO,9,ELO,8146.52,ESTORNADO,2024-12-29,COM DATA
240,8867,PIX,6,SEM BANDEIRA,12214.11,PAGO,2024-03-04,COM DATA
241,5123,PIX,1,SEM BANDEIRA,11160.18,PAGO,2023-02-01,COM DATA
242,2907,PIX,3,SEM BANDEIRA,14437.88,ESTORNADO,,SEM DATA
243,9780,PIX,11,SEM BANDEIRA,9241.82,ESTORNADO,2024-10-31,COM DATA
245,7302,CARTÃO,11,MASTERCARD,9213.24,ESTORNADO,2024-11-24,COM DATA
246,6144,DINHEIRO,8,SEM BANDEIRA,676.9,ESTORNADO,2023-03-13,COM DATA
247,6951,PIX,4,SEM BANDEIRA,8075.56,ESTORNADO,2023-05-31,COM DATA
248,9421,CARTÃO,5,SEM BANDEIRA,6126.34,Estornado,2022-05-29,COM DATA
249,8239,PIX,5,SEM BANDEIRA,11807.64,pago,2025-01-22,COM DATA
250,2361,BOLETO,11,SEM BANDEIRA,13306.93,CANCELADO,2023-03-07,COM DATA
253,7384,BOLETO,10,SEM BANDEIRA,9898.15,pago,2023-07-21,COM DATA
254,2201,BOLETO,8,SEM BANDEIRA,6953.47,PENDENTE,2022-06-06,COM DATA
258,5310,PIX,12,SEM BANDEIRA,14527.25,ESTORNADO,2024-11-24,COM DATA
259,3652,DINHEIRO,-1,SEM BANDEIRA,12262.21,PENDENTE,2022-11-19,COM DATA
261,8400,PIX,10,SEM BANDEIRA,2220.04,PAGO,2022-06-25,COM DATA
262,9938,DINHEIRO,8,SEM BANDEIRA,2575.09,PENDENTE,2022-05-21,COM DATA
266,1747,CARTÃO,7,ELO,9780.61,PENDENTE,2024-09-15,COM DATA
267,9161,DINHEIRO,5,SEM BANDEIRA,14827.85,ESTORNADO,2022-07-25,COM DATA
268,6563,BOLETO,0,SEM BANDEIRA,9218.1,ESTORNADO,2024-01-30,COM DATA
270,551,PIX,10,ELO,2558.85,PAGO,2022-02-01,COM DATA
271,1125,PIX,9,SEM BANDEIRA,7367.205,ESTORNADO,2024-11-02,COM DATA
273,9615,PIX,0,SEM BANDEIRA,1761.7,PAGO,2023-06-24,COM DATA
274,1524,DINHEIRO,11,SEM BANDEIRA,11236.85,PENDENTE,2023-01-25,COM DATA
275,3272,CARTÃO,12,MASTERCARD,3646.01,PENDENTE,2024-10-05,COM DATA
276,8872,PIX,8,SEM BANDEIRA,5580.52,PENDENTE,2025-03-27,COM DATA
279,6564,BOLETO,8,SEM BANDEIRA,2714.74,PAGO,2024-08-26,COM DATA
282,4664,BOLETO,6,SEM BANDEIRA,10104.43,PENDENTE,2025-03-16,COM DATA
283,1169,PIX,3,SEM BANDEIRA,5167.51,PENDENTE,2024-12-02,COM DATA
284,6783,CARTÃO,3,SEM BANDEIRA,12816.09,PAGO,2024-08-27,COM DATA
287,9241,DINHEIRO,0,SEM BANDEIRA,9604.0,ESTORNADO,2024-12-07,COM DATA
288,2234,BOLETO,0,SEM BANDEIRA,7048.59,PAGO,2025-02-22,COM DATA
289,4095,CARTAO,12,HIPERCARD,11062.03,PENDENTE,2024-12-25,COM DATA
290,6766,CARTÃO,2,SEM BANDEIRA,7367.205,PENDENTE,2023-01-16,COM DATA
293,550,CARTÃO,8,AMERICAN EXPRESS,11035.14,PAGO,2025-01-30,COM DATA
294,4151,DINHEIRO,11,SEM BANDEIRA,4496.22,PENDENTE,,SEM DATA
295,9521,DINHEIRO,12,SEM BANDEIRA,8951.26,PENDENTE,2022-11-12,COM DATA
296,1760,CARTÃO,8,SEM BANDEIRA,3505.47,ESTORNADO,2024-09-20,COM DATA
297,9160,BOLETO,9,SEM BANDEIRA,10461.63,PAGO,2024-07-09,COM DATA
298,4315,BOLETO,8,SEM BANDEIRA,30.78,ESTORNADO,2024-03-04,COM DATA
299,8152,CARTÃO,10,SEM BANDEIRA,0.0,PENDENTE,2022-03-07,COM DATA
301,6815,BOLETO,12,SEM BANDEIRA,0.0,ESTORNADO,2023-01-24,COM DATA
302,4076,CARTÃO,9,SEM BANDEIRA,11242.93,PENDENTE,2024-04-02,COM DATA
303,2592,DINHEIRO,6,SEM BANDEIRA,13539.22,ESTORNADO,2025-01-31,COM DATA
305,9072,CARTÃO,2,MASTERCARD,585.29,PENDENTE,2022-06-08,COM DATA
307,7116,DINHEIRO,0,SEM BANDEIRA,7367.205,PAGO,2024-03-15,COM DATA
310,9731,PIX,5,SEM BANDEIRA,2555.44,PENDENTE,2022-04-22,COM DATA
312,302,PIX,10,SEM BANDEIRA,13592.48,Estornado,2024-01-08,COM DATA
315,483,BOLETO,4,SEM BANDEIRA,2292.59,PENDENTE,2023-10-02,COM DATA
316,5396,DINHEIRO,9,SEM BANDEIRA,1993.95,ESTORNADO,2022-10-25,COM DATA
317,9255,CARTÃO,6,SEM BANDEIRA,1035.85,ESTORNADO,2024-06-26,COM DATA
318,4486,CARTÃO,4,VISA,1619.44,PAGO,2024-09-03,COM DATA
320,1084,CARTÃO,8,SEM BANDEIRA,13009.59,Estornado,2025-03-17,COM DATA
321,8606,PIX,0,SEM BANDEIRA,1657.56,Pagoo,2023-08-20,COM DATA
322,4990,BOLETO,8,SEM BANDEIRA,2513.97,PENDENTE,2025-01-24,COM DATA
323,6776,BOLETO,8,SEM BANDEIRA,393.18,PENDENTE,2024-07-09,COM DATA
325,841,DINHEIRO,5,SEM BANDEIRA,4656.58,PENDENTE,2025-01-18,COM DATA
326,9962,DINHEIRO,4,SEM BANDEIRA,7367.205,ESTORNADO,2023-01-14,COM DATA
328,2907,DINHEIRO,12,SEM BANDEIRA,8692.92,PAGO,2022-09-07,COM DATA
330,5186,BOLETO,9,SEM BANDEIRA,8635.64,ESTORNADO,2023-08-18,COM DATA
331,26,PIX,1,SEM BANDEIRA,7367.205,PAGO,2023-07-31,COM DATA
332,1112,BOLETO,5,SEM BANDEIRA,7610.21,PENDENTE,2024-09-08,COM DATA
334,5435,BOLETO,2,SEM BANDEIRA,14544.81,PENDENTE,2023-09-24,COM DATA
335,5153,PIX,5,SEM BANDEIRA,7367.205,PENDENTE,2022-07-09,COM DATA
336,409,DINHEIRO,9,SEM BANDEIRA,2328.09,PENDENTE,2022-09-29,COM DATA
338,3439,BOLETO,4,SEM BANDEIRA,2904.33,PENDENTE,2025-01-16,COM DATA
339,5219,BOLETO,3,SEM BANDEIRA,14150.3,Pago,2022-04-21,COM DATA
340,6422,CARTÃO,12,SEM BANDEIRA,8949.9,ESTORNADO,2024-08-11,COM DATA
341,1523,DINHEIRO,2,SEM BANDEIRA,6844.65,ESTORNADO,2023-11-08,COM DATA
342,5321,DINHEIRO,8,SEM BANDEIRA,473.36,PENDENTE,2022-08-08,COM DATA
343,1163,BOLETO,9,SEM BANDEIRA,6925.4,pago,2024-06-10,COM DATA
345,9772,DINHEIRO,6,SEM BANDEIRA,7424.54,ESTORNADO,2024-12-24,COM DATA
347,8363,DINHEIRO,0,SEM BANDEIRA,12790.53,PAGO,2024-03-18,COM DATA
349,2360,DINHEIRO,11,SEM BANDEIRA,6562.29,PAGO,2024-05-18,COM DATA
350,7374,DINHEIRO,6,SEM BANDEIRA,3401.6,PENDENTE,2025-03-09,COM DATA
351,6039,PIX,10,SEM BANDEIRA,7233.36,ESTORNADO,2022-07-01,COM DATA
352,1280,BOLETO,10,SEM BANDEIRA,810.56,PENDENTE,2022-03-14,COM DATA
355,8641,PIX,6,SEM BANDEIRA,14761.39,PAGO,,SEM DATA
357,6259,BOLETO,9,SEM BANDEIRA,10249.49,PAGO,2022-07-21,COM DATA
359,8606,CANCELADO,11,SEM BANDEIRA,6700.21,PAGO,2022-09-03,COM DATA
361,5299,BOLETO,-5,SEM BANDEIRA,11715.35,pago,2022-10-22,COM DATA
365,4751,CARTÃO,3,SEM BANDEIRA,8326.04,PENDENTE,,SEM DATA
366,9715,CARTÃO,8,SEM BANDEIRA,5843.74,ESTORNADO,2022-03-29,COM DATA
367,3469,DINHEIRO,-1,SEM BANDEIRA,13055.6,CANCELADO,2022-12-19,COM DATA
368,5036,PIX,8,SEM BANDEIRA,9176.16,ESTORNADO,2024-04-03,COM DATA
369,9437,CARTÃO,6,VISA,12549.68,PAGO,,SEM DATA
372,8687,PIX,10,SEM BANDEIRA,7367.205,ESTORNADO,2022-12-28,COM DATA
374,1902,PIX,4,SEM BANDEIRA,10826.62,ESTORNADO,2023-02-14,COM DATA
376,526,PIX,5,SEM BANDEIRA,2064.79,PENDENTE,2025-03-29,COM DATA
377,3764,PIX,7,SEM BANDEIRA,12857.47,PENDENTE,2022-11-02,COM DATA
378,84,DINHEIRO,1,SEM BANDEIRA,620.08,PENDENTE,2024-04-12,COM DATA
379,2175,BOLETO,5,SEM BANDEIRA,3601.15,PAGO,2024-04-10,COM DATA
380,6069,DINHEIRO,12,SEM BANDEIRA,9508.37,ESTORNADO,2023-03-01,COM DATA
382,5488,CARTÃO,9,SEM BANDEIRA,1721.09,PENDENTE,2024-05-16,COM DATA
383,1039,BOLETO,6,SEM BANDEIRA,6797.11,ESTORNADO,2022-05-15,COM DATA
384,7502,PIX,2,SEM BANDEIRA,5872.42,PAGO,2023-08-24,COM DATA
385,8871,CARTÃO,-1,SEM BANDEIRA,5213.57,PENDENTE,2023-10-31,COM DATA
386,8687,DINHEIRO,8,SEM BANDEIRA,4575.15,PAGO,2022-12-07,COM DATA
387,2635,BOLETO,3,SEM BANDEIRA,14598.63,ESTORNADO,2023-10-12,COM DATA
388,2424,PIX,8,SEM BANDEIRA,8107.2,PAGO,2024-11-05,COM DATA
389,4843,DINHEIRO,5,SEM BANDEIRA,7367.205,ESTORNADO,2022-08-28,COM DATA
391,6463,CARTÃO,8,AMERICAN EXPRESS,4780.01,ESTORNADO,2023-12-21,COM DATA
394,4743,DINHEIRO,1,SEM BANDEIRA,12345.53,PENDENTE,2022-09-12,COM DATA
396,1960,PIX,9,SEM BANDEIRA,10999.7,PAGO,,SEM DATA
402,5760,PIX,2,SEM BANDEIRA,2200.44,ESTORNADO,2025-03-30,COM DATA
403,8665,CARTÃO,12,MASTERCARD,2889.38,PENDENTE,2023-01-15,COM DATA
404,1759,CARTÃO,6,MASTERCARD,14719.89,PENDENTE,2023-08-14,COM DATA
406,7794,BOLETO,3,SEM BANDEIRA,211.53,ESTORNADO,,SEM DATA
408,9883,DINHEIRO,8,SEM BANDEIRA,7680.99,PAGO,2022-02-24,COM DATA
410,8857,PIX,1,SEM BANDEIRA,0.0,PAGO,2024-10-03,COM DATA
411,5120,DINHEIRO,8,SEM BANDEIRA,11464.89,ESTORNADO,2024-02-13,COM DATA
412,5780,BOLETO,6,SEM BANDEIRA,940.13,ESTORNADO,2024-01-02,COM DATA
414,6901,BOLETO,1,SEM BANDEIRA,10445.46,ESTORNADO,2024-10-26,COM DATA
416,1507,PIX,-5,SEM BANDEIRA,5065.83,PAGO,2023-05-30,COM DATA
417,7426,CARTÃO,1,MASTERCARD,9425.1,ESTORNADO,2024-06-07,COM DATA
421,1480,DINHEIRO,12,SEM BANDEIRA,12644.4,PAGO,2022-07-04,COM DATA
422,2004,BOLETO,6,SEM BANDEIRA,12488.37,ESTORNADO,2022-04-25,COM DATA
424,896,CARTÃO,5,SEM BANDEIRA,8299.86,PENDENTE,2024-03-15,COM DATA
425,4187,BOLETO,0,SEM BANDEIRA,14046.11,PAGO,2022-06-14,COM DATA
426,8056,DINHEIRO,12,SEM BANDEIRA,6206.16,PENDENTE,2023-11-01,COM DATA
428,6723,BOLETO,8,SEM BANDEIRA,7185.91,ESTORNADO,2025-03-14,COM DATA
430,7130,DINHEIRO,11,SEM BANDEIRA,7422.35,PAGO,2023-08-03,COM DATA
431,3103,DINHEIRO,0,SEM BANDEIRA,6139.69,PAGO,2022-09-30,COM DATA
432,6514,CANCELADO,-5,SEM BANDEIRA,5764.76,PENDENTE,,SEM DATA
433,6242,BOLETO,7,SEM BANDEIRA,10075.51,PAGO,2022-10-18,COM DATA
434,5133,PIX,3,SEM BANDEIRA,7498.18,PENDENTE,2023-10-09,COM DATA
435,8050,PIX,-1,SEM BANDEIRA,7367.205,ESTORNADO,,SEM DATA
436,9190,DINHEIRO,8,SEM BANDEIRA,7404.97,ESTORNADO,2025-04-14,COM DATA
438,7862,CANCELADO,11,SEM BANDEIRA,14328.92,ESTORNADO,2023-03-09,COM DATA
439,4636,BOLETO,1,SEM BANDEIRA,11162.12,ESTORNADO,2024-04-04,COM DATA
441,6932,PIX,-5,SEM BANDEIRA,12168.7,ESTORNADO,2024-12-15,COM DATA
447,7296,DINHEIRO,8,SEM BANDEIRA,7367.205,PENDENTE,2024-10-12,COM DATA
450,6396,DINHEIRO,11,SEM BANDEIRA,9794.45,PENDENTE,2024-10-04,COM DATA
451,6816,DINHEIRO,5,SEM BANDEIRA,3536.09,ESTORNADO,2023-11-23,COM DATA
452,3715,PIX,9,SEM BANDEIRA,3376.95,PENDENTE,2022-08-02,COM DATA
453,7174,PIX,2,SEM BANDEIRA,14620.4,ESTORNADO,2024-11-02,COM DATA
455,6800,BOLETO,11,SEM BANDEIRA,9981.63,PAGO,2022-03-02,COM DATA
456,163,PIX,-1,SEM BANDEIRA,5087.79,Estornado,2023-08-29,COM DATA
457,9071,BOLETO,12,SEM BANDEIRA,11145.61,PENDENTE,2024-06-24,COM DATA
458,6628,CARTÃO,5,ELO,1282.53,ESTORNADO,2023-11-29,COM DATA
460,2044,DINHEIRO,5,SEM BANDEIRA,8595.08,PAGO,2023-04-24,COM DATA
462,7803,CARTÃO,8,AMERICAN EXPRESS,1189.53,ESTORNADO,2024-09-29,COM DATA
465,4645,CARTÃO,3,VISA,12290.49,PENDENTE,2024-08-31,COM DATA
466,9924,CARTÃO,3,HIPERCARD,7581.36,PENDENTE,2023-11-26,COM DATA
467,7260,BOLETO,11,SEM BANDEIRA,1346.18,PAGO,2025-03-27,COM DATA
471,9782,CARTÃO,8,HIPERCARD,7639.15,Pago,2023-07-06,COM DATA
473,6943,DINHEIRO,0,SEM BANDEIRA,35.0,PENDENTE,2023-03-12,COM DATA
474,8362,BOLETO,1,SEM BANDEIRA,2438.02,ESTORNADO,2023-10-14,COM DATA
475,5614,BOLETO,12,SEM BANDEIRA,0.0,PAGO,2022-12-22,COM DATA
480,7438,PIX,7,SEM BANDEIRA,9621.67,ESTORNADO,2022-03-31,COM DATA
482,3226,CARTÃO,6,SEM BANDEIRA,4675.87,ESTORNADO,2023-05-04,COM DATA
485,7606,DINHEIRO,10,SEM BANDEIRA,9296.07,PENDENTE,2025-03-19,COM DATA
486,8338,BOLETO,-1,SEM BANDEIRA,6326.68,ESTORNADO,2025-01-13,COM DATA
487,2416,DINHEIRO,5,SEM BANDEIRA,9057.88,PENDENTE,2023-12-06,COM DATA
491,2856,BOLETO,9,SEM BANDEIRA,3704.54,PAGO,2023-03-07,COM DATA
493,4007,PIX,-5,SEM BANDEIRA,8818.14,ESTORNADO,2022-06-16,COM DATA
494,1063,CARTÃO,9,AMERICAN EXPRESS,5833.98,ESTORNADO,2025-04-05,COM DATA
495,9568,PIX,4,SEM BANDEIRA,3308.5,PAGO,2022-10-03,COM DATA
496,4835,DINHEIRO,9,SEM BANDEIRA,5286.59,ESTORNADO,2023-01-03,COM DATA
497,4352,PIX,6,SEM BANDEIRA,7367.205,PENDENTE,2023-07-17,COM DATA
499,2446,DINHEIRO,4,SEM BANDEIRA,3419.36,ESTORNADO,2023-01-20,COM DATA
500,6844,CARTÃO,8,VISA,6760.58,Pendente,2024-05-21,COM DATA
501,6609,BOLETO,6,SEM BANDEIRA,8812.59,ESTORNADO,2024-02-20,COM DATA
502,6401,PIX,9,SEM BANDEIRA,5808.78,PENDENTE,,SEM DATA
506,2870,DINHEIRO,4,SEM BANDEIRA,2710.08,ESTORNADO,2023-07-15,COM DATA
507,8811,BOLETO,11,SEM BANDEIRA,13746.12,ESTORNADO,2024-04-19,COM DATA
508,4142,CARTÃO,9,VISA,7367.205,PAGO,2022-10-07,COM DATA
513,3503,PIX,6,SEM BANDEIRA,7367.205,PAGO,2023-09-10,COM DATA
514,8186,PIX,12,SEM BANDEIRA,8052.0,ESTORNADO,2022-12-26,COM DATA
518,6251,PIX,-1,SEM BANDEIRA,6646.57,PAGO,2023-02-23,COM DATA
521,2504,CARTÃO,0,HIPERCARD,5719.14,PENDENTE,2024-10-22,COM DATA
522,6132,DINHEIRO,7,SEM BANDEIRA,7367.205,PENDENTE,2024-06-12,COM DATA
523,5712,DINHEIRO,0,SEM BANDEIRA,10333.57,Pendente,2022-10-30,COM DATA
524,7463,BOLETO,5,SEM BANDEIRA,3726.27,ESTORNADO,2023-01-22,COM DATA
525,2717,DINHEIRO,5,SEM BANDEIRA,10383.72,ESTORNADO,2022-10-20,COM DATA
527,2982,PIX,8,SEM BANDEIRA,8515.04,PAGO,2022-08-12,COM DATA
531,4073,BOLETO,-5,SEM BANDEIRA,7367.205,ESTORNADO,2023-04-24,COM DATA
534,479,CARTÃO,6,MASTERCARD,13541.67,PENDENTE,2023-11-13,COM DATA
535,9437,PIX,11,SEM BANDEIRA,5161.52,ESTORNADO,2023-11-28,COM DATA
536,3083,PIX,10,SEM BANDEIRA,5528.7,PENDENTE,2022-09-16,COM DATA
537,9857,CARTÃO,2,HIPERCARD,5941.78,ESTORNADO,2022-03-12,COM DATA
540,4627,CARTÃO,12,VISA,12846.66,PENDENTE,2022-10-09,COM DATA
541,7905,CARTAO,3,SEM BANDEIRA,3162.3,ESTORNADO,2022-12-11,COM DATA
542,1574,BOLETO,8,SEM BANDEIRA,7367.205,PAGO,2024-09-27,COM DATA
544,8352,CARTÃO,1,HIPERCARD,8811.02,ESTORNADO,2022-07-23,COM DATA
545,8807,CARTÃO,7,HIPERCARD,12196.76,PAGO,2022-09-12,COM DATA
547,2044,BOLETO,6,SEM BANDEIRA,7367.205,PAGO,2024-10-01,COM DATA
550,9235,CARTÃO,7,HIPERCARD,12327.09,PENDENTE,2022-07-02,COM DATA
552,5717,BOLETO,9,SEM BANDEIRA,4080.39,PAGO,2024-04-04,COM DATA
553,2091,BOLETO,1,SEM BANDEIRA,10306.14,ESTORNADO,2024-05-06,COM DATA
557,694,DINHEIRO,3,SEM BANDEIRA,10124.34,Pagoo,2023-05-27,COM DATA
559,8000,PIX,6,SEM BANDEIRA,108.25,PENDENTE,2024-12-19,COM DATA
560,2519,DINHEIRO,2,SEM BANDEIRA,13698.37,PAGO,2024-06-17,COM DATA
561,7199,CARTÃO,0,VISA,5318.99,Pagoo,2023-02-12,COM DATA
564,8377,CARTÃO,4,ELO,4231.46,PAGO,2023-01-07,COM DATA
566,6981,DINHEIRO,0,SEM BANDEIRA,7367.205,ESTORNADO,2022-04-17,COM DATA
567,5270,CARTÃO,5,VISA,7091.43,ESTORNADO,2022-09-24,COM DATA
568,5921,BOLETO,4,SEM BANDEIRA,9760.72,Estornado,,SEM DATA
571,8724,PIX,3,SEM BANDEIRA,6577.42,CANCELADO,2024-11-16,COM DATA
572,8603,BOLETO,-1,SEM BANDEIRA,12790.08,PENDENTE,2022-04-16,COM DATA
573,4080,CARTÃO,9,ELO,1760.45,ESTORNADO,2023-08-27,COM DATA
576,7527,CARTÃO,3,SEM BANDEIRA,2849.12,PENDENTE,2024-05-23,COM DATA
577,6595,PIX,0,SEM BANDEIRA,7911.14,ESTORNADO,2022-10-20,COM DATA
578,9825,PIX,1,SEM BANDEIRA,14365.11,PAGO,,SEM DATA
579,8907,PIX,1,SEM BANDEIRA,0.0,Pagoo,2024-02-27,COM DATA
581,5487,CARTÃO,11,SEM BANDEIRA,6390.16,ESTORNADO,2022-06-06,COM DATA
582,2436,CARTÃO,6,SEM BANDEIRA,2233.75,PENDENTE,2022-09-19,COM DATA
585,2284,BOLETO,-1,SEM BANDEIRA,2179.22,ESTORNADO,2024-05-19,COM DATA
586,1737,PIX,8,SEM BANDEIRA,7367.205,PAGO,2023-09-06,COM DATA
588,8223,BOLETO,12,SEM BANDEIRA,3425.18,PAGO,2025-02-19,COM DATA
590,2667,PIX,2,SEM BANDEIRA,7367.205,PAGO,,SEM DATA
592,2461,PIX,10,SEM BANDEIRA,11945.12,PENDENTE,2022-10-16,COM DATA
594,9289,DINHEIRO,2,SEM BANDEIRA,12074.8,PAGO,2023-07-28,COM DATA
595,5790,PIX,2,SEM BANDEIRA,2704.21,PENDENTE,2024-01-15,COM DATA
596,6569,DINHEIRO,10,SEM BANDEIRA,13758.76,PAGO,2022-03-29,COM DATA
597,935,CARTÃO,12,MASTERCARD,12322.1,Pagoo,2024-08-17,COM DATA
599,8931,CARTÃO,8,ELO,7367.205,PAGO,2022-02-16,COM DATA
602,9784,CARTÃO,2,AMERICAN EXPRESS,7367.205,ESTORNADO,2022-10-30,COM DATA
604,8948,CARTÃO,10,MASTERCARD,7367.205,PAGO ,2024-07-22,COM DATA
605,5763,BOLETO,9,SEM BANDEIRA,6399.22,PENDENTE,2024-06-14,COM DATA
606,1626,PIX,2,SEM BANDEIRA,1362.78,PAGO,2024-05-11,COM DATA
607,7449,DINHEIRO,2,SEM BANDEIRA,2949.49,PENDENTE,2023-04-04,COM DATA
609,7046,CARTÃO,9,AMERICAN EXPRESS,14602.89,PAGO,2023-10-14,COM DATA
610,7167,CARTÃO,2,AMERICAN EXPRESS,10656.17,PAGO,2022-07-10,COM DATA
611,7167,PIX,11,SEM BANDEIRA,11555.08,Estornado,2024-01-04,COM DATA
612,3634,BOLETO,4,SEM BANDEIRA,8040.55,PAGO,2024-07-29,COM DATA
615,4170,PIX,4,SEM BANDEIRA,9099.54,ESTORNADO,2022-09-17,COM DATA
616,7891,CARTÃO,2,SEM BANDEIRA,5241.33,ESTORNADO,2023-07-30,COM DATA
618,1053,DINHEIRO,3,SEM BANDEIRA,7367.205,ESTORNADO,2023-10-23,COM DATA
622,7566,BOLETO,0,SEM BANDEIRA,7367.205,PENDENTE,2023-12-10,COM DATA
623,9117,BOLETO,0,SEM BANDEIRA,9192.56,PENDENTE,2022-04-08,COM DATA
625,706,PIX,1,SEM BANDEIRA,14208.23,PAGO,2022-10-31,COM DATA
626,6772,DINHEIRO,11,SEM BANDEIRA,1853.15,ESTORNADO,2022-06-19,COM DATA
627,3972,CARTÃO,12,VISA,1188.69,PENDENTE,2024-11-18,COM DATA
628,5109,DINHEIRO,11,SEM BANDEIRA,2326.9,ESTORNADO,2023-07-24,COM DATA
630,6504,PIX,9,SEM BANDEIRA,5019.42,PENDENTE,2024-10-07,COM DATA
632,1660,CARTÃO,12,ELO,7367.205,ESTORNADO,2024-09-03,COM DATA
633,3910,CARTÃO,6,SEM BANDEIRA,10228.01,PAGO,2022-12-16,COM DATA
634,160,PIX,8,SEM BANDEIRA,8755.72,PENDENTE,2022-07-12,COM DATA
635,5500,DINHEIRO,8,SEM BANDEIRA,11027.53,ESTORNADO,2024-09-18,COM DATA
636,8509,CANCELADO,3,SEM BANDEIRA,14679.99,PAGO,2022-08-10,COM DATA
637,8928,DINHEIRO,9,SEM BANDEIRA,2640.78,ESTORNADO,2022-09-09,COM DATA
638,7456,BOLETO,5,SEM BANDEIRA,1670.65,PAGO,2022-05-13,COM DATA
642,6160,DINHEIRO,2,SEM BANDEIRA,2096.38,PENDENTE,2022-02-24,COM DATA
643,6897,PIX,3,SEM BANDEIRA,9235.82,PENDENTE,2022-01-13,COM DATA
644,8488,DINHEIRO,1,SEM BANDEIRA,1288.19,PENDENTE,2022-04-19,COM DATA
645,8459,CARTÃO,9,MASTERCARD,7367.205,PENDENTE,2023-02-16,COM DATA
646,1,CARTÃO,0,VISA,13200.89,Pago,2023-04-27,COM DATA
648,4743,PIX,10,SEM BANDEIRA,7404.6,ESTORNADO,2022-01-23,COM DATA
653,1195,DINHEIRO,6,SEM BANDEIRA,9105.87,PAGO,2023-08-09,COM DATA
654,2656,DINHEIRO,9,SEM BANDEIRA,12133.91,PAGO,2025-01-24,COM DATA
656,6163,PIX,0,SEM BANDEIRA,1190.59,ESTORNADO,,SEM DATA
657,4720,CARTAO,0,SEM BANDEIRA,8638.83,ESTORNADO,2024-05-13,COM DATA
658,5482,PIX,3,SEM BANDEIRA,3079.41,CANCELADO,2022-03-14,COM DATA
659,1160,DINHEIRO,0,SEM BANDEIRA,11094.56,PAGO,,SEM DATA
661,5622,DINHEIRO,1,SEM BANDEIRA,7367.205,PAGO,,SEM DATA
663,5849,CARTÃO,8,AMERICAN EXPRESS,10702.75,PENDENTE,2024-09-22,COM DATA
665,4429,BOLETO,10,SEM BANDEIRA,5774.97,PAGO,2024-06-01,COM DATA
666,5000,PIX,9,SEM BANDEIRA,11449.68,PAGO,2024-05-25,COM DATA
667,936,PIX,9,SEM BANDEIRA,5833.9,ESTORNADO,2023-05-03,COM DATA
668,249,BOLETO,11,SEM BANDEIRA,7367.205,PAGO,2022-01-26,COM DATA
671,7215,BOLETO,1,SEM BANDEIRA,7367.205,PAGO,2024-11-04,COM DATA
672,8373,PIX,0,SEM BANDEIRA,3076.55,ESTORNADO,2024-04-15,COM DATA
674,3521,DINHEIRO,0,SEM BANDEIRA,508.34,ESTORNADO,2024-05-06,COM DATA
677,4014,DINHEIRO,11,SEM BANDEIRA,8779.63,PAGO,2023-02-10,COM DATA
685,1296,CARTÃO,12,AMERICAN EXPRESS,1133.77,Estornado,2024-12-03,COM DATA
689,6961,PIX,3,SEM BANDEIRA,6981.74,PENDENTE,2022-03-01,COM DATA
690,8315,CARTÃO,7,ELO,930.83,PENDENTE,2022-04-04,COM DATA
691,6715,CARTÃO,0,MASTERCARD,13136.82,ESTORNADO,2024-02-16,COM DATA
693,9060,CARTÃO,1,AMERICAN EXPRESS,560.4,PAGO,2023-07-12,COM DATA
695,9924,BOLETO,6,SEM BANDEIRA,6388.79,ESTORNADO,2024-04-12,COM DATA
697,7812,PIX,11,SEM BANDEIRA,4672.94,PAGO,2025-03-06,COM DATA
700,8114,CARTÃO,11,MASTERCARD,12051.24,PENDENTE,2024-12-06,COM DATA
705,44,CARTÃO,0,MASTERCARD,1388.25,CANCELADO,2023-09-12,COM DATA
706,1922,CARTÃO,9,SEM BANDEIRA,5910.83,PENDENTE,2023-07-23,COM DATA
707,7164,DINHEIRO,8,SEM BANDEIRA,7367.205,PENDENTE,2025-02-20,COM DATA
708,3130,DINHEIRO,6,SEM BANDEIRA,2701.5,ESTORNADO,2022-01-27,COM DATA
709,550,CANCELADO,11,SEM BANDEIRA,7191.45,PAGO,2024-08-27,COM DATA
710,8939,PIX,1,SEM BANDEIRA,5555.62,ESTORNADO,2023-10-06,COM DATA
714,330,CARTÃO,1,HIPERCARD,3278.54,PENDENTE,2022-09-29,COM DATA
715,6215,BOLETO,3,SEM BANDEIRA,4198.87,ESTORNADO,2023-12-29,COM DATA
717,8254,BOLETO,2,SEM BANDEIRA,7708.82,PAGO,2025-02-28,COM DATA
722,4010,CARTÃO,11,VISA,8339.12,PENDENTE,2023-05-13,COM DATA
724,9971,CARTÃO,4,AMERICAN EXPRESS,5549.61,PENDENTE,2024-06-10,COM DATA
726,1662,CARTAO,1,SEM BANDEIRA,2430.04,PAGO,2024-07-11,COM DATA
727,7759,BOLETO,9,SEM BANDEIRA,14577.12,PAGO,2023-02-09,COM DATA
731,4948,DINHEIRO,0,SEM BANDEIRA,355.3,ESTORNADO,2025-01-09,COM DATA
734,5387,DINHEIRO,8,SEM BANDEIRA,13949.49,PAGO,2023-06-08,COM DATA
735,9361,PIX,11,SEM BANDEIRA,7367.205,PENDENTE,2022-12-08,COM DATA
736,9256,DINHEIRO,7,SEM BANDEIRA,14937.47,PAGO,2023-03-24,COM DATA
744,1698,CARTÃO,5,VISA,11373.95,ESTORNADO,2022-06-01,COM DATA
745,8054,CARTÃO,5,HIPERCARD,5149.79,pago,2024-01-30,COM DATA
746,4772,BOLETO,12,SEM BANDEIRA,2391.37,ESTORNADO,,SEM DATA
749,5841,DINHEIRO,8,SEM BANDEIRA,8549.73,ESTORNADO,2022-07-22,COM DATA
751,7473,CARTÃO,1,AMERICAN EXPRESS,14691.07,PENDENTE,2023-05-15,COM DATA
752,9524,PIX,8,SEM BANDEIRA,1492.09,PAGO,,SEM DATA
753,1828,DINHEIRO,11,SEM BANDEIRA,2938.09,ESTORNADO,2023-09-06,COM DATA
754,8720,CARTÃO,6,AMERICAN EXPRESS,4143.82,ESTORNADO,2022-12-01,COM DATA
755,7079,BOLETO,2,SEM BANDEIRA,13880.92,PENDENTE,2024-12-22,COM DATA
756,4917,CARTÃO,10,MASTERCARD,10084.87,PENDENTE,2024-05-03,COM DATA
757,4414,CARTÃO,5,ELO,7090.29,PENDENTE,,SEM DATA
758,5794,CARTÃO,8,SEM BANDEIRA,11510.39,Pagoo,2023-02-13,COM DATA
759,8241,DINHEIRO,5,SEM BANDEIRA,1620.38,PAGO,2024-09-24,COM DATA
761,2465,BOLETO,10,SEM BANDEIRA,7367.205,PAGO,2022-05-20,COM DATA
762,5144,BOLETO,8,SEM BANDEIRA,11214.15,PAGO,2022-10-15,COM DATA
763,6731,DINHEIRO,0,SEM BANDEIRA,12094.85,PAGO,2023-08-02,COM DATA
764,1100,PIX,10,SEM BANDEIRA,1400.31,ESTORNADO,2024-06-01,COM DATA
765,7631,DINHEIRO,12,SEM BANDEIRA,2300.04,PENDENTE,,SEM DATA
766,310,PIX,4,SEM BANDEIRA,4849.32,PAGO,2025-03-27,COM DATA
767,2430,CARTÃO,5,AMERICAN EXPRESS,2740.17,PAGO,2023-03-04,COM DATA
770,5192,DINHEIRO,4,SEM BANDEIRA,7367.205,PAGO,2023-09-27,COM DATA
772,7698,PIX,1,SEM BANDEIRA,8951.14,PAGO,2023-01-07,COM DATA
773,1793,CARTÃO,0,HIPERCARD,7473.38,PENDENTE,2022-10-23,COM DATA
775,9884,PIX,5,SEM BANDEIRA,7154.13,PENDENTE,2022-09-15,COM DATA
776,2127,CARTÃO,4,VISA,9894.96,ESTORNADO,2024-08-04,COM DATA
777,8519,BOLETO,0,SEM BANDEIRA,7367.205,PENDENTE,2023-05-03,COM DATA
778,5285,PIX,10,SEM BANDEIRA,7222.03,PENDENTE,2023-07-27,COM DATA
779,8430,BOLETO,6,SEM BANDEIRA,14950.35,PAGO,2024-01-19,COM DATA
780,417,CARTÃO,2,VISA,3422.33,PENDENTE,2024-10-30,COM DATA
782,8698,CARTÃO,6,MASTERCARD,2398.07,ESTORNADO,2023-02-19,COM DATA
785,9600,PIX,4,ELO,6661.85,ESTORNADO,2022-09-13,COM DATA
787,3681,PIX,2,SEM BANDEIRA,14964.13,ESTORNADO,2023-07-19,COM DATA
788,8321,BOLETO,7,SEM BANDEIRA,10011.34,PENDENTE,2024-09-26,COM DATA
790,654,BOLETO,0,SEM BANDEIRA,11826.28,PENDENTE,2023-11-05,COM DATA
791,6753,PIX,12,SEM BANDEIRA,6860.22,PENDENTE,2023-06-23,COM DATA
793,5011,PIX,12,SEM BANDEIRA,1374.68,PENDENTE,2024-01-11,COM DATA
798,4319,CARTAO,6,SEM BANDEIRA,5480.43,PAGO,2024-11-05,COM DATA
800,7147,PIX,3,SEM BANDEIRA,7367.205,Estornado,2022-02-26,COM DATA
802,9616,BOLETO,0,SEM BANDEIRA,14563.91,PAGO,2023-01-03,COM DATA
804,2907,DINHEIRO,0,SEM BANDEIRA,7505.23,PAGO,2022-05-05,COM DATA
806,3578,BOLETO,0,SEM BANDEIRA,13084.01,PAGO,2022-03-21,COM DATA
807,1971,BOLETO,5,SEM BANDEIRA,1634.47,ESTORNADO,2025-01-27,COM DATA
809,1491,BOLETO,9,SEM BANDEIRA,8453.69,ESTORNADO,2024-02-12,COM DATA
813,78,CARTÃO,11,MASTERCARD,12208.29,pago,2024-05-15,COM DATA
814,5075,CARTÃO,11,HIPERCARD,11054.77,PENDENTE,,SEM DATA
815,2112,CARTÃO,2,MASTERCARD,9571.2,PAGO,2024-03-26,COM DATA
816,4694,BOLETO,10,SEM BANDEIRA,3937.26,PAGO,2022-08-12,COM DATA
818,5209,PIX,10,SEM BANDEIRA,232.88,PAGO,,SEM DATA
821,9364,DINHEIRO,5,SEM BANDEIRA,10290.44,PENDENTE,2024-07-19,COM DATA
822,5901,CARTÃO,0,MASTERCARD,4317.22,ESTORNADO,2024-04-20,COM DATA
823,8872,CARTÃO,7,ELO,1892.86,ESTORNADO,2024-03-27,COM DATA
824,8683,CARTÃO,4,AMERICAN EXPRESS,3270.05,PAGO,2023-09-21,COM DATA
825,2316,DINHEIRO,2,SEM BANDEIRA,8151.57,PENDENTE,2024-11-25,COM DATA
826,7258,PIX,12,SEM BANDEIRA,3112.67,ESTORNADO,2024-08-17,COM DATA
829,6713,CARTÃO,9,SEM BANDEIRA,8293.77,PENDENTE,2022-10-05,COM DATA
830,7747,DINHEIRO,8,SEM BANDEIRA,2573.46,PAGO,2022-06-24,COM DATA
832,8106,PIX,10,SEM BANDEIRA,13367.89,PENDENTE,2023-05-05,COM DATA
833,4311,DINHEIRO,0,SEM BANDEIRA,7367.205,Pagoo,2023-07-08,COM DATA
834,5500,BOLETO,9,SEM BANDEIRA,12807.33,PENDENTE,2022-06-23,COM DATA
836,7550,BOLETO,11,SEM BANDEIRA,7367.205,PAGO,2023-04-23,COM DATA
837,1302,DINHEIRO,6,SEM BANDEIRA,9389.27,PAGO,2024-06-25,COM DATA
839,9705,BOLETO,10,SEM BANDEIRA,6195.98,Estornado,2022-05-09,COM DATA
841,5228,DINHEIRO,6,SEM BANDEIRA,7367.205,PENDENTE,2024-08-10,COM DATA
843,229,PIX,11,SEM BANDEIRA,13582.33,Pagoo,2023-07-23,COM DATA
845,213,BOLETO,11,SEM BANDEIRA,2395.86,ESTORNADO,2024-01-27,COM DATA
846,7759,PIX,1,SEM BANDEIRA,6717.23,PENDENTE,2025-02-10,COM DATA
847,5425,CARTÃO,0,AMERICAN EXPRESS,14482.8,ESTORNADO,2024-11-12,COM DATA
849,968,DINHEIRO,4,SEM BANDEIRA,3365.53,PAGO,2023-02-14,COM DATA
854,5904,BOLETO,6,SEM BANDEIRA,1235.76,PENDENTE,2024-07-07,COM DATA
856,6485,PIX,9,SEM BANDEIRA,7367.205,pago,2025-04-06,COM DATA
857,8342,CARTÃO,7,VISA,3207.42,ESTORNADO,2023-11-17,COM DATA
860,3381,DINHEIRO,12,SEM BANDEIRA,5840.8,PENDENTE,,SEM DATA
861,5,PIX,10,SEM BANDEIRA,769.42,PAGO,2024-05-16,COM DATA
862,6109,PIX,5,SEM BANDEIRA,6273.96,PAGO,2022-03-04,COM DATA
863,7808,CARTÃO,1,MASTERCARD,1706.55,CANCELADO,2022-05-14,COM DATA
864,6184,PIX,1,SEM BANDEIRA,7471.4,PENDENTE,,SEM DATA
866,6018,DINHEIRO,8,SEM BANDEIRA,8177.97,PENDENTE,2023-08-22,COM DATA
868,2377,BOLETO,9,SEM BANDEIRA,9497.81,ESTORNADO,2024-10-23,COM DATA
871,8114,CARTÃO,2,MASTERCARD,7367.205,PENDENTE,2023-03-01,COM DATA
872,1169,PIX,0,SEM BANDEIRA,6799.94,PAGO,2024-09-06,COM DATA
873,9722,CARTAO,11,SEM BANDEIRA,7380.18,PAGO,2023-12-20,COM DATA
874,8034,PIX,7,SEM BANDEIRA,599.3,PENDENTE,2023-05-10,COM DATA
876,9258,DINHEIRO,9,SEM BANDEIRA,9812.46,PAGO,2022-08-13,COM DATA
880,8945,BOLETO,-1,SEM BANDEIRA,7367.205,PAGO,2022-01-25,COM DATA
881,4357,PIX,5,SEM BANDEIRA,13208.16,PAGO,2025-01-13,COM DATA
884,2577,PIX,10,VISA,7367.205,PENDENTE,2023-07-30,COM DATA
885,5595,BOLETO,9,SEM BANDEIRA,9087.33,PENDENTE,2025-03-21,COM DATA
886,5523,PIX,12,SEM BANDEIRA,7355.34,PENDENTE,2025-03-05,COM DATA
887,5020,CARTÃO,6,ELO,7774.72,PENDENTE,2024-01-11,COM DATA
888,9059,BOLETO,4,SEM BANDEIRA,11974.5,ESTORNADO,2024-10-14,COM DATA
890,4175,DINHEIRO,8,SEM BANDEIRA,14022.57,ESTORNADO,2023-10-04,COM DATA
893,6280,CARTÃO,9,VISA,9252.12,PAGO,2022-12-06,COM DATA
894,3611,BOLETO,2,SEM BANDEIRA,67.46,ESTORNADO,2022-11-04,COM DATA
895,6300,DINHEIRO,1,SEM BANDEIRA,8128.14,PENDENTE,2023-02-25,COM DATA
896,1268,DINHEIRO,0,SEM BANDEIRA,11825.29,PAGO,2025-02-27,COM DATA
899,8606,BOLETO,8,SEM BANDEIRA,2252.46,PAGO,2022-12-27,COM DATA
903,6618,DINHEIRO,11,SEM BANDEIRA,14150.41,PENDENTE,2024-01-23,COM DATA
904,1893,DINHEIRO,0,SEM BANDEIRA,5651.64,PENDENTE,2022-10-14,COM DATA
905,4948,DINHEIRO,4,SEM BANDEIRA,2151.88,PAGO,2022-10-26,COM DATA
906,1660,BOLETO,-5,SEM BANDEIRA,815.73,PENDENTE,,SEM DATA
907,3170,BOLETO,0,SEM BANDEIRA,2505.86,PAGO,2024-07-31,COM DATA
909,6192,BOLETO,0,SEM BANDEIRA,7367.205,ESTORNADO,2022-09-30,COM DATA
911,2714,DINHEIRO,2,SEM BANDEIRA,1217.94,PENDENTE,2023-11-09,COM DATA
912,5350,CARTÃO,11,SEM BANDEIRA,10235.72,ESTORNADO,2024-11-08,COM DATA
913,6631,PIX,10,SEM BANDEIRA,4519.13,PENDENTE,2025-01-15,COM DATA
915,7753,PIX,6,SEM BANDEIRA,14065.16,PAGO,2022-12-04,COM DATA
917,35,DINHEIRO,3,SEM BANDEIRA,509.62,PENDENTE,2025-04-08,COM DATA
921,5243,CARTÃO,12,VISA,7234.32,PENDENTE,2024-01-16,COM DATA
923,9283,CARTÃO,1,ELO,13040.23,PAGO,2023-02-19,COM DATA
924,6847,PIX,0,SEM BANDEIRA,9480.44,ESTORNADO,2024-10-31,COM DATA
928,4712,PIX,0,SEM BANDEIRA,0.0,PENDENTE,2023-06-13,COM DATA
931,5837,PIX,6,SEM BANDEIRA,2662.45,PAGO,2024-12-05,COM DATA
933,1097,CARTÃO,0,AMERICAN EXPRESS,14008.27,Pagoo,2024-02-02,COM DATA
934,6809,PIX,6,SEM BANDEIRA,12932.86,PAGO,2023-11-29,COM DATA
940,276,DINHEIRO,4,SEM BANDEIRA,10936.65,PAGO,2023-01-20,COM DATA
943,763,PIX,11,SEM BANDEIRA,5932.89,PAGO,2022-10-23,COM DATA
945,4488,DINHEIRO,1,SEM BANDEIRA,3796.63,PENDENTE,2023-08-04,COM DATA
946,6983,PIX,8,SEM BANDEIRA,11789.71,ESTORNADO,2022-11-25,COM DATA
947,7179,CARTÃO,1,HIPERCARD,11719.5,ESTORNADO,2022-07-22,COM DATA
949,8144,PIX,3,SEM BANDEIRA,14380.15,PENDENTE,2023-02-13,COM DATA
950,9857,BOLETO,2,SEM BANDEIRA,5711.22,ESTORNADO,,SEM DATA
951,1691,CARTÃO,4,MASTERCARD,6172.81,PAGO,2023-03-16,COM DATA
952,1587,PIX,5,SEM BANDEIRA,195.23,ESTORNADO,2023-05-28,COM DATA
954,9550,CARTÃO,10,SEM BANDEIRA,4179.5,Pago,2023-01-30,COM DATA
956,4909,DINHEIRO,-1,SEM BANDEIRA,10325.0,PAGO,2022-11-11,COM DATA
957,7121,CARTÃO,12,SEM BANDEIRA,12192.74,PENDENTE,2024-07-16,COM DATA
958,9737,CARTÃO,8,SEM BANDEIRA,6384.8,ESTORNADO,2025-01-01,COM DATA
959,1492,PIX,12,SEM BANDEIRA,1919.15,PAGO,2022-04-19,COM DATA
961,722,DINHEIRO,8,SEM BANDEIRA,12756.67,PAGO,2023-10-22,COM DATA
962,4528,BOLETO,1,SEM BANDEIRA,515.93,PAGO,2022-06-16,COM DATA
966,3864,DINHEIRO,-5,SEM BANDEIRA,7367.205,ESTORNADO,,SEM DATA
967,3939,DINHEIRO,0,SEM BANDEIRA,12843.26,ESTORNADO,2022-05-05,COM DATA
968,770,PIX,7,SEM BANDEIRA,3807.17,ESTORNADO,2024-08-28,COM DATA
969,4080,CARTÃO,7,AMERICAN EXPRESS,10778.36,PAGO,2024-12-04,COM DATA
971,6393,BOLETO,0,SEM BANDEIRA,5860.42,PENDENTE,2023-01-28,COM DATA
972,382,PIX,8,SEM BANDEIRA,5671.52,PENDENTE,2023-05-10,COM DATA
973,8208,CARTÃO,5,HIPERCARD,4986.64,PAGO,2023-02-24,COM DATA
974,3424,BOLETO,4,SEM BANDEIRA,12431.31,PENDENTE,2024-08-13,COM DATA
975,2028,PIX,10,SEM BANDEIRA,14634.34,PAGO,2022-06-07,COM DATA
976,8273,DINHEIRO,6,SEM BANDEIRA,14871.5,PAGO,2022-02-24,COM DATA
977,482,PIX,0,SEM BANDEIRA,11683.92,PAGO,2022-09-03,COM DATA
978,6808,PIX,10,SEM BANDEIRA,7367.205,Pago,2022-08-11,COM DATA
980,4506,BOLETO,6,SEM BANDEIRA,6285.67,PAGO,2022-02-13,COM DATA
981,5530,CARTÃO,8,HIPERCARD,14035.17,PENDENTE,2023-01-31,COM DATA
983,5830,PIX,7,SEM BANDEIRA,7645.96,PAGO,2023-06-25,COM DATA
984,661,PIX,4,SEM BANDEIRA,4574.01,ESTORNADO,2024-12-18,COM DATA
985,756,CARTÃO,4,SEM BANDEIRA,9684.13,Pendente,2022-05-13,COM DATA
988,9331,CARTÃO,3,MASTERCARD,13360.28,PAGO,2022-04-23,COM DATA
991,9278,DINHEIRO,6,SEM BANDEIRA,468.5,PAGO,2024-04-13,COM DATA
994,6401,CARTAO,2,SEM BANDEIRA,7367.205,PAGO,2024-02-08,COM DATA
996,3613,BOLETO,5,SEM BANDEIRA,271.93,PENDENTE,2022-09-24,COM DATA
1000,5652,DINHEIRO,0,SEM BANDEIRA,2872.0,PENDENTE,2024-03-21,COM DATA
1001,705,PIX,7,SEM BANDEIRA,4145.37,PAGO,2024-10-20,COM DATA
1002,2791,CARTÃO,2,SEM BANDEIRA,229.92,PAGO,2024-05-09,COM DATA
1003,8948,BOLETO,12,SEM BANDEIRA,12449.62,ESTORNADO,2023-10-15,COM DATA
1004,5546,CARTÃO,10,VISA,11259.06,ESTORNADO,2022-05-06,COM DATA
1005,8135,CANCELADO,7,VISA,7783.8,PAGO,2022-06-26,COM DATA
1006,5998,PIX,6,SEM BANDEIRA,0.0,CANCELADO,2022-03-22,COM DATA
1007,8754,BOLETO,4,SEM BANDEIRA,6460.82,ESTORNADO,2023-04-16,COM DATA
1009,7404,DINHEIRO,1,SEM BANDEIRA,10435.3,PENDENTE,2022-02-23,COM DATA
1011,2522,CARTAO,6,HIPERCARD,7751.43,Estornado,2022-04-17,COM DATA
1013,8579,DINHEIRO,8,SEM BANDEIRA,8912.05,PAGO,2023-07-06,COM DATA
1014,3641,CARTÃO,-5,VISA,14407.91,ESTORNADO,2023-12-05,COM DATA
1017,1221,PIX,8,SEM BANDEIRA,8993.04,PAGO,2022-06-30,COM DATA
1018,7434,PIX,6,SEM BANDEIRA,12417.44,PAGO,2024-05-22,COM DATA
1019,5199,PIX,1,SEM BANDEIRA,14397.81,PENDENTE,2024-12-19,COM DATA
1020,2000,PIX,9,SEM BANDEIRA,920.93,ESTORNADO,2022-10-08,COM DATA
1022,5563,DINHEIRO,6,SEM BANDEIRA,11953.1,PENDENTE,2022-10-06,COM DATA
1023,103,PIX,1,SEM BANDEIRA,0.0,PENDENTE,2023-10-30,COM DATA
1024,1135,CARTÃO,1,VISA,4873.17,PENDENTE,2024-02-24,COM DATA
1025,8039,CARTÃO,8,MASTERCARD,14447.17,ESTORNADO,2024-11-21,COM DATA
1029,1479,DINHEIRO,7,SEM BANDEIRA,13496.78,ESTORNADO,2023-03-17,COM DATA
1032,7587,PIX,4,SEM BANDEIRA,2440.19,PENDENTE,2023-01-05,COM DATA
1034,9148,CARTÃO,3,VISA,2255.61,pago,2025-02-09,COM DATA
1035,7629,DINHEIRO,6,SEM BANDEIRA,10260.29,ESTORNADO,2022-03-24,COM DATA
1037,1534,PIX,3,SEM BANDEIRA,9650.82,PAGO,2022-01-11,COM DATA
1038,7703,PIX,4,SEM BANDEIRA,10307.87,PENDENTE,2024-07-31,COM DATA
1039,2288,PIX,2,SEM BANDEIRA,9095.44,CANCELADO,2024-12-19,COM DATA
1041,4622,CARTÃO,2,AMERICAN EXPRESS,1369.7,Estornado,2024-02-09,COM DATA
1042,9690,CARTÃO,12,SEM BANDEIRA,12706.16,pago,2025-04-09,COM DATA
1043,280,PIX,4,SEM BANDEIRA,14533.9,PAGO,2022-02-25,COM DATA
1045,9680,PIX,7,SEM BANDEIRA,3438.45,PAGO,2022-01-16,COM DATA
1046,4677,PIX,4,SEM BANDEIRA,898.54,PAGO,2022-05-13,COM DATA
1047,9669,BOLETO,6,SEM BANDEIRA,7367.205,PAGO,2022-08-31,COM DATA
1048,8425,PIX,1,SEM BANDEIRA,3124.15,ESTORNADO,2024-11-24,COM DATA
1049,6001,DINHEIRO,2,SEM BANDEIRA,2239.02,Pagoo,,SEM DATA
1050,4715,BOLETO,9,SEM BANDEIRA,14309.24,Pagoo,2023-12-29,COM DATA
1052,6450,DINHEIRO,3,SEM BANDEIRA,1202.42,PAGO ,2023-11-08,COM DATA
1053,409,PIX,2,SEM BANDEIRA,7367.205,ESTORNADO,2025-02-26,COM DATA
1055,8671,DINHEIRO,11,SEM BANDEIRA,3370.74,PAGO,2022-07-23,COM DATA
1059,9365,DINHEIRO,3,SEM BANDEIRA,13463.75,PAGO,2022-05-25,COM DATA
1062,1377,CARTÃO,9,AMERICAN EXPRESS,13367.03,ESTORNADO,2024-09-04,COM DATA
1064,9064,CARTÃO,0,VISA,10848.52,PENDENTE,2024-05-13,COM DATA
1066,5826,CARTÃO,11,AMERICAN EXPRESS,6111.33,ESTORNADO,2022-03-26,COM DATA
1069,360,CARTÃO,6,ELO,13598.31,PENDENTE,2025-03-07,COM DATA
1071,7565,CARTÃO,2,ELO,4087.05,PENDENTE,2023-06-27,COM DATA
1072,8822,CARTÃO,12,SEM BANDEIRA,14629.33,PENDENTE,2023-06-19,COM DATA
1077,5055,BOLETO,4,SEM BANDEIRA,2900.47,ESTORNADO,2024-05-07,COM DATA
1079,7838,DINHEIRO,5,SEM BANDEIRA,6030.52,PENDENTE,2023-05-30,COM DATA
1080,8472,DINHEIRO,1,SEM BANDEIRA,111.67,ESTORNADO,2025-03-29,COM DATA
1081,5872,DINHEIRO,1,SEM BANDEIRA,13966.16,PENDENTE,,SEM DATA
1083,4338,CARTÃO,0,AMERICAN EXPRESS,1936.19,ESTORNADO,2024-05-29,COM DATA
1084,6020,BOLETO,-1,SEM BANDEIRA,7019.02,ESTORNADO,2024-10-03,COM DATA
1085,1391,DINHEIRO,8,SEM BANDEIRA,13519.53,PENDENTE,2024-02-17,COM DATA
1086,1193,BOLETO,6,SEM BANDEIRA,10718.97,PAGO ,2023-04-16,COM DATA
1087,8935,CARTÃO,0,ELO,9369.45,PAGO,2022-05-18,COM DATA
1088,5659,CARTÃO,5,ELO,3826.46,ESTORNADO,2023-03-22,COM DATA
1089,9052,PIX,1,SEM BANDEIRA,9633.97,ESTORNADO,2025-03-09,COM DATA
1090,9607,CARTÃO,12,ELO,8990.78,PENDENTE,2022-07-03,COM DATA
1091,9802,DINHEIRO,12,SEM BANDEIRA,3804.45,PENDENTE,2022-08-19,COM DATA
1092,9007,DINHEIRO,0,SEM BANDEIRA,7367.205,PAGO,,SEM DATA
1094,1994,PIX,9,SEM BANDEIRA,1272.5,PENDENTE,2022-06-24,COM DATA
1095,777,DINHEIRO,5,SEM BANDEIRA,7367.205,ESTORNADO,2022-02-04,COM DATA
1096,6624,CARTÃO,1,SEM BANDEIRA,7367.205,PENDENTE,2024-03-09,COM DATA
1098,6535,BOLETO,10,SEM BANDEIRA,7052.12,ESTORNADO,2025-03-02,COM DATA
1099,2611,DINHEIRO,10,SEM BANDEIRA,6897.52,PAGO,2022-05-29,COM DATA
1100,6079,CANCELADO,3,SEM BANDEIRA,7367.205,PAGO,2024-12-05,COM DATA
1102,7487,BOLETO,12,SEM BANDEIRA,7367.205,ESTORNADO,2024-04-04,COM DATA
1105,1039,PIX,4,SEM BANDEIRA,13881.6,PENDENTE,2025-02-20,COM DATA
1106,4588,PIX,1,SEM BANDEIRA,1352.61,ESTORNADO,,SEM DATA
1108,715,BOLETO,0,SEM BANDEIRA,7367.205,PENDENTE,2022-06-27,COM DATA
1111,744,CARTÃO,-5,AMERICAN EXPRESS,11624.75,ESTORNADO,2023-05-11,COM DATA
1113,2898,BOLETO,-5,SEM BANDEIRA,7367.205,ESTORNADO,2023-11-19,COM DATA
1114,5968,DINHEIRO,3,SEM BANDEIRA,3105.73,PAGO,2022-07-28,COM DATA
1115,1634,PIX,-5,SEM BANDEIRA,6951.24,ESTORNADO,2022-12-29,COM DATA
1116,390,DINHEIRO,12,SEM BANDEIRA,9322.32,PAGO,2024-06-15,COM DATA
1119,3779,PIX,1,SEM BANDEIRA,165.65,Estornado,2022-09-16,COM DATA
1121,5885,BOLETO,0,SEM BANDEIRA,7367.205,ESTORNADO,2025-03-15,COM DATA
1122,8971,CARTAO,2,SEM BANDEIRA,8210.1,ESTORNADO,2023-03-23,COM DATA
1127,9218,DINHEIRO,6,SEM BANDEIRA,12861.0,PAGO,2023-01-02,COM DATA
1129,9024,PIX,3,SEM BANDEIRA,2851.9,ESTORNADO,2024-09-28,COM DATA
1130,5998,PIX,7,SEM BANDEIRA,1614.11,PAGO,2024-08-21,COM DATA
1131,1544,DINHEIRO,9,SEM BANDEIRA,7761.13,ESTORNADO,2024-02-08,COM DATA
1132,2533,DINHEIRO,0,SEM BANDEIRA,12059.51,PENDENTE,2022-12-30,COM DATA
1134,1082,DINHEIRO,6,SEM BANDEIRA,8667.57,ESTORNADO,2022-11-02,COM DATA
1136,6486,CARTÃO,1,ELO,10239.09,PAGO,2023-04-05,COM DATA
1138,8699,CARTÃO,2,ELO,14162.8,PAGO,2023-02-20,COM DATA
1139,6878,DINHEIRO,1,SEM BANDEIRA,7526.29,PENDENTE,2024-02-24,COM DATA
1140,6456,CARTÃO,2,ELO,8563.51,PENDENTE,2023-02-07,COM DATA
1142,2407,BOLETO,4,SEM BANDEIRA,11791.74,ESTORNADO,2024-11-17,COM DATA
1143,644,DINHEIRO,10,SEM BANDEIRA,14256.56,ESTORNADO,2024-02-18,COM DATA
1144,3294,BOLETO,4,SEM BANDEIRA,13312.68,CANCELADO,2022-03-13,COM DATA
1148,3038,DINHEIRO,10,SEM BANDEIRA,2156.08,PENDENTE,2024-01-24,COM DATA
1150,5062,CARTÃO,12,AMERICAN EXPRESS,7367.205,PENDENTE,2022-09-07,COM DATA
1151,8698,BOLETO,3,SEM BANDEIRA,2148.49,PAGO,2023-07-27,COM DATA
1152,2888,DINHEIRO,9,SEM BANDEIRA,7367.205,PENDENTE,2022-02-21,COM DATA
1156,2695,PIX,4,SEM BANDEIRA,1841.91,PENDENTE,2024-09-19,COM DATA
1157,5636,CARTÃO,12,ELO,5615.46,ESTORNADO,2023-04-10,COM DATA
1158,3115,CARTÃO,1,SEM BANDEIRA,4324.19,PENDENTE,2022-03-13,COM DATA
1159,1502,PIX,0,SEM BANDEIRA,14642.33,PAGO,2022-01-29,COM DATA
1161,4295,BOLETO,7,SEM BANDEIRA,7187.58,PENDENTE,,SEM DATA
1163,808,DINHEIRO,4,SEM BANDEIRA,12500.08,Pagoo,,SEM DATA
1165,6327,PIX,-1,SEM BANDEIRA,10962.85,PENDENTE,,SEM DATA
1166,5406,DINHEIRO,5,SEM BANDEIRA,273.27,ESTORNADO,2022-01-02,COM DATA
1169,6380,PIX,8,SEM BANDEIRA,14387.97,ESTORNADO,2023-09-25,COM DATA
1170,9874,PIX,0,SEM BANDEIRA,11554.05,PENDENTE,2022-09-05,COM DATA
1171,5767,PIX,6,SEM BANDEIRA,7367.205,PENDENTE,2025-02-23,COM DATA
1174,5868,CARTÃO,10,ELO,10445.26,PAGO,2024-04-26,COM DATA
1175,6989,BOLETO,4,SEM BANDEIRA,14811.97,PENDENTE,2024-06-09,COM DATA
1176,5414,BOLETO,5,SEM BANDEIRA,11185.03,PENDENTE,2023-06-14,COM DATA
1177,7388,BOLETO,4,SEM BANDEIRA,7367.205,PENDENTE,2024-05-10,COM DATA
1178,7816,CARTÃO,10,SEM BANDEIRA,7367.205,ESTORNADO,2025-03-15,COM DATA
1179,1003,CARTÃO,2,HIPERCARD,12909.11,PAGO,2025-04-14,COM DATA
1181,1881,CARTÃO,12,HIPERCARD,12959.34,PENDENTE,2025-02-11,COM DATA
1185,6250,PIX,3,SEM BANDEIRA,7367.205,ESTORNADO,,SEM DATA
1187,3831,PIX,3,SEM BANDEIRA,7367.205,PENDENTE,2022-09-09,COM DATA
1188,7009,DINHEIRO,6,SEM BANDEIRA,13993.56,PAGO,2023-07-24,COM DATA
1189,3451,PIX,2,SEM BANDEIRA,14124.6,PAGO,,SEM DATA
1190,4850,DINHEIRO,2,SEM BANDEIRA,14199.29,ESTORNADO,2024-04-27,COM DATA
1191,4243,DINHEIRO,12,SEM BANDEIRA,11647.29,PAGO,,SEM DATA
1192,8874,CARTÃO,0,MASTERCARD,13088.51,PENDENTE,2025-04-12,COM DATA
1193,5624,DINHEIRO,7,SEM BANDEIRA,11378.58,PENDENTE,2023-01-17,COM DATA
1196,2829,CARTÃO,3,SEM BANDEIRA,13581.63,PENDENTE,2024-02-11,COM DATA
1199,2977,DINHEIRO,7,SEM BANDEIRA,9527.22,PAGO,2022-11-24,COM DATA
1202,2948,CARTAO,7,SEM BANDEIRA,5667.21,PENDENTE,,SEM DATA
1206,1946,DINHEIRO,12,SEM BANDEIRA,7367.205,PENDENTE,2022-04-04,COM DATA
1207,4145,CARTÃO,2,AMERICAN EXPRESS,4235.44,PENDENTE,2024-04-12,COM DATA
1210,9009,PIX,6,SEM BANDEIRA,8306.2,PAGO,2022-12-02,COM DATA
1212,1869,DINHEIRO,3,SEM BANDEIRA,7367.205,PAGO,2023-04-08,COM DATA
1214,7902,DINHEIRO,7,SEM BANDEIRA,1442.68,PAGO,2023-06-30,COM DATA
1216,8151,CARTÃO,12,SEM BANDEIRA,10139.84,ESTORNADO,2025-03-23,COM DATA
1217,2267,BOLETO,8,SEM BANDEIRA,3078.02,ESTORNADO,2025-04-01,COM DATA
1218,369,DINHEIRO,0,SEM BANDEIRA,7367.205,PAGO,2024-07-25,COM DATA
1220,5626,CARTÃO,7,AMERICAN EXPRESS,11001.48,ESTORNADO,2024-11-20,COM DATA
1221,163,BOLETO,0,SEM BANDEIRA,1791.65,PAGO,2024-12-30,COM DATA
1222,5875,PIX,4,SEM BANDEIRA,28.16,ESTORNADO,2023-06-21,COM DATA
1223,1737,BOLETO,7,SEM BANDEIRA,14764.03,pago,2024-04-05,COM DATA
1224,9773,BOLETO,11,SEM BANDEIRA,3065.52,PENDENTE,2024-06-03,COM DATA
1225,849,DINHEIRO,12,SEM BANDEIRA,13685.75,Estornado,,SEM DATA
1226,4844,BOLETO,5,SEM BANDEIRA,1990.27,ESTORNADO,2022-03-21,COM DATA
1227,2066,PIX,0,SEM BANDEIRA,13654.21,ESTORNADO,2023-04-29,COM DATA
1229,5121,PIX,8,SEM BANDEIRA,7367.205,PAGO,2022-09-19,COM DATA
1231,5264,BOLETO,3,SEM BANDEIRA,2730.55,ESTORNADO,2022-06-22,COM DATA
1232,897,BOLETO,1,SEM BANDEIRA,7945.81,ESTORNADO,2022-10-17,COM DATA
1235,8291,CARTÃO,9,HIPERCARD,1043.39,PAGO,2023-09-19,COM DATA
1236,3485,BOLETO,12,SEM BANDEIRA,3411.86,ESTORNADO,2024-09-08,COM DATA
1237,6208,CARTÃO,10,VISA,12139.9,ESTORNADO,2023-06-21,COM DATA
1238,5595,PIX,10,SEM BANDEIRA,8821.38,ESTORNADO,2023-11-29,COM DATA
1242,1621,BOLETO,4,SEM BANDEIRA,6393.3,CANCELADO,2022-08-22,COM DATA
1244,2735,PIX,8,SEM BANDEIRA,7030.79,PAGO,2023-10-04,COM DATA
1245,8823,PIX,12,SEM BANDEIRA,6980.9,Estornado,,SEM DATA
1247,1000,CARTÃO,5,MASTERCARD,3198.42,PENDENTE,,SEM DATA
1249,4783,DINHEIRO,11,SEM BANDEIRA,3709.73,ESTORNADO,2023-08-18,COM DATA
1250,698,PIX,9,HIPERCARD,7367.205,PENDENTE,2023-08-28,COM DATA
1252,4352,PIX,6,SEM BANDEIRA,14450.75,pago,2024-11-08,COM DATA
1253,4314,BOLETO,11,SEM BANDEIRA,4073.41,PAGO,2022-01-08,COM DATA
1254,2837,BOLETO,10,SEM BANDEIRA,7647.03,PENDENTE,2024-10-02,COM DATA
1255,4357,CARTÃO,1,AMERICAN EXPRESS,9634.22,PENDENTE,2022-03-13,COM DATA
1256,3413,PIX,9,SEM BANDEIRA,7411.4,ESTORNADO,2023-05-30,COM DATA
1257,139,PIX,10,SEM BANDEIRA,7367.205,PENDENTE,2022-03-22,COM DATA
1258,1112,CARTÃO,4,VISA,7367.205,Pago,2023-07-12,COM DATA
1259,3525,PIX,5,AMERICAN EXPRESS,5581.05,PAGO,,SEM DATA
1261,1634,PIX,9,SEM BANDEIRA,12429.99,PAGO,,SEM DATA
1263,5129,PIX,1,SEM BANDEIRA,7367.205,PAGO,2024-07-13,COM DATA
1264,1533,PIX,0,SEM BANDEIRA,8117.23,PENDENTE,2023-07-27,COM DATA
1266,2363,PIX,0,SEM BANDEIRA,5971.72,PAGO,2023-07-11,COM DATA
1267,7309,DINHEIRO,3,SEM BANDEIRA,5649.9,PAGO,2023-09-07,COM DATA
1268,395,CARTÃO,5,ELO,14221.32,ESTORNADO,2025-04-05,COM DATA
1269,1490,CARTÃO,7,SEM BANDEIRA,8116.58,PENDENTE,2024-05-12,COM DATA
1272,5342,CARTÃO,-1,HIPERCARD,8114.18,ESTORNADO,2022-10-31,COM DATA
1273,160,CARTÃO,2,SEM BANDEIRA,14968.11,PAGO,,SEM DATA
1274,8988,DINHEIRO,4,SEM BANDEIRA,7367.205,ESTORNADO,2022-09-01,COM DATA
1275,44,PIX,10,SEM BANDEIRA,14325.08,PAGO,2024-12-25,COM DATA
1277,6366,CARTÃO,1,AMERICAN EXPRESS,778.92,ESTORNADO,2022-07-16,COM DATA
1280,1565,PIX,9,SEM BANDEIRA,2086.46,ESTORNADO,2023-08-15,COM DATA
1281,2446,DINHEIRO,3,SEM BANDEIRA,524.54,PENDENTE,2022-11-24,COM DATA
1283,5364,PIX,10,SEM BANDEIRA,288.13,ESTORNADO,2023-05-12,COM DATA
1285,6132,PIX,8,SEM BANDEIRA,11036.72,PENDENTE,2023-09-18,COM DATA
1286,2365,DINHEIRO,7,SEM BANDEIRA,14813.88,ESTORNADO,2023-02-24,COM DATA
1287,5065,DINHEIRO,3,SEM BANDEIRA,3906.91,PENDENTE,2023-01-11,COM DATA
1294,4571,CANCELADO,12,SEM BANDEIRA,2813.59,pago,2024-10-31,COM DATA
1295,958,CARTÃO,3,SEM BANDEIRA,955.98,ESTORNADO,2022-01-28,COM DATA
1296,7780,PIX,4,SEM BANDEIRA,1621.93,ESTORNADO,2024-03-05,COM DATA
1297,2550,BOLETO,0,SEM BANDEIRA,10735.03,PAGO,,SEM DATA
1303,5975,CARTÃO,2,VISA,4841.37,Pago,2024-12-06,COM DATA
1305,9842,PIX,0,SEM BANDEIRA,4759.56,PAGO,2024-04-07,COM DATA
1308,8073,BOLETO,2,SEM BANDEIRA,2027.12,ESTORNADO,2024-08-03,COM DATA
1309,6281,PIX,3,SEM BANDEIRA,7367.205,PENDENTE,,SEM DATA
1310,1002,DINHEIRO,2,SEM BANDEIRA,5437.57,Pago,2022-02-02,COM DATA
1312,7388,CARTÃO,9,VISA,7752.59,PENDENTE,2023-02-27,COM DATA
1313,3412,DINHEIRO,8,SEM BANDEIRA,6275.18,PAGO,2022-03-03,COM DATA
1315,9466,DINHEIRO,-1,SEM BANDEIRA,1275.44,PENDENTE,2024-08-06,COM DATA
1318,2583,BOLETO,2,SEM BANDEIRA,7367.205,ESTORNADO,2023-01-02,COM DATA
1322,5327,BOLETO,1,SEM BANDEIRA,2360.98,PENDENTE,2022-06-28,COM DATA
1323,9382,PIX,7,SEM BANDEIRA,7367.205,ESTORNADO,2024-07-18,COM DATA
1324,9060,BOLETO,0,SEM BANDEIRA,7367.205,ESTORNADO,2024-10-11,COM DATA
1326,4580,BOLETO,9,SEM BANDEIRA,8594.89,PAGO,2022-11-12,COM DATA
1328,3411,CARTÃO,4,SEM BANDEIRA,2907.37,CANCELADO,2023-04-18,COM DATA
1329,4415,BOLETO,2,SEM BANDEIRA,2442.15,ESTORNADO,2022-10-20,COM DATA
1331,1603,CARTÃO,3,SEM BANDEIRA,5944.94,PAGO,2024-11-07,COM DATA
1332,6532,BOLETO,7,SEM BANDEIRA,1561.23,CANCELADO,2023-07-05,COM DATA
1334,809,DINHEIRO,8,SEM BANDEIRA,13761.53,PENDENTE,2023-04-29,COM DATA
1335,4168,BOLETO,12,SEM BANDEIRA,13977.93,PAGO,2023-02-11,COM DATA
1337,5465,BOLETO,12,SEM BANDEIRA,7367.205,PAGO,2024-03-25,COM DATA
1338,9577,CARTÃO,6,SEM BANDEIRA,4591.05,PAGO,2022-08-06,COM DATA
1340,4482,PIX,5,SEM BANDEIRA,8554.58,PAGO,2023-06-22,COM DATA
1342,2911,CARTÃO,3,SEM BANDEIRA,7367.205,PENDENTE,2022-03-18,COM DATA
1343,4604,PIX,0,SEM BANDEIRA,13853.56,ESTORNADO,2025-03-18,COM DATA
1344,7587,CARTÃO,4,HIPERCARD,4085.23,PAGO,2022-01-26,COM DATA
1345,4244,BOLETO,12,SEM BANDEIRA,1415.44,PENDENTE,2023-01-01,COM DATA
1346,6363,BOLETO,8,SEM BANDEIRA,14266.31,PAGO,2022-05-23,COM DATA
1347,5574,PIX,9,SEM BANDEIRA,8266.18,PAGO,2023-03-25,COM DATA
1349,4808,CARTAO,0,SEM BANDEIRA,3396.41,PAGO,2022-01-07,COM DATA
1350,3722,BOLETO,11,SEM BANDEIRA,13286.83,PENDENTE,2023-03-28,COM DATA
1352,1350,DINHEIRO,11,SEM BANDEIRA,14446.02,PENDENTE,2022-05-18,COM DATA
1353,4865,PIX,9,SEM BANDEIRA,5604.05,ESTORNADO,2022-03-25,COM DATA
1356,1332,PIX,9,SEM BANDEIRA,6792.79,ESTORNADO,2023-02-23,COM DATA
1357,2772,DINHEIRO,7,SEM BANDEIRA,380.57,PENDENTE,2025-02-22,COM DATA
1358,1274,DINHEIRO,0,SEM BANDEIRA,10854.86,PAGO,2024-08-29,COM DATA
1360,3824,DINHEIRO,2,SEM BANDEIRA,6873.97,PAGO,2023-04-26,COM DATA
1361,1428,CARTÃO,6,AMERICAN EXPRESS,4551.25,ESTORNADO,2022-05-11,COM DATA
1362,8825,DINHEIRO,4,SEM BANDEIRA,49.84,PENDENTE,2022-10-28,COM DATA
1363,1235,DINHEIRO,12,SEM BANDEIRA,8090.88,PENDENTE,2024-12-16,COM DATA
1364,849,PIX,7,SEM BANDEIRA,7367.205,PENDENTE,2022-11-16,COM DATA
1365,4889,PIX,8,SEM BANDEIRA,13199.94,PAGO,2022-12-06,COM DATA
1366,6794,CARTÃO,11,ELO,13054.38,pago,2025-03-03,COM DATA
1367,7651,BOLETO,2,SEM BANDEIRA,1147.42,ESTORNADO,2024-03-13,COM DATA
1369,5343,DINHEIRO,11,SEM BANDEIRA,9771.39,pago,2022-10-20,COM DATA
1370,6127,CARTÃO,7,VISA,8958.13,CANCELADO,2022-05-01,COM DATA
1371,6173,DINHEIRO,1,SEM BANDEIRA,1995.25,PAGO ,2022-06-12,COM DATA
1373,6053,BOLETO,0,SEM BANDEIRA,6012.98,PAGO,2022-05-31,COM DATA
1374,9527,PIX,10,SEM BANDEIRA,12252.62,ESTORNADO,2024-02-26,COM DATA
1376,5253,DINHEIRO,0,SEM BANDEIRA,8348.55,PENDENTE,2023-05-31,COM DATA
1377,4048,PIX,0,SEM BANDEIRA,3018.13,Pago,2024-08-13,COM DATA
1378,2406,PIX,5,SEM BANDEIRA,11123.04,ESTORNADO,2024-10-12,COM DATA
1379,8906,DINHEIRO,3,SEM BANDEIRA,516.92,ESTORNADO,2023-11-06,COM DATA
1381,9313,PIX,11,SEM BANDEIRA,14816.31,PENDENTE,2022-07-25,COM DATA
1382,7056,PIX,8,SEM BANDEIRA,2310.97,ESTORNADO,2023-02-02,COM DATA
1383,5174,DINHEIRO,-5,SEM BANDEIRA,7367.205,PENDENTE,2022-10-28,COM DATA
1384,9566,PIX,10,SEM BANDEIRA,2990.17,PENDENTE,2022-01-01,COM DATA
1387,5642,BOLETO,9,SEM BANDEIRA,11134.97,ESTORNADO,,SEM DATA
1388,7747,PIX,1,SEM BANDEIRA,4290.15,ESTORNADO,2023-05-25,COM DATA
1389,8945,CARTÃO,3,VISA,1239.89,ESTORNADO,2025-01-19,COM DATA
1390,4567,PIX,11,SEM BANDEIRA,6683.34,ESTORNADO,2023-02-28,COM DATA
1391,3879,BOLETO,12,SEM BANDEIRA,6274.5,CANCELADO,,SEM DATA
1392,9149,DINHEIRO,1,SEM BANDEIRA,8956.78,PAGO,2022-07-08,COM DATA
1394,7452,CARTÃO,3,AMERICAN EXPRESS,290.98,PAGO,2022-04-27,COM DATA
1396,6676,CARTÃO,4,HIPERCARD,4914.22,ESTORNADO,2024-09-22,COM DATA
1399,5554,CARTÃO,0,ELO,3016.46,PENDENTE,2024-12-28,COM DATA
1401,5397,CARTÃO,9,VISA,1376.63,ESTORNADO,2023-08-03,COM DATA
1402,6524,DINHEIRO,3,SEM BANDEIRA,13007.0,ESTORNADO,2024-05-10,COM DATA
1403,5073,DINHEIRO,1,SEM BANDEIRA,6725.72,pago,,SEM DATA
1404,3262,PIX,2,SEM BANDEIRA,7367.205,ESTORNADO,2022-06-03,COM DATA
1406,5232,DINHEIRO,2,SEM BANDEIRA,8598.59,ESTORNADO,2025-04-04,COM DATA
1407,5409,DINHEIRO,2,SEM BANDEIRA,8314.86,PAGO,2023-01-16,COM DATA
1409,9892,DINHEIRO,4,SEM BANDEIRA,7367.205,PAGO,2024-07-31,COM DATA
1412,149,DINHEIRO,6,SEM BANDEIRA,12301.78,PAGO,2022-05-23,COM DATA
1413,3624,PIX,1,SEM BANDEIRA,76.63,PENDENTE,2024-10-06,COM DATA
1419,8292,PIX,1,SEM BANDEIRA,8847.37,ESTORNADO,2023-03-20,COM DATA
1424,4441,DINHEIRO,0,SEM BANDEIRA,11300.51,PENDENTE,2024-06-29,COM DATA
1425,6472,PIX,1,SEM BANDEIRA,12594.37,PAGO,2024-04-12,COM DATA
1427,7314,PIX,9,SEM BANDEIRA,11807.71,PENDENTE,,SEM DATA
1428,9646,DINHEIRO,5,SEM BANDEIRA,0.0,PAGO,,SEM DATA
1429,6689,CARTÃO,1,ELO,7367.205,PENDENTE,2024-12-31,COM DATA
1432,8347,PIX,10,SEM BANDEIRA,4841.58,ESTORNADO,2022-01-03,COM DATA
1433,4112,BOLETO,3,SEM BANDEIRA,9767.09,PAGO,2024-08-17,COM DATA
1436,6886,CARTÃO,4,MASTERCARD,9707.61,PAGO,2024-05-10,COM DATA
1438,1480,DINHEIRO,9,SEM BANDEIRA,7519.78,PENDENTE,2022-11-09,COM DATA
1441,8861,PIX,8,SEM BANDEIRA,11239.23,PENDENTE,2024-03-10,COM DATA
1442,9011,CARTÃO,9,HIPERCARD,3968.35,ESTORNADO,2022-08-11,COM DATA
1443,9874,PIX,11,SEM BANDEIRA,12748.87,ESTORNADO,2022-07-21,COM DATA
1444,2193,PIX,11,SEM BANDEIRA,7367.205,CANCELADO,2025-02-10,COM DATA
1446,8373,DINHEIRO,0,SEM BANDEIRA,11748.45,PAGO,2023-03-23,COM DATA
1450,4375,BOLETO,7,SEM BANDEIRA,7695.42,PENDENTE,2023-09-03,COM DATA
1451,1088,DINHEIRO,4,SEM BANDEIRA,14065.72,ESTORNADO,2022-11-25,COM DATA
1454,6297,DINHEIRO,12,SEM BANDEIRA,3834.03,PAGO,2022-08-24,COM DATA
1456,6335,PIX,12,SEM BANDEIRA,8870.16,ESTORNADO,2023-08-15,COM DATA
1457,3955,CARTÃO,0,SEM BANDEIRA,12182.38,PENDENTE,2024-07-15,COM DATA
1460,7412,PIX,6,SEM BANDEIRA,2262.8,PENDENTE,2024-03-20,COM DATA
1461,7116,BOLETO,3,SEM BANDEIRA,13030.93,PENDENTE,2024-02-21,COM DATA
1462,5487,BOLETO,10,SEM BANDEIRA,7367.205,ESTORNADO,2025-01-26,COM DATA
1463,2932,BOLETO,6,SEM BANDEIRA,971.92,ESTORNADO,2024-12-28,COM DATA
1465,1876,BOLETO,0,SEM BANDEIRA,11729.38,PENDENTE,2024-05-20,COM DATA
1467,7887,PIX,3,SEM BANDEIRA,9476.98,PAGO,2024-07-19,COM DATA
1468,6661,PIX,-5,SEM BANDEIRA,7367.205,ESTORNADO,2022-04-22,COM DATA
1469,8229,PIX,6,SEM BANDEIRA,14652.57,ESTORNADO,2024-04-06,COM DATA
1471,3803,CARTÃO,3,SEM BANDEIRA,9979.29,PAGO,2023-06-09,COM DATA
1472,3426,CARTÃO,10,SEM BANDEIRA,1533.41,PAGO,2024-04-23,COM DATA
1474,9558,BOLETO,4,SEM BANDEIRA,6570.24,PENDENTE,2023-04-21,COM DATA
1476,6824,BOLETO,2,SEM BANDEIRA,4013.68,PENDENTE,2024-03-17,COM DATA
1477,5207,CARTÃO,6,SEM BANDEIRA,3141.51,ESTORNADO,2023-08-17,COM DATA
1480,8952,PIX,7,SEM BANDEIRA,7367.205,PAGO,2024-08-28,COM DATA
1482,1931,CARTÃO,2,MASTERCARD,14686.11,PENDENTE,2022-12-03,COM DATA
1483,4859,BOLETO,7,SEM BANDEIRA,3092.62,PAGO,2023-06-22,COM DATA
1485,9832,PIX,1,SEM BANDEIRA,1591.09,PENDENTE,2022-03-11,COM DATA
1486,1333,CARTÃO,4,MASTERCARD,3489.72,PENDENTE,2022-04-04,COM DATA
1488,780,BOLETO,0,SEM BANDEIRA,13486.4,PAGO,2022-05-29,COM DATA
1490,7833,PIX,-5,SEM BANDEIRA,12563.25,ESTORNADO,2023-02-21,COM DATA
1494,5498,CARTÃO,6,SEM BANDEIRA,789.96,ESTORNADO,2024-10-14,COM DATA
1496,4626,CARTÃO,1,AMERICAN EXPRESS,478.77,PAGO,2024-10-30,COM DATA
1497,2387,CARTÃO,8,HIPERCARD,9579.51,PAGO,2022-03-29,COM DATA
1499,9823,PIX,11,SEM BANDEIRA,4093.71,PAGO,2022-11-27,COM DATA
1501,9081,BOLETO,8,SEM BANDEIRA,9087.99,PAGO,2023-02-02,COM DATA
1502,7259,CARTÃO,3,AMERICAN EXPRESS,11496.83,ESTORNADO,2025-02-13,COM DATA
1503,9811,PIX,9,SEM BANDEIRA,3619.16,PAGO,2023-11-13,COM DATA
1504,2069,PIX,11,SEM BANDEIRA,3954.3,Pago,,SEM DATA
1505,5642,DINHEIRO,9,SEM BANDEIRA,9644.28,PAGO,2023-05-29,COM DATA
1506,3925,DINHEIRO,10,SEM BANDEIRA,8644.12,PENDENTE,2023-07-24,COM DATA
1512,1007,CARTÃO,4,AMERICAN EXPRESS,3339.92,PAGO,2022-10-13,COM DATA
1513,3709,PIX,5,SEM BANDEIRA,323.43,PAGO,2022-10-12,COM DATA
1514,434,BOLETO,2,SEM BANDEIRA,6120.92,ESTORNADO,2022-01-11,COM DATA
1515,2068,BOLETO,1,SEM BANDEIRA,14568.22,PAGO,,SEM DATA
1516,3922,CARTÃO,0,HIPERCARD,5617.6,PAGO,2022-10-27,COM DATA
1518,3559,CARTÃO,12,SEM BANDEIRA,3530.31,PENDENTE,2023-05-17,COM DATA
1520,6850,PIX,3,SEM BANDEIRA,417.01,Estornado,2022-09-28,COM DATA
1522,1174,CARTÃO,7,SEM BANDEIRA,12284.66,ESTORNADO,,SEM DATA
1523,7432,BOLETO,-1,SEM BANDEIRA,8555.57,ESTORNADO,2023-03-04,COM DATA
1524,7844,BOLETO,2,SEM BANDEIRA,7367.205,ESTORNADO,2023-07-17,COM DATA
1525,497,DINHEIRO,6,SEM BANDEIRA,2471.74,PENDENTE,2023-07-27,COM DATA
1526,5660,CARTÃO,4,SEM BANDEIRA,7345.35,PENDENTE,2022-11-24,COM DATA
1527,9466,BOLETO,12,SEM BANDEIRA,5526.77,PAGO,2023-11-15,COM DATA
1528,2343,PIX,7,SEM BANDEIRA,11493.42,PENDENTE,2023-07-06,COM DATA
1529,1196,PIX,10,SEM BANDEIRA,1671.5,PENDENTE,2022-01-13,COM DATA
1530,5651,DINHEIRO,12,SEM BANDEIRA,7367.205,PAGO,2024-07-16,COM DATA
1531,2360,CARTÃO,4,MASTERCARD,6681.72,Pagoo,2024-03-20,COM DATA
1535,852,PIX,4,SEM BANDEIRA,2200.66,Estornado,2023-11-11,COM DATA
1536,1798,CANCELADO,6,SEM BANDEIRA,11810.51,ESTORNADO,2022-05-06,COM DATA
1539,9965,PIX,3,SEM BANDEIRA,13330.89,ESTORNADO,2024-11-22,COM DATA
1540,6952,DINHEIRO,2,SEM BANDEIRA,1296.11,ESTORNADO,2022-03-27,COM DATA
1544,1141,BOLETO,12,SEM BANDEIRA,10657.6,PAGO,2022-01-16,COM DATA
1545,9246,DINHEIRO,3,SEM BANDEIRA,13292.3,PAGO,2022-08-26,COM DATA
1546,8213,BOLETO,0,SEM BANDEIRA,4799.21,Pagoo,2022-10-17,COM DATA
1548,9497,DINHEIRO,2,SEM BANDEIRA,5655.45,CANCELADO,2023-02-03,COM DATA
1549,4359,PIX,1,SEM BANDEIRA,9232.6,PENDENTE,2023-02-15,COM DATA
1550,2987,CARTÃO,2,MASTERCARD,8700.24,PENDENTE,2023-11-17,COM DATA
1551,9614,PIX,-1,SEM BANDEIRA,13619.94,Pago,2023-03-04,COM DATA
1552,7680,BOLETO,10,SEM BANDEIRA,6846.6,ESTORNADO,2024-04-05,COM DATA
1553,1496,BOLETO,7,SEM BANDEIRA,3652.14,ESTORNADO,2024-10-10,COM DATA
1554,6680,DINHEIRO,6,SEM BANDEIRA,2210.87,ESTORNADO,,SEM DATA
1556,1877,DINHEIRO,11,SEM BANDEIRA,3059.71,PAGO,2022-01-27,COM DATA
1559,8746,PIX,9,SEM BANDEIRA,7367.205,PAGO,2024-07-26,COM DATA
1562,7960,DINHEIRO,8,SEM BANDEIRA,10357.39,PAGO,2024-12-13,COM DATA
1563,5858,PIX,2,SEM BANDEIRA,10936.07,PENDENTE,2025-03-13,COM DATA
1566,8720,PIX,6,SEM BANDEIRA,459.31,PAGO,2022-10-12,COM DATA
1568,9739,CARTÃO,-1,HIPERCARD,7367.205,ESTORNADO,2022-11-04,COM DATA
1571,9408,DINHEIRO,6,SEM BANDEIRA,3603.49,ESTORNADO,2024-01-23,COM DATA
1573,8790,DINHEIRO,6,SEM BANDEIRA,13913.63,ESTORNADO,2025-01-25,COM DATA
1575,6694,CARTÃO,11,ELO,12440.23,PENDENTE,2023-09-18,COM DATA
1578,9161,BOLETO,2,SEM BANDEIRA,5328.12,ESTORNADO,2023-04-10,COM DATA
1579,2282,DINHEIRO,10,SEM BANDEIRA,3987.05,ESTORNADO,2022-08-17,COM DATA
1583,6812,DINHEIRO,4,SEM BANDEIRA,3726.81,PENDENTE,2022-12-08,COM DATA
1584,4217,PIX,3,SEM BANDEIRA,11303.8,PAGO,2023-04-25,COM DATA
1586,2049,DINHEIRO,8,SEM BANDEIRA,3428.91,PAGO,2023-12-06,COM DATA
1587,1482,BOLETO,11,SEM BANDEIRA,0.0,PAGO,2022-09-29,COM DATA
1588,6080,DINHEIRO,7,SEM BANDEIRA,7009.04,ESTORNADO,2023-02-20,COM DATA
1589,4076,DINHEIRO,0,SEM BANDEIRA,5600.23,PAGO,2022-10-29,COM DATA
1590,1880,DINHEIRO,10,SEM BANDEIRA,1915.08,PENDENTE,2024-10-28,COM DATA
1591,2550,PIX,2,HIPERCARD,8913.68,PAGO,2025-03-02,COM DATA
1593,8532,CARTÃO,9,VISA,7425.62,CANCELADO,2022-04-07,COM DATA
1594,779,BOLETO,1,SEM BANDEIRA,9076.71,ESTORNADO,2024-05-18,COM DATA
1596,8773,CARTÃO,6,VISA,7367.205,PAGO,2022-01-19,COM DATA
1598,1324,BOLETO,12,SEM BANDEIRA,10764.73,PAGO,2023-10-19,COM DATA
1600,6479,BOLETO,6,SEM BANDEIRA,5854.49,PAGO,2024-04-30,COM DATA
1602,8921,DINHEIRO,12,SEM BANDEIRA,4311.7,PAGO,2024-03-11,COM DATA
1603,2883,DINHEIRO,0,SEM BANDEIRA,3087.81,PAGO,2023-01-16,COM DATA
1607,2379,PIX,2,SEM BANDEIRA,8157.38,PAGO,2024-03-31,COM DATA
1608,7872,BOLETO,11,SEM BANDEIRA,6734.03,ESTORNADO,2022-08-07,COM DATA
1613,1975,BOLETO,0,ELO,7063.69,ESTORNADO,2024-01-31,COM DATA
1617,9091,PIX,0,SEM BANDEIRA,3521.64,PENDENTE,2024-05-27,COM DATA
1618,5012,CARTAO,10,SEM BANDEIRA,8084.92,PAGO,2023-11-05,COM DATA
1619,1523,DINHEIRO,7,SEM BANDEIRA,7633.17,Estornado,2023-08-25,COM DATA
1620,2954,BOLETO,3,SEM BANDEIRA,9763.83,ESTORNADO,2024-04-23,COM DATA
1623,6825,BOLETO,1,SEM BANDEIRA,9198.08,ESTORNADO,2022-10-02,COM DATA
1624,5322,BOLETO,11,SEM BANDEIRA,0.0,PAGO,,SEM DATA
1625,3963,DINHEIRO,7,SEM BANDEIRA,10672.65,PENDENTE,2025-01-14,COM DATA
1627,8477,CARTÃO,4,ELO,3875.17,PENDENTE,2024-01-12,COM DATA
1629,9166,BOLETO,10,SEM BANDEIRA,4094.25,PENDENTE,2024-08-21,COM DATA
1631,6586,DINHEIRO,9,SEM BANDEIRA,7367.205,PENDENTE,2024-06-06,COM DATA
1635,5094,PIX,3,SEM BANDEIRA,12375.86,ESTORNADO,2022-09-12,COM DATA
1636,546,CARTÃO,6,MASTERCARD,854.34,ESTORNADO,2022-05-27,COM DATA
1637,4086,BOLETO,10,SEM BANDEIRA,3682.52,ESTORNADO,2022-06-12,COM DATA
1638,2316,DINHEIRO,9,SEM BANDEIRA,7367.205,ESTORNADO,2024-09-29,COM DATA
1639,8589,DINHEIRO,8,SEM BANDEIRA,750.61,PAGO,2023-06-13,COM DATA
1640,9794,PIX,12,SEM BANDEIRA,11086.47,PAGO,2022-04-08,COM DATA
1641,3602,PIX,8,SEM BANDEIRA,4535.77,PENDENTE,2022-03-26,COM DATA
1642,9082,DINHEIRO,8,SEM BANDEIRA,3989.19,PENDENTE,2023-01-25,COM DATA
1644,4884,PIX,2,SEM BANDEIRA,7367.205,PENDENTE,2024-04-17,COM DATA
1647,1275,PIX,10,SEM BANDEIRA,10347.73,ESTORNADO,2023-07-21,COM DATA
1650,3794,PIX,12,SEM BANDEIRA,2723.6,ESTORNADO,,SEM DATA
1651,5810,PIX,4,SEM BANDEIRA,13137.55,ESTORNADO,2024-10-21,COM DATA
1652,4279,DINHEIRO,5,SEM BANDEIRA,0.0,PAGO,2024-01-02,COM DATA
1653,8803,DINHEIRO,7,SEM BANDEIRA,4665.21,Estornado,2023-02-05,COM DATA
1654,6856,BOLETO,9,SEM BANDEIRA,12224.43,PENDENTE,2022-04-29,COM DATA
1655,8561,BOLETO,12,SEM BANDEIRA,13295.17,PAGO,2023-12-08,COM DATA
1657,6311,CARTÃO,5,MASTERCARD,1924.49,ESTORNADO,2022-04-17,COM DATA
1658,1665,CARTÃO,2,HIPERCARD,7734.86,PAGO,2023-12-31,COM DATA
1659,885,PIX,6,SEM BANDEIRA,7367.205,PAGO,2024-04-14,COM DATA
1660,8996,BOLETO,11,SEM BANDEIRA,11525.45,PENDENTE,2023-01-12,COM DATA
1662,6235,PIX,1,SEM BANDEIRA,901.92,ESTORNADO,2022-06-21,COM DATA
1664,183,BOLETO,10,SEM BANDEIRA,7367.205,ESTORNADO,2024-08-06,COM DATA
1665,4380,BOLETO,10,SEM BANDEIRA,7410.32,PAGO,2022-04-02,COM DATA
1670,7328,PIX,10,SEM BANDEIRA,9238.67,PAGO,2023-05-19,COM DATA
1671,9332,BOLETO,5,SEM BANDEIRA,1119.8,ESTORNADO,2022-07-10,COM DATA
1672,6699,DINHEIRO,4,SEM BANDEIRA,9601.28,ESTORNADO,2024-12-18,COM DATA
1674,1816,CARTÃO,3,VISA,3697.13,PAGO,2024-10-11,COM DATA
1680,6721,PIX,10,SEM BANDEIRA,9433.87,PENDENTE,2023-09-07,COM DATA
1681,1180,BOLETO,4,SEM BANDEIRA,6590.73,PAGO,2022-02-02,COM DATA
1682,9598,CARTÃO,7,HIPERCARD,7367.205,PENDENTE,2023-02-27,COM DATA
1683,4898,PIX,2,SEM BANDEIRA,8997.53,PAGO,2024-01-02,COM DATA
1684,3564,CARTÃO,1,ELO,10110.19,PENDENTE,2024-09-05,COM DATA
1685,4375,BOLETO,12,SEM BANDEIRA,5943.45,PENDENTE,2024-07-23,COM DATA
1686,6068,PIX,3,SEM BANDEIRA,8597.35,ESTORNADO,2022-12-31,COM DATA
1687,4007,BOLETO,11,SEM BANDEIRA,8564.06,Pago,2023-03-07,COM DATA
1689,3949,BOLETO,2,SEM BANDEIRA,5199.7,PENDENTE,2023-08-13,COM DATA
1690,4307,CARTÃO,11,ELO,1094.91,ESTORNADO,2023-12-03,COM DATA
1691,7993,BOLETO,2,SEM BANDEIRA,5914.75,PENDENTE,2025-04-07,COM DATA
1692,5637,DINHEIRO,12,SEM BANDEIRA,7367.205,PENDENTE,2024-04-20,COM DATA
1697,6584,CARTÃO,6,HIPERCARD,14973.25,PENDENTE,2022-09-30,COM DATA
1698,3513,BOLETO,2,SEM BANDEIRA,0.0,Pagoo,2023-09-27,COM DATA
1699,3715,DINHEIRO,7,SEM BANDEIRA,12768.97,PAGO,2022-02-15,COM DATA
1700,181,PIX,8,SEM BANDEIRA,10109.7,PAGO,2023-01-07,COM DATA
1701,6801,CARTÃO,12,ELO,7073.72,ESTORNADO,2022-09-16,COM DATA
1702,3214,CARTÃO,2,MASTERCARD,3972.53,ESTORNADO,2022-10-28,COM DATA
1703,5016,DINHEIRO,6,SEM BANDEIRA,6783.54,PENDENTE,2022-07-19,COM DATA
1704,8722,PIX,2,SEM BANDEIRA,3223.16,PENDENTE,2024-06-29,COM DATA
1705,7027,BOLETO,2,SEM BANDEIRA,8065.13,PENDENTE,2023-10-25,COM DATA
1706,978,PIX,0,SEM BANDEIRA,2785.07,PAGO,,SEM DATA
1707,7917,DINHEIRO,2,SEM BANDEIRA,14570.44,PAGO,2022-07-12,COM DATA
1709,5383,DINHEIRO,0,SEM BANDEIRA,9229.08,PENDENTE,2023-05-28,COM DATA
1710,9325,PIX,10,SEM BANDEIRA,10795.39,PENDENTE,2022-05-22,COM DATA
1712,5586,CARTÃO,7,MASTERCARD,7367.205,PAGO,2023-04-20,COM DATA
1713,6031,CARTÃO,-5,SEM BANDEIRA,12416.79,PAGO,2023-06-04,COM DATA
1714,3567,BOLETO,2,SEM BANDEIRA,409.45,PAGO,2025-04-08,COM DATA
1715,9278,PIX,4,SEM BANDEIRA,5096.34,Pago,2025-03-19,COM DATA
1717,9132,PIX,7,SEM BANDEIRA,6873.43,ESTORNADO,2024-07-20,COM DATA
1718,3821,PIX,11,SEM BANDEIRA,11443.13,PAGO,2024-10-20,COM DATA
1719,4326,BOLETO,2,SEM BANDEIRA,11696.63,PENDENTE,2022-07-09,COM DATA
1721,840,DINHEIRO,10,SEM BANDEIRA,7100.39,PENDENTE,2025-03-26,COM DATA
1723,9669,CARTÃO,11,VISA,10773.07,Pendente,2024-06-18,COM DATA
1725,3906,BOLETO,0,SEM BANDEIRA,1967.65,ESTORNADO,,SEM DATA
1727,5633,CARTÃO,0,HIPERCARD,5128.53,ESTORNADO,2024-02-23,COM DATA
1728,4341,BOLETO,9,SEM BANDEIRA,13289.0,ESTORNADO,2022-01-21,COM DATA
1729,5933,BOLETO,5,SEM BANDEIRA,13569.62,ESTORNADO,2024-05-18,COM DATA
1730,7318,DINHEIRO,1,SEM BANDEIRA,10187.46,Pagoo,2023-10-30,COM DATA
1731,6795,CARTÃO,10,MASTERCARD,11639.77,ESTORNADO,2022-06-06,COM DATA
1732,2581,BOLETO,10,SEM BANDEIRA,7367.205,PENDENTE,2023-01-10,COM DATA
1734,8014,BOLETO,5,SEM BANDEIRA,5511.28,PENDENTE,2022-09-27,COM DATA
1735,5236,PIX,0,SEM BANDEIRA,7367.205,PENDENTE,2023-01-22,COM DATA
1736,9386,BOLETO,9,SEM BANDEIRA,14286.16,PAGO,2022-11-11,COM DATA
1737,6576,DINHEIRO,2,SEM BANDEIRA,7367.205,Pago,2024-09-16,COM DATA
1738,454,CARTÃO,6,VISA,1122.74,PAGO,2022-01-08,COM DATA
1740,7269,PIX,5,SEM BANDEIRA,9031.1,PAGO,2024-08-15,COM DATA
1741,9549,DINHEIRO,3,SEM BANDEIRA,5794.47,PENDENTE,2024-07-09,COM DATA
1742,7115,DINHEIRO,8,SEM BANDEIRA,2594.33,PENDENTE,2024-02-10,COM DATA
1743,1808,BOLETO,7,SEM BANDEIRA,11295.2,PENDENTE,2024-12-29,COM DATA
1744,4864,CARTÃO,5,VISA,7367.205,PENDENTE,2023-08-13,COM DATA
1745,6644,DINHEIRO,12,SEM BANDEIRA,7367.205,ESTORNADO,2023-07-04,COM DATA
1746,961,PIX,11,SEM BANDEIRA,4994.67,PENDENTE,2023-11-04,COM DATA
1747,209,PIX,11,SEM BANDEIRA,1005.31,PENDENTE,2022-11-20,COM DATA
1750,7400,DINHEIRO,-5,SEM BANDEIRA,12633.68,ESTORNADO,2022-05-06,COM DATA
1751,7257,BOLETO,5,SEM BANDEIRA,14192.42,PAGO,2023-01-11,COM DATA
1752,5682,CARTÃO,9,MASTERCARD,7367.205,ESTORNADO,2023-07-22,COM DATA
1753,3412,PIX,3,SEM BANDEIRA,14786.69,PENDENTE,2024-07-28,COM DATA
1755,4371,PIX,0,SEM BANDEIRA,2295.24,ESTORNADO,2024-11-11,COM DATA
1756,584,DINHEIRO,9,SEM BANDEIRA,1149.01,PAGO,2023-06-05,COM DATA
1757,1121,DINHEIRO,2,SEM BANDEIRA,5011.06,PENDENTE,2023-07-23,COM DATA
1760,6922,PIX,9,SEM BANDEIRA,649.65,ESTORNADO,2024-11-17,COM DATA
1763,2558,DINHEIRO,0,SEM BANDEIRA,12365.35,ESTORNADO,2024-11-22,COM DATA
1764,472,CARTÃO,1,HIPERCARD,11534.32,ESTORNADO,2025-01-28,COM DATA
1765,7561,PIX,5,SEM BANDEIRA,5825.17,PENDENTE,2022-07-26,COM DATA
1766,4987,BOLETO,7,SEM BANDEIRA,700.6,ESTORNADO,,SEM DATA
1767,2207,BOLETO,9,SEM BANDEIRA,7367.205,PENDENTE,2024-02-15,COM DATA
1770,7508,CARTÃO,-5,ELO,7367.205,PAGO,2023-08-20,COM DATA
1771,2579,BOLETO,10,SEM BANDEIRA,14053.84,PAGO,2024-03-04,COM DATA
1772,8136,CARTÃO,0,SEM BANDEIRA,1514.65,ESTORNADO,2023-04-05,COM DATA
1776,2445,BOLETO,9,SEM BANDEIRA,8172.41,PENDENTE,2022-08-14,COM DATA
1777,518,CARTÃO,7,AMERICAN EXPRESS,7367.205,ESTORNADO,2023-06-25,COM DATA
1778,1516,PIX,2,SEM BANDEIRA,12222.45,ESTORNADO,2025-02-04,COM DATA
1781,4849,DINHEIRO,9,SEM BANDEIRA,3205.95,PAGO,2023-11-03,COM DATA
1783,3763,CARTÃO,10,HIPERCARD,1616.01,PAGO,2022-02-04,COM DATA
1784,6990,DINHEIRO,6,SEM BANDEIRA,3521.47,PAGO,2023-11-12,COM DATA
1788,599,BOLETO,10,SEM BANDEIRA,373.92,PAGO,2024-11-28,COM DATA
1791,7006,CARTÃO,5,SEM BANDEIRA,7608.37,ESTORNADO,2023-05-14,COM DATA
1792,2514,DINHEIRO,-1,SEM BANDEIRA,12184.81,ESTORNADO,2024-03-10,COM DATA
1795,9819,CARTÃO,5,SEM BANDEIRA,9927.95,PENDENTE,2022-04-23,COM DATA
1796,2845,DINHEIRO,1,SEM BANDEIRA,126.18,Pendente,2025-04-13,COM DATA
1797,9206,BOLETO,5,SEM BANDEIRA,7367.205,ESTORNADO,2024-02-08,COM DATA
1799,5945,CANCELADO,12,SEM BANDEIRA,6296.48,pago,2023-08-12,COM DATA
1803,6791,BOLETO,5,SEM BANDEIRA,4533.25,ESTORNADO,,SEM DATA
1804,3618,PIX,7,SEM BANDEIRA,3877.41,ESTORNADO,2024-03-06,COM DATA
1805,2735,DINHEIRO,9,SEM BANDEIRA,7194.06,ESTORNADO,2022-12-11,COM DATA
1806,2926,DINHEIRO,0,SEM BANDEIRA,10878.19,PAGO,2024-08-17,COM DATA
1808,3549,DINHEIRO,8,SEM BANDEIRA,197.5,ESTORNADO,2022-11-25,COM DATA
1810,2807,PIX,1,SEM BANDEIRA,13321.88,ESTORNADO,2022-01-06,COM DATA
1811,108,PIX,10,SEM BANDEIRA,0.0,PAGO,2024-03-21,COM DATA
1816,6406,BOLETO,10,SEM BANDEIRA,6975.33,PAGO,2024-04-25,COM DATA
1817,2785,PIX,0,SEM BANDEIRA,1961.32,PAGO,2023-02-04,COM DATA
1819,4441,PIX,12,SEM BANDEIRA,12765.48,PENDENTE,2023-11-07,COM DATA
1820,5319,BOLETO,9,SEM BANDEIRA,10293.63,PAGO,,SEM DATA
1823,9707,CARTÃO,0,HIPERCARD,10635.45,PENDENTE,2025-03-13,COM DATA
1824,5844,DINHEIRO,1,SEM BANDEIRA,11973.92,PAGO,2022-01-16,COM DATA
1826,1734,PIX,12,SEM BANDEIRA,3711.32,ESTORNADO,2023-03-28,COM DATA
1827,7959,BOLETO,3,SEM BANDEIRA,7710.19,ESTORNADO,,SEM DATA
1829,5075,BOLETO,2,SEM BANDEIRA,12752.99,PAGO,2023-09-02,COM DATA
1830,5811,PIX,12,SEM BANDEIRA,5877.17,ESTORNADO,2025-03-08,COM DATA
1831,7571,DINHEIRO,6,SEM BANDEIRA,7604.1,PENDENTE,2023-09-26,COM DATA
1833,419,PIX,8,SEM BANDEIRA,7627.76,PAGO,2023-11-28,COM DATA
1835,5424,PIX,5,SEM BANDEIRA,9353.57,PAGO,2022-03-10,COM DATA
1836,5849,BOLETO,0,SEM BANDEIRA,5183.25,Pagoo,2024-01-09,COM DATA
1837,7703,DINHEIRO,2,SEM BANDEIRA,7367.205,PAGO,2022-03-02,COM DATA
1838,6640,PIX,0,SEM BANDEIRA,2549.52,PAGO,2023-06-10,COM DATA
1840,7998,DINHEIRO,0,SEM BANDEIRA,8656.84,ESTORNADO,2022-10-19,COM DATA
1843,3894,CARTÃO,0,SEM BANDEIRA,11025.68,PAGO,2022-06-24,COM DATA
1844,6847,PIX,1,SEM BANDEIRA,13467.78,PAGO,2024-10-02,COM DATA
1845,8773,DINHEIRO,3,SEM BANDEIRA,13362.15,PAGO,2022-12-09,COM DATA
1846,9453,PIX,5,SEM BANDEIRA,3895.12,ESTORNADO,2022-02-09,COM DATA
1847,4347,DINHEIRO,3,SEM BANDEIRA,10427.72,PENDENTE,,SEM DATA
1848,4467,DINHEIRO,6,SEM BANDEIRA,7188.7,PENDENTE,2024-03-27,COM DATA
1849,9810,CARTAO,9,SEM BANDEIRA,11953.8,PAGO,2024-11-22,COM DATA
1850,546,BOLETO,7,SEM BANDEIRA,10934.96,PENDENTE,2022-05-12,COM DATA
1851,9546,CARTÃO,2,MASTERCARD,13204.16,PENDENTE,2022-06-25,COM DATA
1852,9116,BOLETO,0,SEM BANDEIRA,315.41,PENDENTE,2022-03-22,COM DATA
1853,1696,PIX,8,SEM BANDEIRA,12408.61,PAGO,2023-08-25,COM DATA
1855,2679,CARTÃO,12,VISA,10246.51,PAGO,2024-08-01,COM DATA
1856,5469,CARTÃO,10,SEM BANDEIRA,6345.47,ESTORNADO,2023-06-13,COM DATA
1857,2716,PIX,5,SEM BANDEIRA,7367.205,PENDENTE,2023-04-16,COM DATA
1858,6943,DINHEIRO,12,SEM BANDEIRA,8609.96,ESTORNADO,2022-07-01,COM DATA
1859,7501,BOLETO,10,SEM BANDEIRA,9866.34,PENDENTE,2023-11-23,COM DATA
1860,2801,BOLETO,12,SEM BANDEIRA,696.09,PENDENTE,2022-10-25,COM DATA
1861,9686,PIX,2,SEM BANDEIRA,13522.41,PAGO,2025-02-08,COM DATA
1864,7935,PIX,12,SEM BANDEIRA,9154.17,PAGO,2024-07-22,COM DATA
1865,7894,PIX,11,SEM BANDEIRA,7127.11,PAGO,2023-01-06,COM DATA
1866,7011,DINHEIRO,10,SEM BANDEIRA,14897.4,ESTORNADO,2022-01-09,COM DATA
1869,6588,CARTÃO,0,SEM BANDEIRA,2002.05,PAGO,,SEM DATA
1870,7365,BOLETO,4,SEM BANDEIRA,3736.18,PAGO,2022-11-28,COM DATA
1872,6819,PIX,6,SEM BANDEIRA,10460.38,PENDENTE,2022-02-28,COM DATA
1873,9028,CARTÃO,6,SEM BANDEIRA,7367.205,PAGO,2024-12-13,COM DATA
1874,2878,CARTÃO,0,HIPERCARD,12613.67,PENDENTE,2024-07-31,COM DATA
1875,2746,CARTÃO,12,MASTERCARD,2406.94,PAGO,2024-03-08,COM DATA
1876,8874,BOLETO,3,SEM BANDEIRA,7078.55,ESTORNADO,2023-07-05,COM DATA
1877,1311,PIX,7,SEM BANDEIRA,2746.31,ESTORNADO,2023-05-13,COM DATA
1878,6968,CARTÃO,-5,HIPERCARD,14311.52,PAGO,2022-09-15,COM DATA
1879,3615,CARTÃO,3,VISA,8270.25,PENDENTE,2024-12-03,COM DATA
1880,3653,DINHEIRO,8,SEM BANDEIRA,9745.6,Pendente,2024-03-29,COM DATA
1882,2922,PIX,12,SEM BANDEIRA,7367.205,ESTORNADO,2025-04-08,COM DATA
1884,3954,DINHEIRO,2,SEM BANDEIRA,13009.83,PENDENTE,2025-01-12,COM DATA
1885,1917,BOLETO,4,SEM BANDEIRA,3116.46,PENDENTE,2024-02-20,COM DATA
1888,2147,BOLETO,3,SEM BANDEIRA,12138.9,PAGO,2022-05-18,COM DATA
1890,422,CARTÃO,5,SEM BANDEIRA,14267.05,PAGO,2022-01-20,COM DATA
1893,1866,CARTÃO,5,MASTERCARD,0.0,ESTORNADO,2024-08-03,COM DATA
1894,6816,PIX,-1,SEM BANDEIRA,7413.66,PENDENTE,2022-03-22,COM DATA
1897,4922,PIX,8,SEM BANDEIRA,1294.44,ESTORNADO,2022-03-03,COM DATA
1898,3375,CARTÃO,1,ELO,7367.205,CANCELADO,2024-10-12,COM DATA
1900,1521,PIX,6,SEM BANDEIRA,11562.74,ESTORNADO,2024-03-28,COM DATA
1901,373,PIX,6,SEM BANDEIRA,8915.24,PENDENTE,2023-03-23,COM DATA
1902,972,PIX,8,SEM BANDEIRA,1639.26,Estornado,2023-03-19,COM DATA
1904,8076,CARTÃO,3,AMERICAN EXPRESS,7878.49,PENDENTE,2022-08-23,COM DATA
1906,3941,PIX,1,SEM BANDEIRA,3886.3,PAGO,2023-06-29,COM DATA
1907,3783,DINHEIRO,2,SEM BANDEIRA,1971.44,PENDENTE,2022-01-10,COM DATA
1908,1818,BOLETO,5,SEM BANDEIRA,11992.81,PENDENTE,2022-07-28,COM DATA
1909,509,CARTÃO,-5,AMERICAN EXPRESS,1160.4,ESTORNADO,2022-12-26,COM DATA
1910,8205,CARTÃO,7,MASTERCARD,7367.205,PENDENTE,2023-11-24,COM DATA
1911,5803,DINHEIRO,7,SEM BANDEIRA,449.36,PAGO,2024-12-06,COM DATA
1912,9619,DINHEIRO,5,SEM BANDEIRA,10311.1,ESTORNADO,2022-04-24,COM DATA
1914,4254,PIX,4,SEM BANDEIRA,4140.92,ESTORNADO,2025-03-14,COM DATA
1915,9444,BOLETO,12,SEM BANDEIRA,1879.22,PAGO,2024-09-01,COM DATA
1916,5796,DINHEIRO,3,SEM BANDEIRA,7130.27,PAGO,2024-07-04,COM DATA
1917,5015,DINHEIRO,10,SEM BANDEIRA,9940.71,PENDENTE,2024-11-19,COM DATA
1918,1493,PIX,1,SEM BANDEIRA,1375.65,PAGO,,SEM DATA
1919,9278,BOLETO,9,SEM BANDEIRA,4241.99,ESTORNADO,2025-01-14,COM DATA
1920,3495,DINHEIRO,3,SEM BANDEIRA,10124.05,PENDENTE,2024-02-14,COM DATA
1923,7496,BOLETO,5,SEM BANDEIRA,2603.48,PENDENTE,2023-05-09,COM DATA
1925,9092,PIX,0,SEM BANDEIRA,14534.3,PAGO,2023-02-21,COM DATA
1926,3523,BOLETO,8,SEM BANDEIRA,966.4,PENDENTE,,SEM DATA
1928,9350,CARTÃO,5,MASTERCARD,7579.01,ESTORNADO,,SEM DATA
1929,4693,BOLETO,6,SEM BANDEIRA,5936.61,PENDENTE,2023-07-10,COM DATA
1930,9461,BOLETO,1,SEM BANDEIRA,7367.205,PAGO,2023-03-20,COM DATA
1931,6373,CARTAO,6,SEM BANDEIRA,2594.02,PENDENTE,2024-02-20,COM DATA
1933,3440,DINHEIRO,12,SEM BANDEIRA,13863.76,PENDENTE,2024-11-30,COM DATA
1934,2291,CARTÃO,-1,ELO,10119.06,PAGO,2025-01-17,COM DATA
1936,4603,BOLETO,7,SEM BANDEIRA,9526.57,PAGO,2024-02-01,COM DATA
1937,1863,DINHEIRO,7,SEM BANDEIRA,8579.08,PENDENTE,2022-07-16,COM DATA
1939,3346,BOLETO,12,SEM BANDEIRA,14424.07,ESTORNADO,2023-03-22,COM DATA
1940,1316,BOLETO,0,SEM BANDEIRA,3585.58,PAGO,,SEM DATA
1941,7118,DINHEIRO,11,SEM BANDEIRA,10072.99,PAGO,2024-05-27,COM DATA
1942,9168,BOLETO,12,SEM BANDEIRA,9242.25,ESTORNADO,2024-03-31,COM DATA
1945,2749,BOLETO,12,SEM BANDEIRA,5870.01,PENDENTE,2022-05-14,COM DATA
1946,6414,PIX,2,SEM BANDEIRA,8712.3,Pagoo,2023-09-26,COM DATA
1947,7329,CARTÃO,0,AMERICAN EXPRESS,7046.05,PENDENTE,2023-02-10,COM DATA
1949,3831,DINHEIRO,-5,SEM BANDEIRA,13235.1,ESTORNADO,2023-09-13,COM DATA
1951,5299,PIX,3,SEM BANDEIRA,3611.36,ESTORNADO,2024-12-18,COM DATA
1952,5407,PIX,2,SEM BANDEIRA,7367.205,PAGO,2023-08-19,COM DATA
1953,12,BOLETO,10,SEM BANDEIRA,12039.67,PAGO,2023-01-17,COM DATA
1954,5539,PIX,4,SEM BANDEIRA,10910.83,ESTORNADO,,SEM DATA
1955,2010,BOLETO,9,SEM BANDEIRA,9040.62,PAGO,2022-01-01,COM DATA
1956,425,PIX,-5,MASTERCARD,5094.26,PENDENTE,,SEM DATA
1957,9794,BOLETO,10,SEM BANDEIRA,8531.7,ESTORNADO,2023-04-01,COM DATA
1958,9444,DINHEIRO,9,SEM BANDEIRA,6581.57,ESTORNADO,2022-11-30,COM DATA
1959,9151,BOLETO,1,SEM BANDEIRA,7366.13,ESTORNADO,2022-12-01,COM DATA
1960,690,PIX,1,SEM BANDEIRA,9992.57,PAGO,2024-03-06,COM DATA
1962,2753,PIX,2,SEM BANDEIRA,8324.42,PAGO,2023-03-30,COM DATA
1964,1728,PIX,10,SEM BANDEIRA,10564.31,ESTORNADO,2022-04-11,COM DATA
1967,8217,PIX,7,SEM BANDEIRA,12418.88,ESTORNADO,2022-03-25,COM DATA
1968,2321,BOLETO,2,SEM BANDEIRA,4589.64,ESTORNADO,2024-12-28,COM DATA
1969,6656,DINHEIRO,10,SEM BANDEIRA,1301.92,ESTORNADO,2023-08-25,COM DATA
1970,6150,BOLETO,10,SEM BANDEIRA,13601.42,PAGO,,SEM DATA
1971,5054,CARTÃO,5,AMERICAN EXPRESS,12122.55,PENDENTE,2024-10-16,COM DATA
1973,12,BOLETO,0,SEM BANDEIRA,12557.02,ESTORNADO,2024-01-08,COM DATA
1974,3731,BOLETO,4,SEM BANDEIRA,11517.78,PAGO,2022-11-03,COM DATA
1976,8819,DINHEIRO,0,SEM BANDEIRA,3352.23,ESTORNADO,2022-11-01,COM DATA
1977,1881,DINHEIRO,9,SEM BANDEIRA,2226.14,PAGO,2025-03-06,COM DATA
1978,5092,CARTÃO,7,AMERICAN EXPRESS,5170.18,PENDENTE,2023-12-12,COM DATA
1979,6833,CARTÃO,12,AMERICAN EXPRESS,4521.6,ESTORNADO,2023-10-22,COM DATA
1986,9037,DINHEIRO,11,SEM BANDEIRA,1050.91,ESTORNADO,2022-11-11,COM DATA
1987,4181,CARTÃO,8,AMERICAN EXPRESS,0.0,PAGO,2023-10-21,COM DATA
1988,672,DINHEIRO,1,SEM BANDEIRA,4361.77,PAGO,2024-08-23,COM DATA
1989,8133,BOLETO,1,SEM BANDEIRA,6896.46,Estornado,2022-11-28,COM DATA
1992,6569,DINHEIRO,1,SEM BANDEIRA,13313.92,ESTORNADO,2025-03-30,COM DATA
1993,9215,PIX,2,SEM BANDEIRA,14499.47,ESTORNADO,2024-08-15,COM DATA
1994,1448,DINHEIRO,12,SEM BANDEIRA,304.28,ESTORNADO,2025-02-05,COM DATA
1997,9100,PIX,9,SEM BANDEIRA,9792.31,PENDENTE,2024-01-15,COM DATA
2000,5614,DINHEIRO,4,SEM BANDEIRA,7367.205,PAGO,,SEM DATA
2003,2997,DINHEIRO,0,SEM BANDEIRA,12261.0,ESTORNADO,2024-12-08,COM DATA
2004,9912,DINHEIRO,4,SEM BANDEIRA,14127.62,ESTORNADO,2024-04-21,COM DATA
2007,2126,BOLETO,-5,SEM BANDEIRA,11624.3,PAGO,2023-06-14,COM DATA
2008,443,CARTÃO,8,ELO,12074.85,pago,2024-04-05,COM DATA
2009,3057,PIX,4,SEM BANDEIRA,6118.08,PENDENTE,2023-07-17,COM DATA
2010,22,DINHEIRO,-1,SEM BANDEIRA,2666.64,ESTORNADO,2023-02-26,COM DATA
2011,4774,DINHEIRO,8,SEM BANDEIRA,4231.37,PENDENTE,2022-10-07,COM DATA
2012,3221,DINHEIRO,5,SEM BANDEIRA,1689.66,ESTORNADO,2024-09-28,COM DATA
2013,7913,PIX,11,SEM BANDEIRA,13110.31,PENDENTE,2023-04-29,COM DATA
2015,3006,DINHEIRO,1,SEM BANDEIRA,2802.23,PENDENTE,2025-01-14,COM DATA
2016,1962,CARTÃO,10,HIPERCARD,2751.35,ESTORNADO,2023-09-02,COM DATA
2019,5756,PIX,4,SEM BANDEIRA,6504.24,PENDENTE,2024-07-14,COM DATA
2020,8292,CARTÃO,11,MASTERCARD,11792.41,PENDENTE,2023-07-02,COM DATA
2021,9025,BOLETO,-5,SEM BANDEIRA,8822.6,PAGO,2022-04-21,COM DATA
2022,5925,CARTÃO,4,VISA,12504.41,ESTORNADO,2022-12-05,COM DATA
2024,422,PIX,3,SEM BANDEIRA,7367.205,ESTORNADO,2022-03-21,COM DATA
2029,9588,PIX,12,SEM BANDEIRA,12682.7,ESTORNADO,2024-04-25,COM DATA
2030,5917,BOLETO,0,SEM BANDEIRA,9027.99,PAGO,2023-09-07,COM DATA
2032,7700,PIX,1,SEM BANDEIRA,7412.03,ESTORNADO,2023-06-28,COM DATA
2033,1729,DINHEIRO,7,SEM BANDEIRA,2005.93,ESTORNADO,2024-07-11,COM DATA
2038,6406,DINHEIRO,1,SEM BANDEIRA,11680.98,ESTORNADO,2022-02-20,COM DATA
2039,548,BOLETO,6,SEM BANDEIRA,7367.205,Pagoo,2023-05-02,COM DATA
2040,9350,DINHEIRO,4,SEM BANDEIRA,7506.62,PAGO,2022-05-09,COM DATA
2041,3462,BOLETO,5,SEM BANDEIRA,14289.82,PENDENTE,2022-01-17,COM DATA
2042,4899,PIX,3,SEM BANDEIRA,4423.31,ESTORNADO,2023-02-02,COM DATA
2045,2363,CARTÃO,10,SEM BANDEIRA,4201.65,PAGO,2024-03-06,COM DATA
2049,7543,DINHEIRO,9,SEM BANDEIRA,10161.48,PAGO,2023-06-25,COM DATA
2055,2175,DINHEIRO,1,SEM BANDEIRA,7367.205,PENDENTE,2022-01-13,COM DATA
2057,1807,BOLETO,8,SEM BANDEIRA,3603.32,PAGO,2022-03-30,COM DATA
2059,6639,PIX,0,SEM BANDEIRA,880.5,PENDENTE,,SEM DATA
2061,3791,PIX,11,SEM BANDEIRA,12978.28,PENDENTE,2023-08-31,COM DATA
2062,1774,CARTÃO,0,HIPERCARD,2235.63,PAGO,2022-03-12,COM DATA
2064,107,BOLETO,0,SEM BANDEIRA,10635.85,PENDENTE,2024-07-12,COM DATA
2066,9264,DINHEIRO,2,SEM BANDEIRA,6747.23,CANCELADO,2025-02-26,COM DATA
2067,1134,PIX,11,SEM BANDEIRA,5220.48,PENDENTE,2023-08-12,COM DATA
2068,458,BOLETO,12,SEM BANDEIRA,4513.66,PENDENTE,2024-01-25,COM DATA
2069,8151,CANCELADO,6,SEM BANDEIRA,120.46,PENDENTE,2022-11-24,COM DATA
2070,2109,DINHEIRO,12,SEM BANDEIRA,12289.85,CANCELADO,2022-01-07,COM DATA
2071,1115,BOLETO,10,SEM BANDEIRA,72.25,ESTORNADO,2024-12-08,COM DATA
2073,462,DINHEIRO,8,SEM BANDEIRA,3050.16,PENDENTE,2022-09-04,COM DATA
2074,6036,DINHEIRO,4,SEM BANDEIRA,12835.13,ESTORNADO,2023-06-29,COM DATA
2075,8601,DINHEIRO,11,SEM BANDEIRA,7103.8,PENDENTE,2023-05-04,COM DATA
2078,7838,CARTÃO,1,AMERICAN EXPRESS,4827.63,PENDENTE,,SEM DATA
2079,4535,DINHEIRO,5,SEM BANDEIRA,7211.22,PAGO,2022-12-05,COM DATA
2081,7903,DINHEIRO,12,SEM BANDEIRA,7248.09,ESTORNADO,,SEM DATA
2083,3055,BOLETO,4,SEM BANDEIRA,3008.02,PAGO,2023-07-12,COM DATA
2085,23,PIX,9,SEM BANDEIRA,11999.45,ESTORNADO,2024-07-07,COM DATA
2087,2644,DINHEIRO,-1,SEM BANDEIRA,4542.28,PENDENTE,2022-12-14,COM DATA
2091,3229,DINHEIRO,7,SEM BANDEIRA,5407.65,PAGO,2022-08-27,COM DATA
2092,1621,BOLETO,12,SEM BANDEIRA,7112.19,PAGO,2022-07-30,COM DATA
2094,6754,PIX,3,SEM BANDEIRA,7367.205,PAGO,2024-10-27,COM DATA
2095,8530,DINHEIRO,7,SEM BANDEIRA,5472.53,PENDENTE,2022-07-28,COM DATA
2097,5887,DINHEIRO,9,SEM BANDEIRA,0.0,PAGO,2022-12-23,COM DATA
2098,7809,PIX,11,SEM BANDEIRA,3655.59,PAGO,2022-03-22,COM DATA
2099,7768,DINHEIRO,1,SEM BANDEIRA,4677.83,PAGO,2024-03-20,COM DATA
2100,4955,PIX,9,SEM BANDEIRA,7367.205,PENDENTE,2022-03-15,COM DATA
2101,6069,PIX,1,SEM BANDEIRA,10325.08,ESTORNADO,2022-05-13,COM DATA
2102,8714,CARTÃO,10,SEM BANDEIRA,2684.67,PENDENTE,2022-12-13,COM DATA
2103,8377,CARTÃO,7,SEM BANDEIRA,9728.6,Estornado,2023-04-21,COM DATA
2104,7482,PIX,2,ELO,7825.54,ESTORNADO,2023-10-02,COM DATA
2105,935,BOLETO,1,SEM BANDEIRA,12230.13,ESTORNADO,2024-03-29,COM DATA
2106,5678,CANCELADO,7,SEM BANDEIRA,7578.44,ESTORNADO,2025-02-05,COM DATA
2108,5807,PIX,12,SEM BANDEIRA,10565.91,PAGO,2023-12-30,COM DATA
2109,161,BOLETO,12,SEM BANDEIRA,475.97,PAGO,2024-08-12,COM DATA
2111,5034,DINHEIRO,12,SEM BANDEIRA,10236.22,ESTORNADO,2024-10-16,COM DATA
2112,3563,PIX,0,SEM BANDEIRA,4601.08,PAGO,2023-11-16,COM DATA
2113,9527,BOLETO,11,SEM BANDEIRA,7367.205,PAGO,2022-04-02,COM DATA
2115,1053,BOLETO,-1,SEM BANDEIRA,9106.6,PENDENTE,2022-09-23,COM DATA
2116,6740,PIX,2,SEM BANDEIRA,13064.41,PAGO,2025-03-15,COM DATA
2118,9829,DINHEIRO,12,SEM BANDEIRA,8314.81,PENDENTE,2023-03-13,COM DATA
2125,1735,BOLETO,12,SEM BANDEIRA,599.71,PAGO,2022-08-05,COM DATA
2127,2066,BOLETO,5,SEM BANDEIRA,12359.41,PENDENTE,2022-01-29,COM DATA
2128,2573,BOLETO,8,SEM BANDEIRA,11652.84,ESTORNADO,2025-03-05,COM DATA
2130,9395,BOLETO,5,MASTERCARD,6071.07,ESTORNADO,2023-08-14,COM DATA
2132,7542,BOLETO,4,SEM BANDEIRA,7367.205,PAGO,2022-11-14,COM DATA
2136,5398,BOLETO,4,SEM BANDEIRA,6590.05,PENDENTE,2023-09-29,COM DATA
2137,2998,CARTÃO,3,ELO,2938.91,ESTORNADO,2022-12-18,COM DATA
2140,867,PIX,7,SEM BANDEIRA,150.46,ESTORNADO,2023-04-12,COM DATA
2142,991,CARTÃO,3,ELO,12639.26,ESTORNADO,2023-08-31,COM DATA
2143,6460,PIX,4,SEM BANDEIRA,1992.81,PAGO,2023-07-02,COM DATA
2146,2175,CARTÃO,11,MASTERCARD,4212.3,PAGO,2023-07-09,COM DATA
2147,4535,PIX,5,SEM BANDEIRA,10931.45,PENDENTE,2022-10-06,COM DATA
2148,2151,CARTÃO,1,ELO,7162.88,ESTORNADO,2024-05-10,COM DATA
2151,9327,DINHEIRO,6,SEM BANDEIRA,3264.31,PENDENTE,2025-02-12,COM DATA
2152,497,BOLETO,1,SEM BANDEIRA,7155.12,PAGO,2022-06-25,COM DATA
2153,8474,BOLETO,1,SEM BANDEIRA,13407.98,PAGO,2022-01-01,COM DATA
2160,6188,DINHEIRO,5,SEM BANDEIRA,14530.41,PENDENTE,2022-06-04,COM DATA
2164,9659,CARTÃO,1,SEM BANDEIRA,12508.52,PAGO,2024-09-17,COM DATA
2167,6647,BOLETO,11,SEM BANDEIRA,2851.94,ESTORNADO,2022-02-26,COM DATA
2168,713,DINHEIRO,1,SEM BANDEIRA,392.91,Pago,2024-09-26,COM DATA
2171,3832,PIX,5,SEM BANDEIRA,1650.23,ESTORNADO,2025-04-13,COM DATA
2172,8588,CARTÃO,2,SEM BANDEIRA,4724.37,PAGO,2023-06-14,COM DATA
2173,5753,DINHEIRO,8,SEM BANDEIRA,13856.44,PENDENTE,2024-05-05,COM DATA
2176,1157,DINHEIRO,6,SEM BANDEIRA,949.11,ESTORNADO,,SEM DATA
2177,5928,PIX,7,SEM BANDEIRA,13358.36,PAGO,2024-04-29,COM DATA
2179,1836,BOLETO,11,SEM BANDEIRA,341.35,PENDENTE,,SEM DATA
2181,6512,DINHEIRO,10,SEM BANDEIRA,6491.75,PAGO,2024-12-29,COM DATA
2182,5358,DINHEIRO,1,SEM BANDEIRA,10393.66,ESTORNADO,2022-12-11,COM DATA
2183,6445,BOLETO,3,SEM BANDEIRA,6485.58,PENDENTE,2022-01-09,COM DATA
2185,5986,PIX,0,SEM BANDEIRA,641.16,PENDENTE,2024-03-11,COM DATA
2186,6686,CARTÃO,11,MASTERCARD,11884.02,ESTORNADO,2022-07-07,COM DATA
2188,5678,PIX,8,SEM BANDEIRA,7367.205,PAGO,2022-10-14,COM DATA
2189,65,BOLETO,4,SEM BANDEIRA,1308.86,ESTORNADO,2024-09-28,COM DATA
2190,3615,DINHEIRO,7,SEM BANDEIRA,5331.89,PENDENTE,2024-08-16,COM DATA
2192,1610,PIX,5,SEM BANDEIRA,12460.99,PAGO,2023-08-13,COM DATA
2193,7753,CARTÃO,4,VISA,7367.205,ESTORNADO,2023-12-11,COM DATA
2196,4144,CARTÃO,3,VISA,10356.47,ESTORNADO,2024-08-03,COM DATA
2198,2303,BOLETO,9,SEM BANDEIRA,10968.65,PENDENTE,2024-08-05,COM DATA
2199,3954,BOLETO,5,SEM BANDEIRA,12055.31,ESTORNADO,2023-08-07,COM DATA
2201,6335,BOLETO,-1,SEM BANDEIRA,12258.85,PENDENTE,2023-07-12,COM DATA
2203,6497,DINHEIRO,0,SEM BANDEIRA,4109.78,Pago,2025-02-19,COM DATA
2204,265,CARTÃO,6,SEM BANDEIRA,9582.85,PAGO,2023-09-18,COM DATA
2205,2181,CANCELADO,1,SEM BANDEIRA,6923.76,PENDENTE,,SEM DATA
2207,8284,CARTÃO,11,VISA,11156.18,ESTORNADO,2025-03-04,COM DATA
2208,2398,CARTÃO,3,MASTERCARD,4924.37,ESTORNADO,2024-08-27,COM DATA
2209,4432,DINHEIRO,3,SEM BANDEIRA,2902.71,ESTORNADO,2024-03-02,COM DATA
2210,790,DINHEIRO,9,SEM BANDEIRA,5949.92,ESTORNADO,2023-06-06,COM DATA
2211,4028,BOLETO,2,SEM BANDEIRA,7811.72,PENDENTE,2022-07-27,COM DATA
2212,8921,PIX,-1,SEM BANDEIRA,5937.73,ESTORNADO,2023-05-23,COM DATA
2214,3544,PIX,0,SEM BANDEIRA,3650.64,PENDENTE,2024-05-23,COM DATA
2216,1724,PIX,8,SEM BANDEIRA,5655.75,PENDENTE,2024-09-12,COM DATA
2217,1192,BOLETO,5,SEM BANDEIRA,7367.205,PENDENTE,2022-03-09,COM DATA
2218,873,PIX,10,SEM BANDEIRA,3576.48,ESTORNADO,2022-08-20,COM DATA
2219,207,PIX,6,SEM BANDEIRA,12919.59,ESTORNADO,2024-01-10,COM DATA
2220,704,CARTÃO,2,HIPERCARD,3319.23,PAGO,2022-02-24,COM DATA
2221,1368,DINHEIRO,8,SEM BANDEIRA,7367.205,PAGO,2023-11-14,COM DATA
2223,196,PIX,-5,SEM BANDEIRA,1182.5,PAGO ,2024-09-29,COM DATA
2228,7208,DINHEIRO,9,SEM BANDEIRA,7367.205,PAGO,2025-01-17,COM DATA
2231,658,CARTÃO,3,VISA,9988.9,ESTORNADO,2023-01-24,COM DATA
2232,972,BOLETO,11,SEM BANDEIRA,8829.08,ESTORNADO,2022-12-18,COM DATA
2233,3116,CARTÃO,11,HIPERCARD,10876.81,Pendente,2024-05-17,COM DATA
2234,9936,BOLETO,7,SEM BANDEIRA,4307.0,PENDENTE,2023-05-07,COM DATA
2235,9062,DINHEIRO,11,SEM BANDEIRA,7367.205,PAGO,,SEM DATA
2238,4760,CARTÃO,2,ELO,1180.89,PENDENTE,2025-02-09,COM DATA
2240,6348,BOLETO,3,SEM BANDEIRA,8807.8,ESTORNADO,2025-03-13,COM DATA
2241,5901,CARTÃO,1,VISA,936.11,PENDENTE,,SEM DATA
2243,5056,CARTÃO,0,VISA,7367.205,ESTORNADO,2024-04-26,COM DATA
2244,7306,BOLETO,10,SEM BANDEIRA,1554.55,PAGO,2024-06-15,COM DATA
2246,8380,CARTÃO,11,VISA,7367.205,PAGO,2024-03-20,COM DATA
2247,9905,DINHEIRO,9,SEM BANDEIRA,7367.205,PAGO,2024-09-27,COM DATA
2248,8737,DINHEIRO,2,SEM BANDEIRA,10781.68,PENDENTE,2024-08-21,COM DATA
2249,3496,PIX,12,SEM BANDEIRA,11478.01,ESTORNADO,2024-03-09,COM DATA
2250,260,DINHEIRO,5,SEM BANDEIRA,10803.96,PAGO,,SEM DATA
2251,5587,DINHEIRO,12,SEM BANDEIRA,400.74,PAGO,2023-09-22,COM DATA
2253,2141,BOLETO,6,SEM BANDEIRA,8744.77,PAGO,2024-07-17,COM DATA
2255,2535,BOLETO,2,SEM BANDEIRA,7367.205,PENDENTE,2022-12-25,COM DATA
2256,9218,DINHEIRO,6,SEM BANDEIRA,13163.01,PAGO,2023-11-27,COM DATA
2257,7171,PIX,1,SEM BANDEIRA,8412.85,PAGO,2025-01-17,COM DATA
2258,3305,DINHEIRO,7,SEM BANDEIRA,10587.38,PENDENTE,2022-02-15,COM DATA
2259,4032,CARTÃO,5,VISA,13279.46,PAGO,2023-01-22,COM DATA
2261,4783,BOLETO,2,SEM BANDEIRA,7946.53,PENDENTE,2024-08-23,COM DATA
2262,8853,PIX,12,SEM BANDEIRA,2392.02,PAGO,2023-05-07,COM DATA
2264,1820,PIX,1,SEM BANDEIRA,7367.205,ESTORNADO,2022-06-18,COM DATA
2266,2021,BOLETO,5,SEM BANDEIRA,12228.2,PENDENTE,2022-10-06,COM DATA
2271,8227,DINHEIRO,8,SEM BANDEIRA,8994.76,PENDENTE,2022-10-21,COM DATA
2273,1735,DINHEIRO,2,SEM BANDEIRA,3338.97,PENDENTE,2022-12-30,COM DATA
2276,6891,CARTÃO,7,VISA,3778.24,ESTORNADO,2024-04-30,COM DATA
2278,5111,DINHEIRO,10,SEM BANDEIRA,7301.54,PENDENTE,2023-12-13,COM DATA
2279,835,BOLETO,12,SEM BANDEIRA,7367.205,ESTORNADO,2024-04-10,COM DATA
2280,164,PIX,8,SEM BANDEIRA,5868.99,PAGO,2023-04-09,COM DATA
2282,1064,PIX,5,SEM BANDEIRA,0.0,ESTORNADO,2024-02-20,COM DATA
2284,9547,BOLETO,9,SEM BANDEIRA,9999.62,PENDENTE,2022-12-02,COM DATA
2286,5348,BOLETO,6,SEM BANDEIRA,172.36,PAGO,2023-12-08,COM DATA
2287,3243,PIX,11,SEM BANDEIRA,3029.02,ESTORNADO,2022-04-08,COM DATA
2288,4089,CARTAO,6,SEM BANDEIRA,6054.07,PENDENTE,2022-05-28,COM DATA
2290,5768,DINHEIRO,7,SEM BANDEIRA,12590.39,PAGO,2025-02-28,COM DATA
2291,389,CARTÃO,10,AMERICAN EXPRESS,4587.72,PENDENTE,2024-04-18,COM DATA
2298,6975,DINHEIRO,12,SEM BANDEIRA,14504.47,pago,2022-12-27,COM DATA
2300,7649,PIX,1,SEM BANDEIRA,403.12,ESTORNADO,2023-04-20,COM DATA
2301,8129,BOLETO,0,SEM BANDEIRA,12671.35,ESTORNADO,,SEM DATA
2302,2351,PIX,4,SEM BANDEIRA,14386.67,PENDENTE,2025-04-08,COM DATA
2303,3217,BOLETO,10,SEM BANDEIRA,0.0,ESTORNADO,2022-03-16,COM DATA
2304,3740,CARTÃO,4,HIPERCARD,8376.17,ESTORNADO,2025-03-28,COM DATA
2306,6676,CARTÃO,3,SEM BANDEIRA,10364.9,Pagoo,2022-01-10,COM DATA
2308,9715,CARTÃO,-1,AMERICAN EXPRESS,0.0,ESTORNADO,,SEM DATA
2310,5597,DINHEIRO,2,SEM BANDEIRA,2856.36,PENDENTE,2022-12-30,COM DATA
2312,1708,PIX,2,SEM BANDEIRA,4733.82,PENDENTE,2022-03-17,COM DATA
2315,5260,DINHEIRO,1,SEM BANDEIRA,7367.205,PENDENTE,2022-12-07,COM DATA
2317,2947,CARTÃO,11,SEM BANDEIRA,7051.51,PAGO,2025-03-14,COM DATA
2318,3101,PIX,0,SEM BANDEIRA,2342.15,ESTORNADO,2024-03-13,COM DATA
2319,3943,BOLETO,0,SEM BANDEIRA,1440.0,ESTORNADO,2022-06-25,COM DATA
2320,59,PIX,0,SEM BANDEIRA,5220.4,PAGO,2024-07-03,COM DATA
2324,6640,BOLETO,10,SEM BANDEIRA,755.54,PENDENTE,2022-03-12,COM DATA
2325,1557,PIX,12,SEM BANDEIRA,14262.23,PAGO,2022-05-29,COM DATA
2326,44,BOLETO,0,SEM BANDEIRA,9237.51,PENDENTE,2024-04-29,COM DATA
2328,2198,BOLETO,5,SEM BANDEIRA,1107.42,PAGO,2022-06-05,COM DATA
2330,8452,BOLETO,1,SEM BANDEIRA,2550.58,ESTORNADO,2023-04-01,COM DATA
2331,2000,DINHEIRO,0,SEM BANDEIRA,3835.77,ESTORNADO,2022-12-31,COM DATA
2332,2948,PIX,6,SEM BANDEIRA,11796.35,PAGO,2022-11-20,COM DATA
2333,7047,CARTÃO,6,VISA,14473.61,PENDENTE,2022-04-21,COM DATA
2334,2766,BOLETO,0,SEM BANDEIRA,11133.2,PAGO,2023-04-21,COM DATA
2335,6439,BOLETO,5,SEM BANDEIRA,3173.09,pago,2022-07-16,COM DATA
2340,26,CARTÃO,7,AMERICAN EXPRESS,7761.03,PAGO,2025-04-04,COM DATA
2341,5981,PIX,7,SEM BANDEIRA,292.85,PENDENTE,2022-07-22,COM DATA
2344,3879,BOLETO,12,SEM BANDEIRA,12978.84,PAGO,2024-07-09,COM DATA
2345,606,PIX,10,SEM BANDEIRA,14292.41,PAGO,2024-02-28,COM DATA
2346,514,CARTÃO,11,HIPERCARD,3777.25,PENDENTE,2023-08-24,COM DATA
2348,6953,PIX,7,SEM BANDEIRA,4817.71,PENDENTE,2024-05-09,COM DATA
2350,8750,BOLETO,11,SEM BANDEIRA,2485.78,ESTORNADO,2024-01-24,COM DATA
2351,3718,PIX,12,SEM BANDEIRA,11926.12,PAGO,2023-06-08,COM DATA
2352,1565,BOLETO,12,SEM BANDEIRA,4595.28,pago,2024-05-15,COM DATA
2353,662,DINHEIRO,10,SEM BANDEIRA,7304.28,ESTORNADO,2023-02-27,COM DATA
2355,7297,BOLETO,0,SEM BANDEIRA,13522.01,PENDENTE,2022-04-23,COM DATA
2357,3293,PIX,7,SEM BANDEIRA,10237.52,PENDENTE,2024-08-17,COM DATA
2358,7045,CARTÃO,12,HIPERCARD,14363.13,PAGO,2023-03-08,COM DATA
2359,1650,DINHEIRO,12,SEM BANDEIRA,7367.205,PENDENTE,2023-04-21,COM DATA
2360,5220,PIX,7,SEM BANDEIRA,4105.18,PENDENTE,2024-06-11,COM DATA
2363,5488,CANCELADO,0,SEM BANDEIRA,2516.63,ESTORNADO,2023-11-13,COM DATA
2365,138,BOLETO,3,SEM BANDEIRA,9350.96,PENDENTE,2025-04-08,COM DATA
2366,8949,DINHEIRO,11,SEM BANDEIRA,2616.56,Estornado,2022-06-28,COM DATA
2368,5477,PIX,11,SEM BANDEIRA,1010.74,PENDENTE,2024-06-02,COM DATA
2370,1185,BOLETO,1,SEM BANDEIRA,11620.42,ESTORNADO,2022-09-02,COM DATA
2375,4383,BOLETO,10,SEM BANDEIRA,13523.78,ESTORNADO,2024-06-05,COM DATA
2377,8214,DINHEIRO,5,SEM BANDEIRA,9745.69,PENDENTE,2022-09-18,COM DATA
2379,5253,DINHEIRO,2,SEM BANDEIRA,7569.7,pago,2022-10-16,COM DATA
2380,7764,CANCELADO,10,SEM BANDEIRA,8194.97,ESTORNADO,2022-10-18,COM DATA
2383,9362,BOLETO,5,SEM BANDEIRA,6833.37,PENDENTE,2023-05-04,COM DATA
2384,2027,DINHEIRO,11,SEM BANDEIRA,11231.25,PENDENTE,,SEM DATA
2387,5556,PIX,3,SEM BANDEIRA,14926.95,ESTORNADO,2023-04-17,COM DATA
2388,6492,CARTAO,9,SEM BANDEIRA,12486.13,PENDENTE,2025-02-21,COM DATA
2389,8241,BOLETO,8,SEM BANDEIRA,11297.19,PAGO,2022-11-04,COM DATA
2392,5494,CANCELADO,3,SEM BANDEIRA,3460.25,ESTORNADO,2025-04-09,COM DATA
2394,1597,BOLETO,3,SEM BANDEIRA,7579.05,PENDENTE,2022-03-29,COM DATA
2395,6514,CARTAO,2,SEM BANDEIRA,9494.35,ESTORNADO,2022-12-24,COM DATA
2397,3558,BOLETO,4,SEM BANDEIRA,11387.85,PAGO,2022-09-24,COM DATA
2401,5340,DINHEIRO,12,SEM BANDEIRA,11044.19,PENDENTE,2023-04-04,COM DATA
2404,271,PIX,11,SEM BANDEIRA,5920.11,PAGO ,2022-04-24,COM DATA
2406,2623,DINHEIRO,11,SEM BANDEIRA,13304.84,PAGO ,2022-03-17,COM DATA
2407,2985,DINHEIRO,10,SEM BANDEIRA,11488.37,Estornado,2022-08-03,COM DATA
2408,2109,DINHEIRO,9,SEM BANDEIRA,8587.49,PENDENTE,2022-10-05,COM DATA
2411,3651,CARTÃO,6,HIPERCARD,14258.85,ESTORNADO,2022-11-17,COM DATA
2412,5076,DINHEIRO,5,SEM BANDEIRA,6197.15,ESTORNADO,2023-12-25,COM DATA
2413,808,PIX,9,SEM BANDEIRA,7367.205,PENDENTE,,SEM DATA
2414,6889,PIX,10,SEM BANDEIRA,7387.5,PENDENTE,2023-08-29,COM DATA
2417,4748,PIX,0,SEM BANDEIRA,13626.09,PAGO,2024-09-23,COM DATA
2418,6713,DINHEIRO,1,SEM BANDEIRA,8590.66,ESTORNADO,2024-06-22,COM DATA
2421,1192,PIX,9,SEM BANDEIRA,11344.19,ESTORNADO,2022-02-28,COM DATA
2424,9590,PIX,10,SEM BANDEIRA,7367.205,PAGO,2025-02-04,COM DATA
2426,9329,DINHEIRO,9,SEM BANDEIRA,12160.0,PENDENTE,2024-03-29,COM DATA
2427,9991,PIX,11,SEM BANDEIRA,1243.72,PENDENTE,2023-11-13,COM DATA
2430,8546,CARTÃO,10,HIPERCARD,14184.44,PAGO,2022-09-21,COM DATA
2431,5204,DINHEIRO,9,SEM BANDEIRA,3650.13,PENDENTE,2022-11-15,COM DATA
2433,8223,CARTÃO,7,SEM BANDEIRA,11679.89,ESTORNADO,2023-12-18,COM DATA
2434,7355,CARTAO,12,ELO,13711.92,PENDENTE,,SEM DATA
2436,1871,PIX,5,SEM BANDEIRA,1302.99,PAGO,2022-08-23,COM DATA
2439,3691,DINHEIRO,4,SEM BANDEIRA,8445.09,PENDENTE,2023-03-29,COM DATA
2440,1059,BOLETO,0,SEM BANDEIRA,10024.89,PENDENTE,2022-03-25,COM DATA
2441,4258,BOLETO,4,SEM BANDEIRA,8883.63,ESTORNADO,2023-10-10,COM DATA
2442,168,DINHEIRO,0,SEM BANDEIRA,11086.33,PAGO,2025-02-22,COM DATA
2443,292,CARTÃO,11,AMERICAN EXPRESS,7367.205,PENDENTE,2024-01-28,COM DATA
2444,1831,CARTÃO,6,MASTERCARD,3301.16,PAGO,2024-10-17,COM DATA
2445,9575,BOLETO,8,SEM BANDEIRA,4215.87,PAGO,2024-10-12,COM DATA
2446,6952,PIX,5,SEM BANDEIRA,2603.9,PAGO,2023-01-15,COM DATA
2448,7585,PIX,5,SEM BANDEIRA,8932.16,PENDENTE,2023-10-02,COM DATA
2450,4628,CARTÃO,6,VISA,5311.26,PENDENTE,2024-01-08,COM DATA
2454,4799,DINHEIRO,9,SEM BANDEIRA,14543.58,ESTORNADO,2024-09-28,COM DATA
2455,8109,CARTÃO,12,HIPERCARD,11258.98,PENDENTE,2024-06-18,COM DATA
2457,8750,CARTÃO,0,ELO,3011.59,Pagoo,2023-05-27,COM DATA
2458,8811,PIX,2,SEM BANDEIRA,13072.13,PAGO,2024-09-19,COM DATA
2459,1419,PIX,10,SEM BANDEIRA,12055.94,PAGO,2024-04-20,COM DATA
2462,7826,BOLETO,3,SEM BANDEIRA,13011.54,PENDENTE,2022-12-02,COM DATA
2466,1838,BOLETO,10,SEM BANDEIRA,10068.08,ESTORNADO,2024-04-02,COM DATA
2468,5741,BOLETO,11,SEM BANDEIRA,9750.52,ESTORNADO,2022-03-06,COM DATA
2474,6048,PIX,8,SEM BANDEIRA,0.0,PAGO,,SEM DATA
2475,5350,DINHEIRO,1,SEM BANDEIRA,7367.205,ESTORNADO,2024-10-17,COM DATA
2476,2477,CARTÃO,12,AMERICAN EXPRESS,7449.93,ESTORNADO,2024-08-09,COM DATA
2477,8563,PIX,7,SEM BANDEIRA,12238.76,ESTORNADO,2023-08-23,COM DATA
2478,8205,BOLETO,6,SEM BANDEIRA,13304.81,PENDENTE,2022-07-09,COM DATA
2480,6608,PIX,8,SEM BANDEIRA,453.33,PAGO,2022-06-29,COM DATA
2481,486,CARTÃO,0,ELO,7062.53,PENDENTE,2023-08-19,COM DATA
2482,6535,PIX,12,SEM BANDEIRA,13417.26,PENDENTE,2022-05-23,COM DATA
2483,4153,DINHEIRO,6,SEM BANDEIRA,13167.2,ESTORNADO,2023-08-25,COM DATA
2485,2407,PIX,8,SEM BANDEIRA,4313.63,PENDENTE,2023-10-25,COM DATA
2486,4719,PIX,2,SEM BANDEIRA,10371.63,PAGO,2022-08-04,COM DATA
2487,195,DINHEIRO,9,SEM BANDEIRA,8987.35,ESTORNADO,2024-12-15,COM DATA
2489,9880,DINHEIRO,0,SEM BANDEIRA,7367.205,PENDENTE,2025-02-28,COM DATA
2491,7915,CARTÃO,9,HIPERCARD,1029.97,PENDENTE,,SEM DATA
2496,195,BOLETO,3,SEM BANDEIRA,539.6,Estornado,2023-11-06,COM DATA
2497,2228,BOLETO,4,SEM BANDEIRA,14285.8,ESTORNADO,2023-04-04,COM DATA
2498,2985,DINHEIRO,4,SEM BANDEIRA,6915.78,PENDENTE,2023-05-06,COM DATA
2500,4725,PIX,3,SEM BANDEIRA,3182.72,ESTORNADO,,SEM DATA
2502,1829,DINHEIRO,12,SEM BANDEIRA,8317.32,PAGO,2024-07-08,COM DATA
2503,4942,BOLETO,12,SEM BANDEIRA,8986.55,ESTORNADO,2023-04-03,COM DATA
2504,7298,PIX,11,SEM BANDEIRA,7367.205,PENDENTE,2023-12-31,COM DATA
2505,8319,CARTÃO,4,SEM BANDEIRA,13759.95,ESTORNADO,,SEM DATA
2508,1710,BOLETO,6,SEM BANDEIRA,11158.58,Pagoo,2023-03-17,COM DATA
2509,3461,PIX,7,SEM BANDEIRA,1480.89,ESTORNADO,2023-01-09,COM DATA
2510,7353,BOLETO,3,SEM BANDEIRA,4492.34,ESTORNADO,2025-03-24,COM DATA
2511,395,BOLETO,0,SEM BANDEIRA,7367.205,PENDENTE,2025-01-28,COM DATA
2513,7135,BOLETO,12,SEM BANDEIRA,6711.54,ESTORNADO,2022-06-23,COM DATA
2515,394,CARTAO,4,SEM BANDEIRA,7367.205,Pago,2024-06-06,COM DATA
2516,8506,PIX,1,SEM BANDEIRA,14644.57,PAGO,2023-08-29,COM DATA
2517,8774,DINHEIRO,6,SEM BANDEIRA,2572.53,PENDENTE,2022-06-20,COM DATA
2519,1926,BOLETO,0,SEM BANDEIRA,4961.92,PAGO,2024-09-18,COM DATA
2520,6346,CARTÃO,2,MASTERCARD,9395.14,ESTORNADO,2022-07-24,COM DATA
2521,4162,BOLETO,5,SEM BANDEIRA,5708.27,PENDENTE,2023-04-12,COM DATA
2522,1103,PIX,4,SEM BANDEIRA,12961.92,ESTORNADO,2024-07-26,COM DATA
2525,4493,CARTÃO,6,AMERICAN EXPRESS,1690.49,PAGO,2024-03-30,COM DATA
2526,1338,PIX,10,SEM BANDEIRA,2862.1,PENDENTE,2022-02-01,COM DATA
2527,5817,DINHEIRO,8,SEM BANDEIRA,4792.01,PAGO,2024-05-01,COM DATA
2528,4965,BOLETO,8,SEM BANDEIRA,7172.48,PENDENTE,2022-02-07,COM DATA
2530,4377,BOLETO,6,SEM BANDEIRA,5062.75,PENDENTE,,SEM DATA
2531,5595,CARTÃO,1,HIPERCARD,10293.67,PAGO,2025-02-13,COM DATA
2532,9099,PIX,3,SEM BANDEIRA,11036.01,ESTORNADO,2023-09-20,COM DATA
2533,2826,BOLETO,4,SEM BANDEIRA,10385.62,PAGO,2024-12-12,COM DATA
2536,5045,PIX,3,SEM BANDEIRA,3143.33,PENDENTE,2022-01-08,COM DATA
2537,6216,BOLETO,10,SEM BANDEIRA,7367.205,PAGO,2022-07-13,COM DATA
2539,9498,BOLETO,3,SEM BANDEIRA,3268.3,PENDENTE,2024-10-22,COM DATA
2541,6571,CARTÃO,6,ELO,717.81,PENDENTE,2024-11-12,COM DATA
2542,7633,CARTÃO,7,HIPERCARD,14313.46,ESTORNADO,2022-06-12,COM DATA
2543,8628,DINHEIRO,8,SEM BANDEIRA,2502.81,Pago,2022-12-05,COM DATA
2544,6241,BOLETO,0,SEM BANDEIRA,7367.205,PENDENTE,2022-07-29,COM DATA
2546,6063,CARTÃO,2,VISA,9932.6,PAGO,2022-04-05,COM DATA
2553,933,DINHEIRO,10,SEM BANDEIRA,13153.38,ESTORNADO,2024-10-18,COM DATA
2555,8060,DINHEIRO,6,SEM BANDEIRA,13316.03,PENDENTE,2024-04-08,COM DATA
2556,308,PIX,12,SEM BANDEIRA,5211.3,PAGO,,SEM DATA
2557,4175,PIX,0,SEM BANDEIRA,10889.77,ESTORNADO,2024-05-28,COM DATA
2558,4337,CARTÃO,7,MASTERCARD,5412.01,PENDENTE,2022-09-06,COM DATA
2560,9071,BOLETO,3,SEM BANDEIRA,7613.42,PENDENTE,2022-07-09,COM DATA
2561,2611,CARTÃO,0,AMERICAN EXPRESS,11400.65,PENDENTE,2024-09-20,COM DATA
2562,3216,DINHEIRO,8,SEM BANDEIRA,13675.65,CANCELADO,2024-08-10,COM DATA
2563,6408,PIX,-1,SEM BANDEIRA,2661.96,PAGO,2024-10-02,COM DATA
2564,631,PIX,7,SEM BANDEIRA,7367.205,PAGO,2023-10-14,COM DATA
2565,7179,DINHEIRO,2,SEM BANDEIRA,6545.18,PENDENTE,2022-04-22,COM DATA
2566,5895,CARTÃO,7,MASTERCARD,7711.22,PAGO,2024-03-04,COM DATA
2567,301,DINHEIRO,9,SEM BANDEIRA,12015.33,PENDENTE,2023-08-12,COM DATA
2568,917,PIX,11,SEM BANDEIRA,86.9,PENDENTE,2022-02-25,COM DATA
2570,88,BOLETO,5,SEM BANDEIRA,7022.83,Pagoo,2022-02-18,COM DATA
2571,7463,DINHEIRO,5,SEM BANDEIRA,5537.56,Pendente,2023-11-03,COM DATA
2575,684,BOLETO,12,SEM BANDEIRA,14661.69,PAGO,2024-02-23,COM DATA
2577,7192,PIX,3,SEM BANDEIRA,4539.01,PAGO,2024-05-31,COM DATA
2579,9043,PIX,6,SEM BANDEIRA,495.28,ESTORNADO,2025-03-31,COM DATA
2581,6334,PIX,-5,SEM BANDEIRA,4879.45,ESTORNADO,2023-09-13,COM DATA
2582,8187,CARTÃO,7,HIPERCARD,661.51,PAGO,2024-09-21,COM DATA
2586,2678,BOLETO,3,SEM BANDEIRA,8173.59,PENDENTE,2024-07-23,COM DATA
2587,7256,PIX,4,SEM BANDEIRA,1867.2,ESTORNADO,2024-12-22,COM DATA
2588,9028,PIX,5,SEM BANDEIRA,13462.77,ESTORNADO,2022-05-03,COM DATA
2589,3548,PIX,11,SEM BANDEIRA,14937.46,ESTORNADO,2023-09-14,COM DATA
2590,399,DINHEIRO,12,SEM BANDEIRA,8345.62,ESTORNADO,2024-12-13,COM DATA
2592,5542,DINHEIRO,3,SEM BANDEIRA,4066.11,ESTORNADO,2023-12-22,COM DATA
2593,7825,DINHEIRO,7,SEM BANDEIRA,7367.205,ESTORNADO,2024-06-24,COM DATA
2594,6657,DINHEIRO,3,SEM BANDEIRA,1770.33,ESTORNADO,2023-11-16,COM DATA
2595,6913,DINHEIRO,8,SEM BANDEIRA,2634.36,PAGO,2023-06-17,COM DATA
2596,8467,CARTÃO,8,AMERICAN EXPRESS,10764.7,PAGO,2024-12-10,COM DATA
2597,2542,BOLETO,11,SEM BANDEIRA,13219.97,PENDENTE,2022-04-17,COM DATA
2599,7012,DINHEIRO,5,SEM BANDEIRA,7367.205,ESTORNADO,2024-05-30,COM DATA
2604,7063,BOLETO,1,SEM BANDEIRA,7367.205,CANCELADO,2025-01-30,COM DATA
2608,7741,DINHEIRO,3,SEM BANDEIRA,3942.18,ESTORNADO,2022-07-30,COM DATA
2612,4510,BOLETO,12,SEM BANDEIRA,0.0,ESTORNADO,2024-07-10,COM DATA
2617,3198,DINHEIRO,10,SEM BANDEIRA,12086.97,ESTORNADO,2025-03-10,COM DATA
2619,8096,PIX,6,SEM BANDEIRA,9648.85,ESTORNADO,2023-09-04,COM DATA
2620,5399,DINHEIRO,2,SEM BANDEIRA,9251.59,PENDENTE,2024-12-18,COM DATA
2621,9226,BOLETO,9,SEM BANDEIRA,10061.47,PENDENTE,2024-05-13,COM DATA
2622,46,BOLETO,4,SEM BANDEIRA,13309.1,PENDENTE,2024-02-28,COM DATA
2625,6298,CARTÃO,11,AMERICAN EXPRESS,3955.26,PAGO,2023-12-28,COM DATA
2629,7504,CARTÃO,12,HIPERCARD,7367.205,ESTORNADO,2022-11-08,COM DATA
2633,9407,DINHEIRO,8,SEM BANDEIRA,9139.55,ESTORNADO,2023-07-10,COM DATA
2635,3552,DINHEIRO,0,SEM BANDEIRA,9333.38,ESTORNADO,2022-03-15,COM DATA
2640,5002,BOLETO,10,SEM BANDEIRA,3940.56,PENDENTE,2022-05-29,COM DATA
2641,2631,PIX,9,SEM BANDEIRA,8955.95,PAGO,2024-05-23,COM DATA
2643,5647,CARTÃO,5,ELO,14983.96,PAGO,2022-03-10,COM DATA
2644,3233,PIX,6,SEM BANDEIRA,986.21,ESTORNADO,2024-08-16,COM DATA
2645,1648,BOLETO,10,SEM BANDEIRA,7367.205,PENDENTE,2022-10-02,COM DATA
2646,7260,DINHEIRO,12,SEM BANDEIRA,11401.67,PAGO,2023-02-11,COM DATA
2647,4196,CARTÃO,2,VISA,3630.81,ESTORNADO,2022-07-30,COM DATA
2648,8941,BOLETO,6,SEM BANDEIRA,12093.65,PAGO,2022-12-08,COM DATA
2649,2452,CARTÃO,3,SEM BANDEIRA,4195.83,PENDENTE,2022-12-06,COM DATA
2651,2609,DINHEIRO,3,SEM BANDEIRA,5492.41,Pagoo,2024-11-03,COM DATA
2652,3565,DINHEIRO,1,SEM BANDEIRA,7863.18,PENDENTE,2024-07-31,COM DATA
2653,330,PIX,2,SEM BANDEIRA,5563.98,PAGO,2024-09-03,COM DATA
2654,6222,DINHEIRO,4,SEM BANDEIRA,11046.93,PAGO,2023-05-24,COM DATA
2655,8842,PIX,3,SEM BANDEIRA,10572.73,ESTORNADO,2024-09-23,COM DATA
2656,6373,BOLETO,5,SEM BANDEIRA,0.0,PAGO,2022-09-27,COM DATA
2657,6335,PIX,4,SEM BANDEIRA,7776.75,PENDENTE,2023-06-23,COM DATA
2658,606,PIX,11,SEM BANDEIRA,12736.68,PAGO,2024-02-04,COM DATA
2659,1734,PIX,4,SEM BANDEIRA,6334.21,PAGO,2024-02-25,COM DATA
2660,1202,CARTÃO,4,AMERICAN EXPRESS,7367.205,ESTORNADO,2022-03-05,COM DATA
2663,3665,PIX,12,SEM BANDEIRA,8818.35,CANCELADO,2024-02-09,COM DATA
2666,2303,DINHEIRO,6,SEM BANDEIRA,7897.72,ESTORNADO,2022-09-24,COM DATA
2668,2784,CARTÃO,0,VISA,8157.42,PAGO,,SEM DATA
2672,2,DINHEIRO,5,SEM BANDEIRA,1418.58,PAGO,2024-11-25,COM DATA
2675,4759,DINHEIRO,12,SEM BANDEIRA,4327.86,PAGO,2022-08-04,COM DATA
2680,835,PIX,3,SEM BANDEIRA,9429.38,PAGO,2022-10-12,COM DATA
2681,3329,DINHEIRO,11,SEM BANDEIRA,7367.205,ESTORNADO,2022-11-05,COM DATA
2682,6855,PIX,8,SEM BANDEIRA,4448.11,PENDENTE,2022-07-11,COM DATA
2683,3056,PIX,9,ELO,7367.205,ESTORNADO,2025-01-30,COM DATA
2687,9505,CARTÃO,9,MASTERCARD,6490.31,PAGO,,SEM DATA
2692,4026,PIX,12,SEM BANDEIRA,13887.76,PENDENTE,2022-12-03,COM DATA
2693,3579,CARTÃO,5,VISA,14217.6,PENDENTE,2022-08-12,COM DATA
2694,4351,PIX,11,SEM BANDEIRA,3518.93,PAGO,2025-01-25,COM DATA
2695,7069,PIX,-5,SEM BANDEIRA,12159.04,ESTORNADO,2023-03-17,COM DATA
2698,6842,BOLETO,8,SEM BANDEIRA,13542.64,PAGO,2022-01-29,COM DATA
2700,4336,PIX,9,SEM BANDEIRA,10263.14,PAGO,,SEM DATA
2701,7496,CARTÃO,7,ELO,12520.79,PAGO,2022-01-15,COM DATA
2703,6671,PIX,4,SEM BANDEIRA,13169.29,ESTORNADO,2023-03-02,COM DATA
2704,3038,BOLETO,12,SEM BANDEIRA,7367.205,PAGO,2024-08-27,COM DATA
2705,7456,PIX,1,SEM BANDEIRA,7367.205,PENDENTE,2023-05-24,COM DATA
2707,3012,DINHEIRO,11,SEM BANDEIRA,14325.81,PAGO,,SEM DATA
2708,4924,DINHEIRO,2,SEM BANDEIRA,12900.0,PAGO,,SEM DATA
2715,1020,CARTÃO,2,MASTERCARD,14791.69,Pagoo,2024-06-16,COM DATA
2716,3414,CARTÃO,-1,AMERICAN EXPRESS,4390.45,PAGO,2022-01-20,COM DATA
2717,6150,BOLETO,6,SEM BANDEIRA,12881.58,PAGO,2023-02-28,COM DATA
2722,7399,CANCELADO,8,SEM BANDEIRA,4999.35,PENDENTE,2025-01-24,COM DATA
2723,5084,DINHEIRO,10,SEM BANDEIRA,6015.83,ESTORNADO,2023-08-14,COM DATA
2724,322,CARTÃO,7,AMERICAN EXPRESS,14717.3,PENDENTE,2022-04-26,COM DATA
2725,2592,CARTÃO,-1,ELO,9017.89,ESTORNADO,2024-06-19,COM DATA
2726,9775,PIX,1,SEM BANDEIRA,7142.43,PENDENTE,2023-12-15,COM DATA
2728,3306,CARTÃO,0,AMERICAN EXPRESS,14283.42,PENDENTE,2022-03-03,COM DATA
2729,5010,BOLETO,5,SEM BANDEIRA,10056.84,PAGO,2022-09-05,COM DATA
2730,6368,DINHEIRO,8,SEM BANDEIRA,4057.65,Pendente,2022-06-11,COM DATA
2733,4026,PIX,5,SEM BANDEIRA,5739.81,PAGO,2022-08-24,COM DATA
2735,7404,DINHEIRO,12,SEM BANDEIRA,11578.07,Pagoo,2024-12-16,COM DATA
2736,6616,CARTÃO,-1,MASTERCARD,11488.75,PENDENTE,2024-05-12,COM DATA
2738,2162,PIX,11,SEM BANDEIRA,6986.86,PAGO,2022-12-01,COM DATA
2740,5180,CARTÃO,5,VISA,238.42,PENDENTE,2022-07-10,COM DATA
2742,5251,DINHEIRO,7,SEM BANDEIRA,14448.07,PAGO,2024-04-28,COM DATA
2744,5932,BOLETO,7,SEM BANDEIRA,11221.57,PAGO,2022-06-05,COM DATA
2746,8732,DINHEIRO,12,SEM BANDEIRA,9704.86,PENDENTE,2023-06-11,COM DATA
2748,5757,PIX,3,SEM BANDEIRA,910.66,ESTORNADO,2024-06-19,COM DATA
2749,3906,PIX,0,SEM BANDEIRA,1800.12,ESTORNADO,2023-10-19,COM DATA
2751,622,CARTÃO,5,MASTERCARD,9517.6,PAGO ,2023-12-11,COM DATA
2752,6269,CARTÃO,9,ELO,4536.97,PENDENTE,2025-04-03,COM DATA
2755,291,DINHEIRO,5,SEM BANDEIRA,5135.26,PENDENTE,2024-11-05,COM DATA
2756,8527,PIX,6,SEM BANDEIRA,820.75,ESTORNADO,2022-04-07,COM DATA
2757,4711,CARTÃO,10,ELO,332.63,PENDENTE,,SEM DATA
2760,409,PIX,2,VISA,14306.42,PAGO,,SEM DATA
2761,4837,PIX,-5,SEM BANDEIRA,5760.11,PENDENTE,2022-09-25,COM DATA
2762,4927,DINHEIRO,12,SEM BANDEIRA,7367.205,PENDENTE,,SEM DATA
2763,8903,PIX,1,SEM BANDEIRA,918.25,PAGO,2022-05-05,COM DATA
2765,5247,BOLETO,8,SEM BANDEIRA,13976.36,PAGO,2025-01-10,COM DATA
2766,6590,BOLETO,3,SEM BANDEIRA,3273.84,CANCELADO,,SEM DATA
2769,4231,PIX,9,SEM BANDEIRA,13337.62,ESTORNADO,2023-10-15,COM DATA
2771,3818,BOLETO,3,SEM BANDEIRA,7367.205,PAGO,2024-06-06,COM DATA
2773,6224,DINHEIRO,12,SEM BANDEIRA,7246.13,PAGO,2022-03-03,COM DATA
2775,950,BOLETO,8,SEM BANDEIRA,13665.08,PAGO,2023-04-16,COM DATA
2776,8276,BOLETO,2,SEM BANDEIRA,5915.32,ESTORNADO,,SEM DATA
2778,4077,BOLETO,8,SEM BANDEIRA,2191.7,ESTORNADO,2023-08-09,COM DATA
2781,6445,DINHEIRO,4,SEM BANDEIRA,4003.97,PENDENTE,2022-09-22,COM DATA
2783,5360,PIX,11,SEM BANDEIRA,364.67,PENDENTE,2025-01-22,COM DATA
2784,1949,CARTÃO,8,AMERICAN EXPRESS,6546.9,PENDENTE,2022-09-17,COM DATA
2789,6375,BOLETO,9,SEM BANDEIRA,11237.77,PAGO,,SEM DATA
2790,3900,DINHEIRO,6,SEM BANDEIRA,6308.33,PENDENTE,,SEM DATA
2791,1,PIX,6,SEM BANDEIRA,13917.58,PENDENTE,,SEM DATA
2792,1007,PIX,7,SEM BANDEIRA,8575.13,PAGO,2022-05-19,COM DATA
2794,5442,CARTÃO,5,HIPERCARD,8764.6,ESTORNADO,,SEM DATA
2795,3764,CARTÃO,6,AMERICAN EXPRESS,5461.37,ESTORNADO,2022-07-19,COM DATA
2796,1338,CARTAO,6,SEM BANDEIRA,4831.27,ESTORNADO,,SEM DATA
2799,8467,DINHEIRO,6,SEM BANDEIRA,11030.59,PAGO,2024-10-16,COM DATA
2800,3446,BOLETO,8,SEM BANDEIRA,7367.205,PAGO,2023-07-04,COM DATA
2802,77,CARTÃO,6,VISA,1759.02,ESTORNADO,2024-08-26,COM DATA
2803,2611,BOLETO,9,SEM BANDEIRA,7198.48,PENDENTE,2022-03-02,COM DATA
2804,1549,PIX,1,SEM BANDEIRA,10747.43,PENDENTE,2022-11-12,COM DATA
2809,7904,PIX,7,SEM BANDEIRA,9058.3,PENDENTE,2023-12-15,COM DATA
2810,4578,CARTÃO,3,SEM BANDEIRA,8631.5,PAGO,2022-06-28,COM DATA
2812,4232,CARTÃO,11,HIPERCARD,6246.08,PENDENTE,2024-11-01,COM DATA
2813,6406,PIX,12,SEM BANDEIRA,13839.3,ESTORNADO,2024-04-28,COM DATA
2815,4948,BOLETO,10,SEM BANDEIRA,5522.94,PENDENTE,2023-05-11,COM DATA
2816,3436,PIX,9,SEM BANDEIRA,10429.96,PAGO,2022-12-28,COM DATA
2817,8460,PIX,12,SEM BANDEIRA,2733.25,PENDENTE,2023-08-03,COM DATA
2820,9707,DINHEIRO,1,SEM BANDEIRA,12176.73,PENDENTE,2022-07-15,COM DATA
2821,3244,DINHEIRO,-1,SEM BANDEIRA,5500.52,PENDENTE,2022-12-12,COM DATA
2822,5236,BOLETO,4,SEM BANDEIRA,7367.205,PENDENTE,2022-12-05,COM DATA
2823,844,DINHEIRO,1,SEM BANDEIRA,11285.1,PENDENTE,2023-06-18,COM DATA
2825,6363,PIX,10,SEM BANDEIRA,10113.47,PAGO,2023-12-12,COM DATA
2826,8452,PIX,0,SEM BANDEIRA,5977.91,ESTORNADO,,SEM DATA
2828,2409,PIX,3,SEM BANDEIRA,8222.85,PAGO,2022-09-27,COM DATA
2829,5405,BOLETO,3,SEM BANDEIRA,7367.205,ESTORNADO,2024-07-05,COM DATA
2830,9890,CARTÃO,9,ELO,9896.22,PAGO,2022-11-28,COM DATA
2831,6237,PIX,11,SEM BANDEIRA,14115.9,PENDENTE,2025-01-05,COM DATA
2833,3076,PIX,-1,SEM BANDEIRA,14544.8,PENDENTE,2025-03-17,COM DATA
2834,7381,DINHEIRO,4,SEM BANDEIRA,7367.205,ESTORNADO,2024-12-21,COM DATA
2835,3225,PIX,4,SEM BANDEIRA,0.0,PENDENTE,2022-03-28,COM DATA
2836,1572,BOLETO,5,SEM BANDEIRA,7367.205,PENDENTE,2025-03-07,COM DATA
2837,3715,BOLETO,1,SEM BANDEIRA,4207.54,PAGO,2023-04-25,COM DATA
2840,9880,BOLETO,9,SEM BANDEIRA,12390.54,PENDENTE,2024-02-19,COM DATA
2843,809,BOLETO,10,SEM BANDEIRA,6046.4,PENDENTE,2022-02-18,COM DATA
2844,4435,CARTÃO,3,VISA,14675.19,ESTORNADO,2022-05-26,COM DATA
2845,4367,CARTÃO,2,ELO,664.3,Estornado,2023-01-17,COM DATA
2846,5955,CARTÃO,12,ELO,7367.205,PENDENTE,2024-04-27,COM DATA
2848,9929,BOLETO,-5,SEM BANDEIRA,1589.68,Pago,2022-12-14,COM DATA
2849,1170,BOLETO,10,SEM BANDEIRA,2611.36,PAGO ,2023-07-17,COM DATA
2850,3391,PIX,1,SEM BANDEIRA,7367.205,PENDENTE,2024-01-03,COM DATA
2851,4380,PIX,5,SEM BANDEIRA,7845.35,PENDENTE,2023-04-17,COM DATA
2852,1882,PIX,0,SEM BANDEIRA,1850.03,PAGO,2022-08-04,COM DATA
2853,6912,BOLETO,1,SEM BANDEIRA,9484.42,pago,2024-06-17,COM DATA
2855,6677,PIX,0,SEM BANDEIRA,10088.85,ESTORNADO,2024-10-31,COM DATA
2856,7401,PIX,10,SEM BANDEIRA,2053.05,ESTORNADO,2023-12-30,COM DATA
2857,3142,BOLETO,12,SEM BANDEIRA,4975.03,PAGO,2024-06-14,COM DATA
2859,3827,DINHEIRO,8,SEM BANDEIRA,6892.4,CANCELADO,2023-03-25,COM DATA
2860,1591,BOLETO,8,SEM BANDEIRA,8653.47,PAGO,2022-11-06,COM DATA
2862,3922,PIX,12,SEM BANDEIRA,7367.205,ESTORNADO,,SEM DATA
2869,5325,PIX,6,SEM BANDEIRA,7367.205,ESTORNADO,2022-02-22,COM DATA
2870,8844,PIX,1,SEM BANDEIRA,7367.205,PAGO,2022-02-20,COM DATA
2872,4734,DINHEIRO,12,SEM BANDEIRA,7367.205,ESTORNADO,2022-03-19,COM DATA
2873,6252,PIX,12,SEM BANDEIRA,12742.8,ESTORNADO,2024-11-04,COM DATA
2874,4099,CARTÃO,4,ELO,10036.76,PENDENTE,2023-09-15,COM DATA
2876,3541,PIX,-5,SEM BANDEIRA,10735.59,ESTORNADO,2023-02-20,COM DATA
2880,4219,BOLETO,10,SEM BANDEIRA,7975.24,PAGO,,SEM DATA
2882,1155,CARTÃO,10,SEM BANDEIRA,7926.65,ESTORNADO,2024-10-03,COM DATA
2885,3424,CARTÃO,7,ELO,1038.07,PAGO,2024-05-01,COM DATA
2886,4510,CARTÃO,12,HIPERCARD,3981.11,PAGO,,SEM DATA
2888,6990,CARTÃO,8,AMERICAN EXPRESS,0.0,ESTORNADO,2022-08-23,COM DATA
2889,7401,BOLETO,11,SEM BANDEIRA,13173.54,PAGO,2024-09-07,COM DATA
2891,6543,BOLETO,-5,SEM BANDEIRA,14087.75,PAGO,2023-02-16,COM DATA
2894,5092,BOLETO,3,SEM BANDEIRA,12050.81,PAGO,2025-02-16,COM DATA
2896,6663,PIX,0,SEM BANDEIRA,2369.76,ESTORNADO,2023-03-18,COM DATA
2899,7469,PIX,7,SEM BANDEIRA,12634.7,PAGO,2022-11-06,COM DATA
2901,5156,CARTÃO,3,VISA,7367.205,ESTORNADO,2024-05-25,COM DATA
2905,6363,CARTÃO,7,AMERICAN EXPRESS,13124.36,ESTORNADO,2023-10-01,COM DATA
2907,9512,BOLETO,3,SEM BANDEIRA,9247.54,PAGO,2024-09-16,COM DATA
2908,2777,PIX,10,SEM BANDEIRA,7367.205,PAGO,2022-03-25,COM DATA
2912,1089,CARTÃO,7,SEM BANDEIRA,7367.205,PENDENTE,2022-02-21,COM DATA
2913,448,PIX,7,SEM BANDEIRA,12370.99,PAGO,2023-09-06,COM DATA
2916,9342,CARTÃO,3,ELO,10768.02,PAGO,2023-02-24,COM DATA
2917,9287,PIX,11,SEM BANDEIRA,42.02,Pendente,2024-11-05,COM DATA
2918,5444,DINHEIRO,9,SEM BANDEIRA,13132.31,Pendente,2022-10-20,COM DATA
2919,8845,PIX,8,SEM BANDEIRA,7718.55,PAGO,2025-03-06,COM DATA
2920,5012,BOLETO,-1,SEM BANDEIRA,10384.74,CANCELADO,2022-01-30,COM DATA
2922,4110,PIX,1,SEM BANDEIRA,13122.81,ESTORNADO,2023-07-11,COM DATA
2923,2546,DINHEIRO,1,SEM BANDEIRA,958.69,PAGO,2023-09-23,COM DATA
2924,3837,CARTÃO,5,AMERICAN EXPRESS,11257.02,PAGO,2024-04-25,COM DATA
2926,6393,DINHEIRO,0,SEM BANDEIRA,2817.66,ESTORNADO,2024-09-23,COM DATA
2927,9876,PIX,-5,SEM BANDEIRA,14721.43,ESTORNADO,2024-07-01,COM DATA
2930,9039,BOLETO,3,SEM BANDEIRA,0.0,pago,2022-12-19,COM DATA
2931,1743,CARTÃO,12,ELO,3955.18,PAGO,2024-02-17,COM DATA
2932,6110,CARTÃO,0,ELO,3295.82,PAGO,2023-05-24,COM DATA
2935,6601,CARTÃO,4,VISA,8479.76,ESTORNADO,2023-01-12,COM DATA
2937,1405,BOLETO,4,SEM BANDEIRA,3198.69,PENDENTE,,SEM DATA
2938,1836,BOLETO,2,SEM BANDEIRA,11881.27,PAGO,2024-11-22,COM DATA
2940,7565,DINHEIRO,6,SEM BANDEIRA,7367.205,ESTORNADO,2024-09-25,COM DATA
2941,8339,BOLETO,3,SEM BANDEIRA,4157.2,PAGO,2024-07-28,COM DATA
2942,8824,PIX,7,SEM BANDEIRA,1036.41,PAGO,2024-02-07,COM DATA
2943,7583,CARTÃO,12,SEM BANDEIRA,14815.33,ESTORNADO,2023-03-14,COM DATA
2944,4544,PIX,6,SEM BANDEIRA,9934.9,ESTORNADO,2024-02-04,COM DATA
2945,3449,PIX,1,SEM BANDEIRA,1087.12,PAGO,2025-02-09,COM DATA
2946,7337,CARTÃO,5,ELO,802.95,PENDENTE,2023-10-19,COM DATA
2949,6127,PIX,0,SEM BANDEIRA,8612.19,PAGO,,SEM DATA
2953,4699,CARTÃO,2,HIPERCARD,11854.62,PAGO,2023-01-30,COM DATA
2954,7974,BOLETO,3,SEM BANDEIRA,8120.24,PENDENTE,2024-10-26,COM DATA
2956,5496,PIX,0,SEM BANDEIRA,4312.12,ESTORNADO,2022-08-13,COM DATA
2959,730,BOLETO,4,SEM BANDEIRA,7367.205,PAGO,2024-07-12,COM DATA
2961,2883,PIX,11,VISA,6075.8,ESTORNADO,,SEM DATA
2964,3187,DINHEIRO,9,SEM BANDEIRA,3287.75,ESTORNADO,2022-02-15,COM DATA
2965,6050,DINHEIRO,6,SEM BANDEIRA,7367.205,PAGO,2022-01-12,COM DATA
2966,9181,PIX,4,SEM BANDEIRA,13423.85,PENDENTE,2022-12-26,COM DATA
2967,6679,BOLETO,10,SEM BANDEIRA,4929.37,PAGO,2024-11-12,COM DATA
2968,5069,PIX,11,SEM BANDEIRA,7080.51,ESTORNADO,2022-02-22,COM DATA
2969,8294,PIX,10,SEM BANDEIRA,8023.21,ESTORNADO,2022-09-18,COM DATA
2972,4853,BOLETO,2,SEM BANDEIRA,3386.58,ESTORNADO,2024-03-20,COM DATA
2973,7847,PIX,-1,SEM BANDEIRA,1420.66,PAGO,2024-03-29,COM DATA
2975,6212,DINHEIRO,10,SEM BANDEIRA,6653.43,PAGO,2023-04-26,COM DATA
2976,75,BOLETO,4,SEM BANDEIRA,13312.78,PENDENTE,2023-07-14,COM DATA
2977,2378,PIX,3,SEM BANDEIRA,10202.31,PAGO,2022-02-27,COM DATA
2980,1057,DINHEIRO,4,SEM BANDEIRA,13947.9,PAGO,2022-12-07,COM DATA
2984,1647,BOLETO,1,SEM BANDEIRA,4794.39,PAGO,,SEM DATA
2985,6142,CARTÃO,2,AMERICAN EXPRESS,2627.71,PENDENTE,2024-07-03,COM DATA
2989,1013,BOLETO,7,SEM BANDEIRA,2965.39,ESTORNADO,2024-05-25,COM DATA
2991,5474,BOLETO,4,SEM BANDEIRA,7367.205,PENDENTE,2023-12-03,COM DATA
2993,7565,CARTÃO,9,SEM BANDEIRA,5016.21,ESTORNADO,2022-09-01,COM DATA
2997,1025,DINHEIRO,1,SEM BANDEIRA,7367.205,ESTORNADO,,SEM DATA
3004,3860,CARTÃO,7,HIPERCARD,14958.43,ESTORNADO,2024-01-03,COM DATA
3005,4431,PIX,2,SEM BANDEIRA,9093.75,ESTORNADO,2023-09-20,COM DATA
3007,2269,DINHEIRO,10,SEM BANDEIRA,3638.11,Pendente,2024-11-30,COM DATA
3011,896,CARTÃO,6,SEM BANDEIRA,0.0,ESTORNADO,2024-09-23,COM DATA
3012,1108,PIX,3,SEM BANDEIRA,13638.33,ESTORNADO,2022-04-25,COM DATA
3014,6847,CARTÃO,2,ELO,12802.14,PAGO,,SEM DATA
3017,9188,DINHEIRO,6,SEM BANDEIRA,14117.11,PAGO,2023-10-04,COM DATA
3022,8949,BOLETO,4,SEM BANDEIRA,13465.54,PAGO,2023-12-13,COM DATA
3023,5705,BOLETO,3,SEM BANDEIRA,7367.205,Pago,2023-05-26,COM DATA
3024,2008,PIX,0,SEM BANDEIRA,13407.41,PENDENTE,2023-10-22,COM DATA
3026,270,BOLETO,3,SEM BANDEIRA,270.1,ESTORNADO,2025-01-25,COM DATA
3028,9491,DINHEIRO,11,SEM BANDEIRA,13542.36,ESTORNADO,2025-02-13,COM DATA
3029,9846,BOLETO,6,SEM BANDEIRA,8827.75,PENDENTE,2022-08-15,COM DATA
3030,6368,BOLETO,-1,SEM BANDEIRA,448.78,pago,2024-01-19,COM DATA
3031,6288,PIX,6,SEM BANDEIRA,14273.19,PENDENTE,2025-03-07,COM DATA
3033,3777,CARTÃO,8,MASTERCARD,9159.37,ESTORNADO,2022-07-21,COM DATA
3035,2967,PIX,5,SEM BANDEIRA,4243.24,PENDENTE,2024-09-01,COM DATA
3038,4030,CARTAO,9,SEM BANDEIRA,1745.98,PENDENTE,2024-01-24,COM DATA
3039,6620,CARTÃO,-1,VISA,1404.35,PENDENTE,2024-02-13,COM DATA
3042,7196,PIX,6,SEM BANDEIRA,4435.25,PAGO,2023-04-18,COM DATA
3043,9615,PIX,5,SEM BANDEIRA,12203.37,PENDENTE,2023-10-14,COM DATA
3044,2206,DINHEIRO,5,SEM BANDEIRA,5696.02,PAGO,2023-04-04,COM DATA
3046,1894,CARTÃO,6,SEM BANDEIRA,14560.93,PAGO,2024-07-21,COM DATA
3047,714,DINHEIRO,0,SEM BANDEIRA,13711.73,ESTORNADO,2025-02-11,COM DATA
3049,3709,CARTÃO,2,ELO,7921.17,PENDENTE,2022-07-11,COM DATA
3050,1634,BOLETO,-5,SEM BANDEIRA,8429.2,PENDENTE,2023-11-27,COM DATA
3051,5058,CARTÃO,4,HIPERCARD,4271.21,ESTORNADO,2023-03-18,COM DATA
3052,2431,BOLETO,4,SEM BANDEIRA,12422.77,PAGO,,SEM DATA
3054,7073,PIX,1,SEM BANDEIRA,2214.41,PAGO,2022-06-07,COM DATA
3055,8855,CARTÃO,2,HIPERCARD,1368.56,ESTORNADO,2022-04-18,COM DATA
3056,4863,PIX,3,SEM BANDEIRA,7012.22,PENDENTE,2022-02-09,COM DATA
3057,6734,BOLETO,8,SEM BANDEIRA,12916.9,PAGO,2023-07-06,COM DATA
3058,5999,PIX,-1,SEM BANDEIRA,3418.54,PAGO,2022-08-20,COM DATA
3060,2623,CARTÃO,10,HIPERCARD,2412.72,PENDENTE,2024-01-29,COM DATA
3061,9752,PIX,4,SEM BANDEIRA,5785.46,PAGO,2024-05-18,COM DATA
3063,2797,PIX,6,SEM BANDEIRA,8968.63,PAGO ,,SEM DATA
3066,8640,BOLETO,6,SEM BANDEIRA,14790.83,ESTORNADO,2024-09-16,COM DATA
3069,8560,BOLETO,6,SEM BANDEIRA,1642.45,Estornado,2023-11-20,COM DATA
3070,7195,PIX,1,SEM BANDEIRA,13157.57,ESTORNADO,2024-09-22,COM DATA
3071,911,BOLETO,4,SEM BANDEIRA,7367.205,PAGO,2024-09-14,COM DATA
3072,9247,BOLETO,0,SEM BANDEIRA,9873.45,PAGO,,SEM DATA
3075,27,DINHEIRO,0,SEM BANDEIRA,963.58,PAGO,2023-11-25,COM DATA
3077,586,PIX,2,SEM BANDEIRA,11425.32,ESTORNADO,2024-11-27,COM DATA
3079,2214,BOLETO,9,SEM BANDEIRA,9474.21,PAGO,2024-03-10,COM DATA
3081,7645,BOLETO,10,SEM BANDEIRA,12560.13,PENDENTE,2023-04-11,COM DATA
3082,7585,BOLETO,5,SEM BANDEIRA,7557.73,PENDENTE,2022-01-30,COM DATA
3083,8586,DINHEIRO,8,SEM BANDEIRA,6391.17,ESTORNADO,2022-03-31,COM DATA
3086,6669,BOLETO,8,SEM BANDEIRA,6938.02,PAGO,2022-12-24,COM DATA
3090,6806,BOLETO,8,SEM BANDEIRA,10069.26,PENDENTE,2024-08-13,COM DATA
3091,1200,PIX,6,SEM BANDEIRA,10086.42,PENDENTE,2022-11-11,COM DATA
3092,5795,CARTÃO,10,VISA,4114.43,ESTORNADO,2024-07-07,COM DATA
3093,5969,PIX,0,SEM BANDEIRA,13307.01,ESTORNADO,,SEM DATA
3095,2703,DINHEIRO,8,SEM BANDEIRA,6269.38,PAGO,2024-09-01,COM DATA
3096,4528,PIX,5,SEM BANDEIRA,7367.205,PAGO,2023-07-31,COM DATA
3097,8294,CARTÃO,12,VISA,7603.76,ESTORNADO,2023-12-30,COM DATA
3098,7776,BOLETO,4,SEM BANDEIRA,8373.54,ESTORNADO,2024-07-27,COM DATA
3102,6050,DINHEIRO,12,SEM BANDEIRA,7367.205,PENDENTE,2022-07-14,COM DATA
3103,1917,PIX,8,SEM BANDEIRA,5278.81,PENDENTE,2023-11-27,COM DATA
3105,5732,BOLETO,9,SEM BANDEIRA,13451.12,PAGO,2024-05-31,COM DATA
3106,2527,PIX,11,SEM BANDEIRA,8999.98,PAGO,2023-04-01,COM DATA
3107,7205,PIX,1,SEM BANDEIRA,10401.14,PENDENTE,2024-03-21,COM DATA
3108,9264,BOLETO,5,SEM BANDEIRA,1199.24,PENDENTE,2022-12-15,COM DATA
3111,5045,CARTÃO,1,ELO,79.57,ESTORNADO,2023-08-25,COM DATA
3113,7592,DINHEIRO,7,SEM BANDEIRA,7367.205,PENDENTE,,SEM DATA
3114,2425,DINHEIRO,2,SEM BANDEIRA,14229.61,PENDENTE,,SEM DATA
3115,230,BOLETO,4,SEM BANDEIRA,8540.69,Pago,2022-01-16,COM DATA
3116,8000,PIX,7,SEM BANDEIRA,9490.04,ESTORNADO,2023-03-28,COM DATA
3118,5234,CARTÃO,3,AMERICAN EXPRESS,6184.22,PENDENTE,2024-06-12,COM DATA
3120,6992,CARTÃO,6,HIPERCARD,5153.45,PAGO,2023-11-23,COM DATA
3121,3515,PIX,8,SEM BANDEIRA,2559.21,PAGO,,SEM DATA
3125,4367,BOLETO,8,SEM BANDEIRA,13271.09,PAGO,2023-06-24,COM DATA
3126,1430,PIX,7,SEM BANDEIRA,5542.29,PENDENTE,2022-03-29,COM DATA
3128,9592,PIX,2,SEM BANDEIRA,11245.22,PAGO,2024-11-12,COM DATA
3129,1858,DINHEIRO,4,SEM BANDEIRA,10318.48,PAGO,2023-07-01,COM DATA
3132,9357,BOLETO,2,SEM BANDEIRA,330.85,ESTORNADO,2025-03-16,COM DATA
3134,6127,PIX,0,SEM BANDEIRA,3255.7,PAGO,2025-03-07,COM DATA
3135,9677,DINHEIRO,1,SEM BANDEIRA,7367.205,PENDENTE,2023-02-06,COM DATA
3137,5943,CARTÃO,2,SEM BANDEIRA,2690.22,PAGO,,SEM DATA
3138,4122,CARTÃO,4,MASTERCARD,11977.33,Estornado,2024-09-14,COM DATA
3140,8111,CARTÃO,8,SEM BANDEIRA,13387.27,ESTORNADO,2024-05-13,COM DATA
3141,3685,CARTÃO,5,SEM BANDEIRA,10317.67,ESTORNADO,2024-03-22,COM DATA
3142,7888,PIX,5,SEM BANDEIRA,5276.48,PAGO,2024-06-23,COM DATA
3143,7350,DINHEIRO,2,SEM BANDEIRA,10147.89,PENDENTE,,SEM DATA
3145,8931,DINHEIRO,9,SEM BANDEIRA,9564.16,PAGO,2025-01-11,COM DATA
3146,4982,CARTAO,0,SEM BANDEIRA,4090.69,ESTORNADO,2023-02-28,COM DATA
3147,6098,DINHEIRO,9,SEM BANDEIRA,5533.23,pago,2022-02-06,COM DATA
3148,1829,CARTÃO,3,HIPERCARD,2268.44,PENDENTE,2022-01-07,COM DATA
3149,5165,BOLETO,12,SEM BANDEIRA,9710.08,PENDENTE,,SEM DATA
3150,2494,PIX,8,SEM BANDEIRA,14427.74,PAGO,2023-05-06,COM DATA
3151,6376,DINHEIRO,10,SEM BANDEIRA,3684.28,ESTORNADO,2023-03-07,COM DATA
3152,6530,CARTÃO,6,MASTERCARD,7700.63,PENDENTE,2022-03-18,COM DATA
3153,9883,CARTÃO,8,MASTERCARD,8160.43,CANCELADO,2023-02-08,COM DATA
3154,4741,CARTÃO,10,SEM BANDEIRA,13632.35,ESTORNADO,2022-04-26,COM DATA
3155,7215,DINHEIRO,12,SEM BANDEIRA,7367.205,Pago,2024-06-15,COM DATA
3157,8161,CARTÃO,7,AMERICAN EXPRESS,5265.76,ESTORNADO,2024-03-30,COM DATA
3161,5269,CARTÃO,7,AMERICAN EXPRESS,12616.3,ESTORNADO,2022-10-17,COM DATA
3162,5038,PIX,12,SEM BANDEIRA,10130.96,PENDENTE,2024-05-09,COM DATA
3163,7707,DINHEIRO,12,SEM BANDEIRA,7367.205,ESTORNADO,2024-11-22,COM DATA
3165,9592,CARTÃO,3,ELO,13002.12,PENDENTE,2023-07-27,COM DATA
3169,3844,PIX,0,SEM BANDEIRA,2822.66,PENDENTE,,SEM DATA
3170,5799,DINHEIRO,6,SEM BANDEIRA,3966.4,ESTORNADO,2023-09-23,COM DATA
3171,3060,DINHEIRO,11,SEM BANDEIRA,7367.205,PAGO,2022-04-07,COM DATA
3172,6431,PIX,10,SEM BANDEIRA,9737.91,PENDENTE,2023-03-29,COM DATA
3175,1355,DINHEIRO,1,SEM BANDEIRA,7367.205,PAGO,2022-06-02,COM DATA
3176,9518,PIX,3,SEM BANDEIRA,6564.09,PENDENTE,2025-01-05,COM DATA
3178,9052,PIX,7,SEM BANDEIRA,11410.98,PAGO,2025-01-20,COM DATA
3180,4485,PIX,5,SEM BANDEIRA,13201.1,ESTORNADO,2023-11-30,COM DATA
3181,7441,PIX,1,SEM BANDEIRA,75.86,PENDENTE,2023-04-27,COM DATA
3184,6618,CARTÃO,12,SEM BANDEIRA,5040.57,PAGO,2022-08-21,COM DATA
3186,6231,PIX,10,SEM BANDEIRA,10490.03,PENDENTE,2022-09-04,COM DATA
3187,5147,PIX,5,SEM BANDEIRA,246.29,PENDENTE,2023-12-01,COM DATA
3188,9663,PIX,7,SEM BANDEIRA,7367.205,PAGO,2022-09-16,COM DATA
3189,6048,PIX,9,ELO,14373.68,PAGO,2022-08-29,COM DATA
3194,381,PIX,8,SEM BANDEIRA,13922.22,PENDENTE,2022-04-08,COM DATA
3195,8410,DINHEIRO,4,SEM BANDEIRA,3180.82,PAGO,2023-03-31,COM DATA
3196,5309,PIX,0,SEM BANDEIRA,12470.61,PAGO,2024-01-20,COM DATA
3197,3376,PIX,6,SEM BANDEIRA,12921.0,ESTORNADO,2022-10-25,COM DATA
3198,6224,PIX,-5,SEM BANDEIRA,402.01,ESTORNADO,2022-07-06,COM DATA
3199,9962,CARTAO,12,SEM BANDEIRA,3017.71,PENDENTE,2022-03-28,COM DATA
3201,2550,BOLETO,2,SEM BANDEIRA,9621.7,PENDENTE,2024-11-16,COM DATA
3203,8452,DINHEIRO,6,SEM BANDEIRA,11794.67,ESTORNADO,2024-07-18,COM DATA
3204,8299,CARTÃO,10,MASTERCARD,6385.74,ESTORNADO,2023-05-25,COM DATA
3205,5565,CARTÃO,2,MASTERCARD,5292.54,Pendente,2025-03-03,COM DATA
3208,2692,DINHEIRO,4,SEM BANDEIRA,9426.08,PENDENTE,2024-03-15,COM DATA
3209,7219,DINHEIRO,9,SEM BANDEIRA,7510.62,PAGO,2024-03-16,COM DATA
3210,5822,BOLETO,7,SEM BANDEIRA,9170.22,PAGO,2025-03-08,COM DATA
3211,2884,CARTÃO,12,ELO,8231.94,PENDENTE,2022-01-14,COM DATA
3217,4755,CARTÃO,2,HIPERCARD,292.72,PENDENTE,2022-03-26,COM DATA
3220,9581,PIX,-5,SEM BANDEIRA,7367.205,PENDENTE,2022-11-27,COM DATA
3223,5529,PIX,8,AMERICAN EXPRESS,11906.47,PENDENTE,2022-09-09,COM DATA
3227,3054,BOLETO,7,SEM BANDEIRA,8639.25,PENDENTE,2024-04-29,COM DATA
3228,9998,BOLETO,9,SEM BANDEIRA,11263.41,ESTORNADO,2022-03-02,COM DATA
3230,4940,BOLETO,3,SEM BANDEIRA,2772.59,ESTORNADO,2024-07-04,COM DATA
3232,7098,PIX,2,SEM BANDEIRA,2172.13,ESTORNADO,2022-08-08,COM DATA
3233,2323,DINHEIRO,11,SEM BANDEIRA,333.6,PAGO,2024-04-26,COM DATA
3235,5010,DINHEIRO,8,SEM BANDEIRA,9451.06,PAGO,2025-02-22,COM DATA
3236,9014,CARTÃO,2,MASTERCARD,12451.33,PAGO,2022-07-12,COM DATA
3237,5765,PIX,5,SEM BANDEIRA,11026.44,PENDENTE,,SEM DATA
3238,8445,CARTÃO,3,AMERICAN EXPRESS,14560.96,Pagoo,2022-12-14,COM DATA
3239,3113,CARTÃO,12,SEM BANDEIRA,5073.46,CANCELADO,2023-04-01,COM DATA
3240,7908,PIX,2,SEM BANDEIRA,2776.46,PAGO,2023-11-08,COM DATA
3243,2988,CARTÃO,10,ELO,7367.205,PENDENTE,2022-02-17,COM DATA
3244,1059,BOLETO,11,SEM BANDEIRA,10150.16,ESTORNADO,2022-05-09,COM DATA
3245,78,BOLETO,4,SEM BANDEIRA,13832.92,PAGO,2024-04-20,COM DATA
3251,2913,PIX,6,SEM BANDEIRA,7830.8,ESTORNADO,2022-04-04,COM DATA
3252,6074,CARTÃO,-5,HIPERCARD,9515.03,ESTORNADO,2023-04-12,COM DATA
3256,343,BOLETO,5,SEM BANDEIRA,4650.83,ESTORNADO,2022-02-13,COM DATA
3258,6393,PIX,8,SEM BANDEIRA,82.24,ESTORNADO,2022-03-05,COM DATA
3259,8556,DINHEIRO,3,SEM BANDEIRA,7973.34,ESTORNADO,2024-01-28,COM DATA
3260,5065,DINHEIRO,8,SEM BANDEIRA,7367.205,Pago,2023-08-27,COM DATA
3264,2300,PIX,8,SEM BANDEIRA,288.88,ESTORNADO,2024-04-18,COM DATA
3266,8450,DINHEIRO,2,SEM BANDEIRA,7569.63,ESTORNADO,2024-02-05,COM DATA
3269,7553,PIX,5,SEM BANDEIRA,5875.84,PENDENTE,2025-01-12,COM DATA
3270,2181,DINHEIRO,10,SEM BANDEIRA,13642.63,PENDENTE,2023-01-15,COM DATA
3274,2757,PIX,0,SEM BANDEIRA,3626.58,ESTORNADO,2024-03-10,COM DATA
3275,7779,DINHEIRO,11,SEM BANDEIRA,10920.33,PENDENTE,2023-05-11,COM DATA
3276,4862,BOLETO,0,SEM BANDEIRA,9836.43,PENDENTE,2022-07-28,COM DATA
3279,552,CARTÃO,0,AMERICAN EXPRESS,407.1,PENDENTE,2024-02-22,COM DATA
3280,677,BOLETO,12,SEM BANDEIRA,6743.41,Pago,2025-02-23,COM DATA
3282,9959,CARTÃO,3,HIPERCARD,3426.84,PENDENTE,2023-01-17,COM DATA
3284,6464,BOLETO,6,SEM BANDEIRA,1334.64,ESTORNADO,2024-01-14,COM DATA
3285,5667,CARTÃO,3,MASTERCARD,10012.05,PENDENTE,2024-09-06,COM DATA
3287,9315,DINHEIRO,1,SEM BANDEIRA,13125.78,ESTORNADO,2023-10-27,COM DATA
3288,4851,DINHEIRO,3,SEM BANDEIRA,2180.74,PAGO,,SEM DATA
3289,3825,CARTÃO,11,HIPERCARD,9244.02,ESTORNADO,2024-06-13,COM DATA
3292,8897,CARTÃO,3,MASTERCARD,105.16,PAGO,,SEM DATA
3293,4162,DINHEIRO,11,SEM BANDEIRA,4739.37,PENDENTE,2022-09-18,COM DATA
3294,1087,CARTÃO,7,ELO,5865.6,ESTORNADO,2023-02-27,COM DATA
3295,7425,BOLETO,9,SEM BANDEIRA,4107.7,PENDENTE,2024-12-11,COM DATA
3296,9240,PIX,10,SEM BANDEIRA,7367.205,PENDENTE,2023-11-11,COM DATA
3298,7513,BOLETO,-1,SEM BANDEIRA,7367.205,ESTORNADO,,SEM DATA
3299,8350,BOLETO,1,SEM BANDEIRA,7367.205,PAGO,2022-04-21,COM DATA
3300,3370,CARTÃO,3,VISA,14460.45,PENDENTE,2024-12-25,COM DATA
3304,6760,DINHEIRO,1,SEM BANDEIRA,6869.87,ESTORNADO,,SEM DATA
3306,4584,DINHEIRO,9,SEM BANDEIRA,7367.205,ESTORNADO,2023-01-25,COM DATA
3307,7759,BOLETO,1,SEM BANDEIRA,12579.87,PENDENTE,2024-11-23,COM DATA
3309,6631,BOLETO,4,SEM BANDEIRA,11181.89,ESTORNADO,2024-11-07,COM DATA
3310,724,PIX,1,SEM BANDEIRA,8072.98,PAGO,2022-04-11,COM DATA
3313,3226,PIX,7,SEM BANDEIRA,0.0,PENDENTE,2023-12-17,COM DATA
3314,4512,PIX,11,SEM BANDEIRA,14558.92,PENDENTE,2023-06-05,COM DATA
3316,283,DINHEIRO,4,SEM BANDEIRA,7624.45,PAGO,2022-12-03,COM DATA
3320,6071,DINHEIRO,6,SEM BANDEIRA,6924.7,PAGO,2023-07-30,COM DATA
3323,3013,DINHEIRO,10,SEM BANDEIRA,3509.66,ESTORNADO,2022-01-01,COM DATA
3326,2206,DINHEIRO,10,SEM BANDEIRA,1434.8,ESTORNADO,2024-02-22,COM DATA
3327,2779,CARTÃO,1,AMERICAN EXPRESS,6252.4,pago,2025-02-04,COM DATA
3328,6034,DINHEIRO,11,SEM BANDEIRA,14787.87,PAGO,2025-01-23,COM DATA
3330,8224,PIX,9,SEM BANDEIRA,1352.24,PAGO ,2023-03-25,COM DATA
3331,8161,BOLETO,6,SEM BANDEIRA,6835.96,Pendente,2022-07-04,COM DATA
3334,9395,PIX,6,SEM BANDEIRA,13559.49,ESTORNADO,2022-08-02,COM DATA
3335,7560,PIX,10,SEM BANDEIRA,2793.14,ESTORNADO,2024-08-20,COM DATA
3337,440,DINHEIRO,12,SEM BANDEIRA,11775.5,PENDENTE,2024-08-08,COM DATA
3339,4572,DINHEIRO,5,SEM BANDEIRA,10374.36,pago,2023-06-20,COM DATA
3340,50,BOLETO,-5,SEM BANDEIRA,1238.73,PENDENTE,2024-12-11,COM DATA
3341,2694,CARTÃO,10,ELO,9855.18,PENDENTE,2022-03-07,COM DATA
3342,9538,PIX,12,SEM BANDEIRA,10091.16,ESTORNADO,2025-02-26,COM DATA
3343,5084,DINHEIRO,1,SEM BANDEIRA,9579.71,PENDENTE,2023-05-06,COM DATA
3344,6923,BOLETO,0,SEM BANDEIRA,12877.89,ESTORNADO,2024-02-17,COM DATA
3348,5660,BOLETO,5,SEM BANDEIRA,4928.38,PAGO,2023-12-16,COM DATA
3349,6655,CARTÃO,1,MASTERCARD,10360.01,Pagoo,2023-10-12,COM DATA
3353,3350,CARTÃO,8,ELO,1305.23,PAGO,2024-11-23,COM DATA
3355,6407,CARTÃO,6,MASTERCARD,8746.33,PAGO,2023-08-24,COM DATA
3356,1772,CARTÃO,9,VISA,11544.13,PAGO,2022-12-15,COM DATA
3357,1900,DINHEIRO,8,SEM BANDEIRA,7367.205,PENDENTE,2022-11-02,COM DATA
3359,361,BOLETO,12,SEM BANDEIRA,13944.81,ESTORNADO,2025-01-07,COM DATA
3360,8785,CARTÃO,5,MASTERCARD,4295.8,ESTORNADO,2024-06-18,COM DATA
3362,5610,CARTÃO,9,ELO,11672.27,ESTORNADO,,SEM DATA
3364,6132,PIX,10,SEM BANDEIRA,14259.14,PENDENTE,2025-01-18,COM DATA
3367,9004,PIX,12,VISA,788.96,ESTORNADO,2025-04-03,COM DATA
3368,5840,CARTÃO,0,SEM BANDEIRA,1742.97,ESTORNADO,2022-11-18,COM DATA
3369,9520,CARTÃO,-1,VISA,12691.17,ESTORNADO,2024-08-07,COM DATA
3370,9350,CARTÃO,6,SEM BANDEIRA,11836.59,ESTORNADO,2024-08-16,COM DATA
3371,527,PIX,0,SEM BANDEIRA,7227.93,ESTORNADO,2025-02-25,COM DATA
3372,6049,CARTÃO,0,VISA,768.77,PENDENTE,2025-03-18,COM DATA
3373,7483,BOLETO,10,SEM BANDEIRA,4224.27,PAGO,2023-05-24,COM DATA
3377,3650,BOLETO,10,SEM BANDEIRA,2245.23,ESTORNADO,2024-06-07,COM DATA
3380,7382,BOLETO,0,SEM BANDEIRA,14868.42,Pagoo,2023-07-10,COM DATA
3383,810,PIX,10,SEM BANDEIRA,13178.94,PAGO,2023-01-26,COM DATA
3384,7711,CARTÃO,7,VISA,7367.205,CANCELADO,2024-05-31,COM DATA
3385,8453,PIX,1,SEM BANDEIRA,5645.14,PAGO,2022-02-22,COM DATA
3387,9253,CARTÃO,5,SEM BANDEIRA,13781.59,ESTORNADO,2025-02-16,COM DATA
3389,8702,PIX,2,SEM BANDEIRA,9709.41,ESTORNADO,2023-06-29,COM DATA
3391,5736,CANCELADO,8,SEM BANDEIRA,8531.31,PENDENTE,2022-02-27,COM DATA
3392,9626,PIX,6,SEM BANDEIRA,4566.74,ESTORNADO,2024-07-24,COM DATA
3393,3557,PIX,8,SEM BANDEIRA,13512.17,PENDENTE,2023-10-19,COM DATA
3397,90,PIX,11,SEM BANDEIRA,14809.64,ESTORNADO,,SEM DATA
3398,7718,BOLETO,0,SEM BANDEIRA,11717.11,PAGO,2025-02-11,COM DATA
3399,5563,CARTÃO,11,ELO,1615.34,ESTORNADO,2024-04-29,COM DATA
3400,8535,DINHEIRO,0,SEM BANDEIRA,5685.54,PAGO,2022-01-07,COM DATA
3401,2555,PIX,12,SEM BANDEIRA,12358.09,PENDENTE,2025-01-20,COM DATA
3404,5645,CARTÃO,4,MASTERCARD,14916.76,PAGO,2023-03-21,COM DATA
3405,3156,BOLETO,0,SEM BANDEIRA,12170.15,ESTORNADO,2025-03-30,COM DATA
3408,3281,BOLETO,4,SEM BANDEIRA,7093.21,ESTORNADO,2023-03-16,COM DATA
3409,4389,PIX,8,SEM BANDEIRA,11598.83,PENDENTE,2022-07-24,COM DATA
3410,3868,PIX,3,SEM BANDEIRA,13105.71,PENDENTE,2024-11-09,COM DATA
3414,6012,CARTÃO,0,MASTERCARD,10871.41,PAGO,2024-08-01,COM DATA
3416,8995,CARTÃO,9,VISA,14024.03,pago,2023-10-22,COM DATA
3421,3037,CARTÃO,12,SEM BANDEIRA,612.94,ESTORNADO,2024-04-07,COM DATA
3424,3253,DINHEIRO,12,SEM BANDEIRA,3891.62,PENDENTE,2022-12-26,COM DATA
3425,1214,BOLETO,6,SEM BANDEIRA,14288.16,ESTORNADO,2025-02-03,COM DATA
3426,5764,CANCELADO,1,SEM BANDEIRA,2328.88,pago,2025-03-30,COM DATA
3428,4672,BOLETO,12,SEM BANDEIRA,2951.11,PENDENTE,2023-04-24,COM DATA
3429,293,CARTAO,11,SEM BANDEIRA,2444.76,PENDENTE,2022-01-10,COM DATA
3431,2797,BOLETO,9,SEM BANDEIRA,11361.63,ESTORNADO,2024-11-27,COM DATA
3432,9444,BOLETO,2,SEM BANDEIRA,4862.57,PENDENTE,2023-08-01,COM DATA
3433,5049,DINHEIRO,7,SEM BANDEIRA,10350.56,PAGO,2025-03-26,COM DATA
3434,8214,BOLETO,3,SEM BANDEIRA,7019.68,PENDENTE,2024-06-21,COM DATA
3437,8576,PIX,0,AMERICAN EXPRESS,1776.0,Pago,2025-02-21,COM DATA
3438,5134,DINHEIRO,10,SEM BANDEIRA,6554.17,PAGO ,2024-09-05,COM DATA
3439,8339,PIX,12,SEM BANDEIRA,7480.82,ESTORNADO,2023-09-27,COM DATA
3442,9539,DINHEIRO,6,SEM BANDEIRA,13114.49,PAGO,2022-04-05,COM DATA
3443,9128,BOLETO,5,SEM BANDEIRA,48.86,PAGO,2022-08-11,COM DATA
3444,4806,DINHEIRO,10,SEM BANDEIRA,7367.205,PENDENTE,2022-02-13,COM DATA
3446,5137,CARTÃO,1,MASTERCARD,9152.09,PAGO,2023-03-21,COM DATA
3448,9571,BOLETO,9,SEM BANDEIRA,14065.5,PAGO,2025-04-10,COM DATA
3449,1329,PIX,9,SEM BANDEIRA,10614.02,ESTORNADO,2023-01-01,COM DATA
3450,4260,BOLETO,0,SEM BANDEIRA,5370.61,PENDENTE,2024-10-05,COM DATA
3451,4166,CARTÃO,3,SEM BANDEIRA,9871.27,ESTORNADO,2024-06-15,COM DATA
3453,5955,BOLETO,10,SEM BANDEIRA,7791.77,PENDENTE,2022-03-18,COM DATA
3454,8752,BOLETO,11,SEM BANDEIRA,859.16,PENDENTE,2022-03-31,COM DATA
3455,6567,CARTÃO,5,AMERICAN EXPRESS,8123.61,ESTORNADO,2024-07-03,COM DATA
3457,7427,BOLETO,5,SEM BANDEIRA,3921.12,ESTORNADO,2022-04-18,COM DATA
3459,300,CARTÃO,-5,MASTERCARD,9388.27,PAGO,2022-11-06,COM DATA
3460,9359,BOLETO,12,SEM BANDEIRA,452.0,PENDENTE,2025-04-09,COM DATA
3461,7881,PIX,10,SEM BANDEIRA,8864.74,ESTORNADO,2022-03-05,COM DATA
3462,7027,DINHEIRO,9,SEM BANDEIRA,6232.84,PAGO,2024-08-15,COM DATA
3466,5987,DINHEIRO,3,SEM BANDEIRA,0.0,PENDENTE,2024-06-20,COM DATA
3468,8152,DINHEIRO,0,SEM BANDEIRA,7367.205,PAGO,2024-08-22,COM DATA
3469,1916,CARTÃO,12,SEM BANDEIRA,6141.14,PENDENTE,2022-07-01,COM DATA
3470,3783,CARTÃO,3,SEM BANDEIRA,7131.61,PENDENTE,2024-06-27,COM DATA
3471,8099,CARTÃO,5,SEM BANDEIRA,4254.7,Pagoo,2023-06-19,COM DATA
3472,95,DINHEIRO,2,SEM BANDEIRA,3296.12,PENDENTE,2022-03-02,COM DATA
3476,8862,CARTÃO,0,MASTERCARD,11433.56,PAGO,2022-07-19,COM DATA
3479,6115,DINHEIRO,9,SEM BANDEIRA,4364.65,Pago,2025-01-28,COM DATA
3481,3026,DINHEIRO,3,SEM BANDEIRA,7367.205,PENDENTE,2024-06-20,COM DATA
3482,6147,DINHEIRO,11,SEM BANDEIRA,7284.48,Pagoo,,SEM DATA
3483,631,DINHEIRO,4,SEM BANDEIRA,7011.84,Pagoo,2023-09-14,COM DATA
3484,2987,PIX,10,SEM BANDEIRA,5443.76,Estornado,2023-04-04,COM DATA
3486,8853,PIX,6,SEM BANDEIRA,8092.5,PENDENTE,2022-06-14,COM DATA
3487,6916,PIX,-5,SEM BANDEIRA,8125.95,PENDENTE,2022-04-13,COM DATA
3492,6570,PIX,9,SEM BANDEIRA,7367.205,PENDENTE,2023-07-23,COM DATA
3493,6703,PIX,7,SEM BANDEIRA,14632.25,PENDENTE,2023-04-06,COM DATA
3495,5274,PIX,0,SEM BANDEIRA,7509.95,Pago,2024-04-18,COM DATA
3496,7644,PIX,9,SEM BANDEIRA,10768.58,PENDENTE,2024-04-27,COM DATA
3500,3313,PIX,3,SEM BANDEIRA,14407.37,PAGO,2022-03-03,COM DATA
3501,3626,DINHEIRO,6,SEM BANDEIRA,1586.72,PAGO,2024-07-18,COM DATA
3502,3157,CARTÃO,8,MASTERCARD,7946.98,PAGO,,SEM DATA
3504,7996,PIX,0,SEM BANDEIRA,11878.22,ESTORNADO,2022-03-18,COM DATA
3505,3356,DINHEIRO,-5,SEM BANDEIRA,7367.205,Pago,2025-01-13,COM DATA
3506,7726,BOLETO,3,SEM BANDEIRA,1231.3,PAGO,2022-10-19,COM DATA
3508,540,DINHEIRO,1,SEM BANDEIRA,12501.44,PENDENTE,2025-03-25,COM DATA
3510,3495,CARTÃO,8,MASTERCARD,12642.03,PENDENTE,2023-03-03,COM DATA
3513,588,CANCELADO,1,SEM BANDEIRA,8767.0,CANCELADO,2023-08-21,COM DATA
3514,6428,BOLETO,6,SEM BANDEIRA,7830.84,PENDENTE,2023-08-24,COM DATA
3516,6315,PIX,0,SEM BANDEIRA,14414.49,PENDENTE,2023-04-01,COM DATA
3520,5255,PIX,5,SEM BANDEIRA,10046.69,ESTORNADO,2024-07-31,COM DATA
3521,5192,DINHEIRO,2,SEM BANDEIRA,7367.205,ESTORNADO,2024-02-20,COM DATA
3524,5468,BOLETO,7,SEM BANDEIRA,13147.26,PAGO,2022-12-21,COM DATA
3525,1727,PIX,12,SEM BANDEIRA,7367.205,PAGO,2023-09-05,COM DATA
3526,9236,PIX,6,SEM BANDEIRA,6157.49,Pago,2023-03-06,COM DATA
3527,1093,PIX,9,SEM BANDEIRA,7367.205,ESTORNADO,2023-08-28,COM DATA
3529,4560,PIX,8,SEM BANDEIRA,13478.28,PENDENTE,2025-01-27,COM DATA
3531,8488,BOLETO,6,SEM BANDEIRA,8044.65,Pago,2024-09-20,COM DATA
3532,2898,DINHEIRO,10,SEM BANDEIRA,2895.38,ESTORNADO,,SEM DATA
3535,5448,CARTÃO,6,HIPERCARD,413.46,PAGO,2024-09-03,COM DATA
3536,5563,DINHEIRO,0,SEM BANDEIRA,10689.4,ESTORNADO,,SEM DATA
3537,3520,BOLETO,3,SEM BANDEIRA,14484.23,PAGO,2022-03-09,COM DATA
3538,2053,PIX,6,SEM BANDEIRA,9956.44,PENDENTE,2023-09-15,COM DATA
3540,8055,BOLETO,10,SEM BANDEIRA,4687.96,PAGO,2023-01-14,COM DATA
3541,569,PIX,2,SEM BANDEIRA,5100.75,PAGO ,2022-05-25,COM DATA
3543,3697,BOLETO,2,SEM BANDEIRA,3020.56,PAGO,2023-11-17,COM DATA
3546,1654,BOLETO,11,SEM BANDEIRA,8939.26,PENDENTE,2024-03-11,COM DATA
3547,8433,DINHEIRO,8,SEM BANDEIRA,10353.61,PENDENTE,2024-04-07,COM DATA
3549,9112,PIX,5,SEM BANDEIRA,14286.33,PAGO,2023-10-15,COM DATA
3550,1989,PIX,8,SEM BANDEIRA,7367.205,PENDENTE,2024-10-23,COM DATA
3553,5488,PIX,9,SEM BANDEIRA,1088.01,ESTORNADO,2022-02-07,COM DATA
3559,7382,BOLETO,4,SEM BANDEIRA,7367.205,PAGO,2024-03-24,COM DATA
3560,6081,DINHEIRO,11,SEM BANDEIRA,11911.36,PENDENTE,,SEM DATA
3561,9009,DINHEIRO,6,SEM BANDEIRA,8081.53,Pendente,2024-06-08,COM DATA
3564,3292,BOLETO,8,SEM BANDEIRA,12506.04,pago,2022-09-23,COM DATA
3565,395,PIX,4,SEM BANDEIRA,7367.205,PAGO,2023-08-31,COM DATA
3566,1283,PIX,4,SEM BANDEIRA,9067.67,ESTORNADO,2023-04-05,COM DATA
3567,8992,PIX,12,SEM BANDEIRA,308.71,ESTORNADO,,SEM DATA
3569,9987,BOLETO,11,SEM BANDEIRA,13473.76,ESTORNADO,2024-12-06,COM DATA
3572,4917,PIX,8,SEM BANDEIRA,7527.52,ESTORNADO,2024-02-06,COM DATA
3574,4929,CARTÃO,6,SEM BANDEIRA,710.07,ESTORNADO,2025-01-27,COM DATA
3577,6340,BOLETO,2,SEM BANDEIRA,1754.76,PENDENTE,2023-09-27,COM DATA
3578,6825,PIX,6,SEM BANDEIRA,4129.04,ESTORNADO,2023-06-15,COM DATA
3579,815,BOLETO,8,SEM BANDEIRA,3176.07,PAGO,2023-08-29,COM DATA
3581,385,DINHEIRO,3,SEM BANDEIRA,7037.34,ESTORNADO,2022-12-09,COM DATA
3582,6442,PIX,5,SEM BANDEIRA,1454.1,PAGO,2025-03-18,COM DATA
3583,5037,BOLETO,11,SEM BANDEIRA,7367.205,ESTORNADO,2022-04-01,COM DATA
3584,5553,BOLETO,9,SEM BANDEIRA,1792.02,ESTORNADO,2023-07-20,COM DATA
3585,9330,BOLETO,4,SEM BANDEIRA,6659.51,PAGO,2023-11-20,COM DATA
3587,6056,PIX,4,SEM BANDEIRA,12879.42,ESTORNADO,2022-08-23,COM DATA
3590,8099,BOLETO,3,SEM BANDEIRA,7367.205,Estornado,2023-02-09,COM DATA
3592,8468,BOLETO,-1,SEM BANDEIRA,13730.89,PENDENTE,2024-12-26,COM DATA
3593,4866,PIX,7,SEM BANDEIRA,10834.79,ESTORNADO,2023-02-12,COM DATA
3594,2470,PIX,0,SEM BANDEIRA,5543.12,PAGO,2023-03-25,COM DATA
3595,4464,PIX,6,SEM BANDEIRA,13564.76,ESTORNADO,2022-01-24,COM DATA
3597,2757,PIX,7,SEM BANDEIRA,0.0,PENDENTE,2023-11-21,COM DATA
3598,345,CARTÃO,4,SEM BANDEIRA,8327.97,ESTORNADO,2025-01-01,COM DATA
3599,473,DINHEIRO,4,SEM BANDEIRA,11872.92,PAGO,2025-01-17,COM DATA
3601,5618,BOLETO,10,SEM BANDEIRA,7367.205,PENDENTE,2023-10-30,COM DATA
3602,1523,BOLETO,4,SEM BANDEIRA,9897.75,ESTORNADO,2022-07-06,COM DATA
3603,1082,PIX,3,HIPERCARD,4456.91,PAGO,,SEM DATA
3605,9250,CARTÃO,3,MASTERCARD,11277.8,ESTORNADO,2024-11-15,COM DATA
3606,2958,DINHEIRO,5,SEM BANDEIRA,7367.205,PENDENTE,2023-01-25,COM DATA
3608,340,BOLETO,0,SEM BANDEIRA,11576.8,ESTORNADO,2023-08-20,COM DATA
3609,6485,DINHEIRO,8,SEM BANDEIRA,3433.18,PAGO,2023-03-10,COM DATA
3610,9587,CARTÃO,5,SEM BANDEIRA,13648.54,ESTORNADO,2023-11-20,COM DATA
3611,2685,PIX,12,SEM BANDEIRA,4883.41,PAGO,,SEM DATA
3615,9103,PIX,8,SEM BANDEIRA,7511.73,PAGO,2022-10-18,COM DATA
3617,33,PIX,10,SEM BANDEIRA,4426.52,ESTORNADO,2022-07-23,COM DATA
3621,8799,PIX,2,SEM BANDEIRA,13753.04,PAGO,2022-10-24,COM DATA
3622,2942,BOLETO,5,SEM BANDEIRA,12617.46,PENDENTE,2024-04-06,COM DATA
3624,9811,PIX,8,SEM BANDEIRA,6090.21,PENDENTE,,SEM DATA
3626,1815,PIX,12,SEM BANDEIRA,6452.63,Pago,2024-02-24,COM DATA
3630,2896,DINHEIRO,3,SEM BANDEIRA,7678.3,ESTORNADO,2023-02-07,COM DATA
3631,6642,PIX,5,SEM BANDEIRA,7367.205,PAGO,2025-01-25,COM DATA
3633,6308,DINHEIRO,9,SEM BANDEIRA,4725.44,PAGO,2025-01-13,COM DATA
3635,8088,CARTÃO,4,VISA,14146.43,PAGO,2023-10-02,COM DATA
3636,2019,CARTAO,5,SEM BANDEIRA,11489.32,PAGO,2023-01-25,COM DATA
3637,4253,DINHEIRO,-5,SEM BANDEIRA,1023.16,PAGO,2022-12-13,COM DATA
3639,6530,PIX,-5,SEM BANDEIRA,4122.68,PAGO,2023-03-07,COM DATA
3640,6407,DINHEIRO,0,SEM BANDEIRA,3955.41,PAGO,2025-03-31,COM DATA
3641,8264,CARTÃO,1,VISA,8865.14,PAGO,2024-04-18,COM DATA
3644,5925,DINHEIRO,12,SEM BANDEIRA,1451.86,ESTORNADO,2022-03-14,COM DATA
3646,8789,PIX,1,SEM BANDEIRA,4065.0,PAGO,2023-10-25,COM DATA
3647,8860,PIX,10,SEM BANDEIRA,7723.72,ESTORNADO,2025-01-20,COM DATA
3648,4990,BOLETO,1,SEM BANDEIRA,5946.19,PAGO,2025-03-04,COM DATA
3650,5664,CARTÃO,10,ELO,7407.9,PAGO,2022-10-21,COM DATA
3651,4073,CARTÃO,12,AMERICAN EXPRESS,5375.19,ESTORNADO,2022-10-08,COM DATA
3652,1837,PIX,12,SEM BANDEIRA,12605.32,Estornado,2022-05-25,COM DATA
3653,8750,PIX,1,SEM BANDEIRA,7431.46,PAGO,2023-09-14,COM DATA
3655,5611,PIX,12,SEM BANDEIRA,0.0,PAGO,2024-06-09,COM DATA
3656,6961,DINHEIRO,8,SEM BANDEIRA,6590.69,PENDENTE,2022-03-13,COM DATA
3659,5470,PIX,9,SEM BANDEIRA,12148.08,ESTORNADO,2024-07-06,COM DATA
3660,8039,CARTÃO,3,ELO,3751.89,PAGO,,SEM DATA
3663,956,BOLETO,3,SEM BANDEIRA,4009.89,PENDENTE,2022-02-25,COM DATA
3665,9884,CARTÃO,8,MASTERCARD,7096.63,PENDENTE,2024-10-03,COM DATA
3666,1737,CARTÃO,12,VISA,7579.92,PENDENTE,,SEM DATA
3667,610,DINHEIRO,12,SEM BANDEIRA,8280.38,Pagoo,2024-12-03,COM DATA
3668,8247,PIX,9,SEM BANDEIRA,1094.42,PENDENTE,2024-05-08,COM DATA
3669,1140,CARTÃO,0,ELO,5057.57,PAGO,2024-05-10,COM DATA
3670,6150,CARTÃO,1,SEM BANDEIRA,7367.205,PAGO,2025-01-11,COM DATA
3671,6343,CANCELADO,4,ELO,4929.9,PAGO,2023-12-27,COM DATA
3672,5962,BOLETO,5,SEM BANDEIRA,12258.5,PAGO,,SEM DATA
3675,8289,DINHEIRO,6,SEM BANDEIRA,13331.08,ESTORNADO,2023-01-21,COM DATA
3677,2322,DINHEIRO,8,SEM BANDEIRA,7367.205,PENDENTE,2022-01-07,COM DATA
3678,6274,BOLETO,11,SEM BANDEIRA,881.89,CANCELADO,2022-07-16,COM DATA
3679,4658,DINHEIRO,4,SEM BANDEIRA,275.38,PENDENTE,2024-05-25,COM DATA
3680,9580,BOLETO,7,SEM BANDEIRA,12601.69,PAGO,2025-02-06,COM DATA
3681,4848,BOLETO,4,SEM BANDEIRA,10335.27,PAGO,2024-07-19,COM DATA
3682,1076,BOLETO,11,SEM BANDEIRA,6373.58,PENDENTE,2022-11-27,COM DATA
3683,6598,CARTÃO,10,SEM BANDEIRA,13428.28,PENDENTE,2024-02-25,COM DATA
3684,6694,BOLETO,0,SEM BANDEIRA,1658.33,PAGO,2023-12-06,COM DATA
3687,9529,PIX,3,SEM BANDEIRA,13315.9,PAGO,2023-09-10,COM DATA
3688,7679,PIX,2,SEM BANDEIRA,2382.06,ESTORNADO,2022-02-25,COM DATA
3690,5499,PIX,3,SEM BANDEIRA,2289.67,PAGO,2022-08-25,COM DATA
3691,2221,PIX,0,SEM BANDEIRA,7623.85,PAGO,,SEM DATA
3692,6845,DINHEIRO,11,SEM BANDEIRA,11872.32,ESTORNADO,2023-12-04,COM DATA
3693,6509,BOLETO,10,SEM BANDEIRA,9145.97,PAGO,2022-11-10,COM DATA
3695,4828,PIX,0,SEM BANDEIRA,4006.19,PAGO,2022-08-20,COM DATA
3697,9622,DINHEIRO,7,SEM BANDEIRA,1249.99,CANCELADO,2022-03-11,COM DATA
3700,8050,CARTÃO,-1,AMERICAN EXPRESS,4133.69,PAGO,2023-12-26,COM DATA
3701,9519,CARTÃO,3,MASTERCARD,2735.98,ESTORNADO,2023-12-09,COM DATA
3702,2897,CARTÃO,3,HIPERCARD,809.16,pago,2023-11-23,COM DATA
3703,1947,BOLETO,4,SEM BANDEIRA,2664.38,PAGO,2022-03-20,COM DATA
3704,1866,DINHEIRO,9,SEM BANDEIRA,51.48,PENDENTE,2024-01-04,COM DATA
3705,3659,CARTAO,0,SEM BANDEIRA,8539.3,PENDENTE,2023-06-21,COM DATA
3706,9439,PIX,0,SEM BANDEIRA,10932.92,PAGO,,SEM DATA
3707,4792,PIX,-1,SEM BANDEIRA,11790.78,Pendente,2023-04-09,COM DATA
3709,7581,CARTÃO,0,MASTERCARD,8123.64,PENDENTE,2022-02-16,COM DATA
3710,113,PIX,12,SEM BANDEIRA,14078.64,ESTORNADO,2022-11-02,COM DATA
3711,9618,PIX,4,SEM BANDEIRA,13732.12,PENDENTE,2022-09-06,COM DATA
3712,5876,BOLETO,5,SEM BANDEIRA,14182.88,ESTORNADO,2022-01-20,COM DATA
3715,7125,CARTÃO,6,HIPERCARD,7367.205,PENDENTE,2024-09-10,COM DATA
3716,4669,DINHEIRO,10,SEM BANDEIRA,11528.32,PAGO,2022-08-24,COM DATA
3717,310,DINHEIRO,1,SEM BANDEIRA,9492.14,PENDENTE,2022-05-14,COM DATA
3719,7989,CARTÃO,12,HIPERCARD,8708.89,ESTORNADO,2024-01-10,COM DATA
3721,9038,CARTÃO,11,HIPERCARD,13932.66,PENDENTE,2023-07-14,COM DATA
3722,1821,DINHEIRO,12,SEM BANDEIRA,9375.83,PENDENTE,2023-06-30,COM DATA
3723,9795,DINHEIRO,5,SEM BANDEIRA,11122.84,ESTORNADO,2024-11-21,COM DATA
3726,7065,PIX,1,SEM BANDEIRA,7367.205,Estornado,2023-04-28,COM DATA
3727,8399,BOLETO,10,SEM BANDEIRA,6910.5,PENDENTE,2024-05-15,COM DATA
3729,1216,PIX,3,SEM BANDEIRA,6811.56,ESTORNADO,2024-02-12,COM DATA
3730,3555,PIX,10,SEM BANDEIRA,3848.66,ESTORNADO,2023-10-28,COM DATA
3733,7998,PIX,9,SEM BANDEIRA,7367.205,ESTORNADO,2023-04-28,COM DATA
3734,7780,CARTÃO,8,ELO,10563.92,PAGO,2023-09-08,COM DATA
3735,6629,DINHEIRO,1,SEM BANDEIRA,864.76,PENDENTE,2023-04-09,COM DATA
3736,1609,BOLETO,0,SEM BANDEIRA,4477.12,ESTORNADO,2023-05-28,COM DATA
3738,744,PIX,0,SEM BANDEIRA,4931.29,PAGO,2022-10-30,COM DATA
3739,7521,CARTÃO,3,MASTERCARD,651.07,PENDENTE,2024-01-07,COM DATA
3741,9468,DINHEIRO,9,SEM BANDEIRA,13650.25,ESTORNADO,2023-10-25,COM DATA
3744,8141,BOLETO,12,SEM BANDEIRA,7296.98,Pagoo,2023-07-11,COM DATA
3746,5126,PIX,6,SEM BANDEIRA,1484.6,ESTORNADO,2022-12-30,COM DATA
3747,9659,BOLETO,1,SEM BANDEIRA,7367.205,PAGO,2022-03-26,COM DATA
3749,6125,BOLETO,8,SEM BANDEIRA,6755.38,PAGO,,SEM DATA
3750,1220,PIX,9,SEM BANDEIRA,1882.91,ESTORNADO,2024-10-19,COM DATA
3751,9160,PIX,10,SEM BANDEIRA,10375.86,ESTORNADO,2023-02-06,COM DATA
3753,9764,CARTÃO,5,AMERICAN EXPRESS,5661.51,ESTORNADO,2022-12-31,COM DATA
3754,8475,PIX,2,SEM BANDEIRA,12290.99,PENDENTE,,SEM DATA
3755,2224,DINHEIRO,11,SEM BANDEIRA,8048.18,PENDENTE,2022-07-08,COM DATA
3756,7643,DINHEIRO,2,SEM BANDEIRA,4526.98,PENDENTE,,SEM DATA
3757,875,CARTÃO,11,AMERICAN EXPRESS,13007.25,PENDENTE,2023-06-29,COM DATA
3758,2459,DINHEIRO,-5,SEM BANDEIRA,11174.14,PAGO,2023-03-03,COM DATA
3759,4217,BOLETO,5,VISA,7367.205,ESTORNADO,2022-09-29,COM DATA
3761,1532,DINHEIRO,12,SEM BANDEIRA,2647.72,PENDENTE,2024-08-26,COM DATA
3763,6289,CARTÃO,12,SEM BANDEIRA,7976.02,PAGO,2023-03-09,COM DATA
3764,754,DINHEIRO,1,SEM BANDEIRA,3342.46,ESTORNADO,2023-04-19,COM DATA
3765,5011,DINHEIRO,4,SEM BANDEIRA,7367.205,PENDENTE,2024-02-02,COM DATA
3766,2711,PIX,0,SEM BANDEIRA,7976.47,PENDENTE,2025-02-05,COM DATA
3767,3805,CARTÃO,4,VISA,14082.38,PAGO,2022-02-09,COM DATA
3769,3651,DINHEIRO,6,SEM BANDEIRA,6584.7,PENDENTE,,SEM DATA
3770,5550,BOLETO,9,SEM BANDEIRA,6844.26,PENDENTE,2023-11-19,COM DATA
3771,1524,DINHEIRO,3,SEM BANDEIRA,11751.37,PENDENTE,2022-11-24,COM DATA
3772,2844,CARTÃO,10,ELO,14442.61,ESTORNADO,2022-07-21,COM DATA
3778,8767,DINHEIRO,4,SEM BANDEIRA,4092.1,PAGO,2025-03-16,COM DATA
3779,398,CARTÃO,4,SEM BANDEIRA,1426.02,PAGO,2022-07-14,COM DATA
3782,2468,BOLETO,10,SEM BANDEIRA,7367.205,ESTORNADO,2024-06-18,COM DATA
3783,659,DINHEIRO,7,SEM BANDEIRA,7367.205,PENDENTE,2022-05-05,COM DATA
3785,1382,PIX,7,SEM BANDEIRA,7367.205,PAGO,2025-02-14,COM DATA
3786,3500,DINHEIRO,10,SEM BANDEIRA,7367.205,PENDENTE,2023-07-02,COM DATA
3787,1430,PIX,3,SEM BANDEIRA,7367.205,PAGO,2023-11-29,COM DATA
3789,8868,CARTÃO,1,ELO,13987.86,ESTORNADO,2024-03-23,COM DATA
3791,137,BOLETO,7,SEM BANDEIRA,4194.32,PENDENTE,2023-09-04,COM DATA
3795,8702,DINHEIRO,5,SEM BANDEIRA,2238.1,ESTORNADO,2024-10-04,COM DATA
3799,9321,CARTÃO,3,SEM BANDEIRA,12468.76,PENDENTE,2025-03-16,COM DATA
3801,2285,PIX,7,SEM BANDEIRA,3126.08,PENDENTE,2023-07-29,COM DATA
3802,6916,DINHEIRO,7,SEM BANDEIRA,5963.47,PENDENTE,2023-07-25,COM DATA
3804,6539,PIX,1,SEM BANDEIRA,264.51,ESTORNADO,,SEM DATA
3807,9956,BOLETO,3,SEM BANDEIRA,0.0,PAGO,2022-07-18,COM DATA
3809,755,PIX,9,SEM BANDEIRA,1312.18,ESTORNADO,2023-08-11,COM DATA
3812,7560,CARTÃO,2,MASTERCARD,0.0,PAGO,2024-03-06,COM DATA
3814,154,BOLETO,12,SEM BANDEIRA,14781.17,PENDENTE,2023-02-18,COM DATA
3816,8771,CARTÃO,6,AMERICAN EXPRESS,14379.85,PENDENTE,2023-11-29,COM DATA
3817,7971,PIX,6,SEM BANDEIRA,87.89,PAGO,2023-05-24,COM DATA
3819,4708,CARTÃO,12,MASTERCARD,5391.63,ESTORNADO,2024-12-26,COM DATA
3822,3653,DINHEIRO,1,SEM BANDEIRA,5892.51,PAGO,2024-08-22,COM DATA
3823,4202,BOLETO,7,SEM BANDEIRA,10755.03,ESTORNADO,2023-01-10,COM DATA
3824,9784,BOLETO,9,SEM BANDEIRA,1727.14,ESTORNADO,2025-03-05,COM DATA
3825,5696,PIX,11,SEM BANDEIRA,1842.28,ESTORNADO,2023-08-04,COM DATA
3827,8457,BOLETO,12,SEM BANDEIRA,3950.34,PAGO ,2025-01-16,COM DATA
3829,2034,CARTÃO,8,VISA,373.51,PENDENTE,2022-08-16,COM DATA
3830,2250,PIX,4,SEM BANDEIRA,14677.31,PENDENTE,2024-06-04,COM DATA
3831,4325,BOLETO,3,SEM BANDEIRA,3984.23,PENDENTE,2024-11-16,COM DATA
3836,6168,PIX,8,VISA,4254.32,PENDENTE,2024-11-13,COM DATA
3837,1910,DINHEIRO,0,SEM BANDEIRA,14025.58,PENDENTE,2024-03-10,COM DATA
3839,7812,PIX,10,SEM BANDEIRA,7367.205,ESTORNADO,2024-08-26,COM DATA
3840,1177,CARTÃO,11,HIPERCARD,4818.88,PENDENTE,2024-06-18,COM DATA
3841,3023,CANCELADO,2,SEM BANDEIRA,5441.36,PAGO,2023-10-25,COM DATA
3842,2022,BOLETO,3,SEM BANDEIRA,2220.32,PAGO,2023-03-21,COM DATA
3844,4514,CANCELADO,-1,SEM BANDEIRA,11184.99,ESTORNADO,2022-07-27,COM DATA
3845,2400,BOLETO,7,SEM BANDEIRA,7367.205,CANCELADO,2025-01-29,COM DATA
3846,6303,BOLETO,9,SEM BANDEIRA,10440.58,PENDENTE,2022-02-25,COM DATA
3847,6706,BOLETO,6,SEM BANDEIRA,11336.02,ESTORNADO,2025-03-03,COM DATA
3848,4000,CARTAO,5,SEM BANDEIRA,12284.37,ESTORNADO,2022-05-07,COM DATA
3851,721,BOLETO,8,SEM BANDEIRA,68.96,ESTORNADO,2024-08-20,COM DATA
3852,1054,BOLETO,2,SEM BANDEIRA,14373.33,PAGO,2022-05-26,COM DATA
3854,7502,DINHEIRO,3,SEM BANDEIRA,2418.33,ESTORNADO,2023-12-29,COM DATA
3855,9152,PIX,12,SEM BANDEIRA,692.67,Estornado,2024-08-23,COM DATA
3856,1449,PIX,1,SEM BANDEIRA,11899.68,PENDENTE,2023-12-12,COM DATA
3857,4844,BOLETO,1,SEM BANDEIRA,9971.44,PENDENTE,2024-12-04,COM DATA
3860,6261,PIX,8,SEM BANDEIRA,11776.25,PAGO,2024-04-05,COM DATA
3862,4772,BOLETO,7,SEM BANDEIRA,12361.87,ESTORNADO,2022-06-07,COM DATA
3866,6467,PIX,6,SEM BANDEIRA,13084.51,pago,,SEM DATA
3867,8226,PIX,8,SEM BANDEIRA,12155.95,PENDENTE,2024-02-16,COM DATA
3868,6942,DINHEIRO,8,SEM BANDEIRA,7367.205,Estornado,2025-02-11,COM DATA
3871,5161,BOLETO,0,SEM BANDEIRA,1191.88,PAGO,2022-03-14,COM DATA
3872,3962,DINHEIRO,3,SEM BANDEIRA,14677.17,ESTORNADO,2022-06-14,COM DATA
3873,8187,DINHEIRO,0,SEM BANDEIRA,7367.205,PAGO,2022-07-07,COM DATA
3875,933,PIX,-1,MASTERCARD,4526.18,ESTORNADO,2024-12-12,COM DATA
3877,2617,DINHEIRO,10,SEM BANDEIRA,11740.35,ESTORNADO,2023-08-31,COM DATA
3878,355,BOLETO,6,SEM BANDEIRA,2085.73,PENDENTE,2023-01-31,COM DATA
3879,383,BOLETO,12,SEM BANDEIRA,4803.72,PAGO,2022-05-26,COM DATA
3880,3852,DINHEIRO,12,SEM BANDEIRA,7367.205,PENDENTE,2023-04-11,COM DATA
3881,2030,CARTÃO,8,SEM BANDEIRA,2112.4,pago,2024-01-29,COM DATA
3882,2883,CANCELADO,2,VISA,12207.79,Pagoo,2022-04-06,COM DATA
3885,6050,PIX,6,SEM BANDEIRA,14680.58,ESTORNADO,2023-08-05,COM DATA
3887,9451,PIX,8,SEM BANDEIRA,13610.29,PENDENTE,2025-01-12,COM DATA
3888,3394,DINHEIRO,4,SEM BANDEIRA,9718.75,ESTORNADO,2023-05-20,COM DATA
3890,1175,DINHEIRO,6,SEM BANDEIRA,14707.26,ESTORNADO,2022-05-01,COM DATA
3893,1087,PIX,8,SEM BANDEIRA,4277.63,PENDENTE,2024-11-04,COM DATA
3894,7806,CARTÃO,11,HIPERCARD,7367.205,PAGO,2023-09-02,COM DATA
3895,9284,DINHEIRO,1,SEM BANDEIRA,4820.68,PENDENTE,2023-04-11,COM DATA
3896,7700,CARTÃO,11,AMERICAN EXPRESS,7367.205,PENDENTE,2022-09-12,COM DATA
3897,797,PIX,6,SEM BANDEIRA,11184.84,PENDENTE,2023-11-21,COM DATA
3899,4972,PIX,2,SEM BANDEIRA,11711.35,ESTORNADO,2022-09-16,COM DATA
3900,5830,PIX,4,SEM BANDEIRA,11256.08,ESTORNADO,2024-06-04,COM DATA
3907,526,DINHEIRO,10,SEM BANDEIRA,7795.34,PAGO,2023-04-26,COM DATA
3911,1542,BOLETO,0,SEM BANDEIRA,12764.87,PENDENTE,2022-11-18,COM DATA
3912,4855,PIX,12,SEM BANDEIRA,11915.39,PENDENTE,,SEM DATA
3915,121,PIX,12,SEM BANDEIRA,7367.205,ESTORNADO,,SEM DATA
3916,5207,BOLETO,1,SEM BANDEIRA,4205.42,ESTORNADO,2022-10-07,COM DATA
3920,4044,BOLETO,2,SEM BANDEIRA,10681.21,ESTORNADO,2022-02-14,COM DATA
3924,2333,CANCELADO,10,SEM BANDEIRA,4674.43,PENDENTE,2025-04-09,COM DATA
3925,713,DINHEIRO,11,SEM BANDEIRA,2980.55,PENDENTE,2022-10-07,COM DATA
3927,2130,CARTÃO,6,AMERICAN EXPRESS,11963.62,PENDENTE,,SEM DATA
3928,584,BOLETO,11,SEM BANDEIRA,11140.4,PENDENTE,2023-07-09,COM DATA
3930,2503,PIX,11,SEM BANDEIRA,7367.205,PENDENTE,2022-06-11,COM DATA
3931,7714,BOLETO,12,SEM BANDEIRA,3670.56,ESTORNADO,2025-02-27,COM DATA
3932,2296,PIX,10,SEM BANDEIRA,5593.01,Pago,2023-08-07,COM DATA
3936,7112,DINHEIRO,6,SEM BANDEIRA,7367.205,PENDENTE,,SEM DATA
3938,5574,CARTÃO,12,SEM BANDEIRA,7576.49,ESTORNADO,2024-05-17,COM DATA
3939,5964,PIX,11,SEM BANDEIRA,5911.4,PENDENTE,2025-03-14,COM DATA
3941,6809,CARTÃO,12,AMERICAN EXPRESS,0.0,PENDENTE,2022-04-19,COM DATA
3942,8811,DINHEIRO,8,SEM BANDEIRA,7367.205,ESTORNADO,2024-01-13,COM DATA
3943,8850,PIX,11,SEM BANDEIRA,10173.89,PAGO,2024-03-12,COM DATA
3948,1432,DINHEIRO,7,SEM BANDEIRA,7367.205,ESTORNADO,2022-05-26,COM DATA
3951,221,PIX,6,SEM BANDEIRA,7928.21,PAGO,2022-07-20,COM DATA
3952,59,DINHEIRO,4,SEM BANDEIRA,4931.62,ESTORNADO,2022-02-10,COM DATA
3955,7171,CARTÃO,11,AMERICAN EXPRESS,951.51,PAGO,2023-08-28,COM DATA
3956,6584,DINHEIRO,4,SEM BANDEIRA,6529.68,PAGO,2024-08-01,COM DATA
3957,3255,BOLETO,7,SEM BANDEIRA,8272.7,PAGO,2023-05-12,COM DATA
3960,6063,DINHEIRO,0,SEM BANDEIRA,7367.205,PENDENTE,2025-03-28,COM DATA
3962,5943,DINHEIRO,4,SEM BANDEIRA,3703.35,PAGO,2022-02-14,COM DATA
3963,6539,DINHEIRO,3,SEM BANDEIRA,7367.205,PENDENTE,2023-07-11,COM DATA
3964,719,DINHEIRO,3,SEM BANDEIRA,7624.14,ESTORNADO,2022-06-07,COM DATA
3968,7855,BOLETO,3,SEM BANDEIRA,1480.2,ESTORNADO,2024-11-12,COM DATA
3969,3808,CARTAO,2,SEM BANDEIRA,7825.13,PENDENTE,2025-02-05,COM DATA
3970,6158,CANCELADO,7,SEM BANDEIRA,11756.79,PAGO,2025-04-12,COM DATA
3971,4913,CARTÃO,11,SEM BANDEIRA,11271.1,ESTORNADO,2024-03-04,COM DATA
3975,6740,CARTÃO,-5,ELO,6185.23,PAGO,2023-11-22,COM DATA
3976,5493,DINHEIRO,9,SEM BANDEIRA,5765.54,PENDENTE,2023-07-22,COM DATA
3982,745,CARTÃO,6,AMERICAN EXPRESS,9932.16,ESTORNADO,2023-10-08,COM DATA
3983,8989,BOLETO,3,SEM BANDEIRA,12711.27,PENDENTE,2024-12-02,COM DATA
3985,2838,DINHEIRO,11,SEM BANDEIRA,4559.48,pago,2023-04-24,COM DATA
3986,9529,PIX,10,SEM BANDEIRA,14318.95,PAGO,,SEM DATA
3988,5780,DINHEIRO,3,SEM BANDEIRA,3801.33,PAGO,2024-01-22,COM DATA
3989,6891,PIX,1,SEM BANDEIRA,13836.48,PENDENTE,2023-12-25,COM DATA
3991,6611,PIX,12,SEM BANDEIRA,957.51,ESTORNADO,2022-09-02,COM DATA
3992,7035,CARTÃO,4,AMERICAN EXPRESS,9038.31,PENDENTE,2022-12-29,COM DATA
3994,8879,DINHEIRO,0,SEM BANDEIRA,13895.15,PENDENTE,2024-05-17,COM DATA
3996,9634,CARTÃO,0,VISA,5828.1,PAGO,2024-10-22,COM DATA
3997,2147,PIX,2,SEM BANDEIRA,8273.69,PAGO,2024-05-27,COM DATA
3998,4619,DINHEIRO,9,SEM BANDEIRA,13779.27,ESTORNADO,2024-10-03,COM DATA
4000,441,BOLETO,0,SEM BANDEIRA,4473.75,PENDENTE,2022-11-20,COM DATA
4001,4905,PIX,5,SEM BANDEIRA,10123.54,PAGO,,SEM DATA
4002,4978,BOLETO,8,SEM BANDEIRA,9107.04,PAGO,2023-02-16,COM DATA
4003,4190,BOLETO,5,SEM BANDEIRA,8549.78,Estornado,2022-11-29,COM DATA
4004,763,PIX,0,SEM BANDEIRA,1464.04,PAGO,2025-03-25,COM DATA
4006,6230,CARTÃO,5,SEM BANDEIRA,5977.46,PAGO,2023-08-07,COM DATA
4007,5368,PIX,0,SEM BANDEIRA,14829.8,PENDENTE,2022-01-22,COM DATA
4008,1236,PIX,11,SEM BANDEIRA,5442.67,PAGO,,SEM DATA
4012,1543,DINHEIRO,0,SEM BANDEIRA,12898.97,PENDENTE,2024-05-10,COM DATA
4013,7998,CARTÃO,10,HIPERCARD,14590.67,PAGO,2022-12-30,COM DATA
4015,7237,DINHEIRO,3,SEM BANDEIRA,7367.205,ESTORNADO,2022-11-01,COM DATA
4016,2268,DINHEIRO,1,SEM BANDEIRA,630.7,ESTORNADO,2025-02-23,COM DATA
4017,1253,CARTÃO,3,SEM BANDEIRA,1327.85,PENDENTE,2022-03-06,COM DATA
4020,2978,DINHEIRO,0,SEM BANDEIRA,12035.24,PAGO,2022-08-09,COM DATA
4021,517,BOLETO,6,SEM BANDEIRA,1680.22,PAGO,2025-02-11,COM DATA
4022,4848,CARTÃO,6,MASTERCARD,13963.11,PAGO,2022-04-25,COM DATA
4023,3762,CARTÃO,12,HIPERCARD,9914.39,Pagoo,2024-02-12,COM DATA
4025,5913,DINHEIRO,0,SEM BANDEIRA,7367.205,pago,2023-02-28,COM DATA
4030,6428,PIX,1,SEM BANDEIRA,1231.78,PAGO,2024-08-02,COM DATA
4032,3064,BOLETO,0,SEM BANDEIRA,8792.86,PENDENTE,2024-01-28,COM DATA
4038,8284,DINHEIRO,10,SEM BANDEIRA,11783.0,PENDENTE,2025-04-08,COM DATA
4040,964,CARTÃO,12,SEM BANDEIRA,11567.83,PENDENTE,2024-08-11,COM DATA
4042,2615,DINHEIRO,5,SEM BANDEIRA,14255.96,ESTORNADO,2023-10-03,COM DATA
4044,8517,CARTÃO,3,SEM BANDEIRA,933.75,PENDENTE,2025-04-13,COM DATA
4045,9982,DINHEIRO,11,SEM BANDEIRA,2063.21,PENDENTE,2022-07-17,COM DATA
4046,365,DINHEIRO,3,SEM BANDEIRA,3930.81,PAGO,2024-07-22,COM DATA
4048,4375,BOLETO,-1,SEM BANDEIRA,6376.1,PENDENTE,2022-06-03,COM DATA
4049,7770,CARTÃO,2,SEM BANDEIRA,10183.18,PAGO,2022-12-12,COM DATA
4052,5990,BOLETO,10,SEM BANDEIRA,7367.205,PENDENTE,2022-08-15,COM DATA
4054,4443,DINHEIRO,2,SEM BANDEIRA,7367.205,PAGO,2024-08-28,COM DATA
4057,6923,CARTAO,9,MASTERCARD,11906.64,Estornado,2025-02-22,COM DATA
4059,1004,PIX,2,SEM BANDEIRA,6825.31,PENDENTE,2022-06-05,COM DATA
4060,5911,CARTÃO,4,HIPERCARD,14388.84,ESTORNADO,2022-09-11,COM DATA
4063,7846,CARTÃO,9,MASTERCARD,12967.18,ESTORNADO,2022-11-04,COM DATA
4064,5412,DINHEIRO,2,SEM BANDEIRA,7493.53,PENDENTE,2022-06-21,COM DATA
4065,8447,PIX,12,SEM BANDEIRA,11161.66,ESTORNADO,2024-10-05,COM DATA
4067,1360,BOLETO,6,SEM BANDEIRA,5167.52,ESTORNADO,2025-02-25,COM DATA
4068,3787,CARTÃO,5,HIPERCARD,8004.16,PAGO,2023-04-20,COM DATA
4069,3210,PIX,2,SEM BANDEIRA,12977.56,PENDENTE,2023-12-22,COM DATA
4073,13,DINHEIRO,1,SEM BANDEIRA,9377.17,PENDENTE,2025-02-22,COM DATA
4075,9316,CARTÃO,3,MASTERCARD,14006.11,PENDENTE,2022-06-17,COM DATA
4076,215,DINHEIRO,6,SEM BANDEIRA,11710.08,PAGO,2023-09-26,COM DATA
4079,3110,PIX,4,SEM BANDEIRA,10418.8,PENDENTE,2022-07-26,COM DATA
4080,134,BOLETO,12,SEM BANDEIRA,4100.44,CANCELADO,2025-02-18,COM DATA
4081,3389,CARTÃO,2,SEM BANDEIRA,1913.58,ESTORNADO,2024-11-20,COM DATA
4085,5057,BOLETO,9,SEM BANDEIRA,3347.68,PENDENTE,2024-08-29,COM DATA
4088,2233,CARTÃO,5,SEM BANDEIRA,14724.86,PAGO,2022-10-17,COM DATA
4089,89,BOLETO,7,SEM BANDEIRA,12340.6,PENDENTE,2022-12-20,COM DATA
4090,8872,BOLETO,4,SEM BANDEIRA,14923.62,ESTORNADO,2022-11-04,COM DATA
4091,6430,DINHEIRO,5,SEM BANDEIRA,11148.15,PENDENTE,2024-10-03,COM DATA
4092,6155,BOLETO,12,SEM BANDEIRA,8794.18,PENDENTE,2022-11-24,COM DATA
4094,8035,DINHEIRO,9,SEM BANDEIRA,3722.47,PAGO ,2023-10-04,COM DATA
4095,8070,PIX,0,SEM BANDEIRA,12151.02,Pendente,2022-03-20,COM DATA
4097,6071,BOLETO,-1,SEM BANDEIRA,7367.205,PENDENTE,2024-07-10,COM DATA
4099,3227,DINHEIRO,1,SEM BANDEIRA,4103.14,ESTORNADO,,SEM DATA
4103,4485,BOLETO,10,SEM BANDEIRA,10650.11,PAGO,2022-10-13,COM DATA
4104,5511,BOLETO,8,SEM BANDEIRA,7367.205,Pagoo,2025-04-07,COM DATA
4105,6238,PIX,7,SEM BANDEIRA,8494.93,PAGO,2023-03-26,COM DATA
4107,1791,BOLETO,7,SEM BANDEIRA,7005.58,ESTORNADO,,SEM DATA
4109,6714,DINHEIRO,6,SEM BANDEIRA,9138.52,PENDENTE,2024-07-01,COM DATA
4111,2306,BOLETO,2,SEM BANDEIRA,6341.28,PAGO,2023-08-22,COM DATA
4112,6301,DINHEIRO,9,SEM BANDEIRA,5170.41,PAGO,2023-11-21,COM DATA
4114,8247,BOLETO,2,SEM BANDEIRA,8760.63,PAGO,2023-09-10,COM DATA
4118,1255,CARTÃO,10,MASTERCARD,9975.3,Pagoo,2024-12-16,COM DATA
4119,4606,CARTÃO,8,AMERICAN EXPRESS,3269.14,PAGO,2025-01-19,COM DATA
4120,9352,CARTÃO,0,HIPERCARD,857.49,Pagoo,2025-03-22,COM DATA
4121,6010,PIX,8,SEM BANDEIRA,7367.205,PAGO,,SEM DATA
4122,7135,DINHEIRO,2,SEM BANDEIRA,6192.42,PENDENTE,2024-05-26,COM DATA
4123,1206,DINHEIRO,10,SEM BANDEIRA,7367.205,PENDENTE,2023-07-17,COM DATA
4125,2571,PIX,8,SEM BANDEIRA,3479.1,ESTORNADO,,SEM DATA
4126,1134,CARTÃO,9,VISA,6285.3,PENDENTE,2024-09-04,COM DATA
4128,9892,PIX,3,SEM BANDEIRA,9377.81,ESTORNADO,2023-10-31,COM DATA
4129,431,DINHEIRO,-5,SEM BANDEIRA,13019.27,PAGO,2024-02-11,COM DATA
4131,3222,DINHEIRO,11,SEM BANDEIRA,14601.38,PENDENTE,2024-07-21,COM DATA
4132,8862,CARTÃO,4,MASTERCARD,11568.34,ESTORNADO,2023-12-19,COM DATA
4134,6110,BOLETO,3,SEM BANDEIRA,9304.19,ESTORNADO,2023-11-15,COM DATA
4135,6765,DINHEIRO,9,SEM BANDEIRA,12931.04,PENDENTE,2022-11-02,COM DATA
4136,2266,CARTÃO,1,AMERICAN EXPRESS,14642.0,ESTORNADO,2023-10-03,COM DATA
4137,1754,PIX,0,SEM BANDEIRA,12579.08,ESTORNADO,2024-06-23,COM DATA
4139,2903,BOLETO,10,SEM BANDEIRA,977.37,PENDENTE,2024-03-08,COM DATA
4140,3424,PIX,12,SEM BANDEIRA,13364.6,CANCELADO,2022-02-27,COM DATA
4141,911,DINHEIRO,12,SEM BANDEIRA,7704.41,PENDENTE,2024-11-16,COM DATA
4142,7521,CARTÃO,2,ELO,1327.58,PAGO,2023-04-05,COM DATA
4143,2687,PIX,12,SEM BANDEIRA,5615.6,PENDENTE,,SEM DATA
4145,7998,PIX,9,SEM BANDEIRA,11983.7,ESTORNADO,2022-01-29,COM DATA
4147,9527,DINHEIRO,10,SEM BANDEIRA,9352.52,PAGO,2024-07-26,COM DATA
4148,9477,DINHEIRO,10,SEM BANDEIRA,14341.6,PENDENTE,2024-01-15,COM DATA
4151,8196,BOLETO,1,SEM BANDEIRA,4874.21,ESTORNADO,,SEM DATA
4153,2381,BOLETO,10,SEM BANDEIRA,7599.66,PAGO,2022-05-19,COM DATA
4155,8043,DINHEIRO,12,SEM BANDEIRA,9404.55,PENDENTE,2024-06-25,COM DATA
4158,8127,CARTÃO,10,MASTERCARD,4569.37,Estornado,,SEM DATA
4159,5550,BOLETO,11,SEM BANDEIRA,39.01,PAGO,2023-08-25,COM DATA
4160,3029,DINHEIRO,1,SEM BANDEIRA,14597.1,Estornado,2023-06-15,COM DATA
4161,8607,DINHEIRO,12,SEM BANDEIRA,7367.205,PAGO,2023-09-18,COM DATA
4162,8598,CANCELADO,8,SEM BANDEIRA,9164.41,ESTORNADO,2024-01-28,COM DATA
4163,278,DINHEIRO,6,SEM BANDEIRA,7388.24,PENDENTE,2023-09-29,COM DATA
4164,4514,PIX,5,SEM BANDEIRA,7367.205,Estornado,2023-11-09,COM DATA
4165,6914,DINHEIRO,10,SEM BANDEIRA,9287.47,PENDENTE,2022-05-14,COM DATA
4167,9546,CARTÃO,11,ELO,7367.205,PENDENTE,2023-09-24,COM DATA
4169,5368,DINHEIRO,2,SEM BANDEIRA,4239.75,PENDENTE,2023-11-18,COM DATA
4174,1537,CARTÃO,0,VISA,2196.12,ESTORNADO,2023-10-13,COM DATA
4177,5350,BOLETO,0,SEM BANDEIRA,2937.45,PAGO,2022-01-19,COM DATA
4178,8399,DINHEIRO,1,SEM BANDEIRA,756.54,ESTORNADO,2023-01-21,COM DATA
4180,9869,PIX,10,SEM BANDEIRA,4706.74,ESTORNADO,2023-11-28,COM DATA
4181,897,CARTÃO,2,VISA,0.0,PAGO,2024-05-10,COM DATA
4184,5616,DINHEIRO,11,SEM BANDEIRA,630.96,ESTORNADO,,SEM DATA
4185,6591,BOLETO,4,SEM BANDEIRA,8466.58,ESTORNADO,2022-05-11,COM DATA
4186,2244,BOLETO,7,SEM BANDEIRA,4049.91,PAGO,2024-04-07,COM DATA
4187,6059,PIX,5,SEM BANDEIRA,7367.205,PENDENTE,2022-10-30,COM DATA
4188,2542,BOLETO,2,SEM BANDEIRA,1388.5,PENDENTE,2022-05-16,COM DATA
4189,2167,PIX,12,SEM BANDEIRA,11890.66,ESTORNADO,2024-01-30,COM DATA
4190,3812,PIX,1,SEM BANDEIRA,11968.73,ESTORNADO,2024-08-25,COM DATA
4192,1043,PIX,5,SEM BANDEIRA,0.0,ESTORNADO,2023-01-10,COM DATA
4193,6059,PIX,3,MASTERCARD,7500.57,ESTORNADO,2024-09-24,COM DATA
4198,3074,CARTÃO,6,HIPERCARD,3004.55,PENDENTE,2023-12-06,COM DATA
4201,1152,CARTÃO,1,MASTERCARD,12079.34,PAGO,2024-07-15,COM DATA
4202,5841,PIX,10,SEM BANDEIRA,6844.73,ESTORNADO,2023-10-30,COM DATA
4205,3959,CARTÃO,10,ELO,14637.67,PENDENTE,,SEM DATA
4207,5972,CARTÃO,0,AMERICAN EXPRESS,7367.205,PAGO,2022-10-05,COM DATA
4208,205,BOLETO,1,SEM BANDEIRA,7144.31,ESTORNADO,2023-11-16,COM DATA
4209,8276,DINHEIRO,4,SEM BANDEIRA,4111.21,PENDENTE,2023-01-24,COM DATA
4210,6634,DINHEIRO,3,SEM BANDEIRA,8340.71,PAGO,2022-03-09,COM DATA
4211,3165,BOLETO,0,SEM BANDEIRA,7903.85,PAGO,2022-11-07,COM DATA
4212,6039,CARTÃO,7,ELO,4700.24,PAGO,2025-01-03,COM DATA
4213,8445,PIX,0,SEM BANDEIRA,8710.13,ESTORNADO,2023-12-29,COM DATA
4214,5816,CARTÃO,0,AMERICAN EXPRESS,7367.205,PAGO,,SEM DATA
4216,8207,CARTÃO,11,MASTERCARD,6074.59,PAGO,,SEM DATA
4217,8699,CARTÃO,4,AMERICAN EXPRESS,5894.75,ESTORNADO,2023-08-25,COM DATA
4219,7341,CARTÃO,1,AMERICAN EXPRESS,6712.1,PENDENTE,2025-01-28,COM DATA
4220,1621,CARTÃO,8,ELO,6864.28,ESTORNADO,2022-05-14,COM DATA
4221,2376,DINHEIRO,1,SEM BANDEIRA,4420.91,PAGO,2023-04-30,COM DATA
4222,8172,CARTÃO,10,HIPERCARD,722.31,Estornado,2024-01-03,COM DATA
4229,5949,PIX,6,SEM BANDEIRA,6580.93,PAGO,2022-06-18,COM DATA
4230,6181,PIX,2,SEM BANDEIRA,12786.65,PAGO,2022-05-12,COM DATA
4231,4431,BOLETO,6,SEM BANDEIRA,0.0,PAGO,2023-04-26,COM DATA
4233,1088,DINHEIRO,1,SEM BANDEIRA,1844.09,ESTORNADO,2025-02-19,COM DATA
4234,4092,PIX,9,SEM BANDEIRA,7098.51,Pendente,2023-01-07,COM DATA
4235,1074,CARTAO,7,SEM BANDEIRA,1856.55,ESTORNADO,2024-05-06,COM DATA
4236,9736,DINHEIRO,8,SEM BANDEIRA,7678.52,PAGO,2024-01-21,COM DATA
4237,5112,PIX,9,SEM BANDEIRA,5137.51,PENDENTE,2023-06-21,COM DATA
4238,9622,DINHEIRO,4,SEM BANDEIRA,7367.205,ESTORNADO,2023-05-31,COM DATA
4242,4737,CARTÃO,2,AMERICAN EXPRESS,8583.39,ESTORNADO,2024-06-10,COM DATA
4243,5566,DINHEIRO,1,SEM BANDEIRA,1414.43,PENDENTE,2024-02-06,COM DATA
4244,2567,PIX,1,SEM BANDEIRA,10810.03,CANCELADO,2023-05-19,COM DATA
4245,2888,BOLETO,2,SEM BANDEIRA,8100.63,PENDENTE,2023-03-29,COM DATA
4251,1025,PIX,7,SEM BANDEIRA,3035.74,ESTORNADO,2023-12-05,COM DATA
4252,3129,BOLETO,-1,SEM BANDEIRA,5011.33,PENDENTE,2024-08-08,COM DATA
4254,424,BOLETO,12,SEM BANDEIRA,10928.85,ESTORNADO,2023-04-16,COM DATA
4255,8592,PIX,6,SEM BANDEIRA,12493.11,ESTORNADO,2024-11-25,COM DATA
4256,5300,BOLETO,2,SEM BANDEIRA,5262.88,PENDENTE,,SEM DATA
4257,7846,PIX,5,SEM BANDEIRA,12523.95,ESTORNADO,2024-06-26,COM DATA
4260,7996,PIX,4,SEM BANDEIRA,7367.205,pago,2024-11-04,COM DATA
4261,1115,DINHEIRO,7,SEM BANDEIRA,12980.34,PENDENTE,2024-04-21,COM DATA
4264,9663,PIX,8,SEM BANDEIRA,14463.49,PAGO,2025-03-21,COM DATA
4265,1282,DINHEIRO,9,SEM BANDEIRA,12640.55,ESTORNADO,2024-04-27,COM DATA
4267,5255,PIX,4,SEM BANDEIRA,4724.2,ESTORNADO,2024-08-27,COM DATA
4270,364,PIX,3,SEM BANDEIRA,7367.205,PENDENTE,2024-04-06,COM DATA
4271,4845,BOLETO,1,SEM BANDEIRA,8418.04,PAGO,2022-05-13,COM DATA
4272,3706,CARTÃO,0,SEM BANDEIRA,9097.3,PENDENTE,2023-12-01,COM DATA
4273,3508,BOLETO,8,SEM BANDEIRA,1728.73,ESTORNADO,2023-05-29,COM DATA
4274,2856,BOLETO,9,SEM BANDEIRA,267.07,PENDENTE,2022-03-08,COM DATA
4275,1248,DINHEIRO,0,SEM BANDEIRA,12080.17,ESTORNADO,,SEM DATA
4276,9277,PIX,9,SEM BANDEIRA,9770.09,PAGO,2025-02-18,COM DATA
4278,4670,DINHEIRO,3,SEM BANDEIRA,855.03,ESTORNADO,2023-02-12,COM DATA
4279,7966,DINHEIRO,9,SEM BANDEIRA,2156.62,PENDENTE,2023-12-31,COM DATA
4280,7336,BOLETO,6,SEM BANDEIRA,7367.205,Pendente,2023-07-16,COM DATA
4281,4070,CARTÃO,10,SEM BANDEIRA,7284.99,PAGO,2022-01-17,COM DATA
4282,2558,CARTÃO,9,SEM BANDEIRA,7532.87,ESTORNADO,2024-05-17,COM DATA
4283,1879,PIX,9,SEM BANDEIRA,4322.89,PAGO,2024-03-15,COM DATA
4285,4374,CARTÃO,7,SEM BANDEIRA,9038.38,Estornado,2022-06-19,COM DATA
4286,9395,PIX,0,SEM BANDEIRA,4505.16,Pago,2023-02-15,COM DATA
4287,6335,CARTÃO,9,VISA,5685.64,PAGO,2023-04-04,COM DATA
4288,7003,BOLETO,10,SEM BANDEIRA,329.6,PAGO,,SEM DATA
4289,8884,BOLETO,6,SEM BANDEIRA,0.0,PENDENTE,2023-07-03,COM DATA
4290,9848,PIX,8,SEM BANDEIRA,9195.11,PAGO,2022-11-06,COM DATA
4292,3633,BOLETO,7,SEM BANDEIRA,3221.64,Pendente,2024-03-01,COM DATA
4293,9583,CARTÃO,7,ELO,3340.18,PENDENTE,2024-12-21,COM DATA
4295,5546,DINHEIRO,2,SEM BANDEIRA,369.21,PAGO,2023-06-20,COM DATA
4299,6113,DINHEIRO,6,SEM BANDEIRA,14558.1,PAGO,2024-09-12,COM DATA
4301,1471,CARTÃO,6,MASTERCARD,11156.33,PAGO,,SEM DATA
4302,400,DINHEIRO,8,SEM BANDEIRA,14237.83,PAGO,2022-08-25,COM DATA
4303,8708,BOLETO,0,SEM BANDEIRA,7367.205,PENDENTE,2024-09-07,COM DATA
4304,6757,DINHEIRO,9,SEM BANDEIRA,5685.11,PAGO,2023-09-10,COM DATA
4305,412,CARTÃO,2,HIPERCARD,619.2,PAGO ,2024-09-09,COM DATA
4307,6558,DINHEIRO,0,SEM BANDEIRA,863.46,PENDENTE,2023-01-28,COM DATA
4308,1973,DINHEIRO,-5,SEM BANDEIRA,8091.51,PAGO,,SEM DATA
4309,6694,PIX,9,SEM BANDEIRA,8001.03,PAGO,2024-03-07,COM DATA
4310,5894,DINHEIRO,10,SEM BANDEIRA,2511.67,PAGO,2023-01-24,COM DATA
4312,6757,DINHEIRO,12,SEM BANDEIRA,12879.22,PENDENTE,2024-11-26,COM DATA
4314,5404,PIX,11,SEM BANDEIRA,1410.26,pago,2023-10-22,COM DATA
4315,5294,DINHEIRO,9,SEM BANDEIRA,7858.03,ESTORNADO,2024-03-22,COM DATA
4316,266,DINHEIRO,12,SEM BANDEIRA,10423.35,PAGO,2022-07-21,COM DATA
4318,5573,BOLETO,12,SEM BANDEIRA,14281.68,PAGO,2024-08-08,COM DATA
4320,258,BOLETO,9,SEM BANDEIRA,5937.51,PENDENTE,2024-05-19,COM DATA
4321,6168,CARTÃO,10,ELO,277.33,PENDENTE,,SEM DATA
4323,3838,CARTÃO,4,AMERICAN EXPRESS,8220.26,ESTORNADO,2023-11-21,COM DATA
4325,3903,PIX,0,SEM BANDEIRA,4649.51,PENDENTE,2023-01-23,COM DATA
4329,3252,DINHEIRO,7,SEM BANDEIRA,8249.85,ESTORNADO,2024-11-11,COM DATA
4331,479,BOLETO,7,SEM BANDEIRA,6104.49,PAGO,2025-01-09,COM DATA
4332,6132,PIX,11,MASTERCARD,14658.95,PAGO,2022-01-05,COM DATA
4333,1593,BOLETO,1,SEM BANDEIRA,716.25,ESTORNADO,2024-01-10,COM DATA
4334,5462,BOLETO,2,SEM BANDEIRA,5550.99,PENDENTE,2025-04-05,COM DATA
4335,8057,BOLETO,7,SEM BANDEIRA,14873.33,PAGO,2025-02-22,COM DATA
4336,8380,BOLETO,11,SEM BANDEIRA,8032.02,ESTORNADO,2023-12-31,COM DATA
4337,9025,CARTÃO,9,SEM BANDEIRA,175.95,ESTORNADO,,SEM DATA
4338,9423,PIX,5,SEM BANDEIRA,2442.32,PENDENTE,2024-10-29,COM DATA
4339,606,DINHEIRO,2,SEM BANDEIRA,5759.25,PAGO,2022-06-26,COM DATA
4340,3012,DINHEIRO,7,SEM BANDEIRA,14059.48,ESTORNADO,2023-08-12,COM DATA
4341,5106,DINHEIRO,2,SEM BANDEIRA,1385.68,Pendente,2023-06-09,COM DATA
4343,8629,PIX,12,SEM BANDEIRA,5667.29,PENDENTE,2022-05-07,COM DATA
4344,6238,BOLETO,0,SEM BANDEIRA,6325.46,PENDENTE,2023-12-12,COM DATA
4345,2201,CARTÃO,8,AMERICAN EXPRESS,11725.88,PAGO,2023-08-05,COM DATA
4346,9787,DINHEIRO,3,SEM BANDEIRA,10067.6,ESTORNADO,2023-03-25,COM DATA
4348,7195,BOLETO,7,SEM BANDEIRA,8437.22,ESTORNADO,2025-03-14,COM DATA
4349,1193,CARTÃO,2,HIPERCARD,7367.205,PENDENTE,2023-08-07,COM DATA
4350,9669,BOLETO,5,SEM BANDEIRA,6987.12,PAGO,2022-08-03,COM DATA
4351,8660,CARTÃO,11,SEM BANDEIRA,3050.12,PAGO,2024-10-05,COM DATA
4352,9468,DINHEIRO,8,SEM BANDEIRA,7367.205,PAGO,2024-07-19,COM DATA
4353,5062,BOLETO,9,SEM BANDEIRA,4236.83,PAGO,2024-08-05,COM DATA
4355,7680,BOLETO,10,SEM BANDEIRA,7367.205,ESTORNADO,2023-06-25,COM DATA
4356,833,PIX,-1,SEM BANDEIRA,12913.01,ESTORNADO,2023-05-20,COM DATA
4357,6407,BOLETO,1,SEM BANDEIRA,11577.94,PENDENTE,2024-04-20,COM DATA
4358,322,DINHEIRO,9,SEM BANDEIRA,6846.87,PAGO,2022-05-31,COM DATA
4359,6807,CARTÃO,1,AMERICAN EXPRESS,4197.75,PAGO,2022-12-11,COM DATA
4360,8784,BOLETO,4,SEM BANDEIRA,7183.29,ESTORNADO,2023-11-10,COM DATA
4362,3544,CARTÃO,9,HIPERCARD,9542.61,PENDENTE,2022-03-14,COM DATA
4363,2344,PIX,10,SEM BANDEIRA,4033.41,PAGO,2025-01-16,COM DATA
4364,8424,BOLETO,6,SEM BANDEIRA,4123.09,PAGO,2022-07-22,COM DATA
4365,8187,DINHEIRO,11,SEM BANDEIRA,4231.52,PENDENTE,2023-01-06,COM DATA
4366,6539,DINHEIRO,0,SEM BANDEIRA,6851.47,PAGO,2022-10-14,COM DATA
4367,8834,PIX,11,SEM BANDEIRA,820.61,ESTORNADO,,SEM DATA
4369,6805,BOLETO,-1,SEM BANDEIRA,0.0,ESTORNADO,,SEM DATA
4371,8532,PIX,7,SEM BANDEIRA,4804.23,PAGO,2023-05-29,COM DATA
4372,4722,PIX,12,SEM BANDEIRA,5404.53,PENDENTE,2022-11-19,COM DATA
4373,7741,CARTÃO,11,MASTERCARD,12706.19,PENDENTE,,SEM DATA
4375,4914,DINHEIRO,11,SEM BANDEIRA,13090.56,PENDENTE,2022-04-20,COM DATA
4376,4118,DINHEIRO,7,SEM BANDEIRA,5392.83,PAGO,2024-11-22,COM DATA
4379,1152,CARTÃO,1,HIPERCARD,10610.0,PAGO,2024-05-19,COM DATA
4382,9129,DINHEIRO,8,SEM BANDEIRA,10180.69,PAGO,2022-06-28,COM DATA
4383,3641,DINHEIRO,4,SEM BANDEIRA,11550.38,PAGO,2023-09-01,COM DATA
4384,694,DINHEIRO,0,SEM BANDEIRA,13625.91,ESTORNADO,2022-12-21,COM DATA
4385,9757,PIX,5,SEM BANDEIRA,0.0,Estornado,2022-03-17,COM DATA
4387,8286,PIX,4,SEM BANDEIRA,5661.5,PENDENTE,2022-02-06,COM DATA
4388,9356,CARTÃO,8,ELO,4986.55,ESTORNADO,2024-08-08,COM DATA
4390,5230,PIX,0,SEM BANDEIRA,479.86,ESTORNADO,2023-11-02,COM DATA
4391,2502,PIX,7,SEM BANDEIRA,8713.02,PENDENTE,2023-07-25,COM DATA
4392,7175,BOLETO,4,SEM BANDEIRA,11882.02,ESTORNADO,2022-12-10,COM DATA
4393,7917,CARTÃO,6,SEM BANDEIRA,10165.38,ESTORNADO,2023-12-09,COM DATA
4394,6534,BOLETO,2,SEM BANDEIRA,1241.87,PAGO,2024-05-01,COM DATA
4395,488,BOLETO,7,SEM BANDEIRA,12734.69,CANCELADO,,SEM DATA
4396,6965,CARTÃO,12,HIPERCARD,9141.4,PAGO,2024-10-19,COM DATA
4397,7421,CARTÃO,0,MASTERCARD,8655.43,PENDENTE,2024-09-13,COM DATA
4399,5978,PIX,11,SEM BANDEIRA,7367.205,ESTORNADO,2022-09-26,COM DATA
4400,4339,CARTÃO,11,MASTERCARD,2968.56,ESTORNADO,2024-11-21,COM DATA
4402,4320,BOLETO,8,SEM BANDEIRA,13507.64,PAGO,2025-02-17,COM DATA
4403,6240,DINHEIRO,0,SEM BANDEIRA,4588.01,PAGO,2022-05-23,COM DATA
4407,8480,CARTAO,1,SEM BANDEIRA,1968.24,ESTORNADO,2023-06-26,COM DATA
4408,9417,DINHEIRO,6,SEM BANDEIRA,6281.52,ESTORNADO,2022-05-12,COM DATA
4409,618,CARTÃO,3,AMERICAN EXPRESS,13392.7,PAGO,2023-04-17,COM DATA
4415,3312,DINHEIRO,2,SEM BANDEIRA,7726.24,ESTORNADO,2024-11-03,COM DATA
4419,3343,DINHEIRO,3,SEM BANDEIRA,2159.5,ESTORNADO,2023-04-15,COM DATA
4420,5642,PIX,8,SEM BANDEIRA,7367.205,PENDENTE,2022-07-21,COM DATA
4421,5167,CARTÃO,7,AMERICAN EXPRESS,7367.205,ESTORNADO,2022-03-03,COM DATA
4422,8311,DINHEIRO,11,SEM BANDEIRA,837.99,Pendente,2024-11-07,COM DATA
4423,8355,PIX,1,SEM BANDEIRA,11607.34,ESTORNADO,2023-01-05,COM DATA
4427,1864,DINHEIRO,1,SEM BANDEIRA,13920.85,PAGO,2022-12-03,COM DATA
4429,9622,BOLETO,12,SEM BANDEIRA,9265.07,PAGO,2022-05-30,COM DATA
4430,1376,BOLETO,3,SEM BANDEIRA,1245.59,PENDENTE,2025-01-14,COM DATA
4431,5658,PIX,1,SEM BANDEIRA,7917.6,Pago,2024-01-07,COM DATA
4432,2244,CARTÃO,5,AMERICAN EXPRESS,8706.3,PAGO,2022-06-02,COM DATA
4433,7842,DINHEIRO,-1,SEM BANDEIRA,2159.18,PENDENTE,2024-07-25,COM DATA
4436,6825,CARTÃO,6,SEM BANDEIRA,13407.11,PENDENTE,2023-11-24,COM DATA
4437,4660,BOLETO,7,SEM BANDEIRA,8631.5,PAGO,2022-12-15,COM DATA
4438,1101,DINHEIRO,2,SEM BANDEIRA,12159.81,PAGO,2022-10-17,COM DATA
4440,7765,PIX,1,SEM BANDEIRA,7367.205,ESTORNADO,2024-03-27,COM DATA
4444,6281,PIX,8,SEM BANDEIRA,7367.205,Pagoo,,SEM DATA
4445,2039,BOLETO,1,SEM BANDEIRA,10073.69,ESTORNADO,2022-10-27,COM DATA
4446,933,CARTÃO,1,VISA,7367.205,PAGO,2024-11-13,COM DATA
4448,8517,CARTÃO,3,AMERICAN EXPRESS,10258.39,PAGO,2022-03-18,COM DATA
4449,2164,BOLETO,1,SEM BANDEIRA,9767.24,ESTORNADO,2024-08-10,COM DATA
4451,9231,DINHEIRO,6,SEM BANDEIRA,6601.19,Estornado,2022-01-05,COM DATA
4452,1260,BOLETO,0,SEM BANDEIRA,7367.205,PAGO,2025-01-14,COM DATA
4453,9089,BOLETO,0,SEM BANDEIRA,4969.69,PENDENTE,2022-02-27,COM DATA
4454,8548,CARTÃO,3,SEM BANDEIRA,11689.8,PENDENTE,2022-11-03,COM DATA
4455,6669,CARTÃO,11,SEM BANDEIRA,7367.205,PENDENTE,2023-05-11,COM DATA
4457,5815,PIX,3,SEM BANDEIRA,14112.46,ESTORNADO,2022-07-31,COM DATA
4458,7131,CARTAO,9,MASTERCARD,5739.75,pago,,SEM DATA
4460,3607,DINHEIRO,5,SEM BANDEIRA,2540.51,PENDENTE,2022-08-13,COM DATA
4461,3893,BOLETO,4,SEM BANDEIRA,11848.07,Pago,2024-10-28,COM DATA
4462,3334,DINHEIRO,4,SEM BANDEIRA,5845.16,PAGO,2022-09-09,COM DATA
4463,4506,DINHEIRO,9,SEM BANDEIRA,8705.78,PAGO,2023-10-21,COM DATA
4464,7487,PIX,6,VISA,0.0,PAGO,2022-03-28,COM DATA
4466,3749,CARTÃO,-1,HIPERCARD,1054.57,ESTORNADO,2024-03-31,COM DATA
4467,8809,PIX,10,SEM BANDEIRA,7367.205,ESTORNADO,,SEM DATA
4468,7171,PIX,10,SEM BANDEIRA,13870.5,Pagoo,,SEM DATA
4470,4597,PIX,1,SEM BANDEIRA,6971.74,ESTORNADO,2025-02-15,COM DATA
4471,1157,PIX,3,SEM BANDEIRA,10978.69,PENDENTE,2023-08-20,COM DATA
4476,5191,DINHEIRO,0,SEM BANDEIRA,7367.205,PAGO,2022-03-30,COM DATA
4480,8222,DINHEIRO,7,SEM BANDEIRA,7367.205,ESTORNADO,,SEM DATA
4482,4592,BOLETO,6,SEM BANDEIRA,13548.1,PAGO,2023-05-09,COM DATA
4483,9583,DINHEIRO,8,SEM BANDEIRA,14163.68,ESTORNADO,2023-01-29,COM DATA
4484,7685,CARTÃO,7,ELO,202.27,PAGO,2023-06-25,COM DATA
4485,7987,PIX,0,AMERICAN EXPRESS,8598.61,PAGO,2023-07-06,COM DATA
4486,3413,CARTÃO,-5,AMERICAN EXPRESS,14704.27,PAGO,2022-05-26,COM DATA
4489,9477,PIX,12,SEM BANDEIRA,7367.205,PAGO,2024-12-13,COM DATA
4490,7987,DINHEIRO,11,SEM BANDEIRA,14421.19,PAGO,2024-07-11,COM DATA
4491,4635,BOLETO,5,SEM BANDEIRA,1643.26,PENDENTE,2024-12-17,COM DATA
4492,8732,PIX,4,SEM BANDEIRA,2198.95,ESTORNADO,2023-01-23,COM DATA
4495,2153,DINHEIRO,4,SEM BANDEIRA,2942.34,PAGO,2022-10-26,COM DATA
4496,7097,PIX,6,SEM BANDEIRA,8304.02,PAGO,2025-02-21,COM DATA
4497,3537,PIX,12,SEM BANDEIRA,7367.205,PAGO,2024-12-31,COM DATA
4498,3750,DINHEIRO,3,SEM BANDEIRA,9584.41,PENDENTE,2024-09-08,COM DATA
4503,6304,PIX,7,SEM BANDEIRA,4011.93,PENDENTE,2024-11-12,COM DATA
4505,5621,BOLETO,3,SEM BANDEIRA,4753.85,PENDENTE,2025-02-06,COM DATA
4506,6066,PIX,7,SEM BANDEIRA,3234.63,PAGO ,2025-02-09,COM DATA
4507,3871,BOLETO,3,SEM BANDEIRA,12255.61,Pago,2024-03-18,COM DATA
4508,2883,BOLETO,9,SEM BANDEIRA,7367.205,PENDENTE,2024-04-25,COM DATA
4509,5106,DINHEIRO,2,SEM BANDEIRA,7367.205,PAGO,2022-08-20,COM DATA
4513,9705,CARTÃO,4,HIPERCARD,3678.77,PENDENTE,,SEM DATA
4514,7410,DINHEIRO,0,SEM BANDEIRA,7367.205,PENDENTE,2023-08-07,COM DATA
4516,1875,DINHEIRO,5,SEM BANDEIRA,13490.78,ESTORNADO,2023-06-01,COM DATA
4517,5221,CARTÃO,2,SEM BANDEIRA,10984.02,PAGO,2024-08-26,COM DATA
4518,8769,BOLETO,3,SEM BANDEIRA,6578.38,Pendente,2022-05-06,COM DATA
4519,9821,CARTÃO,7,AMERICAN EXPRESS,3425.18,PAGO ,2023-05-29,COM DATA
4520,9313,DINHEIRO,0,SEM BANDEIRA,10492.34,PAGO,,SEM DATA
4522,7161,BOLETO,7,SEM BANDEIRA,4061.23,ESTORNADO,,SEM DATA
4523,2902,PIX,11,SEM BANDEIRA,9194.16,PENDENTE,2022-09-30,COM DATA
4529,108,DINHEIRO,2,SEM BANDEIRA,13277.33,pago,2024-07-12,COM DATA
4530,9125,PIX,1,SEM BANDEIRA,3669.28,PAGO,2023-09-24,COM DATA
4533,9261,PIX,9,SEM BANDEIRA,2573.5,PAGO,2022-05-15,COM DATA
4535,2753,BOLETO,8,SEM BANDEIRA,4613.25,PENDENTE,2023-12-21,COM DATA
4536,9524,DINHEIRO,10,SEM BANDEIRA,6868.06,ESTORNADO,2023-04-04,COM DATA
4537,3533,DINHEIRO,10,SEM BANDEIRA,3318.17,PENDENTE,2022-07-17,COM DATA
4538,4250,DINHEIRO,9,SEM BANDEIRA,9492.43,PAGO,2022-10-03,COM DATA
4539,9949,CARTÃO,8,VISA,11221.96,PAGO,2022-08-04,COM DATA
4543,3014,CARTÃO,2,AMERICAN EXPRESS,3902.69,PAGO,2024-09-06,COM DATA
4548,8311,CARTÃO,0,ELO,3036.39,PENDENTE,,SEM DATA
4552,9982,DINHEIRO,5,SEM BANDEIRA,4536.04,ESTORNADO,2025-02-28,COM DATA
4554,6598,PIX,6,SEM BANDEIRA,10329.55,Pago,2022-05-11,COM DATA
4555,6083,PIX,4,SEM BANDEIRA,0.0,ESTORNADO,2022-04-16,COM DATA
4556,8560,DINHEIRO,12,SEM BANDEIRA,1036.56,Estornado,2024-07-15,COM DATA
4557,2913,CARTÃO,3,HIPERCARD,3652.44,PAGO,2023-02-27,COM DATA
4558,9413,PIX,3,SEM BANDEIRA,4103.03,PAGO,2024-04-10,COM DATA
4561,7160,BOLETO,11,SEM BANDEIRA,12953.92,PENDENTE,2024-01-31,COM DATA
4562,6125,PIX,3,SEM BANDEIRA,1469.48,PENDENTE,2024-11-13,COM DATA
4563,9042,PIX,9,SEM BANDEIRA,5263.93,PAGO,2024-07-08,COM DATA
4564,5317,PIX,1,SEM BANDEIRA,66.27,PENDENTE,2022-04-07,COM DATA
4567,6480,CARTÃO,9,AMERICAN EXPRESS,2496.09,PENDENTE,2025-01-05,COM DATA
4569,506,DINHEIRO,2,SEM BANDEIRA,9421.78,PAGO,2022-05-10,COM DATA
4570,3296,CARTÃO,1,AMERICAN EXPRESS,10724.94,PAGO,2022-12-15,COM DATA
4571,8724,PIX,1,SEM BANDEIRA,10914.24,PENDENTE,2023-01-14,COM DATA
4572,6558,BOLETO,10,SEM BANDEIRA,12938.88,ESTORNADO,2023-01-30,COM DATA
4573,556,BOLETO,5,SEM BANDEIRA,6702.09,PENDENTE,2022-11-13,COM DATA
4576,1587,DINHEIRO,7,SEM BANDEIRA,7367.205,ESTORNADO,2022-03-04,COM DATA
4577,2482,PIX,11,SEM BANDEIRA,8163.55,PENDENTE,2022-06-05,COM DATA
4578,2121,DINHEIRO,10,SEM BANDEIRA,4527.85,PENDENTE,2022-03-24,COM DATA
4579,2657,CARTÃO,2,SEM BANDEIRA,11315.86,PAGO,2023-08-27,COM DATA
4581,422,CARTÃO,10,MASTERCARD,1702.6,PAGO,2024-04-21,COM DATA
4582,8201,PIX,7,SEM BANDEIRA,3884.67,PAGO,2022-03-03,COM DATA
4583,4010,PIX,10,SEM BANDEIRA,6783.06,Pagoo,2025-01-03,COM DATA
4585,3167,CARTÃO,11,SEM BANDEIRA,4001.95,CANCELADO,2023-05-14,COM DATA
4586,8480,PIX,3,SEM BANDEIRA,4872.56,Pendente,2024-01-18,COM DATA
4587,6663,DINHEIRO,9,SEM BANDEIRA,10351.29,PENDENTE,2024-12-16,COM DATA
4589,2883,CARTÃO,12,VISA,14494.69,PENDENTE,,SEM DATA
4590,1389,PIX,2,SEM BANDEIRA,10076.06,ESTORNADO,2022-03-13,COM DATA
4593,7011,BOLETO,11,SEM BANDEIRA,8781.73,PENDENTE,2023-12-01,COM DATA
4594,5920,DINHEIRO,10,SEM BANDEIRA,12838.16,ESTORNADO,2024-01-04,COM DATA
4595,2932,CARTÃO,10,HIPERCARD,12319.66,ESTORNADO,2024-08-14,COM DATA
4596,4092,DINHEIRO,11,SEM BANDEIRA,1984.09,PENDENTE,2024-12-09,COM DATA
4599,265,CARTÃO,8,SEM BANDEIRA,7367.205,PAGO,2023-04-21,COM DATA
4600,2890,DINHEIRO,12,SEM BANDEIRA,3573.91,PENDENTE,2022-05-06,COM DATA
4602,7083,PIX,1,SEM BANDEIRA,7367.205,PENDENTE,,SEM DATA
4603,7073,PIX,0,SEM BANDEIRA,13550.57,ESTORNADO,2022-11-12,COM DATA
4605,1751,CARTÃO,12,MASTERCARD,6277.98,PAGO,2025-03-12,COM DATA
4609,3273,BOLETO,2,SEM BANDEIRA,3918.42,PAGO,2023-09-05,COM DATA
4610,7506,DINHEIRO,3,SEM BANDEIRA,7367.205,ESTORNADO,2022-08-11,COM DATA
4611,7823,DINHEIRO,2,SEM BANDEIRA,7188.12,PENDENTE,2023-12-17,COM DATA
4613,494,DINHEIRO,12,SEM BANDEIRA,3510.37,Estornado,2024-12-27,COM DATA
4614,7566,CARTÃO,10,ELO,7303.92,PAGO,2023-06-01,COM DATA
4615,9659,BOLETO,11,SEM BANDEIRA,12440.45,PAGO,2022-08-02,COM DATA
4618,3431,PIX,9,SEM BANDEIRA,14020.39,ESTORNADO,2023-08-07,COM DATA
4619,7056,PIX,2,SEM BANDEIRA,12879.09,PENDENTE,2022-04-16,COM DATA
4622,7230,DINHEIRO,9,SEM BANDEIRA,13018.95,ESTORNADO,2024-08-04,COM DATA
4623,9627,DINHEIRO,1,SEM BANDEIRA,14061.08,PAGO,,SEM DATA
4626,2751,PIX,10,SEM BANDEIRA,8223.84,ESTORNADO,2025-03-03,COM DATA
4627,7233,PIX,-5,SEM BANDEIRA,8813.18,pago,2024-04-08,COM DATA
4630,5078,CARTÃO,3,AMERICAN EXPRESS,1413.19,PENDENTE,2024-03-03,COM DATA
4632,1702,CARTÃO,-5,SEM BANDEIRA,1403.8,PENDENTE,2022-11-24,COM DATA
4633,8951,CARTÃO,9,AMERICAN EXPRESS,7885.3,PAGO,2023-03-05,COM DATA
4634,2521,BOLETO,10,SEM BANDEIRA,10541.68,ESTORNADO,2022-08-13,COM DATA
4635,5413,CANCELADO,9,SEM BANDEIRA,8763.64,ESTORNADO,2023-03-15,COM DATA
4636,4007,BOLETO,2,SEM BANDEIRA,11072.42,PAGO,,SEM DATA
4639,6346,PIX,0,SEM BANDEIRA,11532.45,PENDENTE,2025-02-27,COM DATA
4641,1907,CARTÃO,5,VISA,9225.22,PENDENTE,,SEM DATA
4642,9039,PIX,12,SEM BANDEIRA,9070.71,ESTORNADO,2023-07-08,COM DATA
4645,1196,BOLETO,3,SEM BANDEIRA,13892.38,PENDENTE,2024-06-06,COM DATA
4646,5444,CARTÃO,1,HIPERCARD,4165.47,PENDENTE,2024-04-06,COM DATA
4648,6889,BOLETO,3,SEM BANDEIRA,13694.13,PAGO,2022-05-12,COM DATA
4651,1054,PIX,9,SEM BANDEIRA,7367.205,ESTORNADO,2024-12-07,COM DATA
4652,792,CARTÃO,6,HIPERCARD,11265.48,PAGO,2022-11-01,COM DATA
4653,3982,CARTÃO,11,HIPERCARD,7516.6,PENDENTE,2023-01-05,COM DATA
4654,1414,CARTÃO,8,HIPERCARD,2226.38,PAGO,2023-09-22,COM DATA
4656,9924,BOLETO,5,SEM BANDEIRA,13925.36,ESTORNADO,2024-01-07,COM DATA
4666,1993,PIX,7,SEM BANDEIRA,12495.41,ESTORNADO,2024-04-27,COM DATA
4669,7697,PIX,2,SEM BANDEIRA,11763.38,PENDENTE,2023-09-19,COM DATA
4670,8474,BOLETO,8,SEM BANDEIRA,9695.91,PENDENTE,2022-05-12,COM DATA
4671,4232,PIX,6,SEM BANDEIRA,7367.205,PAGO,2023-11-16,COM DATA
4672,1485,PIX,11,SEM BANDEIRA,2572.25,ESTORNADO,2022-02-28,COM DATA
4674,9592,CANCELADO,11,SEM BANDEIRA,9899.85,PENDENTE,2023-11-16,COM DATA
4676,9666,BOLETO,4,SEM BANDEIRA,4542.01,ESTORNADO,,SEM DATA
4677,5228,BOLETO,6,SEM BANDEIRA,2874.67,ESTORNADO,2024-09-20,COM DATA
4678,5002,CARTÃO,9,AMERICAN EXPRESS,2180.23,PENDENTE,2025-02-09,COM DATA
4679,744,BOLETO,2,SEM BANDEIRA,10399.63,PAGO,2023-06-27,COM DATA
4680,7954,CARTÃO,4,SEM BANDEIRA,5781.61,PAGO,2023-06-13,COM DATA
4684,3009,PIX,5,SEM BANDEIRA,11288.39,CANCELADO,2022-09-14,COM DATA
4686,3240,CARTÃO,3,ELO,456.01,PAGO,2024-02-27,COM DATA
4690,3567,DINHEIRO,11,SEM BANDEIRA,1337.16,ESTORNADO,2023-08-17,COM DATA
4693,7043,PIX,6,SEM BANDEIRA,4047.71,PAGO,2023-07-30,COM DATA
4695,5972,PIX,2,SEM BANDEIRA,5418.2,PAGO ,2023-06-09,COM DATA
4696,5587,BOLETO,11,SEM BANDEIRA,2307.78,PAGO,,SEM DATA
4697,7473,DINHEIRO,12,SEM BANDEIRA,12360.0,CANCELADO,,SEM DATA
4703,6327,DINHEIRO,-5,SEM BANDEIRA,8231.82,PENDENTE,2023-02-20,COM DATA
4704,4483,CARTÃO,11,MASTERCARD,13821.22,PAGO,2022-08-03,COM DATA
4706,5251,BOLETO,4,SEM BANDEIRA,14387.08,PENDENTE,2024-10-10,COM DATA
4709,3217,BOLETO,5,SEM BANDEIRA,7367.205,ESTORNADO,2024-12-05,COM DATA
4710,7944,BOLETO,8,SEM BANDEIRA,8994.5,ESTORNADO,2023-02-06,COM DATA
4712,7904,CARTÃO,8,ELO,10536.72,PAGO,2022-02-06,COM DATA
4714,859,PIX,11,SEM BANDEIRA,7367.205,PENDENTE,2024-03-30,COM DATA
4716,9741,PIX,4,SEM BANDEIRA,5901.65,ESTORNADO,2022-06-01,COM DATA
4718,8538,CARTÃO,11,ELO,12288.32,PENDENTE,2023-05-15,COM DATA
4719,298,CARTÃO,2,MASTERCARD,0.0,PENDENTE,2023-01-14,COM DATA
4724,6193,DINHEIRO,0,SEM BANDEIRA,7367.205,PENDENTE,2022-09-25,COM DATA
4725,454,DINHEIRO,5,SEM BANDEIRA,14410.45,ESTORNADO,2022-05-10,COM DATA
4727,1726,PIX,2,SEM BANDEIRA,6967.12,PENDENTE,,SEM DATA
4730,128,CARTÃO,4,HIPERCARD,5385.25,PENDENTE,2022-03-19,COM DATA
4731,6439,PIX,4,SEM BANDEIRA,573.4,PENDENTE,2022-09-28,COM DATA
4734,1319,DINHEIRO,11,SEM BANDEIRA,1010.37,PENDENTE,2024-07-11,COM DATA
4735,2159,PIX,11,SEM BANDEIRA,9762.6,Pagoo,2023-09-18,COM DATA
4736,6858,DINHEIRO,12,SEM BANDEIRA,11441.59,PENDENTE,2022-01-23,COM DATA
4737,8405,DINHEIRO,0,SEM BANDEIRA,14550.03,PAGO,2023-10-30,COM DATA
4738,3864,PIX,5,SEM BANDEIRA,7367.205,PAGO,2023-01-23,COM DATA
4742,3055,PIX,11,SEM BANDEIRA,13679.27,PENDENTE,2024-09-30,COM DATA
4744,5436,CARTÃO,2,SEM BANDEIRA,2202.58,PENDENTE,2023-09-16,COM DATA
4746,1108,DINHEIRO,4,SEM BANDEIRA,10282.01,PAGO,2022-12-07,COM DATA
4747,8058,CARTÃO,9,AMERICAN EXPRESS,9733.1,ESTORNADO,2024-02-25,COM DATA
4748,9990,PIX,5,SEM BANDEIRA,10767.88,PAGO,2024-01-07,COM DATA
4750,195,PIX,2,SEM BANDEIRA,934.83,PAGO,2024-12-21,COM DATA
4751,1722,BOLETO,2,SEM BANDEIRA,13363.14,Pago,2023-07-31,COM DATA
4752,9743,PIX,11,SEM BANDEIRA,13453.36,PENDENTE,2022-04-16,COM DATA
4756,6079,BOLETO,3,SEM BANDEIRA,3088.63,PENDENTE,2022-12-29,COM DATA
4757,8423,PIX,6,SEM BANDEIRA,1275.97,PENDENTE,2025-03-31,COM DATA
4758,5664,BOLETO,8,SEM BANDEIRA,2259.53,ESTORNADO,2023-02-12,COM DATA
4762,8165,BOLETO,4,SEM BANDEIRA,3489.05,ESTORNADO,2023-12-31,COM DATA
4763,5272,PIX,4,SEM BANDEIRA,10564.81,PENDENTE,2024-11-02,COM DATA
4764,7925,BOLETO,2,SEM BANDEIRA,6761.9,CANCELADO,2022-08-03,COM DATA
4765,7404,CARTÃO,7,MASTERCARD,9760.86,PENDENTE,2023-06-24,COM DATA
4767,5918,BOLETO,2,SEM BANDEIRA,1403.87,ESTORNADO,2024-08-10,COM DATA
4769,7063,PIX,7,SEM BANDEIRA,3162.68,ESTORNADO,2022-05-06,COM DATA
4770,5558,BOLETO,11,SEM BANDEIRA,7367.205,ESTORNADO,2022-08-02,COM DATA
4772,3323,BOLETO,1,SEM BANDEIRA,12974.07,ESTORNADO,2024-04-11,COM DATA
4773,8337,DINHEIRO,8,SEM BANDEIRA,6128.77,PENDENTE,2022-10-23,COM DATA
4774,8187,BOLETO,3,SEM BANDEIRA,13580.14,PENDENTE,2022-10-07,COM DATA
4775,5102,CARTÃO,9,SEM BANDEIRA,3730.88,ESTORNADO,2023-06-19,COM DATA
4776,2488,CARTÃO,7,ELO,128.3,PAGO,2022-04-18,COM DATA
4777,9799,BOLETO,6,SEM BANDEIRA,13270.15,PAGO,,SEM DATA
4778,6098,DINHEIRO,11,SEM BANDEIRA,8679.17,PAGO,2024-02-27,COM DATA
4779,3839,BOLETO,3,SEM BANDEIRA,8355.31,PAGO,2022-01-24,COM DATA
4780,3164,BOLETO,5,SEM BANDEIRA,11941.8,PENDENTE,2024-04-22,COM DATA
4781,9787,DINHEIRO,3,SEM BANDEIRA,13388.86,PAGO,2022-01-09,COM DATA
4784,9264,BOLETO,2,SEM BANDEIRA,14169.61,ESTORNADO,2022-03-18,COM DATA
4786,7166,PIX,5,SEM BANDEIRA,12270.91,PENDENTE,2025-01-03,COM DATA
4789,5906,PIX,8,SEM BANDEIRA,14999.95,PAGO,2022-01-15,COM DATA
4790,9511,CARTÃO,11,AMERICAN EXPRESS,3171.91,PAGO,2023-05-14,COM DATA
4793,6481,DINHEIRO,9,SEM BANDEIRA,417.51,Pendente,2024-12-27,COM DATA
4795,7769,DINHEIRO,11,SEM BANDEIRA,8494.65,ESTORNADO,2023-07-25,COM DATA
4796,481,BOLETO,12,SEM BANDEIRA,4370.79,PAGO,2023-12-16,COM DATA
4798,298,PIX,4,SEM BANDEIRA,10067.36,ESTORNADO,2024-12-19,COM DATA
4800,1245,BOLETO,7,SEM BANDEIRA,8145.66,PAGO,2022-04-24,COM DATA
4801,1973,CARTÃO,7,MASTERCARD,6373.23,Estornado,2022-03-05,COM DATA
4802,2931,BOLETO,12,SEM BANDEIRA,13654.05,PENDENTE,2024-12-04,COM DATA
4803,7792,CARTÃO,0,VISA,10906.2,ESTORNADO,2023-06-12,COM DATA
4804,4909,DINHEIRO,4,SEM BANDEIRA,0.0,PAGO,2025-03-24,COM DATA
4807,7533,CARTÃO,4,HIPERCARD,7952.16,ESTORNADO,2023-11-24,COM DATA
4808,9152,PIX,6,SEM BANDEIRA,13390.0,PAGO,2025-03-30,COM DATA
4809,7410,PIX,5,SEM BANDEIRA,3331.47,PAGO,2024-10-29,COM DATA
4810,9987,DINHEIRO,11,SEM BANDEIRA,7367.205,Pago,2024-04-18,COM DATA
4817,4741,BOLETO,0,SEM BANDEIRA,6981.15,ESTORNADO,2022-08-23,COM DATA
4818,5556,PIX,3,SEM BANDEIRA,11580.21,PAGO,2023-05-12,COM DATA
4820,6238,CARTÃO,11,MASTERCARD,7367.205,PENDENTE,2023-12-05,COM DATA
4822,9795,CARTÃO,1,VISA,11922.61,PENDENTE,2023-08-04,COM DATA
4824,1742,CARTÃO,6,HIPERCARD,8100.51,PENDENTE,2023-04-11,COM DATA
4825,6698,PIX,12,SEM BANDEIRA,1944.31,PENDENTE,2023-07-02,COM DATA
4826,1738,BOLETO,2,SEM BANDEIRA,7367.205,PENDENTE,2022-12-02,COM DATA
4830,3198,BOLETO,7,SEM BANDEIRA,5991.03,ESTORNADO,2023-01-18,COM DATA
4831,4928,BOLETO,6,SEM BANDEIRA,9915.68,PAGO,2025-01-08,COM DATA
4832,8877,DINHEIRO,0,SEM BANDEIRA,1208.25,Estornado,,SEM DATA
4834,8694,DINHEIRO,8,SEM BANDEIRA,3029.4,PENDENTE,2022-01-30,COM DATA
4835,6566,PIX,6,SEM BANDEIRA,6304.08,PAGO,2024-02-19,COM DATA
4837,1539,DINHEIRO,2,SEM BANDEIRA,514.65,PAGO,2022-10-16,COM DATA
4838,631,PIX,5,SEM BANDEIRA,10927.72,ESTORNADO,2023-07-06,COM DATA
4840,244,BOLETO,1,SEM BANDEIRA,10615.39,ESTORNADO,2025-01-05,COM DATA
4841,902,CARTÃO,11,MASTERCARD,9477.99,PAGO,2022-07-24,COM DATA
4842,1470,DINHEIRO,1,SEM BANDEIRA,9169.15,ESTORNADO,2024-06-11,COM DATA
4843,6363,PIX,0,SEM BANDEIRA,8160.01,PENDENTE,2023-10-27,COM DATA
4844,2014,CARTÃO,8,HIPERCARD,12095.28,PENDENTE,,SEM DATA
4845,2110,CANCELADO,2,SEM BANDEIRA,6151.84,ESTORNADO,2025-01-10,COM DATA
4847,4981,CARTÃO,7,AMERICAN EXPRESS,14421.52,ESTORNADO,,SEM DATA
4848,9137,PIX,0,HIPERCARD,12090.52,PAGO,2025-03-04,COM DATA
4850,331,CARTÃO,0,VISA,14883.56,PENDENTE,2022-09-20,COM DATA
4851,4092,BOLETO,5,SEM BANDEIRA,790.59,PENDENTE,2022-09-25,COM DATA
4853,7121,DINHEIRO,5,SEM BANDEIRA,7284.09,PAGO,2023-11-30,COM DATA
4854,5383,DINHEIRO,10,SEM BANDEIRA,7859.77,PAGO,2023-04-20,COM DATA
4856,5446,DINHEIRO,9,SEM BANDEIRA,3460.84,PENDENTE,2023-03-20,COM DATA
4857,2801,CARTÃO,0,HIPERCARD,2321.54,PAGO,2022-11-04,COM DATA
4859,7629,PIX,9,SEM BANDEIRA,7974.2,PAGO,2024-11-28,COM DATA
4860,7002,PIX,-1,SEM BANDEIRA,7367.205,PAGO,2023-09-27,COM DATA
4861,2990,BOLETO,10,SEM BANDEIRA,8226.29,PENDENTE,2023-10-21,COM DATA
4862,1673,BOLETO,4,SEM BANDEIRA,573.33,ESTORNADO,2023-12-27,COM DATA
4863,719,BOLETO,0,SEM BANDEIRA,3375.68,ESTORNADO,2024-09-11,COM DATA
4865,1829,CARTÃO,8,VISA,2582.56,PENDENTE,2024-07-11,COM DATA
4869,9948,PIX,0,SEM BANDEIRA,7671.43,ESTORNADO,2023-05-22,COM DATA
4870,6767,CARTÃO,3,MASTERCARD,9057.29,PAGO,2023-06-28,COM DATA
4871,1000,BOLETO,2,SEM BANDEIRA,7863.86,PENDENTE,2024-10-20,COM DATA
4872,9588,DINHEIRO,3,SEM BANDEIRA,7367.205,PAGO,2022-11-24,COM DATA
4875,5404,DINHEIRO,4,SEM BANDEIRA,7367.205,PENDENTE,2022-01-22,COM DATA
4876,6060,CARTÃO,-1,ELO,10692.41,PAGO,2024-01-29,COM DATA
4877,2417,DINHEIRO,8,SEM BANDEIRA,13704.35,PENDENTE,2022-06-02,COM DATA
4882,3490,PIX,9,SEM BANDEIRA,2773.88,PENDENTE,2023-11-15,COM DATA
4883,6794,PIX,3,SEM BANDEIRA,0.0,PENDENTE,2024-07-31,COM DATA
4884,4794,BOLETO,8,SEM BANDEIRA,12083.59,ESTORNADO,2023-10-17,COM DATA
4885,659,BOLETO,8,SEM BANDEIRA,7367.205,PENDENTE,,SEM DATA
4886,6110,DINHEIRO,7,SEM BANDEIRA,7733.12,PAGO,2024-05-14,COM DATA
4887,1925,BOLETO,8,SEM BANDEIRA,4194.93,PAGO,2022-11-14,COM DATA
4888,8157,CARTÃO,3,SEM BANDEIRA,3839.3,PAGO,2023-08-29,COM DATA
4890,560,PIX,7,SEM BANDEIRA,880.09,PAGO,2025-03-16,COM DATA
4891,5014,DINHEIRO,11,SEM BANDEIRA,7799.63,PENDENTE,2025-03-24,COM DATA
4892,3225,CARTÃO,10,AMERICAN EXPRESS,10129.09,PAGO,2024-04-27,COM DATA
4894,6529,PIX,3,SEM BANDEIRA,11269.92,PENDENTE,2023-05-26,COM DATA
4896,1816,PIX,11,SEM BANDEIRA,14924.04,PAGO,2024-11-10,COM DATA
4899,8732,CARTÃO,0,VISA,7367.205,PAGO,2023-03-09,COM DATA
4900,1838,CARTÃO,5,HIPERCARD,11213.43,PENDENTE,2025-04-02,COM DATA
4901,1365,DINHEIRO,11,SEM BANDEIRA,11664.49,ESTORNADO,2022-06-14,COM DATA
4902,2223,DINHEIRO,9,SEM BANDEIRA,12325.85,PENDENTE,2023-01-09,COM DATA
4903,6982,CARTÃO,6,ELO,6607.0,PENDENTE,2025-01-01,COM DATA
4904,3266,PIX,5,SEM BANDEIRA,0.0,ESTORNADO,2022-01-18,COM DATA
4909,355,CARTÃO,0,MASTERCARD,7367.205,ESTORNADO,2024-07-29,COM DATA
4911,3133,BOLETO,2,SEM BANDEIRA,10271.16,PAGO,2023-01-24,COM DATA
4915,7802,PIX,3,SEM BANDEIRA,7410.77,PENDENTE,2022-11-12,COM DATA
4916,7438,CARTÃO,7,SEM BANDEIRA,5117.07,PAGO,2022-11-17,COM DATA
4921,4699,BOLETO,7,SEM BANDEIRA,0.0,ESTORNADO,2024-10-30,COM DATA
4923,3448,PIX,5,SEM BANDEIRA,7367.205,ESTORNADO,2022-05-18,COM DATA
4925,3448,DINHEIRO,6,SEM BANDEIRA,5600.48,PENDENTE,2024-03-27,COM DATA
4926,4825,DINHEIRO,6,SEM BANDEIRA,9823.91,ESTORNADO,2024-05-22,COM DATA
4927,2926,DINHEIRO,-5,SEM BANDEIRA,2148.99,Pago,2023-02-28,COM DATA
4928,1934,DINHEIRO,-5,SEM BANDEIRA,7367.205,PAGO ,2023-05-17,COM DATA
4931,4853,CARTÃO,7,SEM BANDEIRA,3752.64,PAGO,,SEM DATA
4932,6042,PIX,7,SEM BANDEIRA,13811.92,PAGO,2023-07-26,COM DATA
4933,6847,PIX,8,SEM BANDEIRA,13166.08,PENDENTE,2022-11-03,COM DATA
4934,8169,BOLETO,8,SEM BANDEIRA,299.88,ESTORNADO,2023-01-30,COM DATA
4936,9248,DINHEIRO,8,SEM BANDEIRA,3356.71,PENDENTE,2023-05-28,COM DATA
4937,5545,DINHEIRO,1,SEM BANDEIRA,12584.31,ESTORNADO,2022-11-07,COM DATA
4939,3651,CARTÃO,12,HIPERCARD,8365.11,ESTORNADO,2025-03-27,COM DATA
4943,2400,BOLETO,9,SEM BANDEIRA,9181.32,PENDENTE,,SEM DATA
4944,76,PIX,5,SEM BANDEIRA,5970.87,PENDENTE,2022-10-07,COM DATA
4950,9891,PIX,7,SEM BANDEIRA,7895.87,ESTORNADO,2023-10-04,COM DATA
4951,695,BOLETO,12,SEM BANDEIRA,3182.81,PENDENTE,2022-09-02,COM DATA
4955,1564,DINHEIRO,1,SEM BANDEIRA,13877.39,PAGO,2024-01-13,COM DATA
4956,6892,PIX,3,SEM BANDEIRA,13196.29,ESTORNADO,2023-08-17,COM DATA
4961,8904,PIX,9,SEM BANDEIRA,7367.205,PENDENTE,2022-10-12,COM DATA
4962,3344,CARTÃO,1,ELO,7367.205,PENDENTE,2023-08-31,COM DATA
4965,6824,BOLETO,4,SEM BANDEIRA,13132.56,ESTORNADO,2024-06-27,COM DATA
4967,501,CARTÃO,4,VISA,3827.27,PENDENTE,2023-12-15,COM DATA
4968,2878,PIX,10,SEM BANDEIRA,4089.31,ESTORNADO,2025-01-09,COM DATA
4969,3168,DINHEIRO,8,SEM BANDEIRA,12862.28,PAGO,,SEM DATA
4970,7846,CARTÃO,11,SEM BANDEIRA,289.67,ESTORNADO,2022-10-12,COM DATA
4971,6801,CARTÃO,3,SEM BANDEIRA,977.87,PENDENTE,2023-03-18,COM DATA
4973,4715,DINHEIRO,0,SEM BANDEIRA,9861.72,ESTORNADO,2025-02-24,COM DATA
4975,1786,CARTÃO,3,ELO,13221.41,PAGO,2024-10-16,COM DATA
4976,396,CARTÃO,7,VISA,209.73,PENDENTE,2023-06-26,COM DATA
4978,3436,CARTÃO,3,SEM BANDEIRA,10974.17,PAGO ,2024-01-10,COM DATA
4979,6628,CARTÃO,7,HIPERCARD,7367.205,PENDENTE,2023-01-16,COM DATA
4980,4541,BOLETO,1,SEM BANDEIRA,7367.205,PENDENTE,2023-02-22,COM DATA
4981,9505,PIX,5,SEM BANDEIRA,4676.15,ESTORNADO,2022-03-23,COM DATA
4982,3075,CARTÃO,1,HIPERCARD,13310.71,PENDENTE,2022-10-28,COM DATA
4983,8676,CARTÃO,5,SEM BANDEIRA,13539.07,PENDENTE,2023-01-29,COM DATA
4984,7809,CARTÃO,6,AMERICAN EXPRESS,1553.68,PAGO,2024-12-29,COM DATA
4985,6020,BOLETO,4,SEM BANDEIRA,8977.92,PENDENTE,2022-06-07,COM DATA
4986,1311,PIX,12,SEM BANDEIRA,5540.58,ESTORNADO,2023-09-19,COM DATA
4987,2692,CARTÃO,7,ELO,4776.56,ESTORNADO,2024-10-06,COM DATA
4988,6166,PIX,2,SEM BANDEIRA,7367.205,PENDENTE,2024-11-15,COM DATA
4989,6166,CARTÃO,8,HIPERCARD,485.49,PAGO,2024-08-05,COM DATA
4991,9598,PIX,2,SEM BANDEIRA,8156.82,ESTORNADO,2022-03-18,COM DATA
4992,1816,CARTÃO,11,HIPERCARD,4516.5,PAGO,2023-05-09,COM DATA
4994,8476,PIX,7,SEM BANDEIRA,1297.04,PENDENTE,2023-08-06,COM DATA
4996,9618,CARTÃO,0,SEM BANDEIRA,3039.58,ESTORNADO,2025-01-15,COM DATA
4998,5840,PIX,6,SEM BANDEIRA,2386.14,Pagoo,2022-12-24,COM DATA
4999,1302,PIX,2,SEM BANDEIRA,12489.04,Estornado,2024-01-22,COM DATA
5001,7069,CARTÃO,1,MASTERCARD,7271.04,ESTORNADO,2022-12-28,COM DATA
5004,4715,CARTÃO,11,MASTERCARD,2608.48,ESTORNADO,2022-03-22,COM DATA
5008,4155,BOLETO,-5,SEM BANDEIRA,4502.65,ESTORNADO,2024-02-11,COM DATA
5009,266,DINHEIRO,4,SEM BANDEIRA,12218.71,PENDENTE,2023-08-27,COM DATA
5010,9452,PIX,5,SEM BANDEIRA,11230.51,PAGO,2022-11-07,COM DATA
5011,7497,CARTÃO,4,ELO,8313.86,PENDENTE,2024-08-08,COM DATA
5012,3221,CARTÃO,2,SEM BANDEIRA,9582.55,ESTORNADO,2022-12-14,COM DATA
5014,5018,CARTÃO,2,AMERICAN EXPRESS,7276.17,PAGO,2022-10-19,COM DATA
5015,4803,BOLETO,12,SEM BANDEIRA,12077.98,ESTORNADO,2022-01-08,COM DATA
5018,9333,CARTÃO,4,MASTERCARD,2969.82,ESTORNADO,2022-04-10,COM DATA
5019,6806,PIX,7,SEM BANDEIRA,7367.205,ESTORNADO,2025-02-08,COM DATA
5021,3710,DINHEIRO,11,SEM BANDEIRA,3398.29,PENDENTE,,SEM DATA
5022,3520,CARTÃO,7,HIPERCARD,12894.57,PAGO,2022-07-27,COM DATA
5024,1799,DINHEIRO,5,SEM BANDEIRA,11027.25,PENDENTE,2024-04-02,COM DATA
5026,1220,PIX,10,SEM BANDEIRA,7367.205,ESTORNADO,2022-06-27,COM DATA
5027,6074,DINHEIRO,0,SEM BANDEIRA,7367.205,ESTORNADO,2024-05-27,COM DATA
5028,5364,PIX,11,SEM BANDEIRA,8143.58,PENDENTE,,SEM DATA
5032,4612,CARTÃO,9,SEM BANDEIRA,11557.02,ESTORNADO,2023-04-07,COM DATA
5035,8711,BOLETO,1,SEM BANDEIRA,14677.0,PENDENTE,2025-03-12,COM DATA
5038,9686,PIX,4,SEM BANDEIRA,13533.1,PENDENTE,2023-05-19,COM DATA
5042,5171,PIX,11,SEM BANDEIRA,6915.45,CANCELADO,2024-09-16,COM DATA
5043,1257,PIX,10,SEM BANDEIRA,5921.83,PENDENTE,,SEM DATA
5044,9337,BOLETO,6,SEM BANDEIRA,1278.34,PENDENTE,2024-04-20,COM DATA
5045,9180,PIX,3,SEM BANDEIRA,8359.08,ESTORNADO,2023-12-04,COM DATA
5047,3516,PIX,9,SEM BANDEIRA,4928.05,PENDENTE,2024-09-18,COM DATA
5048,9123,DINHEIRO,12,SEM BANDEIRA,13626.14,ESTORNADO,2025-04-04,COM DATA
5052,520,CARTÃO,8,ELO,1935.9,PAGO,2022-02-10,COM DATA
5059,5067,DINHEIRO,3,SEM BANDEIRA,13603.22,PENDENTE,2024-03-26,COM DATA
5060,9215,CARTAO,12,SEM BANDEIRA,2838.39,PAGO,2022-01-12,COM DATA
5061,4023,DINHEIRO,7,SEM BANDEIRA,7963.32,ESTORNADO,2024-03-17,COM DATA
5062,4209,CARTÃO,12,HIPERCARD,7367.205,ESTORNADO,2024-12-03,COM DATA
5063,7298,DINHEIRO,4,SEM BANDEIRA,14998.38,PAGO,2023-07-06,COM DATA
5064,7741,BOLETO,-1,SEM BANDEIRA,5977.5,PENDENTE,2022-01-02,COM DATA
5065,4794,DINHEIRO,6,SEM BANDEIRA,2008.29,ESTORNADO,2023-03-13,COM DATA
5071,7463,PIX,-5,SEM BANDEIRA,11179.88,ESTORNADO,,SEM DATA
5075,428,PIX,0,SEM BANDEIRA,7056.53,ESTORNADO,2024-04-04,COM DATA
5076,5296,DINHEIRO,9,SEM BANDEIRA,7367.205,PENDENTE,2024-05-30,COM DATA
5077,684,CARTÃO,3,SEM BANDEIRA,14834.12,ESTORNADO,,SEM DATA
5079,5671,DINHEIRO,9,SEM BANDEIRA,7736.67,ESTORNADO,2024-06-05,COM DATA
5080,5431,BOLETO,10,SEM BANDEIRA,7367.205,PENDENTE,2023-11-22,COM DATA
5081,3116,CARTÃO,10,AMERICAN EXPRESS,1246.69,ESTORNADO,2022-10-10,COM DATA
5083,5738,BOLETO,4,SEM BANDEIRA,2979.25,PAGO,2023-08-07,COM DATA
5085,2386,CARTÃO,2,MASTERCARD,3411.4,ESTORNADO,2022-06-06,COM DATA
5086,1534,BOLETO,4,SEM BANDEIRA,7367.205,ESTORNADO,2024-03-02,COM DATA
5088,474,PIX,12,SEM BANDEIRA,11141.6,PAGO,2024-08-05,COM DATA
5089,9550,DINHEIRO,7,SEM BANDEIRA,7367.205,Pagoo,2022-08-20,COM DATA
5090,8055,CANCELADO,2,SEM BANDEIRA,8175.35,PENDENTE,2023-01-06,COM DATA
5091,2109,DINHEIRO,-1,SEM BANDEIRA,6280.8,PENDENTE,2023-02-23,COM DATA
5093,1338,DINHEIRO,10,SEM BANDEIRA,5396.16,ESTORNADO,,SEM DATA
5095,7723,BOLETO,7,SEM BANDEIRA,8821.5,PENDENTE,2023-09-13,COM DATA
5096,5262,DINHEIRO,8,SEM BANDEIRA,523.55,ESTORNADO,2024-01-01,COM DATA
5097,4987,PIX,7,SEM BANDEIRA,14893.68,PENDENTE,2024-06-22,COM DATA
5100,5757,CARTÃO,5,VISA,11895.66,ESTORNADO,2024-10-06,COM DATA
5101,6144,DINHEIRO,11,SEM BANDEIRA,2462.82,PAGO,2024-11-13,COM DATA
5102,3014,DINHEIRO,11,SEM BANDEIRA,13905.72,PAGO,,SEM DATA
5103,7121,PIX,6,SEM BANDEIRA,7367.205,PENDENTE,2022-04-19,COM DATA
5104,125,PIX,10,SEM BANDEIRA,5578.84,PENDENTE,2022-05-27,COM DATA
5105,2244,BOLETO,-1,SEM BANDEIRA,1659.38,PAGO,2024-09-09,COM DATA
5106,8109,DINHEIRO,4,SEM BANDEIRA,14083.98,ESTORNADO,2023-09-25,COM DATA
5111,784,PIX,12,AMERICAN EXPRESS,1286.65,ESTORNADO,2023-06-11,COM DATA
5113,1662,PIX,12,SEM BANDEIRA,11378.5,ESTORNADO,2022-04-23,COM DATA
5114,3230,CARTÃO,8,VISA,14411.5,ESTORNADO,,SEM DATA
5115,5093,BOLETO,0,SEM BANDEIRA,2586.61,PENDENTE,2024-10-28,COM DATA
5116,1993,PIX,1,SEM BANDEIRA,10590.8,PAGO,2024-01-29,COM DATA
5118,8481,PIX,9,SEM BANDEIRA,6522.55,PENDENTE,2024-03-02,COM DATA
5119,1194,DINHEIRO,9,SEM BANDEIRA,7367.205,PENDENTE,2023-08-28,COM DATA
5120,7714,PIX,8,SEM BANDEIRA,8461.63,PAGO,2022-07-05,COM DATA
5121,8747,BOLETO,6,SEM BANDEIRA,0.0,PAGO,2022-01-02,COM DATA
5123,8483,PIX,4,SEM BANDEIRA,11412.89,ESTORNADO,2024-07-04,COM DATA
5124,4320,CARTÃO,5,SEM BANDEIRA,3538.17,PAGO,2022-07-29,COM DATA
5125,9882,DINHEIRO,10,SEM BANDEIRA,5870.3,ESTORNADO,2023-03-10,COM DATA
5126,7648,BOLETO,3,SEM BANDEIRA,3056.8,ESTORNADO,2024-06-26,COM DATA
5129,7726,BOLETO,2,SEM BANDEIRA,3247.72,PAGO,2024-11-14,COM DATA
5131,1326,CARTÃO,10,HIPERCARD,14541.12,ESTORNADO,2024-02-22,COM DATA
5132,4977,CARTÃO,9,HIPERCARD,2657.5,PENDENTE,2022-10-18,COM DATA
5133,7998,DINHEIRO,9,SEM BANDEIRA,8473.54,PAGO,2025-01-18,COM DATA
5134,4011,BOLETO,5,SEM BANDEIRA,8250.5,ESTORNADO,2022-11-30,COM DATA
5135,7098,CARTÃO,10,ELO,1927.14,ESTORNADO,2023-11-23,COM DATA
5136,8350,BOLETO,-1,SEM BANDEIRA,14311.88,PAGO,2022-04-07,COM DATA
5137,7626,CARTÃO,2,SEM BANDEIRA,7367.205,PAGO,2023-06-05,COM DATA
5138,3879,DINHEIRO,6,SEM BANDEIRA,7367.205,PENDENTE,2025-03-21,COM DATA
5139,8665,DINHEIRO,5,SEM BANDEIRA,10854.04,PENDENTE,,SEM DATA
5142,5493,CARTÃO,9,AMERICAN EXPRESS,9774.88,PAGO,2024-09-05,COM DATA
5145,5704,PIX,6,SEM BANDEIRA,2019.94,PAGO,2024-08-15,COM DATA
5146,6843,BOLETO,3,SEM BANDEIRA,4005.41,ESTORNADO,2022-11-06,COM DATA
5147,3856,CARTÃO,6,HIPERCARD,8186.09,PAGO,2023-04-06,COM DATA
5148,6490,PIX,3,SEM BANDEIRA,11452.06,PAGO,,SEM DATA
5150,8646,PIX,4,SEM BANDEIRA,12443.34,ESTORNADO,2024-01-12,COM DATA
5151,6044,CARTÃO,4,MASTERCARD,7367.205,PENDENTE,2022-10-31,COM DATA
5154,6616,CARTÃO,3,MASTERCARD,11108.75,PENDENTE,2024-04-23,COM DATA
5155,2053,DINHEIRO,7,SEM BANDEIRA,3738.09,PENDENTE,2023-04-19,COM DATA
5156,4834,CARTÃO,4,HIPERCARD,4760.88,PENDENTE,,SEM DATA
5158,3706,PIX,9,VISA,8298.42,PAGO,2024-01-28,COM DATA
5159,6856,PIX,-5,SEM BANDEIRA,4756.09,ESTORNADO,2024-04-07,COM DATA
5160,5658,PIX,5,SEM BANDEIRA,9909.29,PENDENTE,2022-03-25,COM DATA
5161,3011,BOLETO,5,SEM BANDEIRA,9567.38,PENDENTE,2024-12-22,COM DATA
5162,5858,CARTÃO,10,AMERICAN EXPRESS,5787.64,PENDENTE,2022-09-07,COM DATA
5163,6109,PIX,7,SEM BANDEIRA,1588.55,ESTORNADO,2024-12-11,COM DATA
5164,5085,DINHEIRO,11,SEM BANDEIRA,8867.11,Pendente,2024-07-02,COM DATA
5165,2870,CARTÃO,12,SEM BANDEIRA,9194.83,PAGO,2023-12-22,COM DATA
5166,5683,CARTÃO,3,HIPERCARD,0.0,ESTORNADO,2024-02-22,COM DATA
5167,7748,DINHEIRO,7,SEM BANDEIRA,10232.78,ESTORNADO,,SEM DATA
5168,9333,BOLETO,6,SEM BANDEIRA,5426.75,PENDENTE,2022-01-27,COM DATA
5170,5884,BOLETO,11,SEM BANDEIRA,4339.52,ESTORNADO,2024-10-10,COM DATA
5171,826,DINHEIRO,2,SEM BANDEIRA,10244.75,ESTORNADO,2023-05-26,COM DATA
5173,8641,DINHEIRO,5,SEM BANDEIRA,13402.35,ESTORNADO,,SEM DATA
5174,20,BOLETO,10,SEM BANDEIRA,10289.94,ESTORNADO,2023-10-17,COM DATA
5175,9650,CARTÃO,3,AMERICAN EXPRESS,1698.28,PENDENTE,2023-02-21,COM DATA
5176,6423,BOLETO,4,SEM BANDEIRA,7048.08,PENDENTE,2022-11-30,COM DATA
5177,4700,DINHEIRO,1,SEM BANDEIRA,3658.63,ESTORNADO,2025-02-06,COM DATA
5178,8263,CARTÃO,2,AMERICAN EXPRESS,6831.43,PENDENTE,2022-10-14,COM DATA
5180,8051,BOLETO,1,SEM BANDEIRA,14437.07,PENDENTE,2023-07-28,COM DATA
5182,7571,DINHEIRO,12,SEM BANDEIRA,8576.66,ESTORNADO,2024-07-18,COM DATA
5183,3136,BOLETO,-5,SEM BANDEIRA,6877.54,PAGO ,2023-06-27,COM DATA
5185,1718,CARTÃO,6,SEM BANDEIRA,11746.8,PENDENTE,2022-11-17,COM DATA
5187,5045,DINHEIRO,0,SEM BANDEIRA,1964.03,Pendente,2024-05-23,COM DATA
5188,7269,BOLETO,10,SEM BANDEIRA,13871.32,PENDENTE,2023-10-18,COM DATA
5191,8598,PIX,2,SEM BANDEIRA,7919.74,PAGO,2024-12-16,COM DATA
5192,5493,PIX,4,SEM BANDEIRA,12957.47,PENDENTE,2024-12-12,COM DATA
5194,3395,PIX,12,SEM BANDEIRA,7396.34,ESTORNADO,2023-06-03,COM DATA
5197,8312,PIX,9,SEM BANDEIRA,1831.87,PENDENTE,2023-10-11,COM DATA
5199,5221,DINHEIRO,0,SEM BANDEIRA,2479.27,PENDENTE,2022-04-18,COM DATA
5201,7718,DINHEIRO,-1,SEM BANDEIRA,9337.74,PAGO,2022-12-11,COM DATA
5203,6,CANCELADO,9,SEM BANDEIRA,12052.03,PAGO,2023-07-21,COM DATA
5205,6994,CARTÃO,2,SEM BANDEIRA,5268.79,ESTORNADO,2023-09-21,COM DATA
5207,3906,BOLETO,10,SEM BANDEIRA,8936.22,PAGO,2023-01-18,COM DATA
5212,9471,CARTÃO,8,SEM BANDEIRA,1266.86,PAGO,2023-06-23,COM DATA
5213,8508,DINHEIRO,6,SEM BANDEIRA,7367.205,PAGO,2022-10-14,COM DATA
5215,4681,BOLETO,12,SEM BANDEIRA,12349.49,PENDENTE,2023-04-14,COM DATA
5216,8229,DINHEIRO,1,SEM BANDEIRA,1585.31,ESTORNADO,2024-11-26,COM DATA
5217,5832,DINHEIRO,8,SEM BANDEIRA,7367.205,ESTORNADO,2023-08-16,COM DATA
5218,7414,DINHEIRO,9,SEM BANDEIRA,13611.79,PAGO,2022-06-10,COM DATA
5219,3411,BOLETO,12,SEM BANDEIRA,12744.95,PENDENTE,,SEM DATA
5221,4967,PIX,4,SEM BANDEIRA,14058.56,PAGO,2025-04-01,COM DATA
5223,3,CARTÃO,-5,VISA,14825.16,PAGO,2022-02-02,COM DATA
5224,2038,PIX,6,SEM BANDEIRA,923.77,PAGO,2023-12-28,COM DATA
5227,782,BOLETO,6,SEM BANDEIRA,2656.55,ESTORNADO,2024-09-15,COM DATA
5229,3807,DINHEIRO,9,SEM BANDEIRA,2983.88,ESTORNADO,2024-07-09,COM DATA
5231,6172,CARTÃO,6,HIPERCARD,9641.13,PENDENTE,2023-09-07,COM DATA
5232,5939,CARTÃO,12,MASTERCARD,12427.43,PENDENTE,2023-12-08,COM DATA
5234,2346,BOLETO,6,SEM BANDEIRA,8864.39,PENDENTE,2024-11-03,COM DATA
5235,9399,PIX,11,SEM BANDEIRA,1395.01,PAGO,2024-01-12,COM DATA
5237,7492,BOLETO,5,SEM BANDEIRA,7367.205,ESTORNADO,2023-10-30,COM DATA
5238,8755,CARTÃO,11,SEM BANDEIRA,11997.38,ESTORNADO,2025-02-03,COM DATA
5239,2477,PIX,2,SEM BANDEIRA,9133.71,PENDENTE,2022-08-31,COM DATA
5240,4825,DINHEIRO,7,SEM BANDEIRA,2522.0,PENDENTE,2022-01-01,COM DATA
5242,3293,BOLETO,11,SEM BANDEIRA,3165.54,PENDENTE,2022-05-06,COM DATA
5243,8763,PIX,7,SEM BANDEIRA,5887.75,PENDENTE,,SEM DATA
5244,9646,PIX,11,SEM BANDEIRA,1370.32,PENDENTE,,SEM DATA
5245,5590,CARTÃO,12,SEM BANDEIRA,12601.91,ESTORNADO,2022-03-25,COM DATA
5246,7886,DINHEIRO,1,SEM BANDEIRA,1944.58,PAGO,2023-01-05,COM DATA
5247,2172,PIX,9,SEM BANDEIRA,9038.08,ESTORNADO,2025-03-14,COM DATA
5249,7193,BOLETO,4,SEM BANDEIRA,4486.88,PENDENTE,2024-05-16,COM DATA
5250,3248,CARTÃO,2,AMERICAN EXPRESS,1801.99,PENDENTE,2023-02-08,COM DATA
5252,8847,DINHEIRO,1,SEM BANDEIRA,11026.55,PENDENTE,,SEM DATA
5253,224,DINHEIRO,9,SEM BANDEIRA,13384.32,Pagoo,2022-12-24,COM DATA
5254,3901,BOLETO,12,SEM BANDEIRA,10776.53,PENDENTE,2022-05-16,COM DATA
5255,4697,BOLETO,4,SEM BANDEIRA,7889.15,PENDENTE,2022-12-07,COM DATA
5256,8009,BOLETO,7,SEM BANDEIRA,286.92,PAGO,2022-08-04,COM DATA
5258,2511,CARTÃO,11,HIPERCARD,8226.51,PAGO,2024-03-24,COM DATA
5259,9030,DINHEIRO,9,SEM BANDEIRA,0.0,ESTORNADO,2024-05-03,COM DATA
5260,563,CARTÃO,5,ELO,8869.12,PAGO,2022-01-20,COM DATA
5262,7191,PIX,5,SEM BANDEIRA,6412.8,ESTORNADO,2022-10-18,COM DATA
5263,8111,BOLETO,3,SEM BANDEIRA,14950.73,PAGO,2024-09-13,COM DATA
5264,5723,PIX,8,SEM BANDEIRA,14223.23,Pendente,2024-06-17,COM DATA
5266,4379,DINHEIRO,7,SEM BANDEIRA,12641.54,PAGO,2024-03-23,COM DATA
5267,3293,PIX,7,SEM BANDEIRA,12265.72,PENDENTE,2023-11-03,COM DATA
5268,4253,CARTÃO,0,VISA,10067.72,PENDENTE,2022-05-11,COM DATA
5269,4477,BOLETO,6,SEM BANDEIRA,6465.83,ESTORNADO,2023-03-10,COM DATA
5271,823,DINHEIRO,9,SEM BANDEIRA,1162.59,PAGO,2025-01-17,COM DATA
5273,8724,PIX,12,SEM BANDEIRA,13339.96,PAGO,2022-05-21,COM DATA
5276,3924,BOLETO,11,SEM BANDEIRA,5159.03,ESTORNADO,2024-05-23,COM DATA
5277,2817,DINHEIRO,11,SEM BANDEIRA,13169.99,ESTORNADO,2024-05-19,COM DATA
5278,7644,BOLETO,4,SEM BANDEIRA,6202.99,PAGO,2022-05-04,COM DATA
5279,7938,BOLETO,7,SEM BANDEIRA,7367.205,ESTORNADO,2023-10-09,COM DATA
5280,1314,BOLETO,12,SEM BANDEIRA,8302.48,PAGO,2023-10-27,COM DATA
5281,1428,DINHEIRO,1,SEM BANDEIRA,14205.95,PENDENTE,2024-07-21,COM DATA
5282,2064,DINHEIRO,4,SEM BANDEIRA,10698.18,ESTORNADO,2024-02-13,COM DATA
5283,7290,PIX,0,SEM BANDEIRA,770.63,ESTORNADO,2024-04-09,COM DATA
5284,6166,BOLETO,-1,SEM BANDEIRA,2422.0,ESTORNADO,,SEM DATA
5285,6346,DINHEIRO,8,SEM BANDEIRA,9977.94,ESTORNADO,2024-05-25,COM DATA
5286,8604,CARTÃO,10,SEM BANDEIRA,8252.41,ESTORNADO,2022-04-27,COM DATA
5291,2955,BOLETO,11,SEM BANDEIRA,4178.94,PAGO,2023-10-15,COM DATA
5292,2604,BOLETO,5,SEM BANDEIRA,8382.51,ESTORNADO,2022-03-05,COM DATA
5294,1640,BOLETO,10,ELO,10134.72,PAGO,2023-04-25,COM DATA
5296,865,DINHEIRO,0,SEM BANDEIRA,3268.26,PENDENTE,2022-06-02,COM DATA
5297,5826,CARTÃO,1,HIPERCARD,7798.26,PENDENTE,2024-05-27,COM DATA
5298,1718,PIX,4,SEM BANDEIRA,14134.24,PAGO,2024-05-06,COM DATA
5302,9064,PIX,9,SEM BANDEIRA,13400.31,ESTORNADO,2024-08-27,COM DATA
5304,6596,BOLETO,7,SEM BANDEIRA,7367.205,PAGO,2023-03-17,COM DATA
5305,8735,PIX,11,SEM BANDEIRA,14673.73,PENDENTE,2023-01-08,COM DATA
5306,7651,PIX,0,SEM BANDEIRA,8185.69,PAGO,2025-03-29,COM DATA
5310,5791,CARTÃO,0,VISA,7367.205,ESTORNADO,2025-02-01,COM DATA
5312,3225,PIX,7,SEM BANDEIRA,5437.42,PENDENTE,2023-09-21,COM DATA
5315,8702,DINHEIRO,9,SEM BANDEIRA,7367.205,PENDENTE,2023-07-04,COM DATA
5318,7488,BOLETO,8,SEM BANDEIRA,3643.9,Pendente,2023-07-01,COM DATA
5319,9222,DINHEIRO,4,SEM BANDEIRA,3010.68,Estornado,2022-04-18,COM DATA
5320,4435,DINHEIRO,2,SEM BANDEIRA,3203.32,PENDENTE,2024-08-11,COM DATA
5321,3801,PIX,0,SEM BANDEIRA,10014.42,PAGO,2024-10-11,COM DATA
5322,5317,PIX,2,SEM BANDEIRA,10108.91,ESTORNADO,2022-05-30,COM DATA
5323,7270,BOLETO,2,SEM BANDEIRA,6034.26,PENDENTE,2022-11-17,COM DATA
5324,355,DINHEIRO,5,SEM BANDEIRA,8307.06,PENDENTE,2022-09-02,COM DATA
5325,9377,BOLETO,2,SEM BANDEIRA,13535.16,PAGO ,2023-01-02,COM DATA
5326,2949,BOLETO,2,SEM BANDEIRA,14150.95,PAGO,,SEM DATA
5327,4403,PIX,9,SEM BANDEIRA,8854.92,PENDENTE,2025-02-23,COM DATA
5329,5390,DINHEIRO,2,SEM BANDEIRA,9557.4,PAGO,,SEM DATA
5332,6232,DINHEIRO,10,SEM BANDEIRA,7367.205,PENDENTE,2023-12-26,COM DATA
5334,715,CARTÃO,9,HIPERCARD,8875.32,PAGO,2022-05-29,COM DATA
5335,6242,PIX,0,SEM BANDEIRA,13607.55,PAGO,2022-10-29,COM DATA
5336,9154,CARTÃO,12,MASTERCARD,11469.6,PAGO,2025-03-24,COM DATA
5337,9072,PIX,1,SEM BANDEIRA,9985.51,ESTORNADO,2025-02-03,COM DATA
5338,3444,CARTÃO,3,ELO,10027.14,PAGO,2023-10-01,COM DATA
5339,8571,PIX,6,SEM BANDEIRA,1081.02,PENDENTE,2024-04-18,COM DATA
5340,5763,PIX,5,SEM BANDEIRA,12899.94,ESTORNADO,2022-06-18,COM DATA
5341,7965,PIX,8,SEM BANDEIRA,6640.23,pago,2023-06-25,COM DATA
5343,6160,CARTÃO,10,SEM BANDEIRA,6098.23,ESTORNADO,2024-09-26,COM DATA
5344,8911,CARTÃO,-1,ELO,14434.02,PENDENTE,2022-08-22,COM DATA
5345,3831,DINHEIRO,4,SEM BANDEIRA,1213.43,PENDENTE,2023-07-20,COM DATA
5348,7512,BOLETO,0,SEM BANDEIRA,9547.13,CANCELADO,2022-01-26,COM DATA
5351,9501,CANCELADO,12,SEM BANDEIRA,2792.38,PAGO,2024-02-06,COM DATA
5354,6499,CARTÃO,2,VISA,7601.27,Pago,2024-05-15,COM DATA
5357,5931,DINHEIRO,6,SEM BANDEIRA,9868.59,ESTORNADO,2022-04-08,COM DATA
5360,6464,DINHEIRO,12,SEM BANDEIRA,7367.205,Pago,2023-04-23,COM DATA
5361,4450,CARTÃO,1,MASTERCARD,9917.26,ESTORNADO,2023-11-25,COM DATA
5362,8120,DINHEIRO,10,SEM BANDEIRA,14350.18,ESTORNADO,2023-07-16,COM DATA
5365,5175,CARTÃO,4,HIPERCARD,5650.03,PAGO,2025-01-01,COM DATA
5366,3777,DINHEIRO,12,SEM BANDEIRA,707.87,ESTORNADO,2022-06-03,COM DATA
5367,4414,BOLETO,0,SEM BANDEIRA,13901.56,ESTORNADO,2023-08-06,COM DATA
5368,501,CARTÃO,6,MASTERCARD,7367.205,ESTORNADO,2024-01-23,COM DATA
5369,5049,BOLETO,8,SEM BANDEIRA,13977.15,ESTORNADO,2024-04-21,COM DATA
5371,4724,PIX,6,SEM BANDEIRA,13601.88,PAGO,2024-05-20,COM DATA
5373,6441,DINHEIRO,-5,SEM BANDEIRA,384.22,PAGO,2022-01-10,COM DATA
5375,6407,PIX,8,SEM BANDEIRA,3785.64,PENDENTE,2023-09-26,COM DATA
5376,3026,PIX,12,SEM BANDEIRA,7995.96,PENDENTE,2025-03-14,COM DATA
5377,3757,DINHEIRO,5,SEM BANDEIRA,1560.61,ESTORNADO,2023-02-17,COM DATA
5379,4442,CARTÃO,8,SEM BANDEIRA,0.0,PAGO,2023-11-21,COM DATA
5386,398,DINHEIRO,0,SEM BANDEIRA,13247.15,PAGO,2024-10-22,COM DATA
5388,6000,DINHEIRO,3,SEM BANDEIRA,3795.83,PENDENTE,2024-03-24,COM DATA
5389,5903,PIX,4,SEM BANDEIRA,13268.31,ESTORNADO,2022-10-26,COM DATA
5390,4698,BOLETO,10,SEM BANDEIRA,12568.87,ESTORNADO,2024-12-29,COM DATA
5391,5808,BOLETO,8,SEM BANDEIRA,12645.93,PAGO,2022-03-10,COM DATA
5392,2072,PIX,9,SEM BANDEIRA,7367.205,ESTORNADO,2025-04-12,COM DATA
5393,1523,DINHEIRO,11,SEM BANDEIRA,1736.87,ESTORNADO,2022-02-10,COM DATA
5394,6080,DINHEIRO,1,SEM BANDEIRA,5006.45,ESTORNADO,2023-11-17,COM DATA
5395,3563,PIX,10,SEM BANDEIRA,1752.98,PENDENTE,2022-04-05,COM DATA
5396,9980,CARTÃO,10,MASTERCARD,7367.205,Pendente,2023-02-25,COM DATA
5402,1735,DINHEIRO,4,SEM BANDEIRA,7367.205,PAGO,2022-08-06,COM DATA
5403,9126,CARTÃO,1,MASTERCARD,7367.205,PENDENTE,2023-06-09,COM DATA
5404,7248,CARTÃO,8,AMERICAN EXPRESS,12532.78,PENDENTE,2023-07-10,COM DATA
5405,1562,PIX,7,SEM BANDEIRA,4210.21,ESTORNADO,2025-03-28,COM DATA
5406,9264,PIX,10,SEM BANDEIRA,100.91,PENDENTE,2024-10-21,COM DATA
5408,6724,PIX,7,SEM BANDEIRA,4210.17,PENDENTE,2022-05-27,COM DATA
5410,6980,CARTÃO,9,ELO,5091.78,ESTORNADO,2023-12-08,COM DATA
5412,708,BOLETO,3,SEM BANDEIRA,2699.31,PAGO,2022-09-24,COM DATA
5413,4409,PIX,3,SEM BANDEIRA,14397.78,ESTORNADO,2024-03-10,COM DATA
5415,1672,BOLETO,0,SEM BANDEIRA,2252.23,ESTORNADO,2025-03-31,COM DATA
5417,618,PIX,8,SEM BANDEIRA,1969.41,PAGO,2022-11-12,COM DATA
5420,3879,PIX,11,SEM BANDEIRA,436.81,PAGO,2024-09-13,COM DATA
5422,1031,CARTÃO,5,ELO,14791.73,PENDENTE,2022-08-28,COM DATA
5425,9337,PIX,5,SEM BANDEIRA,2834.0,PAGO,2024-11-01,COM DATA
5427,338,BOLETO,4,SEM BANDEIRA,7367.205,ESTORNADO,2024-12-19,COM DATA
5428,6042,DINHEIRO,8,SEM BANDEIRA,3684.67,PENDENTE,2022-01-15,COM DATA
5429,1712,PIX,3,SEM BANDEIRA,4929.59,ESTORNADO,2022-05-29,COM DATA
5430,2549,PIX,6,SEM BANDEIRA,617.97,ESTORNADO,2022-10-05,COM DATA
5431,777,PIX,4,SEM BANDEIRA,12230.04,PAGO,2024-06-18,COM DATA
5432,2959,CARTÃO,0,ELO,5255.72,ESTORNADO,2023-09-14,COM DATA
5435,1239,CARTÃO,6,SEM BANDEIRA,10375.88,ESTORNADO,2023-12-21,COM DATA
5436,8930,PIX,1,SEM BANDEIRA,1173.24,PAGO,2024-12-31,COM DATA
5439,4459,CARTÃO,12,AMERICAN EXPRESS,12033.75,Pago,2022-06-12,COM DATA
5442,3644,CARTÃO,7,HIPERCARD,7367.205,PAGO,2023-09-26,COM DATA
5443,5118,PIX,-1,SEM BANDEIRA,9487.47,PENDENTE,2025-01-11,COM DATA
5444,8144,PIX,2,SEM BANDEIRA,6518.29,ESTORNADO,2023-01-29,COM DATA
5447,4421,BOLETO,7,SEM BANDEIRA,13534.64,ESTORNADO,2024-09-14,COM DATA
5450,8304,PIX,-1,SEM BANDEIRA,1240.69,PENDENTE,2023-08-01,COM DATA
5451,780,BOLETO,12,SEM BANDEIRA,13498.73,PENDENTE,2022-03-12,COM DATA
5453,8991,PIX,3,SEM BANDEIRA,3986.4,PENDENTE,2023-10-08,COM DATA
5454,2286,PIX,3,SEM BANDEIRA,3788.19,ESTORNADO,2025-02-16,COM DATA
5456,7756,CARTÃO,11,SEM BANDEIRA,1591.05,PAGO,2024-08-09,COM DATA
5460,2174,BOLETO,4,SEM BANDEIRA,2233.63,PENDENTE,2023-05-06,COM DATA
5461,517,DINHEIRO,4,SEM BANDEIRA,4246.8,PENDENTE,2023-06-10,COM DATA
5463,4431,BOLETO,7,SEM BANDEIRA,6548.18,Pendente,2025-03-18,COM DATA
5464,1522,CARTÃO,12,MASTERCARD,13020.46,PAGO,2023-10-11,COM DATA
5466,8967,BOLETO,5,SEM BANDEIRA,9355.51,PAGO,2023-04-30,COM DATA
5469,5428,DINHEIRO,6,SEM BANDEIRA,6779.06,PAGO,2024-03-09,COM DATA
5471,3954,CARTÃO,11,AMERICAN EXPRESS,14206.21,CANCELADO,2023-12-08,COM DATA
5472,9177,PIX,11,SEM BANDEIRA,3092.28,PENDENTE,2023-05-23,COM DATA
5473,6623,DINHEIRO,1,SEM BANDEIRA,1019.22,PAGO,2024-06-27,COM DATA
5475,655,CARTÃO,5,VISA,13885.85,PENDENTE,2022-09-14,COM DATA
5480,8166,DINHEIRO,4,SEM BANDEIRA,13785.52,PENDENTE,2024-05-01,COM DATA
5483,9078,PIX,0,SEM BANDEIRA,7367.205,ESTORNADO,2024-11-15,COM DATA
5484,887,PIX,12,SEM BANDEIRA,7443.41,PAGO,2024-03-25,COM DATA
5487,4442,CARTÃO,11,HIPERCARD,10023.17,PENDENTE,2025-03-04,COM DATA
5489,6059,CARTÃO,12,AMERICAN EXPRESS,7367.205,ESTORNADO,2023-12-14,COM DATA
5490,4781,CARTÃO,3,VISA,9563.46,ESTORNADO,2023-07-27,COM DATA
5491,3629,CARTÃO,3,SEM BANDEIRA,7367.205,ESTORNADO,2025-02-09,COM DATA
5492,8674,BOLETO,3,SEM BANDEIRA,14216.11,PENDENTE,2022-03-30,COM DATA
5493,6468,DINHEIRO,5,SEM BANDEIRA,7367.205,PAGO,,SEM DATA
5495,7409,DINHEIRO,7,SEM BANDEIRA,2403.45,ESTORNADO,2024-02-05,COM DATA
5496,8592,DINHEIRO,4,SEM BANDEIRA,571.94,PENDENTE,2025-02-07,COM DATA
5498,248,CARTÃO,0,SEM BANDEIRA,7254.51,PAGO,2022-06-29,COM DATA
5500,1868,PIX,8,SEM BANDEIRA,13793.75,PENDENTE,2025-01-07,COM DATA
5502,6472,PIX,12,SEM BANDEIRA,5967.21,PENDENTE,2024-09-09,COM DATA
5503,1347,BOLETO,3,SEM BANDEIRA,14271.95,ESTORNADO,,SEM DATA
5506,4689,BOLETO,8,SEM BANDEIRA,12229.11,PENDENTE,2024-11-11,COM DATA
5507,4162,PIX,11,SEM BANDEIRA,1162.89,PENDENTE,2023-08-31,COM DATA
5509,3269,CARTÃO,10,HIPERCARD,5468.12,PAGO,2022-02-11,COM DATA
5510,9598,DINHEIRO,3,SEM BANDEIRA,2602.11,PAGO,2022-01-22,COM DATA
5511,4277,BOLETO,11,SEM BANDEIRA,4417.64,PENDENTE,2024-07-15,COM DATA
5513,8254,DINHEIRO,11,SEM BANDEIRA,7402.88,PENDENTE,,SEM DATA
5514,6713,PIX,1,SEM BANDEIRA,12451.46,PAGO,2022-03-22,COM DATA
5519,8303,BOLETO,12,SEM BANDEIRA,7367.205,PENDENTE,2023-09-23,COM DATA
5522,3705,BOLETO,-5,SEM BANDEIRA,6623.68,ESTORNADO,2023-05-19,COM DATA
5523,8196,DINHEIRO,8,SEM BANDEIRA,7814.64,PAGO,2024-09-01,COM DATA
5524,652,BOLETO,11,SEM BANDEIRA,1374.04,ESTORNADO,2022-08-13,COM DATA
5526,4823,CARTÃO,10,HIPERCARD,3342.41,PENDENTE,2024-11-19,COM DATA
5527,7307,CARTÃO,2,VISA,11502.74,PENDENTE,2022-01-17,COM DATA
5529,9564,CARTÃO,2,MASTERCARD,9231.55,ESTORNADO,2024-05-08,COM DATA
5530,8308,PIX,0,SEM BANDEIRA,7367.205,ESTORNADO,2024-04-11,COM DATA
5531,2422,PIX,1,SEM BANDEIRA,738.25,ESTORNADO,2024-10-01,COM DATA
5533,4791,CARTÃO,2,SEM BANDEIRA,13735.01,PAGO,2023-01-11,COM DATA
5534,6160,BOLETO,12,SEM BANDEIRA,10164.21,ESTORNADO,2024-06-29,COM DATA
5535,5299,DINHEIRO,7,SEM BANDEIRA,2613.21,ESTORNADO,2023-01-04,COM DATA
5539,1894,DINHEIRO,3,SEM BANDEIRA,1722.93,ESTORNADO,2024-11-17,COM DATA
5540,7074,DINHEIRO,6,SEM BANDEIRA,12405.77,PAGO,2023-02-17,COM DATA
5541,7842,DINHEIRO,2,SEM BANDEIRA,12571.04,ESTORNADO,2025-02-13,COM DATA
5545,5078,CARTÃO,8,MASTERCARD,14053.75,PENDENTE,2024-03-24,COM DATA
5546,8005,DINHEIRO,5,SEM BANDEIRA,6214.45,PAGO,2024-05-15,COM DATA
5547,4066,BOLETO,9,SEM BANDEIRA,7470.97,CANCELADO,2024-11-21,COM DATA
5549,4477,BOLETO,0,SEM BANDEIRA,14868.53,PAGO,2023-01-04,COM DATA
5553,8075,BOLETO,3,SEM BANDEIRA,7367.205,PAGO,2022-04-02,COM DATA
5555,9177,PIX,9,SEM BANDEIRA,9224.45,ESTORNADO,2023-03-03,COM DATA
5558,2443,DINHEIRO,1,SEM BANDEIRA,3051.98,PENDENTE,2023-12-28,COM DATA
5559,4477,PIX,0,SEM BANDEIRA,11447.15,ESTORNADO,2022-12-04,COM DATA
5560,3389,PIX,11,SEM BANDEIRA,3759.94,PENDENTE,2023-11-20,COM DATA
5566,8658,CARTÃO,7,ELO,5326.73,PAGO,,SEM DATA
5567,2618,BOLETO,12,SEM BANDEIRA,13929.44,PAGO,2022-01-13,COM DATA
5569,3906,BOLETO,3,SEM BANDEIRA,9198.19,ESTORNADO,2022-01-22,COM DATA
5570,1152,PIX,2,SEM BANDEIRA,7367.205,ESTORNADO,2023-11-19,COM DATA
5572,2009,DINHEIRO,7,SEM BANDEIRA,3736.57,PAGO,2025-04-04,COM DATA
5574,6847,BOLETO,9,SEM BANDEIRA,12857.31,Pendente,2022-06-10,COM DATA
5575,7993,PIX,10,SEM BANDEIRA,9545.68,Pagoo,2023-08-14,COM DATA
5577,9278,DINHEIRO,8,SEM BANDEIRA,9721.77,PENDENTE,2022-11-30,COM DATA
5579,9967,DINHEIRO,11,SEM BANDEIRA,9357.85,PENDENTE,2022-12-23,COM DATA
5580,9008,PIX,1,SEM BANDEIRA,7367.205,PAGO,2023-03-20,COM DATA
5581,3601,DINHEIRO,6,SEM BANDEIRA,13731.42,ESTORNADO,2024-05-20,COM DATA
5582,9393,DINHEIRO,2,SEM BANDEIRA,4193.02,ESTORNADO,2022-11-21,COM DATA
5583,778,CARTÃO,4,SEM BANDEIRA,14429.28,ESTORNADO,2024-07-19,COM DATA
5585,8235,BOLETO,0,SEM BANDEIRA,562.13,PENDENTE,,SEM DATA
5588,3245,CARTÃO,4,ELO,12791.05,ESTORNADO,2023-07-04,COM DATA
5590,3943,BOLETO,1,SEM BANDEIRA,3667.89,ESTORNADO,2022-12-17,COM DATA
5591,20,DINHEIRO,7,SEM BANDEIRA,6820.12,ESTORNADO,2023-09-04,COM DATA
5593,1306,BOLETO,10,SEM BANDEIRA,7367.205,PENDENTE,2024-06-18,COM DATA
5596,5565,DINHEIRO,5,SEM BANDEIRA,13512.97,ESTORNADO,2022-08-31,COM DATA
5598,4520,PIX,1,SEM BANDEIRA,5110.54,PENDENTE,2023-10-15,COM DATA
5599,6033,CARTÃO,4,SEM BANDEIRA,7367.205,ESTORNADO,2023-06-10,COM DATA
5600,5858,CARTÃO,12,MASTERCARD,70.62,ESTORNADO,2023-04-23,COM DATA
5601,9142,DINHEIRO,11,SEM BANDEIRA,5071.75,PENDENTE,2024-02-28,COM DATA
5602,9998,PIX,9,SEM BANDEIRA,11069.78,PENDENTE,2024-11-05,COM DATA
5604,5255,PIX,0,SEM BANDEIRA,13282.3,ESTORNADO,2024-11-05,COM DATA
5605,6460,DINHEIRO,1,SEM BANDEIRA,6525.5,ESTORNADO,2022-12-10,COM DATA
5607,9691,PIX,6,SEM BANDEIRA,8809.77,PENDENTE,2022-02-06,COM DATA
5608,3610,BOLETO,9,SEM BANDEIRA,14393.29,PAGO,2025-02-16,COM DATA
5609,7864,BOLETO,2,SEM BANDEIRA,9642.63,CANCELADO,2024-01-10,COM DATA
5611,8946,PIX,12,SEM BANDEIRA,7844.76,ESTORNADO,2023-03-26,COM DATA
5612,7569,DINHEIRO,1,SEM BANDEIRA,417.55,pago,2024-02-21,COM DATA
5615,6644,BOLETO,0,SEM BANDEIRA,11822.9,PAGO,,SEM DATA
5616,187,PIX,12,SEM BANDEIRA,9283.91,ESTORNADO,2022-02-15,COM DATA
5617,3664,DINHEIRO,3,SEM BANDEIRA,818.1,ESTORNADO,2023-06-23,COM DATA
5619,8754,CANCELADO,4,SEM BANDEIRA,7367.205,PAGO,2025-03-14,COM DATA
5620,1542,PIX,2,SEM BANDEIRA,5975.4,ESTORNADO,2022-03-26,COM DATA
5623,3665,CARTÃO,3,AMERICAN EXPRESS,7165.95,PAGO,2023-12-16,COM DATA
5624,6958,DINHEIRO,2,SEM BANDEIRA,9379.04,CANCELADO,2022-02-23,COM DATA
5625,8106,BOLETO,4,SEM BANDEIRA,10167.63,ESTORNADO,2025-01-11,COM DATA
5628,1876,PIX,6,SEM BANDEIRA,5479.06,PENDENTE,2024-08-04,COM DATA
5630,3108,PIX,8,SEM BANDEIRA,6687.53,PAGO ,2024-08-12,COM DATA
5631,6702,BOLETO,5,SEM BANDEIRA,9753.05,PENDENTE,2022-09-23,COM DATA
5633,6287,PIX,2,SEM BANDEIRA,11368.39,PAGO,,SEM DATA
5634,3348,DINHEIRO,3,SEM BANDEIRA,412.67,ESTORNADO,2024-09-07,COM DATA
5635,2240,PIX,0,SEM BANDEIRA,6350.21,PENDENTE,2023-08-23,COM DATA
5636,2181,CARTÃO,12,SEM BANDEIRA,13126.03,PAGO,2023-08-10,COM DATA
5637,7348,BOLETO,8,SEM BANDEIRA,9523.59,PAGO,2022-01-09,COM DATA
5638,6369,PIX,5,SEM BANDEIRA,8996.2,ESTORNADO,2023-06-17,COM DATA
5639,7656,CARTÃO,2,ELO,3352.01,PAGO,2023-11-13,COM DATA
5640,9347,DINHEIRO,4,SEM BANDEIRA,2337.44,ESTORNADO,2022-08-25,COM DATA
5642,5705,DINHEIRO,6,SEM BANDEIRA,13561.73,PENDENTE,2024-05-13,COM DATA
5643,8423,BOLETO,9,SEM BANDEIRA,14136.76,ESTORNADO,2024-04-02,COM DATA
5644,9145,PIX,0,SEM BANDEIRA,0.0,PAGO,2024-10-08,COM DATA
5645,4731,PIX,0,SEM BANDEIRA,688.41,ESTORNADO,2023-11-26,COM DATA
5648,1920,DINHEIRO,5,SEM BANDEIRA,10408.45,PENDENTE,2022-11-30,COM DATA
5650,3060,BOLETO,11,SEM BANDEIRA,603.9,ESTORNADO,2022-01-28,COM DATA
5655,6465,BOLETO,4,SEM BANDEIRA,7367.205,PENDENTE,2023-07-13,COM DATA
5657,7987,DINHEIRO,11,SEM BANDEIRA,8862.05,PENDENTE,2024-05-18,COM DATA
5661,9096,PIX,1,SEM BANDEIRA,6079.21,Pagoo,2022-10-26,COM DATA
5662,2112,CARTÃO,-1,MASTERCARD,1536.06,PENDENTE,2023-08-27,COM DATA
5664,5982,CARTÃO,9,ELO,9384.21,ESTORNADO,2024-01-20,COM DATA
5666,3376,CARTÃO,0,HIPERCARD,5552.41,PENDENTE,2023-05-03,COM DATA
5667,4502,CARTÃO,8,SEM BANDEIRA,3918.72,PAGO,2024-10-27,COM DATA
5668,1096,DINHEIRO,-1,SEM BANDEIRA,7367.205,ESTORNADO,,SEM DATA
5669,1587,BOLETO,10,SEM BANDEIRA,10585.71,PAGO,2022-12-03,COM DATA
5671,9608,DINHEIRO,1,SEM BANDEIRA,0.0,PAGO,2023-12-21,COM DATA
5672,6597,BOLETO,8,SEM BANDEIRA,7367.205,PENDENTE,2023-06-23,COM DATA
5675,4392,CARTÃO,11,ELO,3669.7,ESTORNADO,2024-05-13,COM DATA
5676,3424,PIX,2,SEM BANDEIRA,7873.82,pago,2022-08-19,COM DATA
5677,9258,BOLETO,5,SEM BANDEIRA,3468.98,PAGO,2022-01-21,COM DATA
5678,6148,DINHEIRO,3,SEM BANDEIRA,7699.91,ESTORNADO,2022-07-06,COM DATA
5679,3403,CARTÃO,8,ELO,13435.72,PAGO,2025-02-12,COM DATA
5680,5976,CARTÃO,3,SEM BANDEIRA,466.76,ESTORNADO,2024-09-01,COM DATA
5682,8465,DINHEIRO,10,SEM BANDEIRA,8248.03,PENDENTE,2022-10-23,COM DATA
5683,7026,CARTÃO,6,ELO,7367.205,ESTORNADO,,SEM DATA
5686,714,CARTÃO,7,AMERICAN EXPRESS,7367.205,ESTORNADO,2023-08-21,COM DATA
5687,4672,PIX,9,SEM BANDEIRA,1599.5,PAGO ,2024-05-05,COM DATA
5690,203,BOLETO,9,SEM BANDEIRA,427.35,ESTORNADO,2024-07-24,COM DATA
5691,3015,BOLETO,10,SEM BANDEIRA,6576.51,ESTORNADO,,SEM DATA
5693,7354,DINHEIRO,-5,SEM BANDEIRA,1080.47,ESTORNADO,2023-05-16,COM DATA
5694,1719,CARTÃO,5,VISA,7367.205,PAGO,2024-06-21,COM DATA
5695,1026,BOLETO,3,SEM BANDEIRA,13380.68,PAGO,2022-05-01,COM DATA
5698,2405,CARTÃO,5,AMERICAN EXPRESS,6046.45,PAGO,2022-10-26,COM DATA
5701,4206,CARTÃO,6,SEM BANDEIRA,1613.85,ESTORNADO,2024-06-01,COM DATA
5702,5244,BOLETO,7,SEM BANDEIRA,7205.13,PAGO,2024-08-15,COM DATA
5704,4973,DINHEIRO,3,SEM BANDEIRA,4776.57,ESTORNADO,2022-05-29,COM DATA
5705,59,PIX,1,SEM BANDEIRA,2722.13,PENDENTE,2022-12-31,COM DATA
5707,4037,PIX,9,SEM BANDEIRA,12042.95,PAGO,2023-05-13,COM DATA
5709,497,CARTÃO,12,SEM BANDEIRA,12195.7,ESTORNADO,2022-05-27,COM DATA
5710,7806,BOLETO,5,SEM BANDEIRA,10333.96,PAGO,2023-07-17,COM DATA
5713,4493,PIX,2,SEM BANDEIRA,12646.19,ESTORNADO,2023-09-24,COM DATA
5718,5660,BOLETO,1,SEM BANDEIRA,4767.73,PENDENTE,2023-12-16,COM DATA
5719,7373,DINHEIRO,10,SEM BANDEIRA,9618.0,PAGO,,SEM DATA
5720,2589,BOLETO,9,SEM BANDEIRA,11411.87,PAGO,2022-05-22,COM DATA
5721,1943,BOLETO,1,SEM BANDEIRA,2428.25,Estornado,2024-07-28,COM DATA
5722,3927,PIX,8,SEM BANDEIRA,7367.205,PAGO,2023-01-01,COM DATA
5723,7841,DINHEIRO,2,SEM BANDEIRA,11172.61,ESTORNADO,2024-06-07,COM DATA
5724,6536,BOLETO,4,SEM BANDEIRA,9255.41,PENDENTE,2024-06-19,COM DATA
5725,9367,BOLETO,6,SEM BANDEIRA,13656.2,PENDENTE,2022-08-21,COM DATA
5727,6573,DINHEIRO,0,SEM BANDEIRA,3821.92,PENDENTE,2025-03-22,COM DATA
5728,1239,CARTÃO,0,HIPERCARD,1890.63,PENDENTE,2022-07-15,COM DATA
5730,9935,DINHEIRO,11,SEM BANDEIRA,2829.36,PENDENTE,2023-08-05,COM DATA
5733,9155,BOLETO,10,SEM BANDEIRA,7406.48,ESTORNADO,2023-05-18,COM DATA
5735,4018,BOLETO,0,SEM BANDEIRA,7367.205,ESTORNADO,2023-03-10,COM DATA
5736,5894,BOLETO,8,SEM BANDEIRA,1288.93,Pago,2024-05-01,COM DATA
5741,560,CARTÃO,1,HIPERCARD,845.09,PAGO,2022-04-05,COM DATA
5743,2366,DINHEIRO,8,SEM BANDEIRA,11017.88,PAGO,2023-12-08,COM DATA
5747,6474,BOLETO,5,SEM BANDEIRA,6953.82,ESTORNADO,,SEM DATA
5748,7953,DINHEIRO,9,SEM BANDEIRA,883.9,PAGO,,SEM DATA
5749,171,DINHEIRO,0,SEM BANDEIRA,938.3,PENDENTE,2023-12-16,COM DATA
5750,5318,CARTÃO,6,SEM BANDEIRA,7367.205,ESTORNADO,2024-03-27,COM DATA
5752,3664,CARTÃO,5,SEM BANDEIRA,9003.41,ESTORNADO,2022-12-08,COM DATA
5754,6364,BOLETO,5,SEM BANDEIRA,12306.11,PENDENTE,2024-02-09,COM DATA
5755,9452,BOLETO,3,SEM BANDEIRA,11506.59,PENDENTE,2024-05-21,COM DATA
5761,5709,PIX,11,AMERICAN EXPRESS,8538.32,PAGO,2024-05-06,COM DATA
5763,1284,DINHEIRO,5,SEM BANDEIRA,5350.23,PENDENTE,2025-01-01,COM DATA
5766,6975,PIX,10,SEM BANDEIRA,7341.79,PENDENTE,2023-01-20,COM DATA
5768,7816,BOLETO,4,SEM BANDEIRA,3673.92,ESTORNADO,,SEM DATA
5769,448,DINHEIRO,5,SEM BANDEIRA,1586.92,ESTORNADO,2022-04-17,COM DATA
5770,9727,BOLETO,0,SEM BANDEIRA,6953.75,PAGO,2024-12-31,COM DATA
5772,2784,PIX,0,SEM BANDEIRA,9211.42,PAGO,2024-04-16,COM DATA
5773,6179,DINHEIRO,3,SEM BANDEIRA,9104.56,PAGO,2023-03-02,COM DATA
5774,5266,DINHEIRO,10,SEM BANDEIRA,11377.89,ESTORNADO,2023-05-05,COM DATA
5776,9110,BOLETO,12,SEM BANDEIRA,12255.82,PENDENTE,2024-11-18,COM DATA
5777,1968,DINHEIRO,9,SEM BANDEIRA,417.93,CANCELADO,2024-12-27,COM DATA
5778,4168,PIX,8,SEM BANDEIRA,7367.205,Pendente,2024-01-08,COM DATA
5780,2947,CARTÃO,1,ELO,2991.18,PENDENTE,2022-07-23,COM DATA
5781,5190,PIX,4,SEM BANDEIRA,6122.23,PENDENTE,2023-04-12,COM DATA
5782,6478,CARTÃO,11,ELO,0.0,ESTORNADO,,SEM DATA
5783,7961,DINHEIRO,8,SEM BANDEIRA,8805.04,PAGO,2023-10-26,COM DATA
5784,4392,DINHEIRO,2,SEM BANDEIRA,3094.56,PENDENTE,2022-01-06,COM DATA
5787,7095,PIX,8,SEM BANDEIRA,1024.43,ESTORNADO,2024-09-21,COM DATA
5788,6852,DINHEIRO,10,SEM BANDEIRA,7367.205,PAGO,2023-09-27,COM DATA
5789,6808,CARTÃO,2,MASTERCARD,9939.76,PAGO,2022-10-28,COM DATA
5790,492,DINHEIRO,5,SEM BANDEIRA,12849.52,ESTORNADO,2023-01-18,COM DATA
5791,1110,CARTÃO,2,HIPERCARD,7367.205,PAGO,2024-05-11,COM DATA
5792,8003,PIX,7,SEM BANDEIRA,13924.83,PAGO,,SEM DATA
5794,4715,CARTÃO,12,SEM BANDEIRA,3446.52,ESTORNADO,2024-11-23,COM DATA
5796,3593,DINHEIRO,1,SEM BANDEIRA,7535.16,PENDENTE,2023-08-07,COM DATA
5797,9727,PIX,7,SEM BANDEIRA,11158.9,ESTORNADO,2022-09-13,COM DATA
5798,5311,BOLETO,0,SEM BANDEIRA,5234.73,PENDENTE,2023-12-08,COM DATA
5803,6763,PIX,6,SEM BANDEIRA,2723.58,ESTORNADO,,SEM DATA
5806,944,CARTÃO,12,AMERICAN EXPRESS,11885.76,ESTORNADO,2023-03-02,COM DATA
5807,6009,PIX,12,SEM BANDEIRA,11572.75,PENDENTE,2024-03-12,COM DATA
5811,4030,PIX,11,SEM BANDEIRA,6009.46,Estornado,2022-02-26,COM DATA
5812,9919,PIX,1,SEM BANDEIRA,7367.205,PAGO,2022-08-15,COM DATA
5814,2226,BOLETO,2,SEM BANDEIRA,10497.31,ESTORNADO,,SEM DATA
5815,1569,DINHEIRO,6,SEM BANDEIRA,14350.23,Pagoo,2022-03-31,COM DATA
5817,4030,PIX,4,SEM BANDEIRA,276.87,PENDENTE,2024-10-08,COM DATA
5820,9159,PIX,11,SEM BANDEIRA,13066.74,PENDENTE,2022-03-05,COM DATA
5821,7703,BOLETO,9,SEM BANDEIRA,11417.14,PENDENTE,2023-02-12,COM DATA
5822,2964,BOLETO,5,SEM BANDEIRA,7568.02,ESTORNADO,2022-03-01,COM DATA
5823,8635,DINHEIRO,0,SEM BANDEIRA,6603.85,PENDENTE,2022-07-06,COM DATA
5825,7902,DINHEIRO,10,SEM BANDEIRA,2547.35,PENDENTE,2024-02-16,COM DATA
5827,5683,BOLETO,8,SEM BANDEIRA,9042.42,ESTORNADO,2022-12-10,COM DATA
5830,1341,DINHEIRO,8,SEM BANDEIRA,9507.15,PAGO,2022-01-24,COM DATA
5832,2090,DINHEIRO,11,SEM BANDEIRA,13296.48,ESTORNADO,2022-10-20,COM DATA
5834,1851,PIX,11,SEM BANDEIRA,8134.9,CANCELADO,2023-01-16,COM DATA
5836,4642,DINHEIRO,9,SEM BANDEIRA,0.0,ESTORNADO,2022-03-16,COM DATA
5837,9159,DINHEIRO,2,SEM BANDEIRA,0.0,PENDENTE,2022-06-18,COM DATA
5840,4256,PIX,2,SEM BANDEIRA,12741.25,PENDENTE,2023-10-31,COM DATA
5841,458,DINHEIRO,-5,SEM BANDEIRA,11035.61,ESTORNADO,2022-08-07,COM DATA
5842,7083,BOLETO,-5,SEM BANDEIRA,7367.205,ESTORNADO,,SEM DATA
5843,2390,DINHEIRO,6,SEM BANDEIRA,11278.12,PAGO,2022-10-23,COM DATA
5844,5683,CARTÃO,4,AMERICAN EXPRESS,4476.21,ESTORNADO,2022-03-23,COM DATA
5845,7425,CARTÃO,0,VISA,5015.86,PAGO,,SEM DATA
5846,6070,PIX,12,SEM BANDEIRA,12285.96,PAGO,2022-10-29,COM DATA
5847,5875,DINHEIRO,0,SEM BANDEIRA,6728.74,PAGO,2022-09-28,COM DATA
5848,5913,DINHEIRO,3,SEM BANDEIRA,5122.26,ESTORNADO,2022-04-16,COM DATA
5849,7500,CARTÃO,5,ELO,13808.48,ESTORNADO,2022-08-07,COM DATA
5850,4282,PIX,5,SEM BANDEIRA,4868.34,PENDENTE,2022-11-28,COM DATA
5853,7652,DINHEIRO,0,SEM BANDEIRA,8308.91,ESTORNADO,2023-05-01,COM DATA
5855,2626,PIX,4,SEM BANDEIRA,10332.63,PAGO,2022-10-15,COM DATA
5856,3410,CARTÃO,9,AMERICAN EXPRESS,6513.95,PAGO,2024-07-05,COM DATA
5857,4452,PIX,6,SEM BANDEIRA,2899.13,ESTORNADO,2024-09-15,COM DATA
5858,734,PIX,2,SEM BANDEIRA,7367.205,Estornado,2024-11-21,COM DATA
5859,1405,PIX,2,SEM BANDEIRA,14260.69,PAGO,2024-05-17,COM DATA
5860,4855,DINHEIRO,12,SEM BANDEIRA,7367.205,CANCELADO,2022-01-04,COM DATA
5862,2142,BOLETO,0,SEM BANDEIRA,7343.74,PENDENTE,2022-06-17,COM DATA
5863,8378,CARTÃO,4,AMERICAN EXPRESS,957.8,ESTORNADO,2024-08-13,COM DATA
5864,3493,BOLETO,8,SEM BANDEIRA,4085.79,PENDENTE,2022-11-18,COM DATA
5865,2381,CARTÃO,0,SEM BANDEIRA,7367.205,ESTORNADO,2022-08-18,COM DATA
5866,5746,DINHEIRO,10,SEM BANDEIRA,1596.68,PAGO,2024-03-19,COM DATA
5869,2710,PIX,6,SEM BANDEIRA,6131.07,PAGO,2023-08-09,COM DATA
5870,7330,PIX,1,SEM BANDEIRA,2161.76,ESTORNADO,2023-06-13,COM DATA
5871,4596,PIX,2,SEM BANDEIRA,12249.34,PENDENTE,2022-05-15,COM DATA
5873,9535,PIX,1,SEM BANDEIRA,872.15,PENDENTE,2022-10-28,COM DATA
5874,2224,DINHEIRO,2,SEM BANDEIRA,10927.17,PAGO,,SEM DATA
5876,7644,BOLETO,12,SEM BANDEIRA,6781.82,PENDENTE,2023-05-04,COM DATA
5877,7355,PIX,8,SEM BANDEIRA,6037.65,PAGO,2023-05-30,COM DATA
5879,2825,CARTÃO,12,MASTERCARD,8121.56,ESTORNADO,2024-02-18,COM DATA
5887,615,CARTÃO,2,VISA,7367.205,ESTORNADO,2023-11-12,COM DATA
5888,8120,DINHEIRO,0,SEM BANDEIRA,7600.28,PENDENTE,2023-09-04,COM DATA
5891,9480,PIX,9,SEM BANDEIRA,2047.43,Pendente,2023-04-26,COM DATA
5892,2712,CARTÃO,7,SEM BANDEIRA,13341.75,pago,,SEM DATA
5893,7302,BOLETO,5,SEM BANDEIRA,2053.46,ESTORNADO,2024-11-13,COM DATA
5895,1223,PIX,12,SEM BANDEIRA,14534.34,PENDENTE,,SEM DATA
5896,4596,DINHEIRO,12,SEM BANDEIRA,8513.45,PENDENTE,2023-01-25,COM DATA
5897,4465,PIX,2,SEM BANDEIRA,11571.03,ESTORNADO,,SEM DATA
5899,5738,DINHEIRO,0,SEM BANDEIRA,1785.9,ESTORNADO,2025-03-01,COM DATA
5901,5230,BOLETO,7,SEM BANDEIRA,4913.11,PENDENTE,2022-07-28,COM DATA
5903,2116,CARTAO,12,SEM BANDEIRA,4103.21,ESTORNADO,2023-01-29,COM DATA
5905,6644,PIX,1,SEM BANDEIRA,3234.98,PAGO,2022-06-09,COM DATA
5906,6680,CARTÃO,1,HIPERCARD,3662.12,PAGO,2024-04-30,COM DATA
5908,6665,DINHEIRO,7,SEM BANDEIRA,11448.53,PENDENTE,2022-08-31,COM DATA
5910,9746,CARTÃO,10,VISA,1704.83,ESTORNADO,2023-02-26,COM DATA
5913,9966,BOLETO,1,SEM BANDEIRA,2281.46,PAGO,2025-01-23,COM DATA
5918,5071,CARTAO,6,SEM BANDEIRA,2084.25,PENDENTE,2024-12-19,COM DATA
5919,900,PIX,8,SEM BANDEIRA,5965.66,PAGO,2024-09-15,COM DATA
5921,8039,PIX,4,SEM BANDEIRA,3523.31,PAGO,2024-08-10,COM DATA
5922,9011,BOLETO,8,SEM BANDEIRA,1091.18,PAGO,2024-12-03,COM DATA
5928,5523,PIX,11,HIPERCARD,8702.3,Pendente,2025-03-12,COM DATA
5929,8867,CARTÃO,7,AMERICAN EXPRESS,11139.74,PENDENTE,2022-02-14,COM DATA
5931,7078,BOLETO,11,SEM BANDEIRA,2367.87,ESTORNADO,2023-07-10,COM DATA
5933,4879,BOLETO,8,SEM BANDEIRA,12583.98,PAGO,2025-03-30,COM DATA
5935,3890,CARTÃO,9,SEM BANDEIRA,10888.63,PAGO,2022-08-12,COM DATA
5936,8976,PIX,0,SEM BANDEIRA,9020.64,PAGO,2023-06-19,COM DATA
5937,3714,CARTÃO,0,VISA,1322.19,PAGO,2025-03-27,COM DATA
5938,34,BOLETO,4,SEM BANDEIRA,14970.4,PENDENTE,2024-11-10,COM DATA
5940,4353,CARTÃO,6,MASTERCARD,0.0,PENDENTE,2022-12-23,COM DATA
5941,5623,BOLETO,5,SEM BANDEIRA,8632.23,PAGO,2022-06-07,COM DATA
5945,5153,CARTÃO,10,ELO,7367.205,PENDENTE,2022-02-06,COM DATA
5946,4129,DINHEIRO,6,SEM BANDEIRA,13211.24,ESTORNADO,2023-05-09,COM DATA
5947,2413,DINHEIRO,0,SEM BANDEIRA,2812.08,PAGO,2023-07-18,COM DATA
5948,9891,CARTÃO,8,AMERICAN EXPRESS,14256.16,ESTORNADO,2022-09-10,COM DATA
5950,6879,DINHEIRO,9,SEM BANDEIRA,2187.57,ESTORNADO,2024-03-31,COM DATA
5952,8719,DINHEIRO,3,SEM BANDEIRA,4541.39,PAGO,2022-06-08,COM DATA
5955,5959,BOLETO,0,SEM BANDEIRA,12462.42,PAGO,2024-02-05,COM DATA
5958,5996,CANCELADO,8,SEM BANDEIRA,5781.78,PAGO,2024-05-13,COM DATA
5959,550,BOLETO,2,SEM BANDEIRA,4814.59,PAGO,2024-07-08,COM DATA
5961,5651,DINHEIRO,1,SEM BANDEIRA,7203.52,PENDENTE,2023-10-15,COM DATA
5963,4694,BOLETO,12,SEM BANDEIRA,7367.205,PAGO,2023-06-17,COM DATA
5964,6892,CARTÃO,11,ELO,12872.4,PENDENTE,2023-01-03,COM DATA
5965,5221,BOLETO,2,SEM BANDEIRA,10731.33,PAGO,2024-06-20,COM DATA
5969,2047,BOLETO,12,SEM BANDEIRA,5975.95,PENDENTE,,SEM DATA
5970,4697,BOLETO,5,SEM BANDEIRA,7367.205,PENDENTE,2022-05-11,COM DATA
5972,9261,DINHEIRO,7,SEM BANDEIRA,5227.93,ESTORNADO,2023-03-24,COM DATA
5973,8523,DINHEIRO,8,SEM BANDEIRA,7367.205,PENDENTE,2024-09-16,COM DATA
5976,8976,CARTÃO,11,SEM BANDEIRA,12538.48,PAGO,,SEM DATA
5978,5446,CARTÃO,12,SEM BANDEIRA,14796.37,PENDENTE,2024-08-14,COM DATA
5980,672,DINHEIRO,5,SEM BANDEIRA,4182.28,PAGO,2023-12-01,COM DATA
5981,4147,PIX,8,SEM BANDEIRA,9304.54,PAGO,2024-04-14,COM DATA
5982,9981,PIX,0,SEM BANDEIRA,2192.22,PENDENTE,2022-06-07,COM DATA
5983,5696,CARTÃO,11,SEM BANDEIRA,5914.12,ESTORNADO,2022-12-28,COM DATA
5985,3976,PIX,2,SEM BANDEIRA,7367.205,PAGO,2023-05-05,COM DATA
5987,3043,PIX,1,SEM BANDEIRA,13898.64,PAGO,2022-03-02,COM DATA
5994,5975,CARTÃO,0,MASTERCARD,11976.44,ESTORNADO,2022-10-13,COM DATA
5995,7500,CARTÃO,9,AMERICAN EXPRESS,2776.01,ESTORNADO,2023-06-30,COM DATA
5997,6195,CARTÃO,-5,VISA,13861.24,PAGO,2023-01-19,COM DATA
5999,6938,DINHEIRO,6,SEM BANDEIRA,6844.52,PAGO,2022-12-24,COM DATA
6001,8038,DINHEIRO,7,SEM BANDEIRA,7107.37,ESTORNADO,2022-03-27,COM DATA
6008,5307,PIX,2,SEM BANDEIRA,9629.85,ESTORNADO,2023-10-16,COM DATA
6010,7518,BOLETO,0,SEM BANDEIRA,7367.205,PENDENTE,2023-09-06,COM DATA
6011,4047,BOLETO,3,SEM BANDEIRA,7721.58,ESTORNADO,2024-08-02,COM DATA
6012,3575,CARTÃO,10,SEM BANDEIRA,7367.205,ESTORNADO,2022-10-09,COM DATA
6013,5933,PIX,4,SEM BANDEIRA,11010.67,ESTORNADO,2024-03-06,COM DATA
6014,1480,DINHEIRO,6,SEM BANDEIRA,7270.58,ESTORNADO,2023-03-10,COM DATA
6015,472,DINHEIRO,7,SEM BANDEIRA,572.26,PENDENTE,2024-10-19,COM DATA
6016,9188,PIX,6,SEM BANDEIRA,11868.9,PAGO,2025-01-26,COM DATA
6017,3448,PIX,8,SEM BANDEIRA,13585.95,PENDENTE,2022-03-01,COM DATA
6018,8746,DINHEIRO,0,SEM BANDEIRA,6793.8,ESTORNADO,2024-02-06,COM DATA
6020,3728,BOLETO,0,SEM BANDEIRA,6128.06,PAGO,2022-10-16,COM DATA
6023,8194,BOLETO,-1,SEM BANDEIRA,850.89,PENDENTE,2023-10-25,COM DATA
6026,8391,DINHEIRO,6,SEM BANDEIRA,4311.04,ESTORNADO,2022-11-20,COM DATA
6027,7508,CARTÃO,5,SEM BANDEIRA,3222.91,PAGO,2022-11-27,COM DATA
6028,1728,PIX,0,SEM BANDEIRA,4455.96,PAGO,2022-04-13,COM DATA
6029,4340,DINHEIRO,5,SEM BANDEIRA,7367.205,PENDENTE,2024-03-05,COM DATA
6031,1389,PIX,5,SEM BANDEIRA,10876.76,PAGO,2025-02-20,COM DATA
6032,6112,DINHEIRO,2,SEM BANDEIRA,10204.02,ESTORNADO,2022-01-23,COM DATA
6033,5616,PIX,11,SEM BANDEIRA,12965.37,ESTORNADO,2022-08-31,COM DATA
6034,2422,BOLETO,4,SEM BANDEIRA,242.92,ESTORNADO,2023-01-20,COM DATA
6037,7629,CARTÃO,2,VISA,14178.41,PAGO,2023-12-20,COM DATA
6038,3982,BOLETO,11,SEM BANDEIRA,7367.205,PAGO,2025-04-01,COM DATA
6040,8721,CARTÃO,4,ELO,1595.45,PENDENTE,2025-01-13,COM DATA
6042,2948,DINHEIRO,2,SEM BANDEIRA,9736.76,PENDENTE,2022-09-17,COM DATA
6044,5932,BOLETO,7,SEM BANDEIRA,8462.61,PENDENTE,2024-06-19,COM DATA
6045,2831,DINHEIRO,4,SEM BANDEIRA,517.38,PAGO,2023-04-12,COM DATA
6046,6205,PIX,8,SEM BANDEIRA,357.36,ESTORNADO,2023-10-07,COM DATA
6048,3319,PIX,0,SEM BANDEIRA,109.37,ESTORNADO,2022-05-26,COM DATA
6050,9598,PIX,-1,SEM BANDEIRA,1686.42,PAGO,2023-01-21,COM DATA
6051,1695,PIX,1,SEM BANDEIRA,9377.57,ESTORNADO,2023-02-20,COM DATA
6053,8470,DINHEIRO,5,SEM BANDEIRA,7316.72,PAGO,2024-03-24,COM DATA
6054,398,PIX,0,SEM BANDEIRA,9219.39,PENDENTE,2022-10-22,COM DATA
6056,4947,BOLETO,4,SEM BANDEIRA,7367.205,PAGO,2025-02-26,COM DATA
6062,5593,CARTÃO,3,ELO,7102.0,PAGO,2024-05-11,COM DATA
6064,8829,CARTÃO,11,MASTERCARD,7367.205,PENDENTE,2024-08-17,COM DATA
6069,2386,DINHEIRO,-5,SEM BANDEIRA,5595.9,PENDENTE,,SEM DATA
6071,8954,BOLETO,5,SEM BANDEIRA,10191.22,PENDENTE,2024-11-09,COM DATA
6072,8939,BOLETO,12,SEM BANDEIRA,12800.04,PAGO,2024-12-07,COM DATA
6073,723,CARTÃO,10,HIPERCARD,2987.17,ESTORNADO,2023-04-09,COM DATA
6078,1522,BOLETO,8,SEM BANDEIRA,11817.94,PENDENTE,2023-11-25,COM DATA
6079,8055,CARTÃO,5,AMERICAN EXPRESS,11381.82,PENDENTE,2024-01-27,COM DATA
6080,7065,PIX,5,SEM BANDEIRA,14645.2,Pagoo,2024-05-24,COM DATA
6081,8760,DINHEIRO,5,SEM BANDEIRA,7367.205,PAGO,2023-08-13,COM DATA
6085,958,CARTÃO,11,ELO,5409.14,PAGO,,SEM DATA
6087,3164,CARTÃO,1,MASTERCARD,9110.98,PAGO,2024-04-03,COM DATA
6088,2430,CARTÃO,3,AMERICAN EXPRESS,3232.34,PAGO,2025-03-11,COM DATA
6089,7724,DINHEIRO,5,SEM BANDEIRA,7367.205,PENDENTE,2023-05-08,COM DATA
6092,6427,PIX,1,SEM BANDEIRA,12184.87,PENDENTE,,SEM DATA
6093,8434,CARTÃO,0,SEM BANDEIRA,6316.43,PENDENTE,2023-12-20,COM DATA
6095,9393,PIX,5,SEM BANDEIRA,651.23,PENDENTE,2023-03-24,COM DATA
6096,518,PIX,0,SEM BANDEIRA,4717.99,PENDENTE,2023-02-15,COM DATA
6099,4021,BOLETO,5,SEM BANDEIRA,12395.92,ESTORNADO,2023-10-20,COM DATA
6100,9812,CARTÃO,12,ELO,12455.79,ESTORNADO,2022-10-19,COM DATA
6101,9078,CARTÃO,5,SEM BANDEIRA,1474.75,ESTORNADO,2024-11-14,COM DATA
6102,9400,PIX,0,SEM BANDEIRA,8555.72,PAGO,2024-09-03,COM DATA
6103,8596,BOLETO,11,SEM BANDEIRA,7754.01,ESTORNADO,2024-02-24,COM DATA
6104,1650,CARTÃO,4,VISA,12046.11,ESTORNADO,2024-01-02,COM DATA
6107,7747,DINHEIRO,-1,SEM BANDEIRA,2700.56,pago,2023-04-06,COM DATA
6108,9964,PIX,7,SEM BANDEIRA,7916.32,ESTORNADO,2024-02-14,COM DATA
6109,3427,PIX,12,SEM BANDEIRA,12429.06,ESTORNADO,2024-02-21,COM DATA
6110,6252,BOLETO,4,SEM BANDEIRA,9729.27,PAGO,2023-12-30,COM DATA
6112,7755,CARTÃO,10,MASTERCARD,7367.205,Pago,2023-01-03,COM DATA
6113,5390,BOLETO,10,SEM BANDEIRA,846.54,PENDENTE,2022-04-10,COM DATA
6115,3154,CARTÃO,9,MASTERCARD,11181.5,ESTORNADO,2025-01-01,COM DATA
6121,3865,PIX,11,SEM BANDEIRA,7367.205,ESTORNADO,2022-07-20,COM DATA
6122,1042,BOLETO,1,SEM BANDEIRA,10153.14,PAGO,2023-09-01,COM DATA
6123,7130,PIX,4,SEM BANDEIRA,7367.205,ESTORNADO,2024-08-31,COM DATA
6124,7645,PIX,0,SEM BANDEIRA,2006.39,PAGO,2024-09-24,COM DATA
6125,8433,BOLETO,6,SEM BANDEIRA,2903.9,PENDENTE,2024-12-15,COM DATA
6126,3284,BOLETO,9,SEM BANDEIRA,3785.51,PAGO,2022-02-10,COM DATA
6129,5523,CARTÃO,1,SEM BANDEIRA,7367.205,PENDENTE,2024-06-21,COM DATA
6135,209,CANCELADO,3,SEM BANDEIRA,5139.36,ESTORNADO,2023-01-21,COM DATA
6136,1811,CARTÃO,5,AMERICAN EXPRESS,9323.78,ESTORNADO,2022-11-16,COM DATA
6140,1414,PIX,11,SEM BANDEIRA,10361.56,PAGO,2022-12-01,COM DATA
6141,7035,DINHEIRO,11,SEM BANDEIRA,14897.65,PAGO,2025-01-28,COM DATA
6144,7324,DINHEIRO,3,SEM BANDEIRA,12465.8,PAGO,2024-03-19,COM DATA
6145,6490,PIX,3,SEM BANDEIRA,8318.92,PAGO,2023-10-18,COM DATA
6146,7475,CARTÃO,2,AMERICAN EXPRESS,2156.5,PENDENTE,2022-02-25,COM DATA
6149,7681,PIX,4,SEM BANDEIRA,7367.205,PENDENTE,2022-01-07,COM DATA
6150,3389,DINHEIRO,1,SEM BANDEIRA,12051.51,ESTORNADO,2022-10-10,COM DATA
6152,9898,DINHEIRO,8,SEM BANDEIRA,5422.12,PENDENTE,2023-06-04,COM DATA
6154,1856,BOLETO,6,SEM BANDEIRA,5553.46,PAGO,2024-09-24,COM DATA
6155,8548,DINHEIRO,9,SEM BANDEIRA,3860.45,PENDENTE,2024-03-19,COM DATA
6156,2986,CARTÃO,0,VISA,7367.205,Pago,2022-10-21,COM DATA
6157,6879,BOLETO,4,SEM BANDEIRA,7367.205,PAGO,2022-01-04,COM DATA
6159,25,CARTÃO,6,ELO,3737.38,PAGO,2024-04-08,COM DATA
6160,148,DINHEIRO,5,SEM BANDEIRA,2145.76,ESTORNADO,2023-03-21,COM DATA
6162,552,BOLETO,9,SEM BANDEIRA,6536.89,ESTORNADO,2024-04-20,COM DATA
6163,6403,PIX,5,SEM BANDEIRA,12464.53,ESTORNADO,2022-07-22,COM DATA
6164,5778,PIX,-5,SEM BANDEIRA,5987.52,PAGO,2022-12-07,COM DATA
6165,4203,DINHEIRO,9,SEM BANDEIRA,2929.39,PAGO,2022-04-05,COM DATA
6166,7533,CARTÃO,7,SEM BANDEIRA,0.0,ESTORNADO,2023-12-31,COM DATA
6168,2875,CARTÃO,12,HIPERCARD,6993.07,PAGO,2022-11-21,COM DATA
6169,1577,CARTÃO,7,MASTERCARD,5179.05,ESTORNADO,2023-06-03,COM DATA
6172,2542,PIX,1,SEM BANDEIRA,7367.205,PAGO,2024-06-26,COM DATA
6175,2791,PIX,10,SEM BANDEIRA,859.66,PAGO,2025-01-30,COM DATA
6179,4871,DINHEIRO,9,SEM BANDEIRA,9580.74,ESTORNADO,2023-10-04,COM DATA
6182,33,DINHEIRO,5,SEM BANDEIRA,6799.34,PENDENTE,2024-05-14,COM DATA
6183,1104,CANCELADO,4,SEM BANDEIRA,3964.13,ESTORNADO,2024-07-26,COM DATA
6184,4526,PIX,10,SEM BANDEIRA,10078.06,PENDENTE,,SEM DATA
6185,9660,PIX,2,SEM BANDEIRA,7421.76,PENDENTE,2024-11-16,COM DATA
6186,4953,CARTÃO,2,SEM BANDEIRA,10112.78,PENDENTE,2022-11-21,COM DATA
6188,5250,BOLETO,0,SEM BANDEIRA,1347.59,ESTORNADO,2023-08-12,COM DATA
6192,7150,PIX,7,SEM BANDEIRA,8941.08,ESTORNADO,2025-01-10,COM DATA
6195,2678,DINHEIRO,7,SEM BANDEIRA,7367.205,PENDENTE,2022-05-26,COM DATA
6197,8862,PIX,1,SEM BANDEIRA,14330.27,PAGO,2024-12-14,COM DATA
6200,1355,BOLETO,4,SEM BANDEIRA,7367.205,ESTORNADO,2024-08-11,COM DATA
6201,9512,BOLETO,12,SEM BANDEIRA,10148.59,ESTORNADO,2023-11-21,COM DATA
6205,299,CARTÃO,2,VISA,5358.98,ESTORNADO,2023-12-19,COM DATA
6207,4699,CARTÃO,6,SEM BANDEIRA,11764.42,PAGO,2023-07-29,COM DATA
6208,2223,PIX,3,SEM BANDEIRA,2913.23,ESTORNADO,2023-05-27,COM DATA
6212,9930,BOLETO,0,SEM BANDEIRA,7367.205,PAGO,2023-03-28,COM DATA
6213,76,PIX,10,SEM BANDEIRA,8006.61,ESTORNADO,2022-09-10,COM DATA
6214,6542,CARTÃO,10,SEM BANDEIRA,7578.42,ESTORNADO,2024-04-27,COM DATA
6215,8699,DINHEIRO,9,SEM BANDEIRA,10194.92,ESTORNADO,2024-04-29,COM DATA
6217,4697,DINHEIRO,10,SEM BANDEIRA,7777.43,PAGO,2022-04-26,COM DATA
6218,214,PIX,7,SEM BANDEIRA,9486.72,PENDENTE,2023-04-24,COM DATA
6221,6768,BOLETO,7,SEM BANDEIRA,7367.205,PAGO,2022-04-12,COM DATA
6222,9636,CARTÃO,10,MASTERCARD,0.0,PAGO,,SEM DATA
6225,3820,DINHEIRO,0,SEM BANDEIRA,4632.03,PAGO,2023-10-30,COM DATA
6227,6101,CARTÃO,9,SEM BANDEIRA,0.0,ESTORNADO,2022-07-26,COM DATA
6228,2292,PIX,3,SEM BANDEIRA,7367.205,PENDENTE,2022-08-01,COM DATA
6229,4404,CARTÃO,10,AMERICAN EXPRESS,11833.42,PENDENTE,2023-04-06,COM DATA
6230,3294,BOLETO,11,SEM BANDEIRA,2319.86,PENDENTE,2023-09-30,COM DATA
6231,6864,CARTÃO,4,SEM BANDEIRA,2772.17,ESTORNADO,2022-10-08,COM DATA
6232,4574,PIX,10,SEM BANDEIRA,14186.9,ESTORNADO,2025-01-12,COM DATA
6233,2038,DINHEIRO,3,SEM BANDEIRA,3121.86,ESTORNADO,2022-01-22,COM DATA
6236,9770,PIX,1,SEM BANDEIRA,6117.83,PAGO,2024-05-17,COM DATA
6237,9999,CARTÃO,8,ELO,3417.84,PENDENTE,2022-07-13,COM DATA
6238,9660,BOLETO,0,SEM BANDEIRA,6988.29,ESTORNADO,2024-03-31,COM DATA
6241,8576,CARTÃO,2,VISA,1264.01,PAGO,2022-10-28,COM DATA
6244,9468,BOLETO,2,SEM BANDEIRA,1133.08,ESTORNADO,2025-03-03,COM DATA
6245,9821,BOLETO,12,SEM BANDEIRA,1164.37,ESTORNADO,2022-12-12,COM DATA
6246,7138,PIX,5,MASTERCARD,5301.56,ESTORNADO,2023-09-11,COM DATA
6248,3244,DINHEIRO,2,SEM BANDEIRA,9875.62,PAGO ,2023-11-25,COM DATA
6249,3886,PIX,0,SEM BANDEIRA,13419.57,PENDENTE,2023-03-22,COM DATA
6251,1141,CARTÃO,1,AMERICAN EXPRESS,1586.07,PENDENTE,2023-10-22,COM DATA
6253,4211,PIX,4,SEM BANDEIRA,13240.74,PAGO,2022-01-05,COM DATA
6256,4356,BOLETO,10,SEM BANDEIRA,7063.65,PENDENTE,2025-03-07,COM DATA
6259,8904,BOLETO,7,SEM BANDEIRA,9209.75,ESTORNADO,2022-08-03,COM DATA
6260,8641,CARTÃO,9,AMERICAN EXPRESS,229.53,Pagoo,2024-06-14,COM DATA
6263,4276,CARTÃO,2,MASTERCARD,14868.07,ESTORNADO,2023-12-19,COM DATA
6265,1945,PIX,12,SEM BANDEIRA,13942.16,PENDENTE,2024-01-01,COM DATA
6267,5276,CANCELADO,3,SEM BANDEIRA,11483.78,ESTORNADO,2023-05-14,COM DATA
6268,158,PIX,9,SEM BANDEIRA,2287.32,PAGO,2024-05-25,COM DATA
6271,5446,CARTÃO,9,SEM BANDEIRA,8964.37,ESTORNADO,2022-03-26,COM DATA
6272,3329,CARTÃO,8,HIPERCARD,920.12,ESTORNADO,2024-09-09,COM DATA
6273,2452,PIX,12,SEM BANDEIRA,0.0,PAGO,2022-12-18,COM DATA
6274,2754,CARTÃO,12,ELO,12045.64,PENDENTE,2023-04-08,COM DATA
6275,8357,BOLETO,8,SEM BANDEIRA,11585.1,PAGO,2023-03-27,COM DATA
6277,3054,BOLETO,7,SEM BANDEIRA,2574.99,PENDENTE,2024-06-23,COM DATA
6278,9078,PIX,0,SEM BANDEIRA,7367.205,ESTORNADO,2024-04-14,COM DATA
6280,1108,BOLETO,5,SEM BANDEIRA,14457.49,PENDENTE,2022-09-07,COM DATA
6281,7130,PIX,6,SEM BANDEIRA,9939.67,PENDENTE,2022-04-08,COM DATA
6282,7193,PIX,1,SEM BANDEIRA,11991.69,ESTORNADO,2023-01-06,COM DATA
6283,6509,CARTÃO,10,MASTERCARD,5489.97,ESTORNADO,2024-10-22,COM DATA
6284,3016,BOLETO,11,SEM BANDEIRA,10272.99,PENDENTE,2022-11-26,COM DATA
6285,7797,PIX,4,SEM BANDEIRA,2836.96,ESTORNADO,2023-03-04,COM DATA
6286,9869,PIX,12,SEM BANDEIRA,7367.205,PAGO,,SEM DATA
6287,7171,PIX,3,SEM BANDEIRA,4795.09,PENDENTE,2024-09-15,COM DATA
6289,7453,CARTÃO,10,AMERICAN EXPRESS,14660.65,ESTORNADO,2022-05-16,COM DATA
6291,1193,PIX,1,SEM BANDEIRA,13138.14,PENDENTE,2022-08-22,COM DATA
6293,1057,DINHEIRO,12,SEM BANDEIRA,1765.58,ESTORNADO,2022-01-05,COM DATA
6294,7838,BOLETO,2,SEM BANDEIRA,7859.86,PAGO,2023-03-24,COM DATA
6295,6469,CARTÃO,3,HIPERCARD,10846.36,ESTORNADO,2024-11-16,COM DATA
6298,3179,DINHEIRO,2,SEM BANDEIRA,1463.97,Pago,2022-01-17,COM DATA
6300,2425,CANCELADO,5,SEM BANDEIRA,7367.205,pago,,SEM DATA
6301,5538,CARTÃO,12,SEM BANDEIRA,12477.74,ESTORNADO,2022-04-04,COM DATA
6302,1507,DINHEIRO,2,SEM BANDEIRA,912.81,ESTORNADO,2024-12-08,COM DATA
6303,3129,PIX,1,SEM BANDEIRA,0.0,PAGO,2023-11-04,COM DATA
6305,1523,DINHEIRO,4,SEM BANDEIRA,13466.39,ESTORNADO,2023-10-08,COM DATA
6306,9046,BOLETO,7,SEM BANDEIRA,8878.3,PENDENTE,2022-09-02,COM DATA
6307,2552,CARTÃO,-5,AMERICAN EXPRESS,7367.205,ESTORNADO,2022-08-10,COM DATA
6311,2282,BOLETO,5,SEM BANDEIRA,7597.21,ESTORNADO,2024-01-15,COM DATA
6312,873,BOLETO,4,SEM BANDEIRA,11400.77,PENDENTE,2022-02-20,COM DATA
6315,8960,BOLETO,7,SEM BANDEIRA,14310.06,PAGO,2025-01-09,COM DATA
6316,5508,CARTÃO,7,SEM BANDEIRA,4217.64,PAGO,2022-06-06,COM DATA
6318,3328,CARTÃO,5,HIPERCARD,4316.01,PAGO,2022-11-22,COM DATA
6321,5262,PIX,2,SEM BANDEIRA,1151.25,ESTORNADO,2022-03-12,COM DATA
6323,7642,CARTÃO,3,HIPERCARD,13925.67,PAGO,2024-01-24,COM DATA
6324,3256,BOLETO,10,SEM BANDEIRA,7367.205,PENDENTE,2022-07-11,COM DATA
6325,3904,CARTÃO,12,HIPERCARD,9369.3,ESTORNADO,2022-05-08,COM DATA
6326,2275,CARTÃO,0,AMERICAN EXPRESS,0.0,Pago,2023-06-17,COM DATA
6327,9474,CARTÃO,8,MASTERCARD,9254.16,PENDENTE,2022-08-04,COM DATA
6328,8902,BOLETO,5,SEM BANDEIRA,2711.4,PENDENTE,2023-11-12,COM DATA
6329,7511,CARTÃO,7,SEM BANDEIRA,10298.63,ESTORNADO,2022-07-13,COM DATA
6330,360,CARTÃO,-5,VISA,1001.63,ESTORNADO,2024-01-14,COM DATA
6332,7336,CARTÃO,6,SEM BANDEIRA,2964.8,PENDENTE,2023-11-28,COM DATA
6333,5925,PIX,5,SEM BANDEIRA,1279.92,PAGO,2024-10-31,COM DATA
6337,2373,BOLETO,10,SEM BANDEIRA,0.0,PAGO,2024-08-08,COM DATA
6338,2203,DINHEIRO,6,SEM BANDEIRA,5036.31,PAGO,2024-11-01,COM DATA
6344,2706,CARTÃO,9,SEM BANDEIRA,921.72,PENDENTE,2024-06-10,COM DATA
6345,6836,DINHEIRO,3,SEM BANDEIRA,10588.01,ESTORNADO,2022-01-23,COM DATA
6347,443,PIX,0,SEM BANDEIRA,11927.07,PAGO,2023-09-19,COM DATA
6353,8661,DINHEIRO,-5,SEM BANDEIRA,11570.44,PAGO,,SEM DATA
6354,3549,PIX,3,SEM BANDEIRA,9920.77,PAGO,2022-07-15,COM DATA
6355,130,CARTÃO,7,ELO,14768.12,PENDENTE,2022-10-31,COM DATA
6356,5566,CARTÃO,10,ELO,7367.205,ESTORNADO,2023-09-08,COM DATA
6358,1494,CARTÃO,0,VISA,10382.56,ESTORNADO,2023-04-21,COM DATA
6359,7898,PIX,2,SEM BANDEIRA,9964.4,PAGO,2023-02-11,COM DATA
6360,7224,PIX,4,SEM BANDEIRA,1959.96,ESTORNADO,2024-02-06,COM DATA
6361,47,BOLETO,0,SEM BANDEIRA,3909.63,PENDENTE,2022-07-25,COM DATA
6363,6155,CARTÃO,6,MASTERCARD,8544.81,ESTORNADO,2023-07-31,COM DATA
6364,8861,PIX,12,SEM BANDEIRA,4830.21,ESTORNADO,2023-05-15,COM DATA
6365,3256,CARTÃO,5,AMERICAN EXPRESS,11211.49,ESTORNADO,2023-08-26,COM DATA
6366,1198,CARTÃO,8,MASTERCARD,11553.27,PENDENTE,2022-03-20,COM DATA
6368,7657,BOLETO,3,SEM BANDEIRA,10420.56,PENDENTE,2024-03-28,COM DATA
6369,9936,BOLETO,3,SEM BANDEIRA,13285.0,PENDENTE,2022-11-29,COM DATA
6374,929,BOLETO,11,SEM BANDEIRA,5337.37,PENDENTE,2024-04-21,COM DATA
6377,530,PIX,2,SEM BANDEIRA,10635.02,Estornado,2023-11-29,COM DATA
6378,2416,PIX,1,SEM BANDEIRA,0.0,PENDENTE,2023-05-28,COM DATA
6379,6386,BOLETO,10,SEM BANDEIRA,1337.96,PAGO,2023-07-30,COM DATA
6383,1020,BOLETO,7,SEM BANDEIRA,5601.6,ESTORNADO,2022-09-11,COM DATA
6384,331,PIX,8,SEM BANDEIRA,8000.5,PAGO,2024-12-22,COM DATA
6385,4555,PIX,3,SEM BANDEIRA,0.0,PAGO,2025-02-17,COM DATA
6387,4429,BOLETO,8,SEM BANDEIRA,1692.5,PENDENTE,2022-06-15,COM DATA
6388,2048,BOLETO,-5,SEM BANDEIRA,443.35,PAGO ,2023-08-17,COM DATA
6389,842,BOLETO,1,SEM BANDEIRA,7979.76,ESTORNADO,2022-12-03,COM DATA
6393,1323,CARTÃO,2,VISA,4500.77,Estornado,2023-04-26,COM DATA
6394,1763,CARTÃO,8,ELO,6940.2,ESTORNADO,2022-08-01,COM DATA
6395,9903,DINHEIRO,10,SEM BANDEIRA,448.38,PENDENTE,2024-04-09,COM DATA
6396,4639,DINHEIRO,11,SEM BANDEIRA,12721.87,PAGO,2023-08-20,COM DATA
6398,5764,PIX,6,SEM BANDEIRA,13716.5,ESTORNADO,2022-01-13,COM DATA
6400,8986,BOLETO,5,SEM BANDEIRA,2919.77,PENDENTE,2025-03-30,COM DATA
6403,9771,BOLETO,10,SEM BANDEIRA,11197.07,PAGO,2022-09-04,COM DATA
6404,3496,PIX,0,SEM BANDEIRA,14640.63,ESTORNADO,2022-08-14,COM DATA
6405,6068,CARTÃO,5,VISA,7367.205,PAGO,2024-12-07,COM DATA
6406,7132,BOLETO,2,SEM BANDEIRA,7367.205,PENDENTE,2025-03-09,COM DATA
6407,2666,BOLETO,12,SEM BANDEIRA,13250.37,ESTORNADO,2022-03-29,COM DATA
6408,4061,BOLETO,5,SEM BANDEIRA,5498.66,PAGO,2022-06-19,COM DATA
6409,165,BOLETO,12,SEM BANDEIRA,7961.49,ESTORNADO,2022-09-14,COM DATA
6411,8922,BOLETO,12,SEM BANDEIRA,8638.2,PAGO,2022-12-30,COM DATA
6412,6667,DINHEIRO,0,SEM BANDEIRA,10282.61,PAGO,2025-03-02,COM DATA
6413,4541,CARTÃO,8,ELO,14778.72,ESTORNADO,2023-09-26,COM DATA
6415,6285,PIX,3,SEM BANDEIRA,10835.07,CANCELADO,2024-04-21,COM DATA
6417,3451,CARTÃO,5,ELO,10612.01,ESTORNADO,2023-11-11,COM DATA
6418,4299,CARTÃO,9,VISA,12628.22,PAGO,2023-07-22,COM DATA
6421,2234,CARTÃO,12,HIPERCARD,12046.81,PENDENTE,2024-08-23,COM DATA
6422,8111,PIX,8,SEM BANDEIRA,7367.205,PENDENTE,2024-12-25,COM DATA
6423,7603,DINHEIRO,10,SEM BANDEIRA,7242.64,ESTORNADO,2022-09-24,COM DATA
6424,5556,PIX,4,SEM BANDEIRA,5800.91,ESTORNADO,2024-08-23,COM DATA
6427,325,DINHEIRO,12,SEM BANDEIRA,0.0,PAGO,2022-06-09,COM DATA
6428,9564,PIX,7,SEM BANDEIRA,8131.41,PENDENTE,2022-10-26,COM DATA
6431,6783,DINHEIRO,1,SEM BANDEIRA,6408.76,PAGO,2024-02-19,COM DATA
6434,5559,CARTÃO,0,MASTERCARD,13552.22,ESTORNADO,2025-01-15,COM DATA
6435,7328,DINHEIRO,12,SEM BANDEIRA,6744.77,PENDENTE,2024-04-04,COM DATA
6436,8312,PIX,8,SEM BANDEIRA,8700.2,PENDENTE,2022-07-04,COM DATA
6437,1039,CARTÃO,5,HIPERCARD,6731.44,ESTORNADO,2022-05-15,COM DATA
6439,7116,CARTAO,4,SEM BANDEIRA,9437.48,PENDENTE,2024-05-04,COM DATA
6441,1683,DINHEIRO,3,SEM BANDEIRA,6709.93,ESTORNADO,,SEM DATA
6443,5325,CARTÃO,8,SEM BANDEIRA,792.57,ESTORNADO,2023-03-19,COM DATA
6444,9817,PIX,11,SEM BANDEIRA,10995.63,PAGO,2024-04-29,COM DATA
6445,9300,BOLETO,9,SEM BANDEIRA,5550.66,ESTORNADO,2023-11-15,COM DATA
6446,2896,BOLETO,1,SEM BANDEIRA,12134.57,PENDENTE,,SEM DATA
6448,5903,DINHEIRO,7,SEM BANDEIRA,7367.205,PAGO,2024-11-06,COM DATA
6452,5098,BOLETO,12,SEM BANDEIRA,7367.205,PAGO,2022-05-15,COM DATA
6453,496,PIX,-5,SEM BANDEIRA,9264.92,PENDENTE,2022-12-09,COM DATA
6456,2114,BOLETO,8,SEM BANDEIRA,7999.39,PAGO,2023-06-10,COM DATA
6457,8281,DINHEIRO,7,SEM BANDEIRA,8515.73,PENDENTE,2025-02-05,COM DATA
6458,6765,CARTÃO,8,AMERICAN EXPRESS,8342.97,PAGO,2023-09-13,COM DATA
6459,7543,CARTÃO,8,HIPERCARD,7367.205,PAGO,2024-05-04,COM DATA
6462,7962,CARTÃO,9,VISA,916.23,ESTORNADO,2024-01-31,COM DATA
6464,1752,BOLETO,10,SEM BANDEIRA,7323.29,PENDENTE,2024-02-03,COM DATA
6465,5588,CARTAO,1,SEM BANDEIRA,7683.92,PENDENTE,2022-07-26,COM DATA
6466,1063,BOLETO,2,SEM BANDEIRA,5057.52,PENDENTE,,SEM DATA
6467,9339,CARTÃO,0,HIPERCARD,2854.96,PENDENTE,2022-05-21,COM DATA
6469,7205,PIX,2,SEM BANDEIRA,7367.205,PENDENTE,2024-07-07,COM DATA
6470,3023,CARTÃO,11,HIPERCARD,1479.87,PENDENTE,2024-05-06,COM DATA
6471,7244,DINHEIRO,0,SEM BANDEIRA,7139.28,PAGO,2024-06-23,COM DATA
6472,8413,CARTÃO,8,ELO,5060.66,PENDENTE,2023-09-04,COM DATA
6473,7736,BOLETO,9,SEM BANDEIRA,10378.01,PENDENTE,2024-03-17,COM DATA
6474,3323,PIX,2,SEM BANDEIRA,7372.39,PAGO,2023-06-29,COM DATA
6477,93,PIX,0,SEM BANDEIRA,761.8,ESTORNADO,2025-02-08,COM DATA
6478,8470,DINHEIRO,8,SEM BANDEIRA,11384.22,PENDENTE,2022-10-09,COM DATA
6479,3624,CARTÃO,4,SEM BANDEIRA,6881.95,PENDENTE,2023-07-30,COM DATA
6480,1048,PIX,7,SEM BANDEIRA,10889.27,PENDENTE,2024-08-25,COM DATA
6481,6877,BOLETO,11,SEM BANDEIRA,7580.67,ESTORNADO,2024-06-28,COM DATA
6484,9620,PIX,11,SEM BANDEIRA,0.0,PENDENTE,,SEM DATA
6486,8756,BOLETO,1,SEM BANDEIRA,13815.16,PAGO,2024-04-11,COM DATA
6487,4207,CARTÃO,6,HIPERCARD,7367.205,PAGO,2022-12-11,COM DATA
6488,5618,PIX,10,SEM BANDEIRA,10857.55,PENDENTE,2022-12-13,COM DATA
6490,1232,DINHEIRO,1,SEM BANDEIRA,8553.83,PAGO,,SEM DATA
6492,172,CARTÃO,2,VISA,383.33,PENDENTE,2023-06-20,COM DATA
6493,7544,BOLETO,3,SEM BANDEIRA,7367.205,PENDENTE,2023-03-30,COM DATA
6495,6049,PIX,12,SEM BANDEIRA,728.4,Pagoo,2025-04-03,COM DATA
6497,2651,PIX,1,SEM BANDEIRA,3373.67,PENDENTE,2022-09-01,COM DATA
6498,8916,BOLETO,9,SEM BANDEIRA,10030.82,PAGO,2022-03-13,COM DATA
6499,6972,BOLETO,11,SEM BANDEIRA,2190.57,PAGO,2023-01-09,COM DATA
6500,5073,BOLETO,5,SEM BANDEIRA,13820.33,PENDENTE,2022-10-17,COM DATA
6501,8982,CARTÃO,3,AMERICAN EXPRESS,7900.48,ESTORNADO,2024-07-22,COM DATA
6502,2019,BOLETO,7,SEM BANDEIRA,6731.91,PENDENTE,2024-09-20,COM DATA
6505,7329,DINHEIRO,12,SEM BANDEIRA,7367.205,ESTORNADO,2024-01-04,COM DATA
6506,1355,DINHEIRO,10,SEM BANDEIRA,2819.6,pago,,SEM DATA
6507,5100,CARTÃO,9,HIPERCARD,14273.69,PAGO,2024-10-11,COM DATA
6509,3356,BOLETO,4,SEM BANDEIRA,14600.9,ESTORNADO,2025-04-08,COM DATA
6510,5262,DINHEIRO,0,SEM BANDEIRA,11309.3,ESTORNADO,2024-08-07,COM DATA
6514,5575,DINHEIRO,5,SEM BANDEIRA,5710.04,PAGO,2023-06-25,COM DATA
6520,4872,BOLETO,11,SEM BANDEIRA,11223.88,ESTORNADO,2022-02-08,COM DATA
6521,270,CARTÃO,11,MASTERCARD,10752.48,PENDENTE,2024-05-24,COM DATA
6522,3677,DINHEIRO,12,SEM BANDEIRA,11842.77,PAGO,2023-08-11,COM DATA
6523,6937,CARTÃO,0,AMERICAN EXPRESS,7367.205,pago,2025-02-10,COM DATA
6524,3936,PIX,8,SEM BANDEIRA,4155.46,ESTORNADO,2023-07-27,COM DATA
6525,1492,DINHEIRO,0,SEM BANDEIRA,13394.97,PENDENTE,2022-08-22,COM DATA
6528,2876,DINHEIRO,10,SEM BANDEIRA,12269.82,Estornado,2022-07-24,COM DATA
6531,4508,PIX,7,SEM BANDEIRA,1302.25,PAGO,2024-11-22,COM DATA
6533,1583,PIX,10,SEM BANDEIRA,6982.12,Pendente,2023-08-30,COM DATA
6534,8114,CARTÃO,9,MASTERCARD,6147.9,PENDENTE,2023-10-26,COM DATA
6536,4154,DINHEIRO,7,SEM BANDEIRA,3297.55,ESTORNADO,2024-06-10,COM DATA
6538,4528,CARTÃO,0,VISA,8531.32,PENDENTE,2025-03-19,COM DATA
6539,771,DINHEIRO,9,SEM BANDEIRA,11865.89,ESTORNADO,2024-08-05,COM DATA
6540,5885,BOLETO,11,SEM BANDEIRA,0.0,PENDENTE,2022-03-15,COM DATA
6542,5087,BOLETO,4,SEM BANDEIRA,7367.205,PENDENTE,2023-06-09,COM DATA
6543,7809,DINHEIRO,6,SEM BANDEIRA,4407.69,PENDENTE,2023-03-21,COM DATA
6544,5624,BOLETO,4,SEM BANDEIRA,7367.205,ESTORNADO,2024-09-12,COM DATA
6545,7579,CARTÃO,-1,ELO,4676.72,ESTORNADO,2024-04-10,COM DATA
6548,7908,CARTÃO,12,HIPERCARD,6776.55,ESTORNADO,2023-07-02,COM DATA
6551,7824,PIX,8,SEM BANDEIRA,12617.61,ESTORNADO,2023-05-11,COM DATA
6552,6533,DINHEIRO,2,SEM BANDEIRA,3569.19,PENDENTE,2024-06-25,COM DATA
6554,9125,PIX,9,SEM BANDEIRA,7367.205,ESTORNADO,2023-05-11,COM DATA
6555,3566,CARTÃO,3,HIPERCARD,2926.1,ESTORNADO,2022-03-26,COM DATA
6557,8196,CARTÃO,-1,SEM BANDEIRA,9543.16,PAGO,2022-05-18,COM DATA
6558,6916,CARTAO,0,SEM BANDEIRA,0.0,PAGO,2022-11-30,COM DATA
6559,3849,PIX,3,SEM BANDEIRA,5975.91,ESTORNADO,2022-11-22,COM DATA
6560,4837,PIX,8,SEM BANDEIRA,12950.4,PAGO,2022-09-15,COM DATA
6563,4626,DINHEIRO,-5,SEM BANDEIRA,5635.03,ESTORNADO,2024-10-23,COM DATA
6567,4304,BOLETO,1,SEM BANDEIRA,11943.4,PAGO,2024-03-19,COM DATA
6568,1082,PIX,5,SEM BANDEIRA,972.66,PAGO,2024-11-10,COM DATA
6571,8251,BOLETO,4,SEM BANDEIRA,6664.13,ESTORNADO,2024-04-17,COM DATA
6575,2536,PIX,0,SEM BANDEIRA,7368.28,PENDENTE,2024-05-27,COM DATA
6576,6601,DINHEIRO,9,SEM BANDEIRA,13085.45,PAGO,2024-06-28,COM DATA
6578,1754,CARTÃO,3,AMERICAN EXPRESS,6152.7,PENDENTE,2022-10-29,COM DATA
6579,4534,DINHEIRO,5,SEM BANDEIRA,11991.09,ESTORNADO,2023-03-12,COM DATA
6581,1816,CARTÃO,2,VISA,968.91,ESTORNADO,2022-03-18,COM DATA
6583,6483,CARTÃO,11,VISA,12200.65,PENDENTE,2022-05-25,COM DATA
6584,1776,DINHEIRO,7,SEM BANDEIRA,1319.73,Estornado,2022-09-25,COM DATA
6585,8264,DINHEIRO,0,SEM BANDEIRA,2307.39,ESTORNADO,2023-05-22,COM DATA
6586,7030,PIX,0,SEM BANDEIRA,5496.64,PENDENTE,2022-12-14,COM DATA
6587,1670,PIX,2,SEM BANDEIRA,13763.36,PAGO,2024-08-26,COM DATA
6588,712,DINHEIRO,1,SEM BANDEIRA,11487.81,PAGO,2022-02-25,COM DATA
6591,9550,CARTÃO,4,SEM BANDEIRA,0.0,PENDENTE,,SEM DATA
6592,4455,BOLETO,2,SEM BANDEIRA,3188.59,PENDENTE,2023-02-07,COM DATA
6593,6262,PIX,0,ELO,11494.27,PENDENTE,2023-10-28,COM DATA
6595,3300,DINHEIRO,1,SEM BANDEIRA,11926.58,ESTORNADO,2022-12-28,COM DATA
6596,790,DINHEIRO,11,SEM BANDEIRA,10519.81,PAGO,2023-05-18,COM DATA
6598,6874,PIX,4,SEM BANDEIRA,10412.44,PENDENTE,2022-07-13,COM DATA
6601,7748,DINHEIRO,2,SEM BANDEIRA,14458.76,PENDENTE,2023-02-12,COM DATA
6603,1960,CARTÃO,4,MASTERCARD,11586.13,PAGO,,SEM DATA
6604,92,DINHEIRO,5,SEM BANDEIRA,1341.69,PENDENTE,2024-10-26,COM DATA
6605,4037,PIX,11,SEM BANDEIRA,12141.19,ESTORNADO,2022-11-11,COM DATA
6606,538,CANCELADO,6,SEM BANDEIRA,3326.89,pago,2022-03-19,COM DATA
6608,3463,BOLETO,12,SEM BANDEIRA,3290.39,ESTORNADO,,SEM DATA
6610,5920,PIX,5,SEM BANDEIRA,11671.69,PENDENTE,2022-05-14,COM DATA
6611,5756,PIX,1,SEM BANDEIRA,7046.05,ESTORNADO,2023-12-17,COM DATA
6612,7469,CARTÃO,8,AMERICAN EXPRESS,4780.64,PENDENTE,2022-10-26,COM DATA
6615,6348,BOLETO,8,SEM BANDEIRA,10759.95,PAGO,2023-05-18,COM DATA
6618,4411,PIX,6,SEM BANDEIRA,3424.91,PENDENTE,2024-11-03,COM DATA
6620,1218,PIX,9,SEM BANDEIRA,5503.47,ESTORNADO,2024-02-17,COM DATA
6626,6335,BOLETO,9,SEM BANDEIRA,341.85,ESTORNADO,2022-04-06,COM DATA
6627,9383,CARTÃO,5,AMERICAN EXPRESS,11294.29,PAGO,2023-01-21,COM DATA
6628,6656,CARTÃO,1,SEM BANDEIRA,0.0,PENDENTE,2023-04-17,COM DATA
6629,9382,PIX,2,SEM BANDEIRA,12247.68,ESTORNADO,2025-02-05,COM DATA
6632,5073,BOLETO,5,SEM BANDEIRA,2642.01,PAGO,2022-01-08,COM DATA
6634,4101,PIX,9,SEM BANDEIRA,13195.3,Pagoo,2022-05-05,COM DATA
6635,1642,BOLETO,8,SEM BANDEIRA,8872.35,PAGO,2022-11-30,COM DATA
6636,7524,PIX,8,SEM BANDEIRA,2548.49,PENDENTE,,SEM DATA
6638,2195,PIX,2,SEM BANDEIRA,33.32,PENDENTE,2022-12-25,COM DATA
6641,1088,CARTÃO,-1,MASTERCARD,12917.69,PENDENTE,2024-10-24,COM DATA
6643,7039,BOLETO,7,SEM BANDEIRA,8329.25,PAGO,2023-05-30,COM DATA
6644,728,CARTÃO,0,MASTERCARD,185.73,PAGO,2022-04-04,COM DATA
6645,4732,CARTÃO,5,HIPERCARD,7367.205,ESTORNADO,2022-12-30,COM DATA
6649,8352,DINHEIRO,3,SEM BANDEIRA,3902.55,PAGO,2025-03-11,COM DATA
6651,475,CARTÃO,1,ELO,9014.86,ESTORNADO,,SEM DATA
6652,7824,CARTÃO,-1,VISA,1523.32,Pagoo,2022-11-03,COM DATA
6655,738,CARTÃO,1,AMERICAN EXPRESS,14786.43,PENDENTE,2024-04-23,COM DATA
6656,1475,DINHEIRO,3,SEM BANDEIRA,2141.36,PENDENTE,2022-01-20,COM DATA
6657,8712,PIX,3,SEM BANDEIRA,12097.82,PAGO,2022-07-12,COM DATA
6658,2657,DINHEIRO,12,SEM BANDEIRA,7757.29,PAGO,2024-02-13,COM DATA
6659,2504,BOLETO,7,SEM BANDEIRA,7115.23,PAGO,2022-05-30,COM DATA
6660,5131,DINHEIRO,8,SEM BANDEIRA,3608.48,ESTORNADO,2024-03-12,COM DATA
6661,2126,PIX,5,SEM BANDEIRA,3024.96,PENDENTE,2022-02-23,COM DATA
6662,2348,CARTÃO,11,VISA,1355.68,PENDENTE,2023-11-02,COM DATA
6663,3541,CARTÃO,3,HIPERCARD,11063.32,PENDENTE,2024-11-05,COM DATA
6664,9583,DINHEIRO,8,SEM BANDEIRA,9361.91,PENDENTE,2024-01-16,COM DATA
6666,2595,PIX,11,SEM BANDEIRA,7651.73,ESTORNADO,2022-02-12,COM DATA
6668,7561,CARTÃO,3,ELO,12095.43,Pagoo,2022-02-20,COM DATA
6671,9930,CARTÃO,3,HIPERCARD,1122.34,PENDENTE,2022-09-10,COM DATA
6672,6936,CARTÃO,6,AMERICAN EXPRESS,9554.87,ESTORNADO,2023-02-14,COM DATA
6673,3734,BOLETO,-5,SEM BANDEIRA,1203.04,PENDENTE,2022-01-22,COM DATA
6674,7002,PIX,2,SEM BANDEIRA,14817.42,PENDENTE,2022-01-15,COM DATA
6675,8433,PIX,11,SEM BANDEIRA,249.77,PENDENTE,2024-10-02,COM DATA
6676,6025,PIX,7,SEM BANDEIRA,6805.91,ESTORNADO,2023-07-21,COM DATA
6677,7136,PIX,10,SEM BANDEIRA,4459.13,PENDENTE,2023-02-18,COM DATA
6679,8588,PIX,11,SEM BANDEIRA,7367.205,PAGO,2024-03-16,COM DATA
6680,6902,DINHEIRO,3,SEM BANDEIRA,7367.205,ESTORNADO,2023-08-19,COM DATA
6682,7633,CARTÃO,4,HIPERCARD,2584.24,Pago,2024-09-16,COM DATA
6683,2174,DINHEIRO,1,SEM BANDEIRA,12795.63,ESTORNADO,2022-11-14,COM DATA
6684,9724,BOLETO,1,SEM BANDEIRA,7367.205,CANCELADO,2022-05-22,COM DATA
6686,1689,PIX,5,SEM BANDEIRA,3236.13,ESTORNADO,2022-08-06,COM DATA
6689,9236,DINHEIRO,12,SEM BANDEIRA,4440.05,ESTORNADO,2024-03-21,COM DATA
6691,4100,DINHEIRO,6,SEM BANDEIRA,13389.28,ESTORNADO,2023-01-09,COM DATA
6693,8576,PIX,9,SEM BANDEIRA,7367.205,PENDENTE,,SEM DATA
6694,1758,DINHEIRO,8,SEM BANDEIRA,5762.92,ESTORNADO,2025-03-19,COM DATA
6696,1274,CARTÃO,1,VISA,3936.83,PENDENTE,2022-05-16,COM DATA
6698,5057,DINHEIRO,10,SEM BANDEIRA,7367.205,Estornado,2023-05-26,COM DATA
6699,6387,CARTÃO,2,MASTERCARD,4999.18,ESTORNADO,2024-02-08,COM DATA
6703,911,PIX,12,SEM BANDEIRA,3485.31,ESTORNADO,2023-08-28,COM DATA
6704,6633,DINHEIRO,11,SEM BANDEIRA,1362.5,PENDENTE,2022-10-18,COM DATA
6706,2401,BOLETO,8,SEM BANDEIRA,7367.205,PAGO,2022-01-23,COM DATA
6709,5753,PIX,-5,SEM BANDEIRA,6274.52,ESTORNADO,2023-08-29,COM DATA
6714,8031,BOLETO,7,SEM BANDEIRA,13534.99,ESTORNADO,2022-04-17,COM DATA
6716,6233,CARTÃO,8,ELO,796.18,PENDENTE,2024-05-10,COM DATA
6717,5832,CARTÃO,4,VISA,10385.95,PAGO,2025-01-13,COM DATA
6719,7370,PIX,7,SEM BANDEIRA,10997.92,PENDENTE,2022-09-22,COM DATA
6720,4874,CARTÃO,6,ELO,12656.13,CANCELADO,2022-10-23,COM DATA
6723,4884,PIX,6,SEM BANDEIRA,7367.205,ESTORNADO,2023-07-06,COM DATA
6724,5049,PIX,4,SEM BANDEIRA,9762.29,PAGO,2024-12-15,COM DATA
6725,7920,BOLETO,-1,SEM BANDEIRA,7367.205,ESTORNADO,2024-08-07,COM DATA
6727,3098,CARTÃO,5,MASTERCARD,7367.205,ESTORNADO,2023-05-28,COM DATA
6728,3886,CARTÃO,3,ELO,11916.38,PAGO,2022-01-08,COM DATA
6729,3242,CARTÃO,10,ELO,12525.99,ESTORNADO,2022-07-13,COM DATA
6731,3823,DINHEIRO,6,SEM BANDEIRA,6449.41,PAGO,2024-08-07,COM DATA
6733,974,CARTÃO,7,HIPERCARD,0.0,PAGO,2023-05-13,COM DATA
6734,7467,BOLETO,12,SEM BANDEIRA,143.86,PENDENTE,2022-07-26,COM DATA
6736,8536,DINHEIRO,2,SEM BANDEIRA,11656.28,PENDENTE,2025-02-11,COM DATA
6739,5313,BOLETO,7,SEM BANDEIRA,7367.205,Pagoo,2022-01-10,COM DATA
6741,2003,PIX,-1,SEM BANDEIRA,10914.35,PENDENTE,2022-05-26,COM DATA
6748,8897,CARTÃO,12,HIPERCARD,3118.22,Pago,2024-05-01,COM DATA
6750,1691,BOLETO,8,SEM BANDEIRA,6829.17,ESTORNADO,2023-09-09,COM DATA
6751,5470,CARTÃO,12,HIPERCARD,11385.5,PENDENTE,2022-01-21,COM DATA
6752,7903,DINHEIRO,2,SEM BANDEIRA,6444.85,ESTORNADO,2024-09-19,COM DATA
6754,5134,CARTÃO,2,MASTERCARD,13365.75,ESTORNADO,2023-07-18,COM DATA
6755,7260,CARTÃO,2,AMERICAN EXPRESS,9041.96,CANCELADO,2023-05-31,COM DATA
6756,4268,PIX,10,SEM BANDEIRA,6910.76,PENDENTE,2024-02-04,COM DATA
6757,1448,CARTÃO,3,AMERICAN EXPRESS,2789.13,ESTORNADO,2023-11-12,COM DATA
6758,9622,PIX,1,SEM BANDEIRA,9395.74,PENDENTE,2024-04-03,COM DATA
6760,8475,CARTÃO,11,SEM BANDEIRA,2245.13,PENDENTE,2022-07-30,COM DATA
6762,1750,BOLETO,12,SEM BANDEIRA,9001.16,PENDENTE,2023-12-13,COM DATA
6768,2597,PIX,9,SEM BANDEIRA,11614.56,PAGO,2022-03-04,COM DATA
6769,5625,DINHEIRO,2,SEM BANDEIRA,12123.74,ESTORNADO,2023-01-14,COM DATA
6772,6647,CARTÃO,11,AMERICAN EXPRESS,6443.16,ESTORNADO,2024-02-29,COM DATA
6774,7950,CARTÃO,2,SEM BANDEIRA,7085.47,ESTORNADO,2023-04-04,COM DATA
6775,9891,CARTÃO,11,AMERICAN EXPRESS,10197.38,PAGO,2025-04-07,COM DATA
6776,4193,PIX,3,SEM BANDEIRA,11545.31,PENDENTE,2023-10-12,COM DATA
6777,8610,PIX,4,SEM BANDEIRA,7367.205,PAGO,2022-06-25,COM DATA
6778,8717,BOLETO,12,SEM BANDEIRA,9882.44,ESTORNADO,,SEM DATA
6779,8906,DINHEIRO,6,SEM BANDEIRA,5211.2,pago,2024-03-29,COM DATA
6780,538,PIX,10,SEM BANDEIRA,10758.3,PENDENTE,2025-01-20,COM DATA
6781,9987,BOLETO,9,SEM BANDEIRA,10029.13,Estornado,2024-01-28,COM DATA
6782,4258,DINHEIRO,7,SEM BANDEIRA,13344.18,ESTORNADO,2024-04-28,COM DATA
6784,9042,DINHEIRO,11,SEM BANDEIRA,3963.45,PAGO,2022-03-14,COM DATA
6786,7300,CARTÃO,3,HIPERCARD,4175.84,ESTORNADO,2023-10-24,COM DATA
6787,2193,CARTÃO,9,ELO,7367.205,ESTORNADO,2022-07-14,COM DATA
6788,2756,BOLETO,1,SEM BANDEIRA,7342.62,ESTORNADO,2023-08-17,COM DATA
6791,2115,CARTÃO,8,SEM BANDEIRA,3967.37,PENDENTE,2023-09-28,COM DATA
6792,4261,PIX,6,SEM BANDEIRA,7054.27,ESTORNADO,2023-12-19,COM DATA
6796,7266,PIX,3,SEM BANDEIRA,7572.04,PAGO,2023-01-12,COM DATA
6797,6535,BOLETO,10,SEM BANDEIRA,1713.55,ESTORNADO,2025-01-06,COM DATA
6798,7195,BOLETO,8,SEM BANDEIRA,13935.07,PAGO,2022-10-21,COM DATA
6800,3887,BOLETO,6,SEM BANDEIRA,6988.57,ESTORNADO,2022-03-05,COM DATA
6801,1490,BOLETO,6,SEM BANDEIRA,234.52,PAGO,,SEM DATA
6805,5390,PIX,6,SEM BANDEIRA,5498.34,pago,2023-10-09,COM DATA
6807,6481,BOLETO,4,SEM BANDEIRA,7541.7,ESTORNADO,2023-05-30,COM DATA
6809,8200,DINHEIRO,9,SEM BANDEIRA,4243.24,ESTORNADO,2024-07-28,COM DATA
6810,2955,PIX,2,SEM BANDEIRA,10557.57,PAGO,2023-04-02,COM DATA
6812,8268,PIX,6,SEM BANDEIRA,3181.59,ESTORNADO,2024-09-25,COM DATA
6814,630,BOLETO,12,SEM BANDEIRA,7367.205,PAGO,2024-05-06,COM DATA
6815,513,CARTÃO,9,HIPERCARD,0.0,PENDENTE,2023-06-11,COM DATA
6816,854,DINHEIRO,7,SEM BANDEIRA,2740.28,PENDENTE,2023-05-17,COM DATA
6818,4065,DINHEIRO,1,SEM BANDEIRA,9685.8,ESTORNADO,2023-09-13,COM DATA
6819,2482,DINHEIRO,0,SEM BANDEIRA,4953.88,ESTORNADO,2022-03-05,COM DATA
6820,1218,PIX,9,SEM BANDEIRA,2386.47,ESTORNADO,,SEM DATA
6821,3256,BOLETO,1,SEM BANDEIRA,13555.91,PENDENTE,2024-07-31,COM DATA
6822,5287,CARTÃO,0,AMERICAN EXPRESS,8471.3,PENDENTE,2023-03-08,COM DATA
6825,9558,BOLETO,8,SEM BANDEIRA,2057.36,Estornado,2024-11-14,COM DATA
6828,370,DINHEIRO,2,SEM BANDEIRA,1209.64,PAGO,2024-06-05,COM DATA
6830,7225,CARTÃO,5,AMERICAN EXPRESS,6699.28,PAGO,2022-03-04,COM DATA
6835,7635,PIX,11,SEM BANDEIRA,10297.99,PENDENTE,2022-10-17,COM DATA
6836,9746,BOLETO,2,SEM BANDEIRA,11876.44,ESTORNADO,2023-11-11,COM DATA
6838,694,PIX,11,SEM BANDEIRA,12933.21,PAGO,,SEM DATA
6841,355,BOLETO,4,SEM BANDEIRA,825.33,PENDENTE,2022-11-21,COM DATA
6843,7691,BOLETO,7,SEM BANDEIRA,9453.59,Pago,2022-07-17,COM DATA
6844,5204,CARTÃO,3,ELO,7040.59,PAGO,2022-01-16,COM DATA
6846,2473,BOLETO,6,SEM BANDEIRA,407.95,ESTORNADO,2022-06-12,COM DATA
6848,3823,CARTÃO,9,ELO,2018.51,PENDENTE,2024-04-12,COM DATA
6850,5344,PIX,11,SEM BANDEIRA,7367.205,Pago,2024-09-25,COM DATA
6852,9523,BOLETO,11,SEM BANDEIRA,2905.42,PAGO,2022-01-15,COM DATA
6853,5161,PIX,0,SEM BANDEIRA,12912.01,PENDENTE,2024-04-09,COM DATA
6854,6307,PIX,12,AMERICAN EXPRESS,7367.205,ESTORNADO,2024-04-26,COM DATA
6855,8214,BOLETO,2,SEM BANDEIRA,3614.19,ESTORNADO,2023-02-28,COM DATA
6861,8717,PIX,9,SEM BANDEIRA,14969.29,PENDENTE,2022-08-13,COM DATA
6862,9989,PIX,7,SEM BANDEIRA,7342.34,PENDENTE,2022-09-13,COM DATA
6864,1311,BOLETO,0,SEM BANDEIRA,11979.39,PENDENTE,2025-04-03,COM DATA
6867,3776,CARTÃO,10,MASTERCARD,7762.81,PAGO,2022-05-11,COM DATA
6868,7852,DINHEIRO,12,SEM BANDEIRA,5097.0,ESTORNADO,2022-03-11,COM DATA
6869,8722,PIX,7,SEM BANDEIRA,8713.59,PENDENTE,,SEM DATA
6870,240,PIX,3,SEM BANDEIRA,13223.95,PENDENTE,2024-08-29,COM DATA
6871,1182,CARTÃO,0,AMERICAN EXPRESS,7367.205,ESTORNADO,2024-03-06,COM DATA
6872,8753,PIX,5,SEM BANDEIRA,14260.57,PAGO,,SEM DATA
6877,8324,PIX,0,SEM BANDEIRA,11780.61,PENDENTE,2025-03-16,COM DATA
6879,9861,PIX,12,SEM BANDEIRA,7882.71,ESTORNADO,2022-12-14,COM DATA
6880,6303,PIX,11,SEM BANDEIRA,8829.23,PAGO,2023-10-30,COM DATA
6881,3300,PIX,12,SEM BANDEIRA,2130.95,PENDENTE,2022-01-25,COM DATA
6884,5805,DINHEIRO,3,SEM BANDEIRA,13214.56,ESTORNADO,2024-09-26,COM DATA
6885,4191,CARTÃO,7,AMERICAN EXPRESS,5699.59,PAGO,2025-03-30,COM DATA
6889,3033,PIX,7,SEM BANDEIRA,5009.61,PENDENTE,2022-07-07,COM DATA
6892,1414,BOLETO,10,SEM BANDEIRA,7367.205,PAGO,2023-12-28,COM DATA
6893,7496,BOLETO,8,SEM BANDEIRA,7367.205,ESTORNADO,2022-02-17,COM DATA
6895,6892,PIX,7,SEM BANDEIRA,2590.72,Estornado,2024-12-02,COM DATA
6896,5520,CARTÃO,0,ELO,2540.86,pago,2024-06-30,COM DATA
6898,4448,PIX,9,SEM BANDEIRA,12611.18,ESTORNADO,2024-12-18,COM DATA
6899,6125,PIX,5,SEM BANDEIRA,12414.75,ESTORNADO,2024-06-13,COM DATA
6900,775,CARTAO,0,SEM BANDEIRA,1052.73,PAGO,2022-12-08,COM DATA
6901,5094,CARTÃO,6,HIPERCARD,7367.205,PENDENTE,2024-10-22,COM DATA
6904,590,PIX,0,SEM BANDEIRA,7563.1,PAGO,2022-02-16,COM DATA
6906,8397,PIX,6,SEM BANDEIRA,2043.87,PAGO,2023-07-19,COM DATA
6910,6808,BOLETO,11,SEM BANDEIRA,14013.58,ESTORNADO,2023-01-17,COM DATA
6911,262,BOLETO,-5,SEM BANDEIRA,12535.74,PAGO,2022-12-27,COM DATA
6912,7974,DINHEIRO,4,SEM BANDEIRA,7775.02,PAGO,2025-01-23,COM DATA
6913,3787,BOLETO,-1,SEM BANDEIRA,7616.75,PENDENTE,2023-12-10,COM DATA
6914,6079,BOLETO,11,SEM BANDEIRA,6650.63,PENDENTE,2024-11-09,COM DATA
6917,9821,DINHEIRO,2,SEM BANDEIRA,5726.69,PENDENTE,2022-11-28,COM DATA
6919,2418,PIX,5,SEM BANDEIRA,5188.04,Pagoo,2025-01-12,COM DATA
6921,285,BOLETO,12,SEM BANDEIRA,10018.48,PAGO,2024-03-02,COM DATA
6924,8761,CARTÃO,8,MASTERCARD,7367.205,PENDENTE,2023-06-23,COM DATA
6925,152,BOLETO,6,SEM BANDEIRA,2111.89,PAGO,2023-03-16,COM DATA
6926,9046,CARTÃO,-1,ELO,11549.59,PENDENTE,2022-12-06,COM DATA
6928,8465,BOLETO,6,SEM BANDEIRA,3734.59,PENDENTE,2023-09-29,COM DATA
6930,7804,BOLETO,6,SEM BANDEIRA,10536.22,PENDENTE,2022-04-04,COM DATA
6933,1869,PIX,11,SEM BANDEIRA,7367.205,PAGO,2023-08-26,COM DATA
6934,7222,PIX,11,SEM BANDEIRA,6601.17,PAGO,2024-05-22,COM DATA
6936,506,DINHEIRO,12,SEM BANDEIRA,11504.84,PAGO,2023-08-15,COM DATA
6939,2745,BOLETO,10,SEM BANDEIRA,10988.63,ESTORNADO,2023-11-26,COM DATA
6941,4798,CARTÃO,1,ELO,3108.62,PENDENTE,2022-06-13,COM DATA
6942,745,CARTÃO,0,VISA,2607.48,ESTORNADO,2024-03-15,COM DATA
6943,4013,CARTÃO,0,MASTERCARD,12431.6,ESTORNADO,2023-06-01,COM DATA
6945,5029,BOLETO,10,SEM BANDEIRA,6034.38,ESTORNADO,2024-09-08,COM DATA
6947,6125,DINHEIRO,8,SEM BANDEIRA,9605.75,PAGO,2022-02-06,COM DATA
6948,9666,PIX,7,SEM BANDEIRA,813.07,ESTORNADO,2022-01-16,COM DATA
6950,148,CARTÃO,9,VISA,4687.76,PAGO,2023-07-28,COM DATA
6951,9843,CARTÃO,12,ELO,5970.73,PENDENTE,2023-12-16,COM DATA
6952,1086,CARTÃO,1,VISA,4115.71,PENDENTE,2023-11-24,COM DATA
6953,2619,CARTÃO,8,SEM BANDEIRA,2364.62,CANCELADO,2025-02-13,COM DATA
6954,7672,CARTÃO,7,VISA,7367.205,ESTORNADO,2024-08-19,COM DATA
6955,3335,PIX,2,SEM BANDEIRA,3409.99,ESTORNADO,2022-10-01,COM DATA
6956,7499,DINHEIRO,5,SEM BANDEIRA,1341.29,ESTORNADO,2022-08-10,COM DATA
6958,7354,CARTÃO,2,MASTERCARD,3854.78,PAGO,2023-11-17,COM DATA
6959,636,BOLETO,5,SEM BANDEIRA,5193.21,ESTORNADO,2024-09-13,COM DATA
6961,247,PIX,1,SEM BANDEIRA,810.42,ESTORNADO,2023-05-02,COM DATA
6962,1707,BOLETO,10,SEM BANDEIRA,5331.65,PENDENTE,2022-01-27,COM DATA
6963,9832,DINHEIRO,2,SEM BANDEIRA,12186.85,ESTORNADO,2024-04-24,COM DATA
6965,5765,CARTÃO,7,SEM BANDEIRA,12515.21,PENDENTE,2023-07-28,COM DATA
6968,2993,CANCELADO,0,SEM BANDEIRA,12851.68,Estornado,2023-06-04,COM DATA
6969,4484,DINHEIRO,-1,SEM BANDEIRA,5635.03,ESTORNADO,2025-02-21,COM DATA
6970,4616,CARTÃO,4,ELO,6268.05,ESTORNADO,2022-02-19,COM DATA
6971,3648,PIX,5,SEM BANDEIRA,3810.67,PENDENTE,2023-11-07,COM DATA
6973,656,DINHEIRO,3,SEM BANDEIRA,14741.53,ESTORNADO,2022-01-21,COM DATA
6974,9665,PIX,1,SEM BANDEIRA,5910.48,PENDENTE,2024-05-12,COM DATA
6978,6238,PIX,8,SEM BANDEIRA,7073.52,ESTORNADO,2023-04-05,COM DATA
6979,7413,CARTÃO,11,SEM BANDEIRA,11234.88,PENDENTE,,SEM DATA
6981,5546,PIX,3,SEM BANDEIRA,4240.41,PENDENTE,2025-04-08,COM DATA
6985,9269,DINHEIRO,2,SEM BANDEIRA,1782.44,PENDENTE,2023-03-20,COM DATA
6986,3504,CARTÃO,11,MASTERCARD,7680.32,PENDENTE,2025-03-18,COM DATA
6988,3449,DINHEIRO,10,SEM BANDEIRA,9715.67,ESTORNADO,2023-12-13,COM DATA
6989,5491,DINHEIRO,5,SEM BANDEIRA,9007.93,ESTORNADO,,SEM DATA
6990,9565,BOLETO,4,SEM BANDEIRA,5808.0,PENDENTE,,SEM DATA
6991,1257,PIX,12,SEM BANDEIRA,12217.16,PAGO,2024-10-06,COM DATA
6992,3615,CARTÃO,2,SEM BANDEIRA,903.72,PENDENTE,2024-01-05,COM DATA
6993,8984,CARTÃO,1,SEM BANDEIRA,5783.27,ESTORNADO,2024-07-27,COM DATA
6994,4822,PIX,2,SEM BANDEIRA,7370.29,ESTORNADO,2025-03-28,COM DATA
6995,4342,BOLETO,3,SEM BANDEIRA,4848.79,PAGO,2024-11-25,COM DATA
6996,8691,PIX,12,SEM BANDEIRA,12048.67,PENDENTE,2022-04-17,COM DATA
6997,9413,PIX,5,SEM BANDEIRA,11045.75,ESTORNADO,2022-09-23,COM DATA
7001,3678,DINHEIRO,11,SEM BANDEIRA,1690.0,PENDENTE,2022-01-06,COM DATA
7002,3578,CARTÃO,9,MASTERCARD,4364.83,PENDENTE,2023-07-04,COM DATA
7003,6655,DINHEIRO,7,SEM BANDEIRA,4273.36,PAGO,2023-09-17,COM DATA
7007,1000,PIX,3,SEM BANDEIRA,7367.205,PAGO,2023-02-16,COM DATA
7010,3960,CARTÃO,4,MASTERCARD,8009.3,PAGO,2024-04-27,COM DATA
7012,8593,BOLETO,12,SEM BANDEIRA,7362.35,ESTORNADO,2022-04-01,COM DATA
7014,9014,DINHEIRO,7,SEM BANDEIRA,83.65,PAGO,2022-07-13,COM DATA
7021,9155,CARTÃO,5,VISA,8330.77,PAGO,2022-02-05,COM DATA
7023,5043,DINHEIRO,3,SEM BANDEIRA,13346.19,Estornado,2022-07-07,COM DATA
7024,6548,CARTÃO,2,SEM BANDEIRA,4113.19,ESTORNADO,2023-05-21,COM DATA
7025,1493,CARTÃO,3,HIPERCARD,10681.13,ESTORNADO,2023-11-29,COM DATA
7028,7802,BOLETO,7,SEM BANDEIRA,2456.23,PENDENTE,2025-01-10,COM DATA
7029,6731,BOLETO,11,SEM BANDEIRA,3279.45,PENDENTE,2022-10-28,COM DATA
7034,8387,CARTÃO,9,ELO,7233.31,PAGO,2022-06-12,COM DATA
7035,2835,PIX,7,SEM BANDEIRA,10298.55,PAGO,2024-01-18,COM DATA
7038,616,DINHEIRO,8,SEM BANDEIRA,8909.13,PENDENTE,2023-01-27,COM DATA
7041,1422,BOLETO,9,SEM BANDEIRA,2932.34,Pagoo,2023-03-27,COM DATA
7042,7781,CARTÃO,3,MASTERCARD,4382.22,CANCELADO,2022-02-01,COM DATA
7043,4823,BOLETO,4,SEM BANDEIRA,204.35,ESTORNADO,2025-02-02,COM DATA
7044,543,PIX,12,SEM BANDEIRA,7367.205,Pago,2024-02-19,COM DATA
7046,2816,PIX,5,SEM BANDEIRA,7367.205,PAGO,2024-08-09,COM DATA
7047,6876,CARTÃO,7,HIPERCARD,6603.47,PAGO,2022-04-24,COM DATA
7049,7690,PIX,-1,SEM BANDEIRA,4233.71,PENDENTE,2024-12-10,COM DATA
7050,7500,DINHEIRO,1,SEM BANDEIRA,1724.99,PENDENTE,2022-06-26,COM DATA
7057,532,CARTÃO,4,SEM BANDEIRA,5247.21,PENDENTE,2024-11-20,COM DATA
7058,6171,CARTÃO,1,AMERICAN EXPRESS,13678.87,ESTORNADO,2025-01-14,COM DATA
7059,3097,CARTÃO,1,MASTERCARD,7367.205,ESTORNADO,2023-01-30,COM DATA
7060,9916,PIX,7,SEM BANDEIRA,1379.94,ESTORNADO,2022-07-04,COM DATA
7062,475,CARTÃO,0,SEM BANDEIRA,6038.82,PENDENTE,2024-10-07,COM DATA
7064,385,CARTÃO,5,AMERICAN EXPRESS,1357.28,ESTORNADO,2022-08-17,COM DATA
7065,9194,BOLETO,2,SEM BANDEIRA,7160.37,PENDENTE,2025-01-12,COM DATA
7067,6000,PIX,8,SEM BANDEIRA,6653.72,PENDENTE,,SEM DATA
7070,2078,CARTÃO,11,ELO,7269.0,PAGO,2024-01-17,COM DATA
7071,1670,BOLETO,7,SEM BANDEIRA,13034.77,ESTORNADO,2022-08-03,COM DATA
7073,8360,DINHEIRO,12,SEM BANDEIRA,872.53,ESTORNADO,2024-06-23,COM DATA
7074,5380,CARTÃO,5,SEM BANDEIRA,9989.51,PENDENTE,2022-07-24,COM DATA
7075,3602,PIX,8,SEM BANDEIRA,14195.28,PAGO,2023-11-18,COM DATA
7076,4772,DINHEIRO,0,SEM BANDEIRA,2226.85,ESTORNADO,2022-12-24,COM DATA
7077,6461,DINHEIRO,4,SEM BANDEIRA,3592.51,PAGO ,2023-02-22,COM DATA
7081,1545,BOLETO,0,SEM BANDEIRA,2809.79,PAGO,2022-05-14,COM DATA
7082,9050,CARTÃO,11,MASTERCARD,3238.58,ESTORNADO,2023-06-22,COM DATA
7085,529,DINHEIRO,7,SEM BANDEIRA,14879.63,PAGO,2023-06-25,COM DATA
7086,8556,DINHEIRO,9,SEM BANDEIRA,3215.94,ESTORNADO,2022-08-14,COM DATA
7087,3231,DINHEIRO,5,SEM BANDEIRA,7367.205,Pagoo,2025-01-01,COM DATA
7088,6142,DINHEIRO,0,SEM BANDEIRA,5931.66,PAGO,2023-03-15,COM DATA
7089,8520,BOLETO,0,SEM BANDEIRA,5117.21,CANCELADO,2022-07-06,COM DATA
7090,8626,PIX,12,SEM BANDEIRA,12401.97,PENDENTE,2022-02-20,COM DATA
7093,8825,DINHEIRO,6,SEM BANDEIRA,10087.87,PENDENTE,2022-12-29,COM DATA
7094,9864,CARTÃO,0,MASTERCARD,3291.09,ESTORNADO,2024-06-27,COM DATA
7095,3731,DINHEIRO,9,SEM BANDEIRA,3382.57,PAGO,2025-03-09,COM DATA
7100,4198,PIX,6,SEM BANDEIRA,579.98,PENDENTE,2025-04-02,COM DATA
7103,3523,BOLETO,10,SEM BANDEIRA,12594.81,PENDENTE,2023-10-30,COM DATA
7104,8515,DINHEIRO,9,SEM BANDEIRA,7257.55,PENDENTE,2022-07-06,COM DATA
7105,5261,PIX,11,SEM BANDEIRA,1454.21,PENDENTE,2023-08-22,COM DATA
7107,1032,DINHEIRO,3,SEM BANDEIRA,528.96,ESTORNADO,2022-04-28,COM DATA
7108,8270,BOLETO,3,SEM BANDEIRA,676.05,ESTORNADO,2022-06-14,COM DATA
7114,8850,PIX,0,SEM BANDEIRA,7123.31,PENDENTE,2025-02-24,COM DATA
7116,4791,DINHEIRO,8,SEM BANDEIRA,5546.62,pago,2023-07-27,COM DATA
7120,5977,CARTÃO,7,AMERICAN EXPRESS,3749.1,PAGO,2023-11-07,COM DATA
7121,1214,PIX,5,SEM BANDEIRA,7367.205,PAGO,2024-09-02,COM DATA
7123,2098,PIX,9,SEM BANDEIRA,1176.13,PAGO,2023-11-02,COM DATA
7126,8040,BOLETO,5,SEM BANDEIRA,2979.02,PENDENTE,2023-05-25,COM DATA
7127,7172,CARTÃO,7,ELO,1383.42,ESTORNADO,2023-05-23,COM DATA
7130,4468,DINHEIRO,-5,SEM BANDEIRA,9324.57,ESTORNADO,2024-10-01,COM DATA
7136,9219,BOLETO,11,SEM BANDEIRA,13806.9,PENDENTE,2024-12-22,COM DATA
7138,6596,BOLETO,8,SEM BANDEIRA,12048.96,PENDENTE,2024-10-30,COM DATA
7139,2453,DINHEIRO,11,SEM BANDEIRA,6546.93,ESTORNADO,2025-03-04,COM DATA
7140,3093,DINHEIRO,8,SEM BANDEIRA,5182.05,ESTORNADO,2024-10-31,COM DATA
7141,1698,PIX,12,SEM BANDEIRA,4643.61,PENDENTE,2022-05-16,COM DATA
7143,7825,CARTÃO,11,HIPERCARD,1786.96,PAGO,2024-11-09,COM DATA
7144,7349,DINHEIRO,9,SEM BANDEIRA,9082.57,ESTORNADO,2024-02-21,COM DATA
7145,1946,PIX,12,SEM BANDEIRA,777.36,PAGO,2023-02-15,COM DATA
7147,1684,PIX,1,SEM BANDEIRA,6710.04,PENDENTE,2025-02-15,COM DATA
7148,8642,DINHEIRO,3,SEM BANDEIRA,8023.58,ESTORNADO,,SEM DATA
7151,9606,CARTÃO,5,MASTERCARD,11093.2,PENDENTE,2023-01-07,COM DATA
7152,3841,CARTÃO,1,SEM BANDEIRA,0.0,PENDENTE,2025-04-01,COM DATA
7154,8976,PIX,0,SEM BANDEIRA,7138.81,ESTORNADO,2023-01-28,COM DATA
7156,4351,CARTAO,9,SEM BANDEIRA,11715.89,PENDENTE,2025-02-11,COM DATA
7161,2093,BOLETO,5,SEM BANDEIRA,2671.8,PAGO,2022-03-10,COM DATA
7163,3757,BOLETO,8,SEM BANDEIRA,3461.34,PAGO,2024-12-31,COM DATA
7164,4356,BOLETO,9,SEM BANDEIRA,11563.24,PAGO,,SEM DATA
7168,9889,CARTÃO,2,SEM BANDEIRA,7380.5,PENDENTE,,SEM DATA
7169,3818,BOLETO,-5,SEM BANDEIRA,10938.76,PENDENTE,2022-02-21,COM DATA
7175,4562,PIX,1,SEM BANDEIRA,7367.205,ESTORNADO,2024-07-22,COM DATA
7176,460,DINHEIRO,6,SEM BANDEIRA,6657.35,PENDENTE,2022-07-19,COM DATA
7178,1876,CANCELADO,2,SEM BANDEIRA,5154.93,PAGO,2023-10-31,COM DATA
7181,6441,BOLETO,1,SEM BANDEIRA,5844.89,PAGO,2022-06-08,COM DATA
7182,1401,CARTÃO,11,VISA,9852.69,ESTORNADO,2024-11-17,COM DATA
7183,3004,DINHEIRO,0,SEM BANDEIRA,810.79,PENDENTE,2025-04-08,COM DATA
7184,285,DINHEIRO,7,SEM BANDEIRA,30.42,PENDENTE,2023-12-30,COM DATA
7186,8074,BOLETO,12,SEM BANDEIRA,7367.205,PAGO,2023-08-03,COM DATA
7189,1347,PIX,5,SEM BANDEIRA,4428.94,PENDENTE,2022-04-14,COM DATA
7190,9340,DINHEIRO,7,SEM BANDEIRA,7367.205,PAGO,2023-10-18,COM DATA
7191,8743,DINHEIRO,8,SEM BANDEIRA,7367.205,PENDENTE,2024-11-19,COM DATA
7192,948,PIX,12,SEM BANDEIRA,7367.205,ESTORNADO,2023-02-21,COM DATA
7193,7214,CARTÃO,6,SEM BANDEIRA,11977.32,ESTORNADO,2022-08-27,COM DATA
7195,84,DINHEIRO,0,SEM BANDEIRA,2313.97,PENDENTE,2023-01-28,COM DATA
7196,7112,CARTÃO,3,SEM BANDEIRA,7367.205,ESTORNADO,2024-08-04,COM DATA
7197,6219,DINHEIRO,3,SEM BANDEIRA,12847.93,PAGO,2022-10-05,COM DATA
7198,6945,PIX,3,SEM BANDEIRA,0.0,PAGO,2024-12-17,COM DATA
7199,6872,DINHEIRO,10,SEM BANDEIRA,3059.41,ESTORNADO,2024-06-26,COM DATA
7200,2561,DINHEIRO,6,SEM BANDEIRA,12138.38,ESTORNADO,2024-10-31,COM DATA
7201,5018,BOLETO,12,SEM BANDEIRA,10819.77,ESTORNADO,2023-01-29,COM DATA
7202,6845,CARTÃO,7,HIPERCARD,12431.01,PENDENTE,2023-01-01,COM DATA
7203,3511,CARTÃO,7,SEM BANDEIRA,7367.205,ESTORNADO,2024-03-14,COM DATA
7204,1609,CARTÃO,9,ELO,13472.51,ESTORNADO,,SEM DATA
7206,5161,DINHEIRO,10,SEM BANDEIRA,14776.27,PENDENTE,2022-06-02,COM DATA
7207,44,DINHEIRO,2,SEM BANDEIRA,4486.52,PAGO,,SEM DATA
7215,2321,PIX,11,SEM BANDEIRA,9045.31,PENDENTE,2023-03-01,COM DATA
7216,1439,BOLETO,10,SEM BANDEIRA,12730.76,PENDENTE,2023-04-05,COM DATA
7217,8339,DINHEIRO,3,SEM BANDEIRA,5313.97,PENDENTE,2022-07-20,COM DATA
7218,7473,CARTÃO,5,VISA,13004.22,PAGO,2023-03-31,COM DATA
7219,5100,BOLETO,10,SEM BANDEIRA,10673.18,PAGO,2022-05-27,COM DATA
7223,1054,BOLETO,3,SEM BANDEIRA,10768.0,PENDENTE,2023-05-31,COM DATA
7227,7065,PIX,9,SEM BANDEIRA,2528.58,PAGO,2022-09-22,COM DATA
7229,7451,DINHEIRO,10,SEM BANDEIRA,6077.75,CANCELADO,2025-02-20,COM DATA
7230,2366,CARTÃO,12,MASTERCARD,7212.52,PENDENTE,2022-08-05,COM DATA
7231,2878,PIX,12,SEM BANDEIRA,7367.205,ESTORNADO,2022-03-28,COM DATA
7232,3515,PIX,0,SEM BANDEIRA,13849.6,PAGO,2023-10-26,COM DATA
7233,7353,BOLETO,10,SEM BANDEIRA,7387.43,PENDENTE,,SEM DATA
7234,7864,DINHEIRO,-1,SEM BANDEIRA,7367.205,PAGO,2023-06-11,COM DATA
7235,2883,BOLETO,0,SEM BANDEIRA,13287.67,ESTORNADO,,SEM DATA
7236,3194,PIX,3,SEM BANDEIRA,504.25,PENDENTE,2023-03-03,COM DATA
7237,4389,BOLETO,9,SEM BANDEIRA,7367.205,ESTORNADO,2022-02-15,COM DATA
7238,8737,PIX,6,SEM BANDEIRA,5049.78,ESTORNADO,2025-02-12,COM DATA
7239,4370,PIX,10,SEM BANDEIRA,3895.57,PENDENTE,2023-11-03,COM DATA
7241,1495,PIX,9,SEM BANDEIRA,9354.75,PENDENTE,2023-05-23,COM DATA
7242,5561,BOLETO,1,SEM BANDEIRA,6760.64,PAGO,2022-09-23,COM DATA
7244,1006,CARTÃO,10,SEM BANDEIRA,2839.25,PENDENTE,2022-09-23,COM DATA
7246,2241,DINHEIRO,0,SEM BANDEIRA,3598.32,ESTORNADO,2022-02-23,COM DATA
7247,6068,DINHEIRO,2,SEM BANDEIRA,7367.205,PENDENTE,2023-11-19,COM DATA
7249,3779,PIX,3,SEM BANDEIRA,1007.26,PAGO,2022-06-23,COM DATA
7250,1539,DINHEIRO,10,SEM BANDEIRA,11122.12,PAGO,2024-02-19,COM DATA
7251,7302,BOLETO,0,SEM BANDEIRA,8495.45,ESTORNADO,,SEM DATA
7252,6158,DINHEIRO,7,SEM BANDEIRA,9800.36,PAGO,2024-09-11,COM DATA
7253,3685,CARTÃO,7,ELO,11602.86,PENDENTE,2023-02-15,COM DATA
7254,1495,PIX,1,SEM BANDEIRA,0.0,PENDENTE,2023-08-12,COM DATA
7256,1715,PIX,10,SEM BANDEIRA,3696.67,PENDENTE,2022-12-21,COM DATA
7258,589,PIX,11,SEM BANDEIRA,7367.205,PENDENTE,2023-12-30,COM DATA
7259,9226,BOLETO,11,SEM BANDEIRA,117.56,PENDENTE,,SEM DATA
7261,4528,CARTÃO,0,MASTERCARD,13543.1,ESTORNADO,2023-09-07,COM DATA
7263,8394,PIX,10,SEM BANDEIRA,14204.29,PENDENTE,,SEM DATA
7266,7573,BOLETO,11,SEM BANDEIRA,7696.3,PAGO,2023-04-05,COM DATA
7267,6304,BOLETO,1,SEM BANDEIRA,12304.77,PENDENTE,2023-04-24,COM DATA
7271,8259,BOLETO,0,SEM BANDEIRA,4291.72,PAGO,2023-04-06,COM DATA
7274,7193,CARTÃO,0,VISA,12895.38,ESTORNADO,2024-03-19,COM DATA
7276,7756,DINHEIRO,9,SEM BANDEIRA,1586.4,PENDENTE,2025-02-26,COM DATA
7277,9946,PIX,5,SEM BANDEIRA,7367.205,ESTORNADO,2023-10-09,COM DATA
7278,8889,DINHEIRO,4,SEM BANDEIRA,529.33,PENDENTE,2024-02-29,COM DATA
7279,5383,BOLETO,2,SEM BANDEIRA,7367.205,ESTORNADO,2023-10-26,COM DATA
7280,783,CANCELADO,12,SEM BANDEIRA,6713.7,PAGO,2022-08-29,COM DATA
7287,8239,PIX,2,SEM BANDEIRA,5683.07,ESTORNADO,2023-08-30,COM DATA
7288,48,BOLETO,12,SEM BANDEIRA,7367.205,ESTORNADO,2022-08-04,COM DATA
7291,6635,PIX,3,SEM BANDEIRA,5844.77,PENDENTE,2024-11-26,COM DATA
7294,5978,PIX,-5,SEM BANDEIRA,7367.205,PAGO,2022-04-16,COM DATA
7297,9554,CARTÃO,8,HIPERCARD,13745.89,ESTORNADO,2025-02-13,COM DATA
7298,9295,BOLETO,4,SEM BANDEIRA,3286.9,PENDENTE,2024-05-20,COM DATA
7300,8210,CARTÃO,2,ELO,9998.18,PAGO,2024-12-09,COM DATA
7302,6938,DINHEIRO,7,SEM BANDEIRA,2403.46,PAGO,2022-11-30,COM DATA
7306,3946,CARTÃO,4,VISA,7367.205,PENDENTE,2022-09-17,COM DATA
7307,3426,DINHEIRO,2,SEM BANDEIRA,7367.205,ESTORNADO,2025-04-12,COM DATA
7308,7248,DINHEIRO,0,SEM BANDEIRA,10540.65,ESTORNADO,2023-04-28,COM DATA
7313,1003,BOLETO,6,SEM BANDEIRA,13215.41,ESTORNADO,2022-01-19,COM DATA
7318,4780,PIX,9,HIPERCARD,14785.28,PAGO,2022-10-29,COM DATA
7319,7374,DINHEIRO,7,SEM BANDEIRA,14409.45,PAGO,2023-02-11,COM DATA
7322,2818,PIX,-5,SEM BANDEIRA,1707.88,PAGO,2024-05-19,COM DATA
7323,3500,DINHEIRO,2,SEM BANDEIRA,10900.82,Pendente,,SEM DATA
7324,3808,PIX,7,SEM BANDEIRA,10696.67,PAGO,2022-02-17,COM DATA
7325,2615,PIX,9,SEM BANDEIRA,5769.35,PAGO,2023-04-21,COM DATA
7327,8499,PIX,10,SEM BANDEIRA,7367.205,PAGO,2022-08-27,COM DATA
7328,7870,BOLETO,6,SEM BANDEIRA,9306.67,ESTORNADO,2023-07-06,COM DATA
7331,1232,PIX,6,SEM BANDEIRA,13377.5,PAGO,2023-03-26,COM DATA
7333,4301,PIX,2,SEM BANDEIRA,7195.77,PAGO,2024-03-26,COM DATA
7338,6481,CANCELADO,11,SEM BANDEIRA,9812.42,PAGO,2022-04-04,COM DATA
7341,8264,DINHEIRO,8,SEM BANDEIRA,521.11,Pendente,2023-09-08,COM DATA
7343,1734,DINHEIRO,6,SEM BANDEIRA,838.85,PAGO,2023-10-30,COM DATA
7344,5347,CARTÃO,4,VISA,10530.48,PAGO,2023-11-27,COM DATA
7345,6050,PIX,2,SEM BANDEIRA,12098.2,ESTORNADO,2024-01-08,COM DATA
7347,3259,BOLETO,0,SEM BANDEIRA,7367.205,PENDENTE,2022-03-30,COM DATA
7350,7351,PIX,9,SEM BANDEIRA,12495.44,PENDENTE,2022-05-26,COM DATA
7353,6405,PIX,5,SEM BANDEIRA,8898.59,ESTORNADO,2024-10-23,COM DATA
7356,9270,CARTÃO,4,ELO,4457.79,Pendente,,SEM DATA
7359,3136,PIX,2,HIPERCARD,8265.12,PAGO,2025-02-16,COM DATA
7360,316,DINHEIRO,0,SEM BANDEIRA,7965.54,PAGO,2023-05-21,COM DATA
7361,6465,CARTÃO,8,MASTERCARD,5736.23,ESTORNADO,2022-03-23,COM DATA
7367,4305,BOLETO,12,SEM BANDEIRA,5197.42,ESTORNADO,2023-12-02,COM DATA
7370,9239,CARTAO,2,ELO,11500.23,PENDENTE,2022-05-21,COM DATA
7371,4713,BOLETO,12,SEM BANDEIRA,7367.205,ESTORNADO,2023-11-21,COM DATA
7372,4200,CARTÃO,8,SEM BANDEIRA,7425.27,CANCELADO,2023-12-05,COM DATA
7376,6679,CARTÃO,7,AMERICAN EXPRESS,7367.205,PAGO,2024-09-14,COM DATA
7379,5478,DINHEIRO,11,SEM BANDEIRA,9004.86,ESTORNADO,2023-04-16,COM DATA
7380,9459,BOLETO,5,SEM BANDEIRA,7367.205,ESTORNADO,2023-10-24,COM DATA
7383,5723,PIX,4,SEM BANDEIRA,7367.205,PAGO ,2022-07-04,COM DATA
7386,6497,DINHEIRO,0,SEM BANDEIRA,7572.08,ESTORNADO,2022-10-21,COM DATA
7393,8546,CARTÃO,6,HIPERCARD,10283.3,PAGO,2022-12-18,COM DATA
7394,5126,PIX,4,SEM BANDEIRA,14503.47,PAGO,2022-08-17,COM DATA
7395,7858,DINHEIRO,11,SEM BANDEIRA,12982.62,PAGO,2024-04-04,COM DATA
7397,4814,DINHEIRO,4,SEM BANDEIRA,10354.39,PAGO,2022-12-31,COM DATA
7401,9753,PIX,4,SEM BANDEIRA,14378.48,PENDENTE,2024-12-18,COM DATA
7402,20,PIX,8,SEM BANDEIRA,7367.205,PAGO,2025-01-02,COM DATA
7405,3477,PIX,2,SEM BANDEIRA,11068.83,PAGO,2022-10-27,COM DATA
7406,9799,PIX,-1,SEM BANDEIRA,5757.1,ESTORNADO,2023-10-13,COM DATA
7407,2540,PIX,6,SEM BANDEIRA,13323.7,ESTORNADO,2024-03-06,COM DATA
7411,3908,PIX,3,VISA,2268.01,ESTORNADO,2022-09-01,COM DATA
7412,3054,BOLETO,7,SEM BANDEIRA,8518.82,ESTORNADO,2023-06-08,COM DATA
7413,875,PIX,3,SEM BANDEIRA,5315.93,PAGO,2024-06-18,COM DATA
7414,5650,CARTÃO,4,MASTERCARD,13643.93,ESTORNADO,2025-03-25,COM DATA
7415,3164,BOLETO,-1,SEM BANDEIRA,3691.08,ESTORNADO,2023-10-13,COM DATA
7417,4495,PIX,8,ELO,3303.56,PAGO,2022-04-06,COM DATA
7418,4250,CARTÃO,2,MASTERCARD,7449.97,CANCELADO,2024-08-20,COM DATA
7419,7659,PIX,12,SEM BANDEIRA,0.0,Pago,2025-04-11,COM DATA
7420,8209,BOLETO,5,SEM BANDEIRA,6407.26,ESTORNADO,2023-02-09,COM DATA
7421,1340,DINHEIRO,0,SEM BANDEIRA,4107.7,ESTORNADO,2022-06-17,COM DATA
7422,7035,PIX,7,SEM BANDEIRA,1607.55,PAGO,2022-04-18,COM DATA
7423,3722,DINHEIRO,3,SEM BANDEIRA,4753.76,PAGO,2023-01-30,COM DATA
7424,5295,PIX,7,SEM BANDEIRA,7016.38,ESTORNADO,2022-05-10,COM DATA
7425,8622,PIX,-1,SEM BANDEIRA,11169.64,PENDENTE,2023-07-22,COM DATA
7426,1597,PIX,3,SEM BANDEIRA,7998.45,ESTORNADO,,SEM DATA
7427,3541,CARTÃO,11,VISA,2194.02,PENDENTE,2025-03-25,COM DATA
7429,8444,DINHEIRO,2,SEM BANDEIRA,12355.75,PAGO,2024-09-27,COM DATA
7431,8763,BOLETO,0,SEM BANDEIRA,3702.72,ESTORNADO,2024-09-30,COM DATA
7432,8807,BOLETO,4,SEM BANDEIRA,610.4,PAGO,2024-08-09,COM DATA
7435,2076,BOLETO,11,SEM BANDEIRA,7367.205,ESTORNADO,2024-04-11,COM DATA
7436,5356,PIX,5,SEM BANDEIRA,12503.43,PENDENTE,,SEM DATA
7437,4679,CARTÃO,2,AMERICAN EXPRESS,5005.54,ESTORNADO,2023-07-14,COM DATA
7439,6842,DINHEIRO,10,SEM BANDEIRA,7367.205,Pagoo,2025-02-13,COM DATA
7440,6774,DINHEIRO,9,SEM BANDEIRA,5286.99,Pendente,2023-12-17,COM DATA
7442,9686,BOLETO,3,SEM BANDEIRA,4414.08,PAGO,2023-03-01,COM DATA
7443,1754,BOLETO,5,SEM BANDEIRA,644.09,PENDENTE,2024-07-22,COM DATA
7445,5341,CARTÃO,9,SEM BANDEIRA,4496.72,ESTORNADO,2022-07-11,COM DATA
7446,2126,PIX,2,SEM BANDEIRA,13939.44,PAGO,2022-06-07,COM DATA
7447,6756,PIX,0,SEM BANDEIRA,9874.77,Estornado,2023-09-12,COM DATA
7449,229,PIX,1,SEM BANDEIRA,11153.55,PAGO,2023-08-31,COM DATA
7450,5096,CARTÃO,6,VISA,10761.62,PENDENTE,2024-06-18,COM DATA
7451,6885,DINHEIRO,0,SEM BANDEIRA,13931.87,PAGO,2024-05-14,COM DATA
7453,2519,BOLETO,10,SEM BANDEIRA,7367.205,PENDENTE,2023-01-09,COM DATA
7454,3053,PIX,1,SEM BANDEIRA,8443.0,ESTORNADO,2022-09-12,COM DATA
7455,7845,PIX,0,SEM BANDEIRA,4463.0,PENDENTE,2022-08-25,COM DATA
7456,6196,CARTÃO,2,MASTERCARD,7972.49,PAGO,2022-10-12,COM DATA
7457,1820,CARTÃO,11,ELO,9028.7,PAGO,2023-05-31,COM DATA
7459,5252,PIX,3,SEM BANDEIRA,9017.03,ESTORNADO,2023-02-10,COM DATA
7461,1061,PIX,2,SEM BANDEIRA,7854.86,PENDENTE,,SEM DATA
7462,8703,BOLETO,8,SEM BANDEIRA,1446.46,ESTORNADO,2024-07-25,COM DATA
7464,7468,PIX,4,SEM BANDEIRA,3131.32,PAGO,2023-06-19,COM DATA
7465,7350,CARTÃO,5,VISA,5906.66,ESTORNADO,2024-01-11,COM DATA
7470,5673,PIX,5,SEM BANDEIRA,992.34,PAGO,2023-02-12,COM DATA
7472,9031,PIX,10,SEM BANDEIRA,6510.29,ESTORNADO,2024-03-06,COM DATA
7477,354,PIX,11,SEM BANDEIRA,9649.45,PENDENTE,2022-12-09,COM DATA
7478,254,BOLETO,2,SEM BANDEIRA,21.22,PAGO,2023-04-21,COM DATA
7480,7169,CARTÃO,4,HIPERCARD,10445.22,PAGO,2024-07-29,COM DATA
7483,6026,BOLETO,9,SEM BANDEIRA,12719.23,ESTORNADO,,SEM DATA
7485,8628,PIX,6,SEM BANDEIRA,6957.92,PAGO,2024-09-11,COM DATA
7486,2235,PIX,10,SEM BANDEIRA,7263.71,PENDENTE,,SEM DATA
7487,510,CARTÃO,9,VISA,13386.41,PENDENTE,2022-06-20,COM DATA
7488,4226,CARTÃO,12,HIPERCARD,13085.6,ESTORNADO,2022-12-31,COM DATA
7490,2304,DINHEIRO,12,SEM BANDEIRA,3772.66,PAGO,2024-10-27,COM DATA
7491,950,CARTÃO,3,ELO,10604.66,PAGO,2024-07-04,COM DATA
7492,9333,PIX,-5,SEM BANDEIRA,11669.96,PENDENTE,2025-01-28,COM DATA
7494,1194,DINHEIRO,-1,SEM BANDEIRA,12076.75,PAGO,2023-06-07,COM DATA
7495,483,DINHEIRO,0,SEM BANDEIRA,7367.205,PAGO,2023-11-28,COM DATA
7496,8359,DINHEIRO,9,SEM BANDEIRA,10287.96,PENDENTE,2022-07-18,COM DATA
7497,6973,BOLETO,4,SEM BANDEIRA,7367.205,PENDENTE,2023-02-09,COM DATA
7498,1083,PIX,5,SEM BANDEIRA,12431.88,PAGO,2024-02-04,COM DATA
7499,865,DINHEIRO,1,SEM BANDEIRA,2331.48,PENDENTE,,SEM DATA
7500,8581,PIX,1,SEM BANDEIRA,9589.78,PAGO,2022-03-23,COM DATA
7502,9809,CARTÃO,2,SEM BANDEIRA,12441.79,PENDENTE,2022-04-06,COM DATA
7504,4303,BOLETO,8,SEM BANDEIRA,5431.48,PAGO,2023-04-13,COM DATA
7506,8394,CARTÃO,1,ELO,600.86,ESTORNADO,2024-07-09,COM DATA
7507,375,CARTÃO,3,ELO,7176.29,PENDENTE,2022-01-20,COM DATA
7508,7944,PIX,11,SEM BANDEIRA,4899.14,ESTORNADO,2022-05-18,COM DATA
7509,3242,BOLETO,6,SEM BANDEIRA,5773.7,ESTORNADO,,SEM DATA
7511,1042,BOLETO,11,SEM BANDEIRA,14908.97,PAGO,2023-08-20,COM DATA
7512,6869,CARTÃO,4,ELO,2880.84,PENDENTE,2024-07-08,COM DATA
7513,8433,DINHEIRO,3,SEM BANDEIRA,10625.28,PENDENTE,2024-05-27,COM DATA
7517,7643,PIX,7,SEM BANDEIRA,783.27,ESTORNADO,2024-01-06,COM DATA
7520,6665,PIX,0,SEM BANDEIRA,13374.75,ESTORNADO,,SEM DATA
7521,6640,CARTÃO,1,AMERICAN EXPRESS,13589.59,ESTORNADO,2023-03-04,COM DATA
7525,7898,PIX,0,SEM BANDEIRA,2127.95,PENDENTE,2023-05-29,COM DATA
7526,7164,CARTÃO,1,ELO,6867.92,PENDENTE,2023-04-18,COM DATA
7528,272,CARTAO,11,SEM BANDEIRA,14247.48,PENDENTE,2025-02-10,COM DATA
7529,3024,BOLETO,7,SEM BANDEIRA,7337.6,PAGO,2025-03-12,COM DATA
7530,7765,PIX,3,SEM BANDEIRA,10529.41,PENDENTE,2022-06-18,COM DATA
7533,1792,PIX,11,SEM BANDEIRA,1090.82,PAGO,2024-11-24,COM DATA
7535,8207,BOLETO,8,SEM BANDEIRA,7367.205,PENDENTE,2022-02-03,COM DATA
7536,7726,DINHEIRO,1,SEM BANDEIRA,8192.28,PENDENTE,2023-02-08,COM DATA
7537,8284,CARTÃO,12,ELO,8559.23,PENDENTE,2024-07-20,COM DATA
7539,9321,CARTÃO,6,MASTERCARD,6919.05,PENDENTE,2023-09-10,COM DATA
7540,7756,BOLETO,10,SEM BANDEIRA,7141.66,PENDENTE,2025-03-09,COM DATA
7544,7803,CARTAO,6,SEM BANDEIRA,11153.88,PENDENTE,2022-05-07,COM DATA
7545,2766,BOLETO,2,SEM BANDEIRA,12531.35,PAGO,2022-07-21,COM DATA
7548,2386,DINHEIRO,0,SEM BANDEIRA,599.76,PAGO,2022-02-06,COM DATA
7549,8867,CARTÃO,0,SEM BANDEIRA,7152.82,PENDENTE,2025-01-01,COM DATA
7550,9243,CARTÃO,9,MASTERCARD,6599.11,PAGO,,SEM DATA
7552,2166,PIX,5,SEM BANDEIRA,5682.12,CANCELADO,2024-01-22,COM DATA
7553,1149,PIX,4,SEM BANDEIRA,4629.3,PENDENTE,2023-07-04,COM DATA
7556,50,CARTÃO,12,MASTERCARD,2413.57,PENDENTE,2023-01-12,COM DATA
7557,7577,CARTÃO,3,ELO,12800.44,pago,2022-10-08,COM DATA
7559,4730,BOLETO,8,SEM BANDEIRA,7367.205,PENDENTE,2023-08-02,COM DATA
7560,2212,CARTÃO,7,HIPERCARD,9628.94,PAGO,2022-02-19,COM DATA
7563,9566,BOLETO,6,SEM BANDEIRA,10063.37,PAGO,2022-02-21,COM DATA
7564,5990,BOLETO,10,SEM BANDEIRA,501.27,ESTORNADO,2023-10-21,COM DATA
7565,1747,BOLETO,3,SEM BANDEIRA,690.47,PENDENTE,2025-02-03,COM DATA
7567,7952,CARTÃO,12,AMERICAN EXPRESS,9070.6,PENDENTE,2022-08-29,COM DATA
7568,6088,PIX,4,SEM BANDEIRA,9624.9,ESTORNADO,2024-11-08,COM DATA
7572,1623,BOLETO,1,SEM BANDEIRA,2998.52,ESTORNADO,2024-03-28,COM DATA
7574,6501,DINHEIRO,1,SEM BANDEIRA,13106.83,PENDENTE,2024-04-14,COM DATA
7577,3360,DINHEIRO,1,SEM BANDEIRA,12169.5,ESTORNADO,2022-12-31,COM DATA
7580,4189,PIX,3,SEM BANDEIRA,4524.59,PENDENTE,2024-05-28,COM DATA
7582,8807,DINHEIRO,3,SEM BANDEIRA,4974.57,PENDENTE,2024-09-15,COM DATA
7584,3563,PIX,6,SEM BANDEIRA,7367.205,PAGO,2024-11-17,COM DATA
7586,4268,DINHEIRO,0,SEM BANDEIRA,5442.47,ESTORNADO,2023-04-29,COM DATA
7587,8941,BOLETO,8,SEM BANDEIRA,8039.04,PAGO,2023-09-25,COM DATA
7588,3678,BOLETO,9,SEM BANDEIRA,7426.04,PAGO,2022-08-13,COM DATA
7589,2047,DINHEIRO,3,SEM BANDEIRA,9472.23,PAGO,,SEM DATA
7591,7013,BOLETO,1,SEM BANDEIRA,12568.31,PAGO,,SEM DATA
7592,9450,BOLETO,10,SEM BANDEIRA,7367.205,PENDENTE,2024-02-23,COM DATA
7595,8120,BOLETO,9,SEM BANDEIRA,10557.45,ESTORNADO,2022-03-10,COM DATA
7596,5264,DINHEIRO,9,SEM BANDEIRA,14607.89,PAGO,2025-01-31,COM DATA
7597,6933,DINHEIRO,8,SEM BANDEIRA,9453.38,PENDENTE,2022-04-01,COM DATA
7598,4853,DINHEIRO,2,SEM BANDEIRA,11853.38,PAGO,2023-10-31,COM DATA
7599,8386,PIX,4,SEM BANDEIRA,1168.89,PAGO,2023-02-05,COM DATA
7600,5448,CARTÃO,5,SEM BANDEIRA,5206.2,PAGO,2022-06-08,COM DATA
7601,3159,DINHEIRO,10,SEM BANDEIRA,6887.09,PAGO,2023-12-18,COM DATA
7602,2351,CARTÃO,8,HIPERCARD,3710.91,PAGO,2024-09-11,COM DATA
7605,6285,CARTÃO,10,SEM BANDEIRA,5210.83,ESTORNADO,2022-02-20,COM DATA
7606,8724,CARTÃO,12,HIPERCARD,484.02,PENDENTE,2025-01-07,COM DATA
7607,3768,CARTÃO,1,VISA,8410.38,PAGO,2022-01-08,COM DATA
7608,6073,PIX,3,SEM BANDEIRA,1418.59,Estornado,2022-01-29,COM DATA
7609,9989,PIX,0,SEM BANDEIRA,9067.53,PAGO,2024-04-21,COM DATA
7611,8051,PIX,0,SEM BANDEIRA,4774.95,PENDENTE,2023-03-04,COM DATA
7612,341,DINHEIRO,5,SEM BANDEIRA,2269.35,ESTORNADO,2023-04-03,COM DATA
7619,8488,PIX,5,HIPERCARD,4234.99,PENDENTE,,SEM DATA
7622,4596,PIX,11,SEM BANDEIRA,14393.57,PENDENTE,2023-05-09,COM DATA
7626,5283,BOLETO,4,SEM BANDEIRA,12576.71,ESTORNADO,2022-09-25,COM DATA
7628,2472,DINHEIRO,2,SEM BANDEIRA,9345.46,PENDENTE,2022-10-10,COM DATA
7629,3076,PIX,0,SEM BANDEIRA,3936.33,ESTORNADO,2023-11-26,COM DATA
7631,8458,PIX,5,SEM BANDEIRA,13141.16,PAGO,2024-08-02,COM DATA
7636,4730,PIX,6,SEM BANDEIRA,1374.27,PENDENTE,2023-10-02,COM DATA
7637,8717,DINHEIRO,9,SEM BANDEIRA,6013.42,pago,,SEM DATA
7638,2412,PIX,8,SEM BANDEIRA,13724.99,ESTORNADO,2024-01-02,COM DATA
7639,1345,CARTÃO,11,HIPERCARD,1099.83,PAGO,2023-05-02,COM DATA
7640,8401,BOLETO,10,SEM BANDEIRA,4299.5,PENDENTE,2024-07-14,COM DATA
7643,2431,CARTÃO,6,VISA,1243.5,PENDENTE,2023-08-28,COM DATA
7645,2512,DINHEIRO,6,SEM BANDEIRA,7367.205,PENDENTE,2023-08-26,COM DATA
7646,8606,DINHEIRO,9,SEM BANDEIRA,8558.27,PENDENTE,2024-06-30,COM DATA
7647,7135,BOLETO,0,SEM BANDEIRA,4589.59,PENDENTE,2022-04-01,COM DATA
7648,7237,PIX,0,SEM BANDEIRA,9611.59,pago,2024-12-07,COM DATA
7655,1206,DINHEIRO,9,SEM BANDEIRA,9977.24,ESTORNADO,2024-05-12,COM DATA
7656,149,BOLETO,0,SEM BANDEIRA,2930.59,PAGO,2024-03-30,COM DATA
7657,4283,PIX,6,SEM BANDEIRA,1123.84,ESTORNADO,,SEM DATA
7658,6847,CARTÃO,5,AMERICAN EXPRESS,9577.88,PAGO,2022-12-19,COM DATA
7659,9282,CARTÃO,12,VISA,3393.94,PENDENTE,2023-11-29,COM DATA
7660,343,PIX,9,SEM BANDEIRA,1988.85,PENDENTE,2022-05-03,COM DATA
7661,6671,DINHEIRO,4,SEM BANDEIRA,6757.8,ESTORNADO,2025-01-31,COM DATA
7663,7857,BOLETO,7,SEM BANDEIRA,125.09,Pago,2023-03-06,COM DATA
7665,9208,PIX,2,SEM BANDEIRA,4060.53,PAGO,2024-10-08,COM DATA
7666,616,PIX,2,SEM BANDEIRA,8512.06,ESTORNADO,2023-02-02,COM DATA
7673,9119,DINHEIRO,12,SEM BANDEIRA,3246.63,Pagoo,2023-02-21,COM DATA
7674,6879,DINHEIRO,3,SEM BANDEIRA,5819.77,ESTORNADO,2024-04-20,COM DATA
7676,8579,CARTÃO,7,SEM BANDEIRA,12276.02,PENDENTE,2022-03-01,COM DATA
7677,1469,CARTAO,8,SEM BANDEIRA,6430.92,ESTORNADO,2022-09-16,COM DATA
7678,112,DINHEIRO,3,SEM BANDEIRA,4855.2,ESTORNADO,2022-04-15,COM DATA
7679,3887,CARTÃO,3,ELO,8219.11,PENDENTE,,SEM DATA
7683,2424,PIX,4,SEM BANDEIRA,5424.19,PENDENTE,2024-11-21,COM DATA
7684,4069,CARTAO,7,SEM BANDEIRA,13113.21,PENDENTE,2023-10-28,COM DATA
7685,1515,CARTÃO,0,VISA,10538.09,ESTORNADO,2022-06-30,COM DATA
7687,5595,BOLETO,3,SEM BANDEIRA,376.85,PENDENTE,2023-03-20,COM DATA
7688,5767,DINHEIRO,0,SEM BANDEIRA,13305.71,ESTORNADO,2025-04-07,COM DATA
7689,1763,BOLETO,12,SEM BANDEIRA,11278.33,PENDENTE,2024-02-24,COM DATA
7691,3060,PIX,11,SEM BANDEIRA,7367.205,PAGO,2023-05-30,COM DATA
7692,5682,CARTÃO,1,SEM BANDEIRA,9994.99,ESTORNADO,2022-06-28,COM DATA
7695,4161,PIX,8,SEM BANDEIRA,13916.06,PENDENTE,2023-03-08,COM DATA
7696,197,CARTÃO,10,SEM BANDEIRA,2554.98,PAGO,,SEM DATA
7699,7938,CARTÃO,2,ELO,12116.35,ESTORNADO,,SEM DATA
7700,7377,DINHEIRO,6,SEM BANDEIRA,2181.84,Estornado,2022-03-28,COM DATA
7701,427,PIX,12,SEM BANDEIRA,8063.04,PAGO,2023-07-09,COM DATA
7702,6916,BOLETO,10,SEM BANDEIRA,12038.18,PAGO,2022-09-11,COM DATA
7703,6160,PIX,4,SEM BANDEIRA,7216.75,PAGO,2022-11-28,COM DATA
7705,248,BOLETO,8,SEM BANDEIRA,9905.71,PENDENTE,2023-05-24,COM DATA
7706,5950,CARTÃO,6,ELO,5187.33,PAGO,,SEM DATA
7707,1702,CARTÃO,6,ELO,9644.85,Pago,,SEM DATA
7708,643,PIX,1,SEM BANDEIRA,12497.49,PAGO,2022-07-24,COM DATA
7711,4143,PIX,0,SEM BANDEIRA,7412.79,PAGO,2023-02-16,COM DATA
7712,8432,CARTÃO,4,AMERICAN EXPRESS,12574.53,PAGO,2023-08-15,COM DATA
7713,8551,PIX,1,SEM BANDEIRA,10511.56,PAGO,2022-09-20,COM DATA
7714,6707,PIX,1,SEM BANDEIRA,13322.9,PAGO,2022-02-07,COM DATA
7715,2097,PIX,6,SEM BANDEIRA,13334.17,ESTORNADO,2022-03-16,COM DATA
7716,9491,PIX,5,SEM BANDEIRA,1900.24,ESTORNADO,2024-07-04,COM DATA
7718,9331,BOLETO,7,SEM BANDEIRA,7178.2,PAGO,,SEM DATA
7720,499,CARTÃO,0,HIPERCARD,10047.19,PAGO,,SEM DATA
7723,2944,CARTÃO,1,MASTERCARD,7367.205,PENDENTE,2024-03-25,COM DATA
7727,5520,BOLETO,2,SEM BANDEIRA,11045.52,ESTORNADO,2023-06-21,COM DATA
7728,3837,PIX,2,HIPERCARD,5943.47,PAGO,2022-10-20,COM DATA
7729,4052,DINHEIRO,7,SEM BANDEIRA,2665.89,PAGO,2022-05-30,COM DATA
7731,1780,CARTÃO,7,VISA,8343.91,PAGO,,SEM DATA
7736,3498,PIX,5,SEM BANDEIRA,11819.78,PAGO,2024-08-28,COM DATA
7737,1816,CARTÃO,3,SEM BANDEIRA,12394.16,PENDENTE,2023-08-20,COM DATA
7738,3179,BOLETO,6,SEM BANDEIRA,13474.65,PENDENTE,2024-05-11,COM DATA
7740,5938,DINHEIRO,11,SEM BANDEIRA,4619.8,PAGO,2024-11-21,COM DATA
7743,9795,PIX,0,SEM BANDEIRA,7665.42,ESTORNADO,2023-08-11,COM DATA
7746,5035,DINHEIRO,12,SEM BANDEIRA,10063.9,CANCELADO,2025-02-19,COM DATA
7748,2765,BOLETO,10,SEM BANDEIRA,6853.81,PAGO,2022-11-05,COM DATA
7753,3841,PIX,8,SEM BANDEIRA,7298.51,CANCELADO,,SEM DATA
7754,2055,PIX,9,SEM BANDEIRA,4787.08,PENDENTE,2023-05-08,COM DATA
7755,7453,PIX,1,SEM BANDEIRA,175.36,PENDENTE,2023-04-26,COM DATA
7756,1918,DINHEIRO,8,SEM BANDEIRA,0.0,PAGO,2022-11-14,COM DATA
7759,5220,DINHEIRO,5,SEM BANDEIRA,5490.96,PAGO,2023-02-09,COM DATA
7761,6001,BOLETO,4,SEM BANDEIRA,7367.205,PAGO,2024-04-22,COM DATA
7764,3375,DINHEIRO,4,SEM BANDEIRA,12656.88,ESTORNADO,2024-10-08,COM DATA
7766,9061,DINHEIRO,1,SEM BANDEIRA,0.0,ESTORNADO,2024-11-29,COM DATA
7767,9794,PIX,5,SEM BANDEIRA,13554.83,PENDENTE,2023-04-07,COM DATA
7769,4232,BOLETO,9,SEM BANDEIRA,5975.09,ESTORNADO,2024-10-27,COM DATA
7772,1015,DINHEIRO,7,SEM BANDEIRA,5558.9,ESTORNADO,2024-05-22,COM DATA
7775,7758,BOLETO,1,SEM BANDEIRA,7367.205,ESTORNADO,2023-10-07,COM DATA
7776,2126,CARTAO,9,SEM BANDEIRA,427.31,PAGO,2022-05-10,COM DATA
7779,5085,CARTÃO,9,VISA,9515.39,ESTORNADO,2023-03-20,COM DATA
7786,404,DINHEIRO,0,SEM BANDEIRA,9963.5,ESTORNADO,2025-03-24,COM DATA
7788,2156,DINHEIRO,0,SEM BANDEIRA,6338.36,ESTORNADO,2024-12-25,COM DATA
7789,2434,PIX,0,SEM BANDEIRA,1862.86,ESTORNADO,2022-01-14,COM DATA
7791,2705,PIX,0,SEM BANDEIRA,752.95,ESTORNADO,2022-10-15,COM DATA
7792,4533,DINHEIRO,11,SEM BANDEIRA,6587.03,ESTORNADO,2022-03-21,COM DATA
7793,8948,BOLETO,9,SEM BANDEIRA,3084.8,PENDENTE,2025-03-30,COM DATA
7795,6142,PIX,0,SEM BANDEIRA,14297.69,PAGO,2024-03-14,COM DATA
7797,8727,BOLETO,5,SEM BANDEIRA,12193.25,ESTORNADO,2022-07-26,COM DATA
7799,2309,DINHEIRO,0,SEM BANDEIRA,979.21,PENDENTE,2023-12-28,COM DATA
7801,4816,BOLETO,12,SEM BANDEIRA,367.94,PAGO,2023-07-07,COM DATA
7803,2097,PIX,11,SEM BANDEIRA,4717.7,ESTORNADO,2023-12-15,COM DATA
7804,2098,CARTÃO,12,ELO,0.0,PENDENTE,2022-12-09,COM DATA
7807,5236,DINHEIRO,4,SEM BANDEIRA,1900.75,PENDENTE,2022-10-24,COM DATA
7808,481,BOLETO,11,SEM BANDEIRA,7367.205,Pago,2022-01-20,COM DATA
7809,4670,BOLETO,9,SEM BANDEIRA,10553.57,PENDENTE,2022-11-23,COM DATA
7810,5058,PIX,8,SEM BANDEIRA,4997.52,ESTORNADO,2023-07-19,COM DATA
7811,3044,PIX,2,SEM BANDEIRA,9229.41,PENDENTE,2025-02-19,COM DATA
7813,3815,BOLETO,5,SEM BANDEIRA,6659.29,PAGO,2024-08-10,COM DATA
7814,9754,DINHEIRO,9,SEM BANDEIRA,10718.01,PAGO,2024-11-21,COM DATA
7817,3527,DINHEIRO,7,SEM BANDEIRA,1596.41,PAGO,2023-05-24,COM DATA
7818,5815,DINHEIRO,5,SEM BANDEIRA,7758.17,PENDENTE,2022-12-03,COM DATA
7819,8035,PIX,2,SEM BANDEIRA,12077.18,ESTORNADO,2022-10-03,COM DATA
7820,6470,CANCELADO,4,AMERICAN EXPRESS,3477.96,PENDENTE,,SEM DATA
7821,1428,CARTÃO,9,ELO,6975.08,ESTORNADO,2023-04-01,COM DATA
7823,5149,BOLETO,8,SEM BANDEIRA,3474.3,PENDENTE,2022-07-30,COM DATA
7824,4242,PIX,0,SEM BANDEIRA,10730.25,ESTORNADO,2022-04-01,COM DATA
7825,7967,CARTÃO,11,VISA,4737.55,PAGO,2023-08-29,COM DATA
7827,2754,CARTÃO,0,HIPERCARD,9810.42,PAGO,2022-08-31,COM DATA
7829,8708,PIX,7,SEM BANDEIRA,2214.64,PAGO,2024-12-18,COM DATA
7830,3895,BOLETO,9,SEM BANDEIRA,9289.17,PENDENTE,2022-11-25,COM DATA
7831,4131,PIX,0,SEM BANDEIRA,7367.205,ESTORNADO,2023-01-09,COM DATA
7834,7871,BOLETO,5,SEM BANDEIRA,11174.94,ESTORNADO,,SEM DATA
7835,5767,CARTÃO,1,AMERICAN EXPRESS,6769.77,PENDENTE,2023-07-13,COM DATA
7837,3260,PIX,6,SEM BANDEIRA,2929.84,PAGO,2025-01-05,COM DATA
7838,5569,PIX,2,SEM BANDEIRA,6432.4,PAGO,2022-01-23,COM DATA
7840,556,CARTÃO,3,ELO,3657.82,Estornado,2022-11-15,COM DATA
7841,5063,PIX,7,SEM BANDEIRA,7367.205,PAGO,2025-03-07,COM DATA
7842,8038,PIX,1,SEM BANDEIRA,13204.0,PAGO,2023-05-20,COM DATA
7843,7737,DINHEIRO,11,SEM BANDEIRA,11350.23,PAGO,2023-11-18,COM DATA
7845,3700,BOLETO,5,SEM BANDEIRA,14104.67,PAGO,2023-02-28,COM DATA
7846,4080,BOLETO,2,SEM BANDEIRA,7367.205,ESTORNADO,,SEM DATA
7848,6016,PIX,0,SEM BANDEIRA,12632.19,ESTORNADO,2024-12-06,COM DATA
7851,7030,PIX,0,SEM BANDEIRA,7367.205,PENDENTE,2022-10-30,COM DATA
7853,1573,DINHEIRO,10,SEM BANDEIRA,6451.73,Pendente,2023-05-28,COM DATA
7855,8737,PIX,9,SEM BANDEIRA,4803.06,PENDENTE,2023-06-15,COM DATA
7856,8617,PIX,9,SEM BANDEIRA,248.23,PAGO,2023-12-20,COM DATA
7857,1078,DINHEIRO,11,SEM BANDEIRA,1601.59,PENDENTE,2024-09-03,COM DATA
7860,3893,BOLETO,9,SEM BANDEIRA,13034.45,PENDENTE,2022-08-12,COM DATA
7861,937,DINHEIRO,6,SEM BANDEIRA,13437.95,ESTORNADO,2023-12-28,COM DATA
7862,3949,PIX,0,SEM BANDEIRA,6140.69,PAGO,2022-11-20,COM DATA
7863,4527,CARTÃO,9,VISA,80.17,ESTORNADO,2022-10-22,COM DATA
7864,8870,DINHEIRO,9,SEM BANDEIRA,3308.72,PAGO,2024-08-24,COM DATA
7868,3573,DINHEIRO,9,SEM BANDEIRA,4287.86,PENDENTE,2024-10-17,COM DATA
7871,2612,DINHEIRO,5,SEM BANDEIRA,259.61,PAGO,2024-03-02,COM DATA
7874,5817,PIX,3,SEM BANDEIRA,5266.56,PAGO,2024-07-10,COM DATA
7877,5104,PIX,11,SEM BANDEIRA,2860.87,PAGO,2024-04-20,COM DATA
7878,1613,CARTÃO,4,ELO,6574.56,PAGO,2024-12-17,COM DATA
7879,4528,CARTÃO,5,VISA,12153.23,PAGO,2023-11-16,COM DATA
7880,3841,BOLETO,11,SEM BANDEIRA,1522.97,PENDENTE,2022-04-27,COM DATA
7881,3849,BOLETO,8,SEM BANDEIRA,3449.48,PENDENTE,2024-10-27,COM DATA
7882,6827,PIX,2,SEM BANDEIRA,2341.95,ESTORNADO,2022-12-11,COM DATA
7883,3519,BOLETO,5,SEM BANDEIRA,7749.92,ESTORNADO,2024-01-07,COM DATA
7886,6882,PIX,10,SEM BANDEIRA,13410.83,PAGO,,SEM DATA
7887,8064,BOLETO,2,SEM BANDEIRA,4146.82,PAGO,2024-02-03,COM DATA
7888,6813,BOLETO,4,SEM BANDEIRA,11981.75,ESTORNADO,2023-05-18,COM DATA
7889,8922,BOLETO,10,SEM BANDEIRA,7731.0,ESTORNADO,2023-05-14,COM DATA
7890,4351,CARTÃO,3,VISA,1892.7,ESTORNADO,2023-05-24,COM DATA
7893,8509,CARTÃO,-5,ELO,12043.95,PAGO,2024-07-12,COM DATA
7895,2480,PIX,4,SEM BANDEIRA,8214.76,PAGO,2024-05-09,COM DATA
7896,2804,PIX,-5,SEM BANDEIRA,14111.95,ESTORNADO,2023-05-16,COM DATA
7898,6406,CARTÃO,2,ELO,12620.46,PENDENTE,2024-09-03,COM DATA
7899,2676,CARTÃO,6,SEM BANDEIRA,2167.32,ESTORNADO,2024-03-12,COM DATA
7900,1988,CARTÃO,-1,ELO,3688.04,PAGO,2024-03-21,COM DATA
7901,7415,PIX,-5,SEM BANDEIRA,11573.64,ESTORNADO,2025-02-13,COM DATA
7902,6443,BOLETO,1,SEM BANDEIRA,9385.85,PAGO,2022-04-14,COM DATA
7904,176,CARTÃO,5,MASTERCARD,7367.205,PENDENTE,2024-01-17,COM DATA
7907,452,PIX,1,SEM BANDEIRA,10187.65,ESTORNADO,2023-08-05,COM DATA
7908,891,CARTÃO,8,ELO,2427.38,PAGO,2024-12-05,COM DATA
7909,8032,PIX,4,SEM BANDEIRA,9171.26,PAGO,2024-08-26,COM DATA
7911,4262,DINHEIRO,3,SEM BANDEIRA,9999.88,PENDENTE,2023-12-15,COM DATA
7915,1564,CARTÃO,10,ELO,7371.48,ESTORNADO,2022-12-05,COM DATA
7919,4372,CARTÃO,0,HIPERCARD,6781.1,Pagoo,2024-04-30,COM DATA
7920,3378,DINHEIRO,4,SEM BANDEIRA,5449.17,PAGO,2024-04-14,COM DATA
7921,2118,BOLETO,11,SEM BANDEIRA,14561.32,PENDENTE,2022-10-05,COM DATA
7923,4971,BOLETO,9,SEM BANDEIRA,14726.87,PAGO,2024-01-06,COM DATA
7925,6681,PIX,6,SEM BANDEIRA,155.59,PENDENTE,2024-10-30,COM DATA
7926,2868,CARTAO,8,SEM BANDEIRA,7367.205,PENDENTE,2022-10-05,COM DATA
7928,3192,BOLETO,5,SEM BANDEIRA,6344.48,PENDENTE,2025-01-10,COM DATA
7929,840,DINHEIRO,10,SEM BANDEIRA,7367.205,ESTORNADO,2023-04-24,COM DATA
7930,1893,DINHEIRO,11,SEM BANDEIRA,7173.2,PENDENTE,2023-06-07,COM DATA
7932,4226,DINHEIRO,3,SEM BANDEIRA,10070.31,PAGO,2023-07-09,COM DATA
7933,2427,PIX,12,SEM BANDEIRA,7367.205,PENDENTE,2024-11-21,COM DATA
7936,7151,DINHEIRO,4,SEM BANDEIRA,7367.205,PENDENTE,2024-09-29,COM DATA
7938,193,PIX,0,SEM BANDEIRA,7094.62,Estornado,2024-01-15,COM DATA
7939,7474,BOLETO,6,SEM BANDEIRA,11970.98,ESTORNADO,2022-02-20,COM DATA
7940,4352,DINHEIRO,7,SEM BANDEIRA,12718.7,PENDENTE,2022-06-15,COM DATA
7941,6890,PIX,2,SEM BANDEIRA,3627.04,PENDENTE,2022-02-03,COM DATA
7942,4217,DINHEIRO,1,SEM BANDEIRA,1585.71,PAGO,2023-05-26,COM DATA
7943,6535,CARTÃO,9,MASTERCARD,7367.205,ESTORNADO,2024-09-14,COM DATA
7944,9650,BOLETO,12,SEM BANDEIRA,4088.38,Pagoo,2022-12-27,COM DATA
7945,3913,BOLETO,12,SEM BANDEIRA,4959.83,ESTORNADO,2022-04-17,COM DATA
7946,5369,CARTÃO,10,SEM BANDEIRA,7367.205,PAGO,2024-05-25,COM DATA
7947,580,DINHEIRO,9,SEM BANDEIRA,753.07,PAGO,2023-11-07,COM DATA
7948,6313,CARTÃO,7,VISA,3142.1,PENDENTE,2025-04-03,COM DATA
7950,4464,PIX,8,SEM BANDEIRA,7219.94,ESTORNADO,,SEM DATA
7951,5108,CARTÃO,10,MASTERCARD,7367.205,PAGO,2022-04-06,COM DATA
7953,2689,BOLETO,12,SEM BANDEIRA,4799.19,ESTORNADO,2022-10-17,COM DATA
7954,4029,PIX,0,SEM BANDEIRA,11423.77,PENDENTE,2022-08-12,COM DATA
7956,6842,CARTÃO,10,ELO,5047.78,PENDENTE,2023-06-13,COM DATA
7957,8167,CARTÃO,9,SEM BANDEIRA,6477.24,ESTORNADO,2024-04-27,COM DATA
7958,9872,PIX,2,SEM BANDEIRA,5703.17,PAGO,2023-08-22,COM DATA
7959,345,PIX,1,SEM BANDEIRA,1019.79,PENDENTE,2023-04-13,COM DATA
7960,65,PIX,-1,SEM BANDEIRA,7367.205,PAGO,2023-04-10,COM DATA
7961,6512,BOLETO,9,SEM BANDEIRA,1250.24,PAGO,2023-01-11,COM DATA
7962,5054,BOLETO,10,SEM BANDEIRA,10035.62,PAGO,2024-03-18,COM DATA
7963,4211,CARTÃO,8,AMERICAN EXPRESS,12175.54,PAGO,2022-12-30,COM DATA
7966,4741,DINHEIRO,8,SEM BANDEIRA,7367.205,PENDENTE,,SEM DATA
7967,3946,CARTÃO,0,MASTERCARD,11584.44,PENDENTE,2024-11-17,COM DATA
7968,5760,CARTÃO,7,AMERICAN EXPRESS,3765.11,ESTORNADO,2025-03-08,COM DATA
7970,2197,CARTÃO,1,AMERICAN EXPRESS,4564.67,PENDENTE,2023-08-04,COM DATA
7972,8906,CARTÃO,6,SEM BANDEIRA,12346.87,PAGO,2025-01-14,COM DATA
7973,5160,CARTÃO,0,ELO,11198.9,PENDENTE,2022-12-14,COM DATA
7974,989,PIX,9,SEM BANDEIRA,10278.81,ESTORNADO,2024-08-28,COM DATA
7975,897,BOLETO,3,SEM BANDEIRA,561.84,PAGO,2022-12-12,COM DATA
7976,6050,PIX,9,SEM BANDEIRA,8681.19,PAGO,2023-03-16,COM DATA
7977,7176,PIX,7,SEM BANDEIRA,6323.02,PAGO,2022-01-27,COM DATA
7979,1529,BOLETO,5,SEM BANDEIRA,1544.43,ESTORNADO,2023-01-12,COM DATA
7980,3524,DINHEIRO,12,SEM BANDEIRA,11528.58,PAGO,2024-08-17,COM DATA
7983,278,DINHEIRO,6,SEM BANDEIRA,7527.91,PENDENTE,2023-05-17,COM DATA
7984,5038,BOLETO,0,SEM BANDEIRA,3106.99,pago,2025-04-01,COM DATA
7985,1969,PIX,12,SEM BANDEIRA,696.52,PENDENTE,,SEM DATA
7988,7164,DINHEIRO,3,SEM BANDEIRA,2932.44,PENDENTE,2024-02-11,COM DATA
7990,41,DINHEIRO,1,SEM BANDEIRA,41.21,PENDENTE,2022-01-23,COM DATA
7992,1702,DINHEIRO,9,SEM BANDEIRA,13251.55,PAGO,2022-05-31,COM DATA
7993,5127,DINHEIRO,8,SEM BANDEIRA,8628.94,PAGO,2023-05-20,COM DATA
7994,9577,PIX,6,SEM BANDEIRA,11134.47,PAGO,2024-02-28,COM DATA
7995,3146,DINHEIRO,4,SEM BANDEIRA,0.0,ESTORNADO,2022-01-13,COM DATA
7996,654,CARTÃO,5,AMERICAN EXPRESS,5314.15,ESTORNADO,2024-12-18,COM DATA
7999,4309,PIX,11,SEM BANDEIRA,6910.56,PENDENTE,2022-11-23,COM DATA
8000,6532,PIX,10,SEM BANDEIRA,7565.81,Pagoo,2024-03-24,COM DATA
8001,2022,DINHEIRO,5,SEM BANDEIRA,9880.24,PAGO,2022-05-16,COM DATA
8002,6807,BOLETO,7,SEM BANDEIRA,8158.9,ESTORNADO,2022-01-18,COM DATA
8003,8781,PIX,5,SEM BANDEIRA,1314.6,PENDENTE,2024-09-22,COM DATA
8004,7950,CARTÃO,5,HIPERCARD,7367.205,ESTORNADO,2023-07-23,COM DATA
8006,3552,BOLETO,0,SEM BANDEIRA,9794.97,PENDENTE,2024-05-04,COM DATA
8007,6304,PIX,3,SEM BANDEIRA,8762.21,PAGO,2024-01-11,COM DATA
8008,4372,BOLETO,1,SEM BANDEIRA,9040.64,PENDENTE,2023-11-06,COM DATA
8009,2283,PIX,1,SEM BANDEIRA,12418.21,ESTORNADO,2024-10-18,COM DATA
8011,3792,BOLETO,3,SEM BANDEIRA,7367.205,PAGO,2024-07-29,COM DATA
8012,6808,BOLETO,11,SEM BANDEIRA,8900.72,PAGO,2022-06-28,COM DATA
8015,8897,CARTÃO,7,ELO,13869.5,PENDENTE,2023-06-11,COM DATA
8016,9723,CARTÃO,10,HIPERCARD,5201.4,pago,2022-08-27,COM DATA
8017,2845,BOLETO,-5,SEM BANDEIRA,11763.71,PAGO,2024-07-02,COM DATA
8018,9773,BOLETO,10,SEM BANDEIRA,4347.61,PAGO,2023-07-09,COM DATA
8019,2534,CARTÃO,9,SEM BANDEIRA,2696.27,ESTORNADO,2023-07-18,COM DATA
8020,9839,PIX,2,SEM BANDEIRA,14509.84,PENDENTE,2023-05-23,COM DATA
8024,9519,CARTÃO,10,MASTERCARD,8905.74,Pago,2023-09-12,COM DATA
8025,5186,DINHEIRO,4,SEM BANDEIRA,7367.205,PENDENTE,2024-12-06,COM DATA
8026,3500,PIX,-5,SEM BANDEIRA,446.34,PENDENTE,2024-10-08,COM DATA
8028,2128,DINHEIRO,6,SEM BANDEIRA,7697.82,PAGO,2024-02-05,COM DATA
8030,9027,BOLETO,4,SEM BANDEIRA,2831.97,PAGO,2025-04-10,COM DATA
8034,6453,DINHEIRO,1,SEM BANDEIRA,3687.54,PAGO,2025-03-05,COM DATA
8035,4064,CARTÃO,6,AMERICAN EXPRESS,1239.73,PAGO,2022-10-16,COM DATA
8041,3922,CARTÃO,8,HIPERCARD,6862.26,ESTORNADO,2025-02-01,COM DATA
8043,1542,PIX,3,SEM BANDEIRA,7367.205,ESTORNADO,2024-10-10,COM DATA
8044,1152,PIX,10,SEM BANDEIRA,5579.08,PENDENTE,2024-03-24,COM DATA
8045,6586,PIX,5,MASTERCARD,7367.205,ESTORNADO,2023-03-27,COM DATA
8046,6217,BOLETO,2,SEM BANDEIRA,3003.84,PAGO,2023-09-05,COM DATA
8047,9677,BOLETO,2,SEM BANDEIRA,7367.205,PENDENTE,2023-09-13,COM DATA
8048,9212,PIX,1,SEM BANDEIRA,4330.37,ESTORNADO,2024-12-13,COM DATA
8050,7297,CANCELADO,8,SEM BANDEIRA,6255.74,PENDENTE,2022-12-08,COM DATA
8053,956,DINHEIRO,11,SEM BANDEIRA,13830.12,PAGO,2022-02-11,COM DATA
8054,8040,CARTÃO,8,HIPERCARD,7338.59,ESTORNADO,2022-01-29,COM DATA
8055,249,PIX,4,SEM BANDEIRA,12649.28,ESTORNADO,2022-08-06,COM DATA
8056,7580,PIX,1,SEM BANDEIRA,14906.47,ESTORNADO,2024-08-17,COM DATA
8057,4939,CARTÃO,0,AMERICAN EXPRESS,3396.74,PENDENTE,2022-12-13,COM DATA
8058,7335,DINHEIRO,4,SEM BANDEIRA,4291.48,PENDENTE,2024-02-15,COM DATA
8059,4955,BOLETO,6,SEM BANDEIRA,7367.205,PENDENTE,,SEM DATA
8060,6639,PIX,12,SEM BANDEIRA,10759.59,PENDENTE,2023-10-26,COM DATA
8064,7909,CARTÃO,8,SEM BANDEIRA,1865.19,PENDENTE,2023-09-08,COM DATA
8065,240,CARTÃO,2,ELO,9764.33,PENDENTE,2023-02-13,COM DATA
8066,3566,DINHEIRO,10,SEM BANDEIRA,7367.205,PAGO,2024-06-13,COM DATA
8067,325,BOLETO,1,SEM BANDEIRA,6743.25,ESTORNADO,2023-09-17,COM DATA
8068,1691,CARTÃO,2,SEM BANDEIRA,6040.3,PAGO,2024-06-13,COM DATA
8071,9811,BOLETO,1,SEM BANDEIRA,10189.11,PAGO,2023-05-03,COM DATA
8074,3330,CARTÃO,12,HIPERCARD,5827.54,PAGO,2023-05-15,COM DATA
8076,876,BOLETO,7,SEM BANDEIRA,7367.205,ESTORNADO,,SEM DATA
8078,2838,DINHEIRO,3,SEM BANDEIRA,1502.5,ESTORNADO,2022-07-04,COM DATA
8079,8022,DINHEIRO,2,SEM BANDEIRA,10164.14,ESTORNADO,2023-10-18,COM DATA
8080,8435,PIX,3,SEM BANDEIRA,7367.205,PENDENTE,2022-12-21,COM DATA
8081,9342,CANCELADO,4,SEM BANDEIRA,12876.57,ESTORNADO,2022-07-06,COM DATA
8084,3338,CANCELADO,9,SEM BANDEIRA,10332.17,PAGO,2024-04-30,COM DATA
8086,4959,DINHEIRO,7,SEM BANDEIRA,6562.07,PAGO,2022-12-09,COM DATA
8088,5441,BOLETO,7,SEM BANDEIRA,8813.0,PAGO,2023-10-14,COM DATA
8089,5261,BOLETO,11,SEM BANDEIRA,7392.32,PENDENTE,2022-02-22,COM DATA
8090,2634,CARTÃO,3,HIPERCARD,7098.38,ESTORNADO,2024-05-05,COM DATA
8092,2458,BOLETO,4,SEM BANDEIRA,6147.94,PAGO,2025-02-14,COM DATA
8095,1390,BOLETO,10,SEM BANDEIRA,7140.67,PAGO,2024-11-28,COM DATA
8097,5611,PIX,3,SEM BANDEIRA,306.85,Pagoo,2022-06-05,COM DATA
8098,5913,DINHEIRO,-1,SEM BANDEIRA,6744.86,PENDENTE,2022-08-21,COM DATA
8099,6285,CARTÃO,12,SEM BANDEIRA,4147.26,Estornado,2023-04-27,COM DATA
8101,2843,BOLETO,11,SEM BANDEIRA,5302.38,PENDENTE,2023-05-13,COM DATA
8102,6720,PIX,8,SEM BANDEIRA,8185.33,PAGO,2024-10-18,COM DATA
8106,8022,CARTÃO,11,MASTERCARD,3244.02,ESTORNADO,2024-02-08,COM DATA
8107,3076,BOLETO,3,SEM BANDEIRA,4940.44,PENDENTE,2024-11-11,COM DATA
8108,2614,BOLETO,10,SEM BANDEIRA,7111.57,PAGO,2023-10-06,COM DATA
8110,9060,BOLETO,0,SEM BANDEIRA,4429.45,PAGO,2023-10-05,COM DATA
8111,7501,PIX,4,SEM BANDEIRA,7622.28,PAGO ,2024-04-10,COM DATA
8113,3520,PIX,10,SEM BANDEIRA,9532.55,PENDENTE,2024-05-19,COM DATA
8114,3243,PIX,6,SEM BANDEIRA,5710.52,ESTORNADO,2023-12-28,COM DATA
8116,2716,CARTÃO,6,MASTERCARD,8740.94,PENDENTE,2022-06-29,COM DATA
8118,1608,CARTÃO,9,AMERICAN EXPRESS,14801.15,PAGO,2024-12-20,COM DATA
8119,7855,DINHEIRO,11,SEM BANDEIRA,13135.85,PAGO,2024-07-09,COM DATA
8121,5149,DINHEIRO,12,SEM BANDEIRA,11152.82,ESTORNADO,,SEM DATA
8122,8717,PIX,4,SEM BANDEIRA,9378.08,ESTORNADO,2022-08-15,COM DATA
8128,7611,BOLETO,0,SEM BANDEIRA,9490.08,PENDENTE,2022-12-06,COM DATA
8129,5500,CARTÃO,11,VISA,6949.24,PENDENTE,,SEM DATA
8130,4565,PIX,8,SEM BANDEIRA,6655.95,PENDENTE,2024-09-26,COM DATA
8133,420,PIX,1,SEM BANDEIRA,14854.51,Estornado,2024-12-08,COM DATA
8134,4761,CARTÃO,2,VISA,8074.91,PAGO,2024-02-06,COM DATA
8135,2229,BOLETO,6,SEM BANDEIRA,2787.35,PAGO,2022-06-25,COM DATA
8137,5813,DINHEIRO,6,SEM BANDEIRA,7367.205,ESTORNADO,2022-05-27,COM DATA
8139,1696,DINHEIRO,0,SEM BANDEIRA,11693.29,PAGO,2025-01-23,COM DATA
8140,599,PIX,10,SEM BANDEIRA,46.05,PAGO,,SEM DATA
8141,5076,CARTÃO,7,HIPERCARD,7367.205,PENDENTE,2023-01-18,COM DATA
8143,4889,BOLETO,8,SEM BANDEIRA,430.85,PAGO,,SEM DATA
8144,2083,DINHEIRO,5,SEM BANDEIRA,7367.205,PENDENTE,2024-08-23,COM DATA
8148,4514,CARTÃO,7,HIPERCARD,5234.28,CANCELADO,2024-02-28,COM DATA
8149,7703,PIX,3,SEM BANDEIRA,7367.205,PENDENTE,2024-03-13,COM DATA
8150,5664,DINHEIRO,1,SEM BANDEIRA,203.9,ESTORNADO,2024-10-26,COM DATA
8153,9747,BOLETO,10,SEM BANDEIRA,32.95,PENDENTE,,SEM DATA
8154,1436,CARTÃO,1,ELO,2582.52,PENDENTE,2022-01-17,COM DATA
8155,7012,PIX,1,SEM BANDEIRA,3219.27,PAGO,2024-08-30,COM DATA
8157,9976,BOLETO,1,SEM BANDEIRA,6477.46,PAGO,2025-02-13,COM DATA
8158,7145,BOLETO,0,SEM BANDEIRA,5998.79,PAGO,,SEM DATA
8163,9013,DINHEIRO,3,SEM BANDEIRA,10189.16,ESTORNADO,2023-02-20,COM DATA
8165,8539,BOLETO,12,SEM BANDEIRA,7355.52,PENDENTE,2022-05-12,COM DATA
8168,8971,DINHEIRO,0,SEM BANDEIRA,10340.31,PAGO,2024-10-12,COM DATA
8169,2097,CARTÃO,9,MASTERCARD,10285.56,PAGO,2022-07-17,COM DATA
8173,7934,CARTÃO,1,VISA,7114.47,PENDENTE,2023-07-18,COM DATA
8174,2040,BOLETO,1,SEM BANDEIRA,1927.5,ESTORNADO,2022-05-19,COM DATA
8175,5717,CARTÃO,6,SEM BANDEIRA,7227.75,ESTORNADO,2024-06-22,COM DATA
8176,3098,PIX,0,VISA,6965.37,PAGO,2023-08-17,COM DATA
8182,140,CARTÃO,4,MASTERCARD,10089.11,ESTORNADO,2024-08-26,COM DATA
8183,5771,PIX,12,VISA,7367.205,PENDENTE,,SEM DATA
8186,7790,PIX,3,SEM BANDEIRA,5338.17,ESTORNADO,2024-07-19,COM DATA
8187,2576,PIX,7,SEM BANDEIRA,7367.205,PAGO,2023-12-27,COM DATA
8188,2172,CARTAO,6,MASTERCARD,8258.12,PENDENTE,2024-05-20,COM DATA
8190,5451,DINHEIRO,9,SEM BANDEIRA,1763.32,PENDENTE,,SEM DATA
8191,7660,PIX,2,SEM BANDEIRA,8312.62,ESTORNADO,2023-06-15,COM DATA
8192,6135,PIX,3,SEM BANDEIRA,3664.73,PENDENTE,2023-01-26,COM DATA
8196,4292,PIX,5,SEM BANDEIRA,8014.44,PAGO,2025-03-08,COM DATA
8197,6035,BOLETO,4,SEM BANDEIRA,7367.205,PAGO,2024-09-18,COM DATA
8198,9837,BOLETO,6,SEM BANDEIRA,8858.01,ESTORNADO,2023-05-23,COM DATA
8199,1306,CARTÃO,11,MASTERCARD,7367.205,PENDENTE,2024-03-16,COM DATA
8200,1136,PIX,10,SEM BANDEIRA,7367.205,ESTORNADO,2023-03-21,COM DATA
8201,971,DINHEIRO,1,SEM BANDEIRA,6043.21,PENDENTE,2023-10-06,COM DATA
8202,3413,PIX,4,SEM BANDEIRA,14876.11,PENDENTE,2023-05-12,COM DATA
8203,6571,BOLETO,0,SEM BANDEIRA,6527.64,PAGO,2022-05-29,COM DATA
8204,7516,CARTÃO,6,HIPERCARD,9031.58,PAGO,2022-03-18,COM DATA
8205,8585,BOLETO,4,SEM BANDEIRA,966.79,PENDENTE,2024-05-17,COM DATA
8208,3018,BOLETO,4,SEM BANDEIRA,7367.205,PENDENTE,2024-01-12,COM DATA
8210,3284,CARTAO,4,SEM BANDEIRA,9256.59,PAGO,2022-10-15,COM DATA
8212,5884,BOLETO,6,SEM BANDEIRA,9828.44,PENDENTE,2023-12-05,COM DATA
8213,9025,PIX,7,SEM BANDEIRA,11580.82,ESTORNADO,2022-01-23,COM DATA
8215,8074,BOLETO,0,SEM BANDEIRA,10015.77,PAGO,2023-04-16,COM DATA
8216,2039,DINHEIRO,4,SEM BANDEIRA,4063.03,PENDENTE,2023-12-04,COM DATA
8217,9771,PIX,5,SEM BANDEIRA,9306.71,ESTORNADO,2023-01-13,COM DATA
8218,6169,BOLETO,9,SEM BANDEIRA,9652.16,ESTORNADO,2024-10-19,COM DATA
8220,4732,PIX,7,SEM BANDEIRA,10615.84,PAGO,2024-12-10,COM DATA
8221,7292,PIX,6,SEM BANDEIRA,3481.45,PAGO,2022-03-22,COM DATA
8222,2286,PIX,4,SEM BANDEIRA,4907.17,PAGO,2025-02-09,COM DATA
8228,1397,DINHEIRO,3,SEM BANDEIRA,13618.65,ESTORNADO,2022-06-22,COM DATA
8229,3170,CARTÃO,10,SEM BANDEIRA,5514.37,PENDENTE,2024-10-22,COM DATA
8230,5208,PIX,12,SEM BANDEIRA,12042.71,ESTORNADO,,SEM DATA
8231,3332,DINHEIRO,2,SEM BANDEIRA,4588.44,PENDENTE,2024-05-26,COM DATA
8232,2077,BOLETO,4,SEM BANDEIRA,4113.93,ESTORNADO,2024-04-04,COM DATA
8233,4899,PIX,11,SEM BANDEIRA,6716.35,ESTORNADO,2024-08-10,COM DATA
8234,5575,CARTÃO,1,ELO,7367.205,PENDENTE,2022-05-14,COM DATA
8235,6101,CARTÃO,11,SEM BANDEIRA,12970.41,PAGO,2023-12-08,COM DATA
8236,9203,CARTÃO,8,VISA,10403.12,PENDENTE,2024-12-12,COM DATA
8239,5507,DINHEIRO,12,SEM BANDEIRA,5139.96,PAGO,,SEM DATA
8241,8410,PIX,6,SEM BANDEIRA,13988.01,PAGO,2023-04-28,COM DATA
8244,4447,CANCELADO,4,SEM BANDEIRA,12381.55,PENDENTE,2024-01-06,COM DATA
8246,5065,BOLETO,8,SEM BANDEIRA,7367.205,PAGO,2024-03-16,COM DATA
8247,8281,BOLETO,2,SEM BANDEIRA,12378.88,ESTORNADO,,SEM DATA
8249,3075,CARTÃO,5,MASTERCARD,10419.18,ESTORNADO,2024-12-24,COM DATA
8250,1587,CARTÃO,-1,VISA,5092.04,PAGO,2022-02-24,COM DATA
8251,1306,PIX,10,SEM BANDEIRA,7367.205,PENDENTE,2025-01-18,COM DATA
8252,6445,PIX,1,SEM BANDEIRA,7367.205,PAGO,2022-07-24,COM DATA
8253,5933,DINHEIRO,0,SEM BANDEIRA,14379.98,PENDENTE,2022-07-22,COM DATA
8254,5617,BOLETO,0,SEM BANDEIRA,7367.205,ESTORNADO,2024-08-09,COM DATA
8256,2985,BOLETO,10,SEM BANDEIRA,10275.46,PENDENTE,2022-09-21,COM DATA
8260,28,DINHEIRO,2,SEM BANDEIRA,3220.53,ESTORNADO,2023-12-11,COM DATA
8261,7572,DINHEIRO,3,SEM BANDEIRA,2823.72,PENDENTE,2022-07-07,COM DATA
8262,1222,CARTÃO,4,ELO,0.0,PENDENTE,2022-08-28,COM DATA
8266,1208,PIX,0,VISA,7367.205,PENDENTE,2023-12-01,COM DATA
8268,771,PIX,0,SEM BANDEIRA,4809.59,PENDENTE,2024-01-03,COM DATA
8270,1585,BOLETO,2,SEM BANDEIRA,13484.6,ESTORNADO,2023-05-07,COM DATA
8272,4162,DINHEIRO,1,SEM BANDEIRA,2792.39,ESTORNADO,2022-01-21,COM DATA
8273,896,BOLETO,12,SEM BANDEIRA,5330.58,PENDENTE,2023-10-17,COM DATA
8275,2583,CARTÃO,10,MASTERCARD,7161.1,PENDENTE,2022-09-26,COM DATA
8276,6616,DINHEIRO,9,SEM BANDEIRA,10672.42,PENDENTE,2024-03-24,COM DATA
8277,7856,PIX,2,SEM BANDEIRA,7530.85,Estornado,2022-04-12,COM DATA
8279,4161,DINHEIRO,7,SEM BANDEIRA,6805.95,PENDENTE,2023-07-08,COM DATA
8283,5633,PIX,12,SEM BANDEIRA,7285.29,PENDENTE,2024-07-30,COM DATA
8284,6829,PIX,2,SEM BANDEIRA,8632.67,PENDENTE,2024-11-02,COM DATA
8287,4696,CARTÃO,4,HIPERCARD,9790.08,PENDENTE,,SEM DATA
8289,8057,DINHEIRO,6,SEM BANDEIRA,7367.205,PAGO,2024-01-03,COM DATA
8290,6713,PIX,8,SEM BANDEIRA,5533.25,PAGO,2023-07-16,COM DATA
8292,4181,DINHEIRO,0,SEM BANDEIRA,202.3,PAGO,2024-04-15,COM DATA
8293,8053,PIX,0,SEM BANDEIRA,267.61,ESTORNADO,2025-04-14,COM DATA
8294,5563,BOLETO,6,SEM BANDEIRA,11693.98,PAGO,,SEM DATA
8295,9093,DINHEIRO,7,SEM BANDEIRA,7367.205,PAGO,2023-07-10,COM DATA
8296,9356,BOLETO,1,SEM BANDEIRA,14684.52,ESTORNADO,2022-08-22,COM DATA
8298,2182,CARTÃO,11,SEM BANDEIRA,8110.22,PENDENTE,2023-02-06,COM DATA
8300,7492,DINHEIRO,11,SEM BANDEIRA,13754.49,PENDENTE,2023-05-06,COM DATA
8301,9045,BOLETO,4,SEM BANDEIRA,5345.52,PAGO,2023-07-31,COM DATA
8302,7009,PIX,10,SEM BANDEIRA,7367.205,PENDENTE,2025-03-26,COM DATA
8304,7111,CARTÃO,10,ELO,3646.1,PENDENTE,2022-08-06,COM DATA
8306,9843,DINHEIRO,10,SEM BANDEIRA,288.03,ESTORNADO,2023-12-04,COM DATA
8307,6242,CARTÃO,12,MASTERCARD,2154.06,ESTORNADO,,SEM DATA
8308,8810,CARTÃO,8,ELO,14079.43,PENDENTE,2022-11-19,COM DATA
8310,828,DINHEIRO,3,SEM BANDEIRA,1412.04,ESTORNADO,2023-02-27,COM DATA
8311,9783,BOLETO,10,SEM BANDEIRA,7367.205,PAGO,2022-03-23,COM DATA
8316,4192,BOLETO,5,SEM BANDEIRA,7367.205,PAGO,2024-11-27,COM DATA
8317,3827,DINHEIRO,0,SEM BANDEIRA,3232.17,PAGO,2023-05-01,COM DATA
8319,330,PIX,7,SEM BANDEIRA,6202.95,PENDENTE,,SEM DATA
8320,8983,BOLETO,1,SEM BANDEIRA,4281.56,Pendente,2022-08-16,COM DATA
8321,8946,PIX,4,SEM BANDEIRA,604.96,ESTORNADO,2024-10-25,COM DATA
8322,6025,BOLETO,10,SEM BANDEIRA,1829.96,ESTORNADO,2024-04-11,COM DATA
8323,7657,BOLETO,2,SEM BANDEIRA,3382.32,PENDENTE,2023-07-17,COM DATA
8325,520,DINHEIRO,12,SEM BANDEIRA,7367.205,ESTORNADO,2023-02-07,COM DATA
8328,5887,DINHEIRO,10,SEM BANDEIRA,10743.43,ESTORNADO,2024-02-23,COM DATA
8330,8640,CARTÃO,1,SEM BANDEIRA,8069.38,CANCELADO,2022-03-11,COM DATA
8332,142,CARTÃO,8,HIPERCARD,7367.205,PAGO,2023-06-11,COM DATA
8333,9408,BOLETO,3,SEM BANDEIRA,3704.94,PENDENTE,2025-01-14,COM DATA
8334,6756,CARTÃO,4,SEM BANDEIRA,6989.03,PENDENTE,2023-07-26,COM DATA
8335,8022,BOLETO,0,SEM BANDEIRA,7025.66,PAGO,2024-10-07,COM DATA
8337,4315,PIX,2,SEM BANDEIRA,7367.205,PAGO,2022-05-29,COM DATA
8341,3454,PIX,11,SEM BANDEIRA,9445.7,ESTORNADO,2023-02-03,COM DATA
8345,1142,DINHEIRO,9,SEM BANDEIRA,737.8,PAGO,2022-05-05,COM DATA
8346,5660,DINHEIRO,12,SEM BANDEIRA,7181.09,PENDENTE,,SEM DATA
8348,3439,BOLETO,6,SEM BANDEIRA,5797.5,PENDENTE,2023-06-14,COM DATA
8349,3467,CARTÃO,3,VISA,13106.4,ESTORNADO,2024-09-04,COM DATA
8350,7273,CARTÃO,4,SEM BANDEIRA,3298.06,PENDENTE,,SEM DATA
8351,3462,PIX,12,SEM BANDEIRA,4077.36,PENDENTE,2023-04-07,COM DATA
8354,3259,PIX,0,SEM BANDEIRA,14132.07,ESTORNADO,2022-03-13,COM DATA
8356,8477,PIX,2,SEM BANDEIRA,6875.23,ESTORNADO,2024-06-11,COM DATA
8358,874,PIX,5,SEM BANDEIRA,12581.11,PAGO,2022-04-22,COM DATA
8359,5468,BOLETO,6,SEM BANDEIRA,13283.78,ESTORNADO,2023-06-09,COM DATA
8361,8205,BOLETO,9,SEM BANDEIRA,7367.205,PENDENTE,2024-03-21,COM DATA
8364,3478,DINHEIRO,6,SEM BANDEIRA,4489.79,PAGO,2022-08-18,COM DATA
8365,7079,CARTÃO,7,MASTERCARD,10666.47,PENDENTE,2023-08-24,COM DATA
8366,6250,PIX,-5,SEM BANDEIRA,10052.75,PAGO,2024-04-03,COM DATA
8367,548,DINHEIRO,8,SEM BANDEIRA,7096.85,ESTORNADO,2024-05-18,COM DATA
8369,9540,CARTÃO,4,AMERICAN EXPRESS,12118.23,ESTORNADO,,SEM DATA
8370,5434,CARTÃO,0,SEM BANDEIRA,5788.42,PAGO,2022-08-30,COM DATA
8373,6984,BOLETO,8,SEM BANDEIRA,6691.24,PAGO,2024-11-09,COM DATA
8378,4533,PIX,11,SEM BANDEIRA,8385.43,PENDENTE,2025-02-28,COM DATA
8380,8016,DINHEIRO,12,SEM BANDEIRA,7966.26,PAGO,2024-04-21,COM DATA
8381,9212,PIX,3,SEM BANDEIRA,9397.66,ESTORNADO,2024-02-27,COM DATA
8382,9182,CARTÃO,4,VISA,1911.58,ESTORNADO,2022-11-15,COM DATA
8383,5843,CANCELADO,1,SEM BANDEIRA,12850.83,PAGO,2023-08-03,COM DATA
8384,7599,PIX,9,SEM BANDEIRA,7367.205,PENDENTE,2023-02-24,COM DATA
8385,1316,DINHEIRO,5,SEM BANDEIRA,8261.28,ESTORNADO,2022-10-13,COM DATA
8386,3805,PIX,11,SEM BANDEIRA,3125.72,PAGO,2024-11-01,COM DATA
8389,5824,PIX,8,SEM BANDEIRA,7311.93,PENDENTE,2025-01-27,COM DATA
8391,9468,DINHEIRO,2,SEM BANDEIRA,245.79,ESTORNADO,2022-07-09,COM DATA
8392,1658,BOLETO,9,SEM BANDEIRA,12223.81,PAGO,2022-02-10,COM DATA
8394,3356,PIX,-5,SEM BANDEIRA,10680.84,PENDENTE,,SEM DATA
8396,5520,PIX,7,SEM BANDEIRA,621.59,ESTORNADO,2023-02-03,COM DATA
8400,5767,BOLETO,11,SEM BANDEIRA,5505.94,ESTORNADO,2024-03-24,COM DATA
8402,3749,PIX,6,SEM BANDEIRA,8694.17,PENDENTE,,SEM DATA
8403,2798,CARTAO,1,SEM BANDEIRA,2857.89,PENDENTE,2025-03-24,COM DATA
8405,7516,PIX,3,SEM BANDEIRA,14946.0,ESTORNADO,2023-02-01,COM DATA
8406,3193,CARTÃO,3,ELO,6971.75,pago,2023-09-06,COM DATA
8407,2004,CARTÃO,4,MASTERCARD,10508.27,ESTORNADO,,SEM DATA
8408,8586,PIX,12,SEM BANDEIRA,10989.16,PAGO,2022-07-07,COM DATA
8409,2479,PIX,11,SEM BANDEIRA,2124.83,Pagoo,2024-06-20,COM DATA
8410,8752,DINHEIRO,2,SEM BANDEIRA,8305.58,ESTORNADO,2023-09-06,COM DATA
8412,8686,PIX,12,ELO,2634.98,PAGO,2023-08-30,COM DATA
8414,7229,PIX,12,SEM BANDEIRA,7367.205,ESTORNADO,2023-04-18,COM DATA
8415,5411,PIX,7,SEM BANDEIRA,8002.91,PAGO,2024-06-20,COM DATA
8416,1190,DINHEIRO,2,SEM BANDEIRA,3224.19,PAGO,2022-02-26,COM DATA
8418,6524,DINHEIRO,12,SEM BANDEIRA,13895.81,Pendente,2022-11-21,COM DATA
8419,1577,BOLETO,3,SEM BANDEIRA,8050.78,PAGO,2024-03-21,COM DATA
8420,2352,BOLETO,0,SEM BANDEIRA,12009.17,Pago,2024-08-26,COM DATA
8421,3053,BOLETO,12,SEM BANDEIRA,9120.1,PAGO,2023-11-28,COM DATA
8427,9710,CARTÃO,1,MASTERCARD,9950.23,PAGO,,SEM DATA
8428,4889,DINHEIRO,7,SEM BANDEIRA,3679.5,PAGO,2022-02-06,COM DATA
8431,589,CARTÃO,0,MASTERCARD,9415.81,ESTORNADO,2023-08-08,COM DATA
8432,6269,CARTÃO,1,HIPERCARD,2130.19,PAGO,,SEM DATA
8433,6168,CARTAO,9,AMERICAN EXPRESS,6409.02,Pago,2024-04-11,COM DATA
8434,4344,PIX,8,SEM BANDEIRA,6751.08,PAGO,2023-07-12,COM DATA
8435,5705,PIX,4,SEM BANDEIRA,5604.82,ESTORNADO,2024-08-02,COM DATA
8437,9262,CARTÃO,10,MASTERCARD,7438.28,PENDENTE,2024-03-01,COM DATA
8438,6954,CARTÃO,10,ELO,7433.7,PENDENTE,2022-05-09,COM DATA
8439,5350,BOLETO,1,SEM BANDEIRA,7367.205,ESTORNADO,2024-10-06,COM DATA
8440,8249,BOLETO,12,SEM BANDEIRA,11924.37,PENDENTE,2022-09-21,COM DATA
8441,3326,CARTÃO,9,SEM BANDEIRA,3281.53,ESTORNADO,2024-03-20,COM DATA
8443,7919,DINHEIRO,11,SEM BANDEIRA,2376.61,ESTORNADO,2022-08-24,COM DATA
8444,4751,PIX,12,SEM BANDEIRA,7367.205,PAGO,2023-05-24,COM DATA
8445,1101,BOLETO,6,SEM BANDEIRA,5906.48,Pagoo,2024-10-30,COM DATA
8446,1774,BOLETO,8,SEM BANDEIRA,7367.205,PAGO,2024-04-06,COM DATA
8449,2292,DINHEIRO,4,SEM BANDEIRA,7367.205,PENDENTE,2022-08-03,COM DATA
8450,7590,PIX,4,SEM BANDEIRA,4672.32,PENDENTE,2025-01-05,COM DATA
8451,1549,CARTÃO,4,VISA,7367.205,PAGO,2022-12-02,COM DATA
8453,1593,CANCELADO,6,VISA,8046.4,PAGO,,SEM DATA
8454,9190,CARTÃO,8,SEM BANDEIRA,12179.38,ESTORNADO,2024-12-25,COM DATA
8457,4681,PIX,8,SEM BANDEIRA,960.77,ESTORNADO,,SEM DATA
8459,7355,BOLETO,5,SEM BANDEIRA,10685.3,PENDENTE,2022-10-20,COM DATA
8460,7190,PIX,0,SEM BANDEIRA,7367.205,ESTORNADO,,SEM DATA
8463,1523,PIX,3,SEM BANDEIRA,14773.45,PAGO,2024-03-29,COM DATA
8464,3595,PIX,1,SEM BANDEIRA,10661.53,PENDENTE,2023-10-07,COM DATA
8465,7704,PIX,6,SEM BANDEIRA,11240.3,PENDENTE,2023-10-03,COM DATA
8466,3725,CARTÃO,9,MASTERCARD,14611.88,PENDENTE,2025-03-23,COM DATA
8468,9621,PIX,12,SEM BANDEIRA,5331.16,ESTORNADO,,SEM DATA
8470,983,PIX,7,SEM BANDEIRA,4462.87,PENDENTE,2023-09-22,COM DATA
8479,8153,PIX,1,SEM BANDEIRA,0.0,PAGO,,SEM DATA
8480,4191,PIX,0,SEM BANDEIRA,891.41,PENDENTE,2022-05-23,COM DATA
8485,8734,CARTÃO,7,SEM BANDEIRA,14632.38,PAGO,2023-09-16,COM DATA
8486,5204,CARTÃO,8,VISA,6101.06,ESTORNADO,2023-08-02,COM DATA
8487,2023,DINHEIRO,3,SEM BANDEIRA,11934.91,PENDENTE,2024-01-10,COM DATA
8489,2887,CARTÃO,10,SEM BANDEIRA,7367.205,PENDENTE,2024-04-29,COM DATA
8490,5368,DINHEIRO,5,SEM BANDEIRA,4283.08,ESTORNADO,2025-04-10,COM DATA
8492,5378,CARTÃO,0,HIPERCARD,770.85,ESTORNADO,2024-07-16,COM DATA
8494,9021,DINHEIRO,3,SEM BANDEIRA,4809.88,ESTORNADO,2024-11-23,COM DATA
8496,9186,CARTÃO,4,VISA,13966.63,ESTORNADO,2022-10-10,COM DATA
8498,9180,DINHEIRO,6,SEM BANDEIRA,7003.64,ESTORNADO,2023-12-01,COM DATA
8500,8976,DINHEIRO,2,SEM BANDEIRA,9312.39,ESTORNADO,2024-12-03,COM DATA
8504,193,BOLETO,11,SEM BANDEIRA,7367.205,PAGO,,SEM DATA
8505,1157,PIX,7,SEM BANDEIRA,7367.205,PAGO,2023-05-26,COM DATA
8506,3023,PIX,2,SEM BANDEIRA,7367.205,Pendente,2024-08-06,COM DATA
8507,8281,PIX,3,SEM BANDEIRA,10705.85,PAGO,,SEM DATA
8508,4405,BOLETO,0,SEM BANDEIRA,6509.59,PAGO,2024-05-16,COM DATA
8510,8554,PIX,9,SEM BANDEIRA,3162.08,PAGO,2023-07-31,COM DATA
8511,2932,DINHEIRO,6,SEM BANDEIRA,4731.85,PENDENTE,2022-06-29,COM DATA
8514,6521,DINHEIRO,1,SEM BANDEIRA,14976.65,PAGO,,SEM DATA
8515,501,PIX,1,SEM BANDEIRA,3771.98,PAGO,2022-05-23,COM DATA
8516,9864,CARTAO,0,ELO,3273.74,PAGO,2023-12-14,COM DATA
8520,3647,BOLETO,4,SEM BANDEIRA,3588.67,ESTORNADO,2022-04-30,COM DATA
8521,4735,CARTÃO,10,SEM BANDEIRA,723.52,PENDENTE,2022-09-22,COM DATA
8522,1974,PIX,4,SEM BANDEIRA,10651.16,PENDENTE,2023-07-12,COM DATA
8523,834,BOLETO,8,SEM BANDEIRA,9132.39,PENDENTE,2023-09-30,COM DATA
8525,1384,BOLETO,8,SEM BANDEIRA,12066.02,PAGO,2024-09-01,COM DATA
8528,5037,DINHEIRO,3,SEM BANDEIRA,13376.68,Estornado,2024-12-25,COM DATA
8529,6523,PIX,0,SEM BANDEIRA,7666.0,PAGO,2023-12-11,COM DATA
8532,2401,PIX,12,SEM BANDEIRA,3283.54,ESTORNADO,2024-08-06,COM DATA
8534,8563,CARTÃO,12,AMERICAN EXPRESS,7367.205,PENDENTE,2022-04-26,COM DATA
8535,3169,DINHEIRO,3,SEM BANDEIRA,2281.16,CANCELADO,2022-08-22,COM DATA
8536,7090,DINHEIRO,6,SEM BANDEIRA,10375.26,ESTORNADO,2023-07-16,COM DATA
8537,5394,BOLETO,8,SEM BANDEIRA,7367.205,PAGO,2024-02-07,COM DATA
8539,6495,DINHEIRO,12,SEM BANDEIRA,6342.81,ESTORNADO,2023-07-25,COM DATA
8542,6242,DINHEIRO,7,SEM BANDEIRA,14955.04,PAGO,2023-03-02,COM DATA
8543,3471,CARTÃO,11,HIPERCARD,7367.205,PAGO,2024-11-09,COM DATA
8544,5545,PIX,0,SEM BANDEIRA,9943.57,PAGO,2022-04-15,COM DATA
8545,6177,BOLETO,0,SEM BANDEIRA,1920.29,PAGO,2023-06-10,COM DATA
8547,9796,BOLETO,3,SEM BANDEIRA,11115.76,PAGO,2022-05-31,COM DATA
8548,3900,PIX,0,SEM BANDEIRA,11963.98,PAGO,2023-12-09,COM DATA
8549,888,DINHEIRO,10,SEM BANDEIRA,5221.03,ESTORNADO,2023-04-03,COM DATA
8551,1391,PIX,9,SEM BANDEIRA,4992.31,PENDENTE,,SEM DATA
8554,2,DINHEIRO,6,SEM BANDEIRA,12513.33,ESTORNADO,,SEM DATA
8555,3166,DINHEIRO,5,SEM BANDEIRA,13927.5,PAGO,2024-02-02,COM DATA
8556,4348,DINHEIRO,9,SEM BANDEIRA,4099.4,ESTORNADO,2024-10-04,COM DATA
8558,3860,BOLETO,9,SEM BANDEIRA,14756.69,PENDENTE,2023-08-12,COM DATA
8560,6921,DINHEIRO,11,SEM BANDEIRA,14767.74,ESTORNADO,2023-11-27,COM DATA
8565,7158,BOLETO,5,SEM BANDEIRA,13162.62,ESTORNADO,2023-12-27,COM DATA
8567,7920,DINHEIRO,8,SEM BANDEIRA,12815.92,PAGO,2024-03-21,COM DATA
8569,621,CARTÃO,3,ELO,8113.13,ESTORNADO,2024-02-11,COM DATA
8573,8911,PIX,10,SEM BANDEIRA,5690.65,PAGO,2023-02-06,COM DATA
8574,7196,DINHEIRO,12,SEM BANDEIRA,12535.69,PAGO,2023-03-15,COM DATA
8575,350,DINHEIRO,12,SEM BANDEIRA,12473.46,PENDENTE,2024-03-27,COM DATA
8577,4664,PIX,0,SEM BANDEIRA,11777.92,PAGO,2024-08-14,COM DATA
8580,4522,BOLETO,12,SEM BANDEIRA,14308.82,PENDENTE,2025-01-10,COM DATA
8582,7665,PIX,9,SEM BANDEIRA,3107.45,ESTORNADO,2023-07-18,COM DATA
8583,7412,BOLETO,8,SEM BANDEIRA,11624.93,PAGO,2024-06-29,COM DATA
8584,1763,PIX,12,SEM BANDEIRA,9601.73,PAGO,2023-09-05,COM DATA
8585,6205,CARTÃO,0,MASTERCARD,574.6,PENDENTE,2024-06-19,COM DATA
8586,974,PIX,6,SEM BANDEIRA,348.74,PAGO,2022-10-19,COM DATA
8588,9560,DINHEIRO,4,SEM BANDEIRA,10832.68,PENDENTE,2023-04-24,COM DATA
8590,1287,PIX,11,SEM BANDEIRA,1868.31,Pago,2025-02-12,COM DATA
8591,6252,CARTÃO,6,AMERICAN EXPRESS,492.53,ESTORNADO,2023-06-30,COM DATA
8594,4045,DINHEIRO,5,SEM BANDEIRA,10659.85,ESTORNADO,2023-05-30,COM DATA
8595,7671,BOLETO,8,SEM BANDEIRA,7601.19,PENDENTE,2023-05-04,COM DATA
8596,8687,BOLETO,0,SEM BANDEIRA,6027.2,PENDENTE,2024-07-16,COM DATA
8598,9284,CARTÃO,7,MASTERCARD,4285.82,ESTORNADO,2023-04-02,COM DATA
8599,8326,CARTÃO,2,MASTERCARD,11783.7,PENDENTE,2023-12-30,COM DATA
8600,1773,PIX,1,SEM BANDEIRA,7367.205,PAGO ,2024-06-11,COM DATA
8601,7499,PIX,4,SEM BANDEIRA,4727.58,ESTORNADO,2024-05-25,COM DATA
8602,93,CARTÃO,12,AMERICAN EXPRESS,9666.55,PAGO,,SEM DATA
8603,7908,BOLETO,4,SEM BANDEIRA,12678.72,PENDENTE,2024-02-28,COM DATA
8605,5945,BOLETO,3,SEM BANDEIRA,2240.89,ESTORNADO,2024-03-05,COM DATA
8608,7043,CARTÃO,6,ELO,4754.13,PENDENTE,2023-08-17,COM DATA
8609,309,CARTÃO,0,ELO,4703.35,PAGO,2022-07-21,COM DATA
8610,9571,BOLETO,6,SEM BANDEIRA,3225.38,ESTORNADO,2023-11-04,COM DATA
8611,5387,DINHEIRO,-5,SEM BANDEIRA,0.0,ESTORNADO,2024-07-04,COM DATA
8612,3647,DINHEIRO,10,SEM BANDEIRA,7225.3,ESTORNADO,2024-10-25,COM DATA
8613,283,CARTAO,3,SEM BANDEIRA,7484.91,PAGO,2024-10-15,COM DATA
8614,2826,PIX,2,SEM BANDEIRA,901.6,Pagoo,2024-07-06,COM DATA
8615,3245,PIX,8,SEM BANDEIRA,10956.49,Estornado,2024-07-13,COM DATA
8617,7424,PIX,11,ELO,8348.91,PENDENTE,2022-04-20,COM DATA
8618,6286,CARTÃO,-1,ELO,7128.49,PENDENTE,2023-03-09,COM DATA
8620,4260,CARTÃO,2,VISA,4677.56,PAGO,2022-09-06,COM DATA
8622,5353,DINHEIRO,1,SEM BANDEIRA,737.64,ESTORNADO,2022-09-26,COM DATA
8624,1466,PIX,12,SEM BANDEIRA,7367.205,ESTORNADO,2022-08-16,COM DATA
8625,2488,PIX,11,SEM BANDEIRA,7367.205,ESTORNADO,2024-05-27,COM DATA
8629,1185,BOLETO,8,SEM BANDEIRA,10108.58,PENDENTE,2023-12-03,COM DATA
8632,2368,CARTÃO,9,MASTERCARD,5923.64,PENDENTE,2023-01-22,COM DATA
8633,4699,PIX,10,SEM BANDEIRA,1637.92,PENDENTE,2023-05-16,COM DATA
8636,8538,CARTÃO,7,SEM BANDEIRA,284.36,PAGO,2024-07-14,COM DATA
8637,2341,DINHEIRO,4,SEM BANDEIRA,11660.21,PAGO,2023-01-10,COM DATA
8639,4297,CARTÃO,7,SEM BANDEIRA,14611.42,ESTORNADO,2025-01-30,COM DATA
8640,6814,BOLETO,8,SEM BANDEIRA,1828.56,ESTORNADO,2023-10-14,COM DATA
8641,8493,CARTÃO,9,SEM BANDEIRA,4125.74,ESTORNADO,2024-01-18,COM DATA
8642,6942,BOLETO,3,SEM BANDEIRA,3070.89,PENDENTE,2025-03-03,COM DATA
8645,5318,DINHEIRO,11,SEM BANDEIRA,3427.75,ESTORNADO,2024-04-20,COM DATA
8646,4924,PIX,9,SEM BANDEIRA,6587.65,PAGO,2022-11-16,COM DATA
8649,7546,BOLETO,3,SEM BANDEIRA,13211.08,ESTORNADO,2023-03-09,COM DATA
8651,9300,PIX,5,SEM BANDEIRA,9585.93,PENDENTE,,SEM DATA
8652,2237,CARTÃO,2,HIPERCARD,819.74,PAGO,2023-09-13,COM DATA
8653,9203,PIX,8,SEM BANDEIRA,8763.01,ESTORNADO,2022-11-14,COM DATA
8654,2697,CARTÃO,9,VISA,3956.04,PAGO ,2022-12-28,COM DATA
8656,5195,BOLETO,3,SEM BANDEIRA,5669.32,PENDENTE,2022-05-01,COM DATA
8659,3253,CARTÃO,2,ELO,9331.5,PAGO,2023-06-24,COM DATA
8660,5165,PIX,7,SEM BANDEIRA,7881.33,PAGO,2022-07-05,COM DATA
8664,50,CARTÃO,12,HIPERCARD,0.0,PAGO,2025-04-05,COM DATA
8665,8508,BOLETO,0,SEM BANDEIRA,7367.205,PENDENTE,2024-09-28,COM DATA
8668,2554,CARTAO,0,SEM BANDEIRA,7367.205,PAGO,2022-10-09,COM DATA
8669,9676,BOLETO,3,SEM BANDEIRA,8450.86,PENDENTE,2025-01-06,COM DATA
8670,5863,CARTÃO,2,MASTERCARD,4040.65,ESTORNADO,2022-08-16,COM DATA
8671,1673,PIX,2,AMERICAN EXPRESS,14153.9,PAGO,2023-03-08,COM DATA
8672,9453,DINHEIRO,7,SEM BANDEIRA,468.23,PENDENTE,,SEM DATA
8673,9017,BOLETO,0,SEM BANDEIRA,919.81,PENDENTE,2022-04-18,COM DATA
8675,6691,PIX,0,SEM BANDEIRA,5565.87,PENDENTE,2022-03-25,COM DATA
8677,1319,CARTAO,1,SEM BANDEIRA,7367.205,PENDENTE,2022-10-24,COM DATA
8681,355,DINHEIRO,4,SEM BANDEIRA,7837.3,PAGO,2024-04-01,COM DATA
8683,817,BOLETO,11,SEM BANDEIRA,10318.84,ESTORNADO,2024-01-04,COM DATA
8684,6015,PIX,0,SEM BANDEIRA,97.88,PENDENTE,2024-12-08,COM DATA
8687,5246,DINHEIRO,8,SEM BANDEIRA,13834.91,CANCELADO,2022-09-05,COM DATA
8689,2681,CARTÃO,7,SEM BANDEIRA,7367.205,Pago,2023-04-03,COM DATA
8690,2463,CARTÃO,4,HIPERCARD,12341.13,PENDENTE,2023-06-22,COM DATA
8696,4808,CARTÃO,0,MASTERCARD,10475.91,ESTORNADO,2023-04-05,COM DATA
8700,5254,BOLETO,6,SEM BANDEIRA,8028.29,ESTORNADO,2022-12-21,COM DATA
8701,7475,PIX,6,SEM BANDEIRA,7367.205,CANCELADO,2022-09-08,COM DATA
8703,7013,CARTÃO,8,MASTERCARD,9219.36,PAGO,2024-03-18,COM DATA
8704,418,CARTÃO,2,VISA,383.9,PENDENTE,2022-09-15,COM DATA
8707,3844,BOLETO,6,SEM BANDEIRA,14035.52,PAGO,2024-11-23,COM DATA
8710,9962,CARTÃO,4,AMERICAN EXPRESS,10455.94,PAGO,2024-01-02,COM DATA
8711,4572,DINHEIRO,12,SEM BANDEIRA,13156.67,ESTORNADO,2023-06-08,COM DATA
8712,7092,BOLETO,3,SEM BANDEIRA,0.0,ESTORNADO,2022-08-18,COM DATA
8714,7987,CARTÃO,3,ELO,25.07,PENDENTE,2024-07-30,COM DATA
8717,4212,PIX,7,SEM BANDEIRA,26.84,PAGO,2024-11-20,COM DATA
8721,1210,DINHEIRO,2,SEM BANDEIRA,10455.6,ESTORNADO,2024-12-10,COM DATA
8722,9230,PIX,2,SEM BANDEIRA,3652.16,PAGO,2023-08-29,COM DATA
8723,821,DINHEIRO,9,SEM BANDEIRA,4039.24,Estornado,2023-05-16,COM DATA
8725,2826,PIX,5,SEM BANDEIRA,7367.205,ESTORNADO,2024-07-14,COM DATA
8726,2463,CARTÃO,0,AMERICAN EXPRESS,7367.205,PENDENTE,2023-06-22,COM DATA
8727,388,BOLETO,5,SEM BANDEIRA,8421.22,PENDENTE,2025-01-16,COM DATA
8728,7183,DINHEIRO,2,SEM BANDEIRA,712.88,ESTORNADO,2022-12-12,COM DATA
8730,3557,CARTÃO,8,HIPERCARD,2826.06,PENDENTE,2024-09-16,COM DATA
8731,1723,PIX,8,VISA,234.3,ESTORNADO,2022-09-07,COM DATA
8732,2363,DINHEIRO,-1,SEM BANDEIRA,8742.05,PENDENTE,2022-11-11,COM DATA
8734,8920,CARTÃO,6,AMERICAN EXPRESS,7367.205,PAGO ,,SEM DATA
8735,207,PIX,1,SEM BANDEIRA,14184.45,PAGO,2024-09-05,COM DATA
8736,9459,BOLETO,4,SEM BANDEIRA,12822.91,PAGO,2024-10-31,COM DATA
8738,9011,PIX,12,SEM BANDEIRA,4222.16,ESTORNADO,,SEM DATA
8739,6459,BOLETO,0,SEM BANDEIRA,10111.15,ESTORNADO,2024-06-18,COM DATA
8743,8802,CARTÃO,3,SEM BANDEIRA,7367.205,ESTORNADO,2024-04-10,COM DATA
8744,23,CARTÃO,8,AMERICAN EXPRESS,13610.6,PAGO,2023-07-16,COM DATA
8746,7673,PIX,8,SEM BANDEIRA,7367.205,PAGO,2024-03-16,COM DATA
8747,5068,PIX,11,SEM BANDEIRA,726.24,ESTORNADO,2025-01-01,COM DATA
8748,6122,PIX,11,SEM BANDEIRA,4932.37,PAGO,2025-03-02,COM DATA
8751,5565,BOLETO,8,SEM BANDEIRA,7367.205,PENDENTE,2022-07-27,COM DATA
8753,586,CARTÃO,12,AMERICAN EXPRESS,11151.89,PAGO,2023-03-13,COM DATA
8754,9007,PIX,7,SEM BANDEIRA,4303.54,PAGO,,SEM DATA
8756,1955,CARTÃO,7,AMERICAN EXPRESS,14103.32,PAGO,2022-11-06,COM DATA
8757,1476,PIX,6,SEM BANDEIRA,4382.62,PAGO,2024-04-29,COM DATA
8758,1880,DINHEIRO,6,SEM BANDEIRA,1672.8,ESTORNADO,2023-09-16,COM DATA
8759,3430,CARTÃO,11,VISA,4630.58,PAGO,,SEM DATA
8760,9350,BOLETO,9,SEM BANDEIRA,12775.6,PAGO ,2024-06-21,COM DATA
8761,2976,CARTÃO,10,SEM BANDEIRA,13595.27,PAGO,2022-08-22,COM DATA
8762,3120,PIX,10,SEM BANDEIRA,2937.45,PENDENTE,2023-07-21,COM DATA
8764,1044,PIX,5,SEM BANDEIRA,2994.59,PAGO,2024-08-08,COM DATA
8766,4755,PIX,2,SEM BANDEIRA,7195.79,ESTORNADO,2023-12-25,COM DATA
8769,756,BOLETO,7,SEM BANDEIRA,12716.06,ESTORNADO,2024-01-07,COM DATA
8770,387,DINHEIRO,11,SEM BANDEIRA,14499.3,ESTORNADO,2024-11-09,COM DATA
8771,7149,CARTÃO,1,VISA,7203.15,PENDENTE,2024-07-04,COM DATA
8773,7511,BOLETO,2,SEM BANDEIRA,11352.61,ESTORNADO,2023-06-05,COM DATA
8774,462,PIX,9,SEM BANDEIRA,2184.43,ESTORNADO,2023-05-26,COM DATA
8778,6480,PIX,2,SEM BANDEIRA,4780.82,PENDENTE,2022-01-31,COM DATA
8779,1020,DINHEIRO,5,SEM BANDEIRA,6009.44,ESTORNADO,2022-04-22,COM DATA
8780,5236,CARTÃO,6,VISA,7367.205,PENDENTE,2023-04-23,COM DATA
8781,5084,PIX,12,SEM BANDEIRA,9145.54,PAGO,2025-01-20,COM DATA
8783,8721,PIX,8,SEM BANDEIRA,8427.0,PENDENTE,2024-02-19,COM DATA
8784,5506,DINHEIRO,10,SEM BANDEIRA,6507.9,PAGO,2023-12-13,COM DATA
8785,8638,DINHEIRO,3,SEM BANDEIRA,6569.8,Pendente,2022-04-04,COM DATA
8786,715,CARTÃO,12,MASTERCARD,7367.205,PAGO,2025-01-02,COM DATA
8787,335,CARTÃO,4,HIPERCARD,1662.54,PENDENTE,2023-11-28,COM DATA
8788,4203,DINHEIRO,2,SEM BANDEIRA,7367.205,PAGO,2023-05-03,COM DATA
8789,2725,BOLETO,7,SEM BANDEIRA,9599.77,ESTORNADO,,SEM DATA
8790,530,PIX,3,SEM BANDEIRA,12540.5,PENDENTE,2022-09-16,COM DATA
8791,9512,DINHEIRO,0,SEM BANDEIRA,6593.66,PENDENTE,2024-07-14,COM DATA
8792,2094,DINHEIRO,8,SEM BANDEIRA,11637.97,Pagoo,2022-01-15,COM DATA
8793,6712,CARTÃO,7,SEM BANDEIRA,7814.44,ESTORNADO,2022-07-20,COM DATA
8795,6285,PIX,5,SEM BANDEIRA,8108.03,Pagoo,2022-06-30,COM DATA
8797,1761,CARTÃO,11,AMERICAN EXPRESS,7367.205,PENDENTE,2022-12-19,COM DATA
8798,8576,PIX,3,SEM BANDEIRA,9169.72,ESTORNADO,2023-03-30,COM DATA
8804,9364,BOLETO,3,SEM BANDEIRA,7367.205,PAGO,2023-01-03,COM DATA
8807,1353,PIX,10,SEM BANDEIRA,14980.36,PENDENTE,2024-01-16,COM DATA
8808,5816,CARTÃO,1,SEM BANDEIRA,7019.22,PENDENTE,2023-10-28,COM DATA
8809,3346,CARTÃO,3,MASTERCARD,14583.43,ESTORNADO,2024-01-02,COM DATA
8810,1661,CARTÃO,8,AMERICAN EXPRESS,14524.58,ESTORNADO,2022-12-24,COM DATA
8811,9160,BOLETO,0,SEM BANDEIRA,8811.87,PAGO,2024-08-28,COM DATA
8812,5075,BOLETO,10,SEM BANDEIRA,1465.9,ESTORNADO,2022-09-14,COM DATA
8813,7830,BOLETO,3,SEM BANDEIRA,11459.28,PENDENTE,2022-01-09,COM DATA
8814,5781,PIX,9,SEM BANDEIRA,3769.17,PENDENTE,2025-04-14,COM DATA
8815,5283,CARTÃO,12,MASTERCARD,7367.205,ESTORNADO,,SEM DATA
8816,6046,PIX,3,SEM BANDEIRA,946.95,PAGO,2024-04-12,COM DATA
8817,7377,BOLETO,2,SEM BANDEIRA,5110.13,PENDENTE,,SEM DATA
8819,7521,PIX,5,SEM BANDEIRA,7367.205,PAGO,2023-12-14,COM DATA
8821,9377,CARTÃO,0,ELO,2880.91,PAGO,2024-06-17,COM DATA
8822,4799,PIX,4,SEM BANDEIRA,1825.29,PENDENTE,2025-01-14,COM DATA
8825,9780,CARTÃO,5,ELO,7367.205,ESTORNADO,2025-02-12,COM DATA
8826,2459,BOLETO,10,SEM BANDEIRA,9706.89,PENDENTE,2024-01-31,COM DATA
8827,9217,DINHEIRO,2,SEM BANDEIRA,7466.44,PENDENTE,2023-04-01,COM DATA
8828,3861,BOLETO,8,SEM BANDEIRA,7167.41,PENDENTE,,SEM DATA
8829,9673,PIX,5,SEM BANDEIRA,1077.2,PENDENTE,2022-03-02,COM DATA
8831,3444,PIX,7,SEM BANDEIRA,7367.205,PAGO,2025-02-19,COM DATA
8833,6183,PIX,7,SEM BANDEIRA,7367.205,PENDENTE,2023-03-18,COM DATA
8834,7365,BOLETO,6,SEM BANDEIRA,2812.79,pago,2025-03-25,COM DATA
8835,3120,BOLETO,4,SEM BANDEIRA,5276.4,ESTORNADO,2022-04-09,COM DATA
8837,9814,BOLETO,1,SEM BANDEIRA,14236.33,ESTORNADO,2024-11-18,COM DATA
8838,1088,PIX,12,SEM BANDEIRA,7367.205,PENDENTE,2023-05-26,COM DATA
8841,7462,DINHEIRO,3,SEM BANDEIRA,7019.28,CANCELADO,2024-12-18,COM DATA
8844,7625,BOLETO,3,SEM BANDEIRA,10447.72,ESTORNADO,,SEM DATA
8848,9658,PIX,0,SEM BANDEIRA,14360.88,PAGO,2022-01-16,COM DATA
8851,7013,CARTÃO,5,HIPERCARD,13574.48,Pagoo,2023-06-16,COM DATA
8855,706,PIX,-1,SEM BANDEIRA,12636.76,PAGO,,SEM DATA
8857,9218,DINHEIRO,12,SEM BANDEIRA,11094.62,PAGO,2022-04-25,COM DATA
8858,2695,DINHEIRO,11,SEM BANDEIRA,6045.18,CANCELADO,2024-11-22,COM DATA
8859,4706,CARTÃO,12,MASTERCARD,3412.02,PENDENTE,2024-05-01,COM DATA
8860,2019,PIX,4,SEM BANDEIRA,5369.84,PENDENTE,2024-06-13,COM DATA
8861,127,DINHEIRO,9,SEM BANDEIRA,13834.98,PAGO ,2025-04-01,COM DATA
8862,2667,BOLETO,2,SEM BANDEIRA,14654.55,PAGO,2024-06-12,COM DATA
8864,964,CARTÃO,1,MASTERCARD,7356.85,PAGO,2025-03-31,COM DATA
8865,1935,BOLETO,4,SEM BANDEIRA,4061.84,ESTORNADO,2023-07-11,COM DATA
8866,7153,PIX,-1,SEM BANDEIRA,5001.46,ESTORNADO,2022-12-18,COM DATA
8870,152,BOLETO,8,SEM BANDEIRA,326.06,PENDENTE,,SEM DATA
8871,3601,BOLETO,10,SEM BANDEIRA,8946.9,PENDENTE,2022-04-01,COM DATA
8872,6714,CARTÃO,8,AMERICAN EXPRESS,1297.0,Pago,2024-08-24,COM DATA
8873,8574,CARTÃO,11,VISA,6622.73,PENDENTE,2024-05-22,COM DATA
8874,3195,DINHEIRO,12,SEM BANDEIRA,7496.94,ESTORNADO,2023-06-04,COM DATA
8876,881,CARTÃO,4,VISA,8017.52,ESTORNADO,,SEM DATA
8878,8432,BOLETO,12,SEM BANDEIRA,1826.86,PENDENTE,2024-01-22,COM DATA
8879,1909,CANCELADO,7,SEM BANDEIRA,9992.13,ESTORNADO,2022-07-27,COM DATA
8880,2621,DINHEIRO,1,SEM BANDEIRA,99.89,ESTORNADO,2025-01-03,COM DATA
8886,8755,PIX,3,SEM BANDEIRA,849.27,PENDENTE,,SEM DATA
8890,6182,CARTÃO,12,HIPERCARD,13895.22,PENDENTE,2023-04-28,COM DATA
8891,5111,PIX,5,SEM BANDEIRA,14994.82,ESTORNADO,2023-11-04,COM DATA
8892,4624,PIX,4,SEM BANDEIRA,9033.04,PAGO,2022-03-12,COM DATA
8895,8126,PIX,6,SEM BANDEIRA,12830.86,PENDENTE,2024-07-09,COM DATA
8896,4187,CARTÃO,0,HIPERCARD,7367.205,ESTORNADO,2024-01-14,COM DATA
8897,9718,BOLETO,4,SEM BANDEIRA,10098.18,ESTORNADO,2024-11-08,COM DATA
8898,6432,PIX,6,SEM BANDEIRA,11112.75,PAGO,2024-05-17,COM DATA
8899,9344,PIX,10,SEM BANDEIRA,1587.68,ESTORNADO,,SEM DATA
8901,33,CARTÃO,8,HIPERCARD,7578.09,PAGO,2025-02-09,COM DATA
8903,7533,PIX,5,SEM BANDEIRA,5662.8,ESTORNADO,2023-07-14,COM DATA
8904,5228,PIX,3,SEM BANDEIRA,13290.73,PAGO,2024-03-18,COM DATA
8905,7260,DINHEIRO,6,SEM BANDEIRA,13726.96,ESTORNADO,2023-11-15,COM DATA
8907,515,PIX,9,SEM BANDEIRA,12984.0,ESTORNADO,2025-01-30,COM DATA
8909,9180,CARTÃO,11,VISA,12847.66,PAGO,2023-12-06,COM DATA
8910,5138,PIX,9,SEM BANDEIRA,2238.98,PAGO,2024-06-03,COM DATA
8916,338,CARTÃO,12,MASTERCARD,0.0,ESTORNADO,2022-07-19,COM DATA
8918,8302,PIX,1,SEM BANDEIRA,14298.14,PENDENTE,2025-03-22,COM DATA
8920,4023,DINHEIRO,3,SEM BANDEIRA,12807.66,ESTORNADO,2024-10-11,COM DATA
8922,1631,CARTÃO,4,HIPERCARD,6378.73,PAGO,2025-01-16,COM DATA
8923,2346,BOLETO,4,SEM BANDEIRA,1847.84,PAGO,2023-11-23,COM DATA
8925,4856,BOLETO,9,SEM BANDEIRA,8286.28,PAGO,2024-10-14,COM DATA
8926,40,BOLETO,5,SEM BANDEIRA,11937.49,ESTORNADO,2022-04-04,COM DATA
8928,1798,DINHEIRO,0,SEM BANDEIRA,10096.84,PENDENTE,2022-11-22,COM DATA
8929,9864,CARTÃO,-5,SEM BANDEIRA,1815.15,PENDENTE,2022-02-13,COM DATA
8931,1338,BOLETO,2,SEM BANDEIRA,8767.69,PAGO,2023-02-25,COM DATA
8934,8466,CARTÃO,3,HIPERCARD,5921.95,PENDENTE,2025-04-07,COM DATA
8935,3086,PIX,11,SEM BANDEIRA,7367.205,PENDENTE,2025-03-29,COM DATA
8936,3016,PIX,1,SEM BANDEIRA,7481.27,PENDENTE,2023-03-21,COM DATA
8937,3015,PIX,3,SEM BANDEIRA,7153.76,PENDENTE,2023-02-28,COM DATA
8938,1278,PIX,0,SEM BANDEIRA,14808.56,PAGO,2024-06-28,COM DATA
8940,2729,CARTÃO,10,MASTERCARD,13860.01,PENDENTE,2022-06-29,COM DATA
8941,3630,CARTÃO,5,SEM BANDEIRA,2443.12,PAGO,2024-09-09,COM DATA
8942,7537,PIX,4,SEM BANDEIRA,2754.21,ESTORNADO,2024-08-16,COM DATA
8943,6082,DINHEIRO,10,SEM BANDEIRA,9891.49,PAGO,2022-06-09,COM DATA
8946,9330,PIX,11,SEM BANDEIRA,13125.43,ESTORNADO,2023-03-18,COM DATA
8947,3756,CARTÃO,5,SEM BANDEIRA,9097.31,ESTORNADO,2022-09-07,COM DATA
8949,6058,DINHEIRO,2,SEM BANDEIRA,11923.52,PENDENTE,2022-10-19,COM DATA
8950,3603,PIX,8,SEM BANDEIRA,3592.66,PENDENTE,2025-03-11,COM DATA
8951,7549,CANCELADO,12,SEM BANDEIRA,3305.95,PAGO,2023-11-10,COM DATA
8953,1475,DINHEIRO,6,SEM BANDEIRA,9199.41,PAGO,2023-03-08,COM DATA
8954,6245,PIX,3,SEM BANDEIRA,6513.13,PENDENTE,2024-02-19,COM DATA
8955,9315,PIX,1,SEM BANDEIRA,0.0,ESTORNADO,2024-05-16,COM DATA
8957,1581,CARTAO,0,SEM BANDEIRA,2195.23,PAGO,2022-01-13,COM DATA
8959,8770,CARTÃO,-1,HIPERCARD,6153.76,PAGO,2022-07-04,COM DATA
8960,6026,PIX,3,SEM BANDEIRA,11396.65,PAGO,,SEM DATA
8961,3022,CARTÃO,3,VISA,11061.24,ESTORNADO,2022-11-04,COM DATA
8962,3966,DINHEIRO,8,SEM BANDEIRA,6196.84,PAGO,2024-06-16,COM DATA
8963,4731,DINHEIRO,5,SEM BANDEIRA,1052.47,PENDENTE,2023-08-03,COM DATA
8964,5649,PIX,4,SEM BANDEIRA,1212.0,ESTORNADO,2024-03-21,COM DATA
8965,9026,DINHEIRO,11,SEM BANDEIRA,14642.51,PENDENTE,,SEM DATA
8966,9898,CARTAO,5,SEM BANDEIRA,11620.1,ESTORNADO,2023-12-14,COM DATA
8967,840,PIX,4,SEM BANDEIRA,147.25,PAGO,2022-09-12,COM DATA
8968,9038,CARTÃO,0,MASTERCARD,9156.03,PENDENTE,2024-08-24,COM DATA
8969,3210,CARTÃO,8,ELO,2253.83,PAGO,,SEM DATA
8972,4130,BOLETO,2,SEM BANDEIRA,12581.06,ESTORNADO,2024-08-30,COM DATA
8973,2897,DINHEIRO,1,SEM BANDEIRA,7367.205,ESTORNADO,2022-12-14,COM DATA
8974,7233,BOLETO,0,SEM BANDEIRA,8250.15,PENDENTE,2024-10-31,COM DATA
8975,6932,BOLETO,8,SEM BANDEIRA,6520.98,Estornado,2022-07-30,COM DATA
8978,3683,CARTÃO,7,MASTERCARD,1422.28,ESTORNADO,2023-04-10,COM DATA
8982,8051,CARTÃO,3,SEM BANDEIRA,1751.18,Pagoo,2025-03-22,COM DATA
8983,1701,CARTÃO,12,AMERICAN EXPRESS,4102.81,PENDENTE,2022-02-18,COM DATA
8984,6403,CARTÃO,12,ELO,7367.205,PAGO,2022-10-25,COM DATA
8985,9383,BOLETO,3,SEM BANDEIRA,264.05,ESTORNADO,2023-08-27,COM DATA
8986,3846,PIX,10,SEM BANDEIRA,14747.83,PENDENTE,2022-03-05,COM DATA
8988,9718,BOLETO,0,SEM BANDEIRA,1859.03,PAGO,2023-04-22,COM DATA
8989,4047,CARTÃO,12,AMERICAN EXPRESS,13095.62,PAGO,2024-10-08,COM DATA
8991,1946,BOLETO,3,SEM BANDEIRA,5564.39,PENDENTE,2023-04-20,COM DATA
8992,3749,PIX,1,SEM BANDEIRA,13469.9,PENDENTE,2025-01-15,COM DATA
8994,7488,DINHEIRO,6,SEM BANDEIRA,213.52,PENDENTE,,SEM DATA
8995,991,BOLETO,10,SEM BANDEIRA,922.77,ESTORNADO,2023-06-24,COM DATA
8996,2158,CARTÃO,6,SEM BANDEIRA,1058.02,ESTORNADO,2025-02-21,COM DATA
8997,7354,DINHEIRO,8,SEM BANDEIRA,5267.87,ESTORNADO,2024-05-23,COM DATA
8999,1832,PIX,12,SEM BANDEIRA,4633.71,PENDENTE,2023-08-12,COM DATA
9001,7826,DINHEIRO,11,SEM BANDEIRA,8796.02,PAGO,2023-09-13,COM DATA
9002,2623,BOLETO,1,SEM BANDEIRA,1078.29,PENDENTE,2022-01-04,COM DATA
9003,8064,PIX,7,SEM BANDEIRA,2897.57,PENDENTE,2023-11-24,COM DATA
9004,3475,CARTÃO,3,SEM BANDEIRA,10120.81,PENDENTE,2022-05-31,COM DATA
9005,6692,BOLETO,0,SEM BANDEIRA,7367.205,ESTORNADO,2025-02-11,COM DATA
9006,7389,DINHEIRO,7,SEM BANDEIRA,2558.09,ESTORNADO,2023-08-02,COM DATA
9007,2626,CARTÃO,1,AMERICAN EXPRESS,1422.25,PENDENTE,2023-08-04,COM DATA
9010,515,CARTÃO,8,MASTERCARD,7676.21,PENDENTE,2024-01-21,COM DATA
9012,8841,BOLETO,8,SEM BANDEIRA,7367.205,PENDENTE,2022-03-23,COM DATA
9013,5447,DINHEIRO,1,SEM BANDEIRA,4489.24,ESTORNADO,2023-07-05,COM DATA
9014,3097,BOLETO,8,SEM BANDEIRA,9100.19,PENDENTE,2023-10-04,COM DATA
9015,4305,DINHEIRO,-1,SEM BANDEIRA,2894.84,PAGO,2025-04-05,COM DATA
9016,167,PIX,3,SEM BANDEIRA,14899.81,CANCELADO,2024-06-04,COM DATA
9017,4927,PIX,2,SEM BANDEIRA,4695.29,PAGO ,2022-01-25,COM DATA
9019,9557,PIX,11,SEM BANDEIRA,7367.205,ESTORNADO,2024-11-17,COM DATA
9020,7872,PIX,9,SEM BANDEIRA,3642.48,ESTORNADO,2025-03-21,COM DATA
9025,5005,BOLETO,1,SEM BANDEIRA,10651.82,PENDENTE,2022-08-15,COM DATA
9026,3844,BOLETO,10,SEM BANDEIRA,113.3,ESTORNADO,2024-08-02,COM DATA
9029,2046,PIX,3,SEM BANDEIRA,1330.28,PAGO,2022-11-23,COM DATA
9030,7493,DINHEIRO,7,SEM BANDEIRA,5222.33,ESTORNADO,2023-12-07,COM DATA
9032,8005,CARTÃO,3,HIPERCARD,10954.01,ESTORNADO,,SEM DATA
9033,3001,BOLETO,9,SEM BANDEIRA,651.22,PAGO,2024-07-17,COM DATA
9034,8973,BOLETO,10,SEM BANDEIRA,14276.52,PENDENTE,2025-02-11,COM DATA
9035,1957,DINHEIRO,6,SEM BANDEIRA,8004.09,ESTORNADO,2022-08-15,COM DATA
9040,879,CARTÃO,-5,AMERICAN EXPRESS,8730.95,PAGO,2024-08-02,COM DATA
9042,9215,CARTÃO,12,HIPERCARD,425.53,ESTORNADO,2022-05-22,COM DATA
9044,3957,BOLETO,12,SEM BANDEIRA,12423.49,PAGO,2023-04-01,COM DATA
9046,422,DINHEIRO,8,SEM BANDEIRA,11452.79,ESTORNADO,2023-05-08,COM DATA
9047,9129,DINHEIRO,9,SEM BANDEIRA,8397.42,ESTORNADO,2023-06-07,COM DATA
9049,7508,DINHEIRO,3,SEM BANDEIRA,5394.73,PAGO,,SEM DATA
9050,7243,PIX,4,SEM BANDEIRA,9196.36,PENDENTE,2023-07-07,COM DATA
9051,8410,BOLETO,3,SEM BANDEIRA,2260.59,PENDENTE,2024-11-03,COM DATA
9056,9628,DINHEIRO,8,SEM BANDEIRA,12166.23,PAGO,2024-03-24,COM DATA
9057,783,PIX,12,SEM BANDEIRA,973.39,ESTORNADO,,SEM DATA
9058,6766,PIX,10,SEM BANDEIRA,5112.82,PENDENTE,2022-04-25,COM DATA
9059,1610,BOLETO,6,SEM BANDEIRA,11656.19,ESTORNADO,2023-07-10,COM DATA
9060,5493,BOLETO,0,AMERICAN EXPRESS,8066.4,ESTORNADO,2023-04-23,COM DATA
9066,9859,PIX,12,SEM BANDEIRA,8136.7,PENDENTE,2024-03-27,COM DATA
9067,8279,PIX,0,SEM BANDEIRA,2773.01,PAGO,2023-11-02,COM DATA
9070,6889,BOLETO,12,SEM BANDEIRA,5219.93,PAGO,2023-05-30,COM DATA
9071,5844,CARTÃO,3,MASTERCARD,901.43,PENDENTE,2024-11-03,COM DATA
9073,6548,PIX,2,SEM BANDEIRA,14063.22,ESTORNADO,2022-07-13,COM DATA
9074,9103,DINHEIRO,3,SEM BANDEIRA,13848.15,PENDENTE,2022-01-07,COM DATA
9076,4619,DINHEIRO,-5,SEM BANDEIRA,1749.95,ESTORNADO,2023-04-02,COM DATA
9077,2147,PIX,2,SEM BANDEIRA,14353.26,PENDENTE,2024-11-03,COM DATA
9078,4227,CARTÃO,7,ELO,11029.18,ESTORNADO,2024-04-09,COM DATA
9079,5548,PIX,0,SEM BANDEIRA,9800.46,ESTORNADO,2024-05-24,COM DATA
9080,4802,DINHEIRO,2,SEM BANDEIRA,7367.205,PENDENTE,2022-06-08,COM DATA
9081,2031,DINHEIRO,6,SEM BANDEIRA,14611.24,PENDENTE,2023-09-01,COM DATA
9083,4085,BOLETO,-1,SEM BANDEIRA,13892.31,ESTORNADO,2023-10-27,COM DATA
9085,917,DINHEIRO,11,SEM BANDEIRA,9886.92,PENDENTE,,SEM DATA
9087,6438,CARTÃO,3,SEM BANDEIRA,8403.11,ESTORNADO,2022-05-02,COM DATA
9088,5405,BOLETO,1,SEM BANDEIRA,8988.0,PENDENTE,2024-12-09,COM DATA
9089,3198,BOLETO,0,SEM BANDEIRA,5568.22,PENDENTE,2024-04-06,COM DATA
9090,6750,PIX,6,SEM BANDEIRA,14067.6,PAGO,2023-01-06,COM DATA
9092,3370,BOLETO,12,SEM BANDEIRA,7367.205,ESTORNADO,2023-04-12,COM DATA
9094,4299,CARTÃO,-1,SEM BANDEIRA,11988.19,PAGO,2024-08-11,COM DATA
9095,2607,CARTÃO,8,MASTERCARD,12985.91,PENDENTE,2023-09-22,COM DATA
9098,1059,CARTÃO,0,VISA,7471.83,Pendente,2025-04-10,COM DATA
9099,3603,PIX,3,SEM BANDEIRA,12304.78,PENDENTE,2023-04-06,COM DATA
9100,3411,BOLETO,7,SEM BANDEIRA,7367.205,PENDENTE,2022-04-09,COM DATA
9103,7208,PIX,2,SEM BANDEIRA,0.0,ESTORNADO,2022-10-12,COM DATA
9107,5964,BOLETO,6,SEM BANDEIRA,4334.55,PAGO,2024-12-24,COM DATA
9110,3478,BOLETO,1,SEM BANDEIRA,4980.62,ESTORNADO,2022-09-11,COM DATA
9111,9276,BOLETO,9,SEM BANDEIRA,0.0,PAGO,2023-10-20,COM DATA
9112,7018,CARTÃO,10,VISA,7772.18,Pago,2025-03-07,COM DATA
9113,6510,BOLETO,5,SEM BANDEIRA,8465.91,ESTORNADO,2022-02-06,COM DATA
9114,6672,PIX,10,SEM BANDEIRA,1025.93,ESTORNADO,2023-06-09,COM DATA
9116,790,PIX,3,SEM BANDEIRA,7367.205,PENDENTE,2023-10-25,COM DATA
9117,2367,BOLETO,7,SEM BANDEIRA,6623.47,Pagoo,2023-10-05,COM DATA
9118,5667,CANCELADO,10,SEM BANDEIRA,501.23,PENDENTE,2024-05-20,COM DATA
9119,3820,CARTÃO,4,AMERICAN EXPRESS,7751.9,PAGO,2024-03-08,COM DATA
9120,9050,BOLETO,5,SEM BANDEIRA,7367.205,ESTORNADO,2024-09-20,COM DATA
9121,2279,DINHEIRO,5,SEM BANDEIRA,14502.17,ESTORNADO,2023-07-23,COM DATA
9122,274,DINHEIRO,2,SEM BANDEIRA,7367.205,PAGO,,SEM DATA
9123,7580,BOLETO,3,SEM BANDEIRA,7367.205,PAGO,2023-11-07,COM DATA
9124,7488,PIX,5,SEM BANDEIRA,8776.69,PENDENTE,2024-12-20,COM DATA
9126,2368,PIX,9,SEM BANDEIRA,7981.93,PENDENTE,2023-10-15,COM DATA
9127,4442,BOLETO,10,SEM BANDEIRA,1459.9,PENDENTE,2024-09-10,COM DATA
9128,7178,PIX,2,VISA,7367.205,PAGO,2022-08-08,COM DATA
9129,713,PIX,7,SEM BANDEIRA,7367.205,PENDENTE,2024-11-10,COM DATA
9131,57,BOLETO,9,SEM BANDEIRA,10955.74,PENDENTE,2023-07-17,COM DATA
9134,1564,CARTÃO,1,VISA,9048.71,PENDENTE,2023-11-07,COM DATA
9135,4802,PIX,4,SEM BANDEIRA,305.54,PAGO,2025-02-12,COM DATA
9138,4138,DINHEIRO,4,SEM BANDEIRA,12736.95,PAGO ,2022-08-13,COM DATA
9139,6383,BOLETO,11,SEM BANDEIRA,11789.23,ESTORNADO,2022-01-01,COM DATA
9141,3845,DINHEIRO,0,SEM BANDEIRA,3247.77,ESTORNADO,2023-01-22,COM DATA
9143,1118,BOLETO,1,SEM BANDEIRA,14210.91,PENDENTE,2024-02-02,COM DATA
9144,7537,BOLETO,4,SEM BANDEIRA,10137.59,ESTORNADO,2023-12-07,COM DATA
9146,5487,DINHEIRO,9,SEM BANDEIRA,1413.3,ESTORNADO,,SEM DATA
9147,4386,BOLETO,9,SEM BANDEIRA,3462.17,ESTORNADO,2023-04-19,COM DATA
9148,9355,DINHEIRO,0,SEM BANDEIRA,9683.22,PENDENTE,,SEM DATA
9150,4930,PIX,3,SEM BANDEIRA,7576.99,PENDENTE,2024-06-29,COM DATA
9153,2292,BOLETO,12,SEM BANDEIRA,7367.205,PAGO,,SEM DATA
9154,4802,DINHEIRO,5,SEM BANDEIRA,3481.12,PENDENTE,2023-11-22,COM DATA
9155,7080,BOLETO,12,SEM BANDEIRA,12973.12,ESTORNADO,2022-03-23,COM DATA
9157,9484,DINHEIRO,8,SEM BANDEIRA,11158.16,PENDENTE,2025-04-05,COM DATA
9161,745,BOLETO,1,SEM BANDEIRA,2789.16,PENDENTE,2024-10-04,COM DATA
9162,5020,CARTAO,3,SEM BANDEIRA,14857.51,ESTORNADO,2024-10-08,COM DATA
9163,2770,PIX,-5,SEM BANDEIRA,11280.2,ESTORNADO,2022-09-20,COM DATA
9164,4450,CARTÃO,2,HIPERCARD,10953.54,ESTORNADO,2024-08-23,COM DATA
9165,679,BOLETO,7,SEM BANDEIRA,10713.91,Pago,2023-02-21,COM DATA
9166,6363,DINHEIRO,6,SEM BANDEIRA,10473.04,PENDENTE,2023-09-26,COM DATA
9168,8892,PIX,0,SEM BANDEIRA,10251.85,PENDENTE,,SEM DATA
9169,249,BOLETO,8,SEM BANDEIRA,5401.18,ESTORNADO,,SEM DATA
9170,125,DINHEIRO,12,SEM BANDEIRA,2853.62,PAGO,2023-11-06,COM DATA
9171,3043,CARTÃO,10,MASTERCARD,74.77,PENDENTE,2024-04-16,COM DATA
9173,344,BOLETO,12,SEM BANDEIRA,13812.14,PAGO,2024-12-07,COM DATA
9174,2250,BOLETO,10,SEM BANDEIRA,1820.28,PENDENTE,2022-01-02,COM DATA
9175,310,CARTÃO,6,ELO,12859.07,PENDENTE,2024-10-16,COM DATA
9177,343,BOLETO,7,SEM BANDEIRA,7367.205,PAGO,2025-02-05,COM DATA
9179,4267,CARTÃO,4,VISA,3407.14,PAGO,2022-10-04,COM DATA
9181,4699,PIX,0,SEM BANDEIRA,10569.35,ESTORNADO,2025-01-11,COM DATA
9182,3477,BOLETO,7,SEM BANDEIRA,13893.32,ESTORNADO,2022-09-25,COM DATA
9184,6062,PIX,12,SEM BANDEIRA,12834.06,Pago,2025-03-29,COM DATA
9185,4583,PIX,9,SEM BANDEIRA,7367.205,PENDENTE,2024-05-20,COM DATA
9186,6349,DINHEIRO,4,SEM BANDEIRA,0.0,PAGO,2022-04-12,COM DATA
9187,2491,DINHEIRO,11,SEM BANDEIRA,3832.02,PAGO,,SEM DATA
9188,134,CARTÃO,10,SEM BANDEIRA,8974.43,ESTORNADO,2024-12-21,COM DATA
9190,941,CARTÃO,11,ELO,249.21,ESTORNADO,2023-08-29,COM DATA
9191,5112,CARTÃO,2,AMERICAN EXPRESS,2442.63,ESTORNADO,2023-03-09,COM DATA
9192,540,PIX,11,SEM BANDEIRA,13170.6,PAGO,2022-02-08,COM DATA
9193,4421,PIX,12,SEM BANDEIRA,13262.22,PAGO,2022-11-27,COM DATA
9195,6171,DINHEIRO,2,SEM BANDEIRA,7367.205,PAGO,2024-12-06,COM DATA
9196,8871,PIX,4,SEM BANDEIRA,7482.82,PENDENTE,2023-01-30,COM DATA
9197,7434,BOLETO,9,SEM BANDEIRA,14835.54,PENDENTE,2025-03-22,COM DATA
9198,7934,DINHEIRO,2,SEM BANDEIRA,12625.28,PAGO,2025-01-18,COM DATA
9199,9946,PIX,2,SEM BANDEIRA,13627.22,PAGO,2022-12-04,COM DATA
9203,158,CARTÃO,7,AMERICAN EXPRESS,7367.205,PAGO,2024-04-03,COM DATA
9205,6805,DINHEIRO,11,SEM BANDEIRA,13990.35,PAGO,2025-04-10,COM DATA
9209,4766,DINHEIRO,7,SEM BANDEIRA,10055.52,ESTORNADO,2022-06-04,COM DATA
9211,1376,DINHEIRO,10,SEM BANDEIRA,11753.61,ESTORNADO,2023-08-17,COM DATA
9213,2922,CARTÃO,-5,HIPERCARD,6259.21,ESTORNADO,2023-04-21,COM DATA
9215,8143,PIX,2,SEM BANDEIRA,0.0,PAGO,2022-05-04,COM DATA
9216,976,CARTÃO,1,ELO,7367.205,PAGO,2022-05-14,COM DATA
9217,2096,CARTÃO,8,SEM BANDEIRA,12648.44,Pagoo,2022-02-24,COM DATA
9218,5300,CARTÃO,11,AMERICAN EXPRESS,4307.64,Estornado,2022-08-23,COM DATA
9219,4011,DINHEIRO,6,SEM BANDEIRA,4216.95,PENDENTE,2022-05-23,COM DATA
9220,5055,DINHEIRO,10,SEM BANDEIRA,3030.88,PENDENTE,2022-12-11,COM DATA
9223,6583,BOLETO,9,SEM BANDEIRA,11991.63,ESTORNADO,,SEM DATA
9226,6469,DINHEIRO,12,SEM BANDEIRA,3588.98,PENDENTE,2023-11-06,COM DATA
9227,8590,CARTÃO,2,ELO,3038.18,PENDENTE,2024-12-29,COM DATA
9229,4741,PIX,1,SEM BANDEIRA,7367.205,PENDENTE,2022-12-24,COM DATA
9230,3243,PIX,2,SEM BANDEIRA,14651.47,PENDENTE,2023-11-26,COM DATA
9231,5364,CARTÃO,3,ELO,7367.205,ESTORNADO,2024-09-07,COM DATA
9232,5616,CARTÃO,3,MASTERCARD,927.55,ESTORNADO,2022-09-03,COM DATA
9233,5187,CARTÃO,8,MASTERCARD,7367.205,ESTORNADO,,SEM DATA
9235,2300,PIX,12,SEM BANDEIRA,3515.55,ESTORNADO,2025-01-23,COM DATA
9238,3403,CARTÃO,9,SEM BANDEIRA,692.58,ESTORNADO,2024-10-05,COM DATA
9239,2562,BOLETO,0,VISA,11206.67,PENDENTE,2025-01-19,COM DATA
9242,3329,BOLETO,5,SEM BANDEIRA,4847.18,PAGO,2023-07-03,COM DATA
9244,5996,CARTÃO,0,VISA,13553.98,Estornado,2024-11-19,COM DATA
9245,1877,CANCELADO,11,SEM BANDEIRA,2781.53,PAGO,2024-06-29,COM DATA
9246,1043,PIX,9,SEM BANDEIRA,2984.56,PAGO,2023-07-06,COM DATA
9247,8278,CARTÃO,5,SEM BANDEIRA,2095.58,Pendente,2024-09-25,COM DATA
9249,5741,DINHEIRO,11,SEM BANDEIRA,6767.58,ESTORNADO,2023-12-23,COM DATA
9250,8899,DINHEIRO,6,SEM BANDEIRA,3146.05,ESTORNADO,2022-11-12,COM DATA
9254,4299,CARTÃO,6,ELO,7142.61,ESTORNADO,2022-06-05,COM DATA
9255,7345,CARTÃO,4,ELO,6673.17,PAGO,,SEM DATA
9256,4748,PIX,11,SEM BANDEIRA,4092.43,ESTORNADO,2023-12-29,COM DATA
9257,4261,PIX,11,SEM BANDEIRA,0.0,PAGO,2022-02-16,COM DATA
9258,9747,PIX,2,SEM BANDEIRA,5149.71,PAGO,2023-01-05,COM DATA
9259,6295,PIX,5,SEM BANDEIRA,2126.24,PAGO,,SEM DATA
9261,7150,BOLETO,12,SEM BANDEIRA,4322.23,PAGO,,SEM DATA
9263,2538,CARTÃO,4,HIPERCARD,4564.75,ESTORNADO,,SEM DATA
9266,8905,DINHEIRO,1,SEM BANDEIRA,13822.15,PENDENTE,2023-12-25,COM DATA
9267,252,PIX,9,SEM BANDEIRA,5106.49,PAGO,2023-07-22,COM DATA
9270,2472,DINHEIRO,3,SEM BANDEIRA,11194.8,PENDENTE,2022-10-29,COM DATA
9272,9091,CARTÃO,-5,HIPERCARD,6484.9,PENDENTE,2024-10-04,COM DATA
9274,9709,CARTÃO,9,MASTERCARD,10419.76,ESTORNADO,2024-10-27,COM DATA
9275,9474,BOLETO,3,SEM BANDEIRA,0.0,PAGO,2022-02-16,COM DATA
9276,3183,CARTÃO,1,AMERICAN EXPRESS,11601.64,PENDENTE,2023-07-04,COM DATA
9277,941,CARTAO,10,SEM BANDEIRA,7367.205,PAGO,2023-12-15,COM DATA
9279,8462,PIX,3,SEM BANDEIRA,14039.14,PAGO,2025-03-07,COM DATA
9281,1751,BOLETO,8,SEM BANDEIRA,11753.53,PAGO ,2024-07-15,COM DATA
9282,1870,CARTÃO,5,VISA,8533.58,PENDENTE,2024-05-10,COM DATA
9283,9331,CARTÃO,3,VISA,8582.48,PAGO ,2022-09-25,COM DATA
9284,3566,BOLETO,2,SEM BANDEIRA,7504.56,ESTORNADO,2022-09-07,COM DATA
9285,3,DINHEIRO,8,SEM BANDEIRA,2558.22,ESTORNADO,2024-12-16,COM DATA
9286,7733,CARTÃO,3,SEM BANDEIRA,7367.205,ESTORNADO,2025-03-11,COM DATA
9287,9756,CARTÃO,5,SEM BANDEIRA,11059.49,PAGO,2023-01-13,COM DATA
9288,9693,CARTÃO,7,HIPERCARD,11979.08,PENDENTE,2024-10-30,COM DATA
9289,4028,CARTÃO,11,VISA,4583.55,PENDENTE,2022-01-04,COM DATA
9290,9676,PIX,11,SEM BANDEIRA,7367.205,PENDENTE,2025-02-26,COM DATA
9291,3068,PIX,12,SEM BANDEIRA,3513.87,ESTORNADO,2022-02-25,COM DATA
9292,3284,PIX,5,SEM BANDEIRA,14899.39,Pagoo,2024-11-12,COM DATA
9293,4789,PIX,5,SEM BANDEIRA,13667.48,PENDENTE,2023-08-09,COM DATA
9294,4419,BOLETO,-5,SEM BANDEIRA,8513.38,PENDENTE,,SEM DATA
9295,3579,DINHEIRO,5,SEM BANDEIRA,13170.13,ESTORNADO,2024-10-04,COM DATA
9297,1948,BOLETO,7,SEM BANDEIRA,12917.94,PENDENTE,2022-07-16,COM DATA
9298,7349,DINHEIRO,5,SEM BANDEIRA,8717.08,ESTORNADO,2023-01-08,COM DATA
9299,252,CARTÃO,-1,ELO,7767.5,PAGO,2022-11-08,COM DATA
9300,1710,BOLETO,10,SEM BANDEIRA,13563.59,PAGO,2024-09-25,COM DATA
9302,4143,PIX,5,SEM BANDEIRA,1733.95,ESTORNADO,2023-12-18,COM DATA
9305,2367,DINHEIRO,5,SEM BANDEIRA,7294.2,PAGO,2023-09-13,COM DATA
9306,6936,PIX,5,MASTERCARD,6184.64,ESTORNADO,2022-02-14,COM DATA
9307,8004,CARTÃO,0,ELO,7367.205,PENDENTE,2022-07-11,COM DATA
9308,2697,BOLETO,11,SEM BANDEIRA,0.0,ESTORNADO,2024-05-10,COM DATA
9309,2214,CARTÃO,10,AMERICAN EXPRESS,2371.77,PENDENTE,2022-08-27,COM DATA
9311,9575,BOLETO,1,SEM BANDEIRA,1597.66,ESTORNADO,2025-03-20,COM DATA
9312,2942,DINHEIRO,-1,SEM BANDEIRA,6058.71,ESTORNADO,2023-12-04,COM DATA
9313,7913,PIX,4,SEM BANDEIRA,876.94,PENDENTE,2023-10-05,COM DATA
9315,4007,CARTÃO,9,AMERICAN EXPRESS,9706.85,PENDENTE,2022-08-17,COM DATA
9316,8756,CARTÃO,9,AMERICAN EXPRESS,1674.26,CANCELADO,2025-02-25,COM DATA
9318,1995,PIX,7,SEM BANDEIRA,1607.17,PENDENTE,2022-02-20,COM DATA
9323,1390,BOLETO,1,SEM BANDEIRA,4087.8,PENDENTE,2023-09-21,COM DATA
9324,9601,DINHEIRO,2,SEM BANDEIRA,7809.19,ESTORNADO,2022-03-27,COM DATA
9325,7953,CARTÃO,7,SEM BANDEIRA,7367.205,ESTORNADO,2023-08-21,COM DATA
9326,6894,PIX,9,SEM BANDEIRA,10846.07,ESTORNADO,2024-09-21,COM DATA
9327,571,BOLETO,10,SEM BANDEIRA,14069.89,pago,2023-11-03,COM DATA
9331,1524,DINHEIRO,9,SEM BANDEIRA,4770.15,ESTORNADO,2023-12-19,COM DATA
9334,2011,CARTÃO,5,AMERICAN EXPRESS,3118.23,Pagoo,2025-02-24,COM DATA
9335,1235,DINHEIRO,2,SEM BANDEIRA,3711.62,PENDENTE,2024-02-02,COM DATA
9336,4788,DINHEIRO,5,SEM BANDEIRA,11036.5,PENDENTE,2023-10-11,COM DATA
9337,1934,CARTÃO,7,HIPERCARD,3607.37,PENDENTE,2025-01-09,COM DATA
9338,4914,BOLETO,0,SEM BANDEIRA,3943.72,Pago,2022-05-08,COM DATA
9340,9718,DINHEIRO,9,SEM BANDEIRA,2101.71,Estornado,2022-01-28,COM DATA
9341,3823,DINHEIRO,8,SEM BANDEIRA,8243.05,PENDENTE,2024-11-17,COM DATA
9342,9982,CARTÃO,7,SEM BANDEIRA,1846.83,PENDENTE,2022-11-03,COM DATA
9344,466,PIX,11,SEM BANDEIRA,1278.44,ESTORNADO,2024-07-12,COM DATA
9346,7644,CARTÃO,3,ELO,6736.36,PENDENTE,2023-12-14,COM DATA
9347,1589,BOLETO,0,SEM BANDEIRA,8397.81,ESTORNADO,2024-01-11,COM DATA
9348,8432,BOLETO,0,SEM BANDEIRA,413.08,PENDENTE,2024-11-15,COM DATA
9350,7180,PIX,7,SEM BANDEIRA,4257.12,Pago,2022-02-15,COM DATA
9351,1644,CARTÃO,6,SEM BANDEIRA,7367.205,PAGO,2022-08-06,COM DATA
9352,5247,PIX,12,SEM BANDEIRA,7367.205,PAGO,2024-05-07,COM DATA
9354,3610,DINHEIRO,11,SEM BANDEIRA,7367.205,PAGO,,SEM DATA
9356,9906,CARTÃO,9,MASTERCARD,7367.205,ESTORNADO,2023-03-05,COM DATA
9357,1007,CARTÃO,12,VISA,4608.25,ESTORNADO,2024-11-27,COM DATA
9359,6376,BOLETO,2,SEM BANDEIRA,464.75,PENDENTE,2023-06-29,COM DATA
9361,731,PIX,0,AMERICAN EXPRESS,2244.53,PENDENTE,2022-08-18,COM DATA
9363,1920,PIX,5,SEM BANDEIRA,11082.94,PENDENTE,2022-10-05,COM DATA
9364,1623,CARTÃO,7,MASTERCARD,924.46,ESTORNADO,2024-05-23,COM DATA
9365,1973,CARTÃO,6,VISA,14309.92,PENDENTE,2022-10-07,COM DATA
9368,9042,CARTÃO,0,ELO,7367.205,ESTORNADO,2022-10-19,COM DATA
9369,4822,PIX,6,SEM BANDEIRA,7367.205,PAGO,2024-07-30,COM DATA
9372,4919,BOLETO,3,SEM BANDEIRA,10115.79,ESTORNADO,2022-05-25,COM DATA
9374,2932,PIX,8,SEM BANDEIRA,8585.77,ESTORNADO,2024-12-02,COM DATA
9375,897,CARTÃO,5,VISA,3989.55,PENDENTE,2024-01-03,COM DATA
9376,409,BOLETO,0,SEM BANDEIRA,11870.63,PENDENTE,2022-01-01,COM DATA
9377,3412,BOLETO,3,SEM BANDEIRA,615.73,CANCELADO,2024-03-08,COM DATA
9378,766,DINHEIRO,11,SEM BANDEIRA,12546.05,PAGO,2023-04-11,COM DATA
9382,598,PIX,10,SEM BANDEIRA,13647.08,PAGO,2024-11-11,COM DATA
9383,284,CARTÃO,1,HIPERCARD,10420.5,PAGO,2024-10-11,COM DATA
9384,1360,CARTÃO,10,MASTERCARD,5615.47,ESTORNADO,2024-12-09,COM DATA
9387,7348,CARTÃO,0,AMERICAN EXPRESS,10269.7,PENDENTE,2023-01-22,COM DATA
9388,6435,CARTÃO,-1,MASTERCARD,14950.86,PENDENTE,2023-07-13,COM DATA
9389,2238,CARTÃO,-1,MASTERCARD,4493.41,ESTORNADO,2024-03-25,COM DATA
9390,8532,BOLETO,1,SEM BANDEIRA,13363.27,Pago,2023-08-11,COM DATA
9391,3894,DINHEIRO,1,SEM BANDEIRA,9811.14,PAGO,,SEM DATA
9392,3733,PIX,3,SEM BANDEIRA,13386.66,PAGO,2022-12-16,COM DATA
9393,1420,DINHEIRO,0,SEM BANDEIRA,1290.17,ESTORNADO,2024-02-09,COM DATA
9395,8784,CARTÃO,-1,ELO,5787.61,ESTORNADO,2022-12-15,COM DATA
9396,4035,DINHEIRO,3,SEM BANDEIRA,7116.31,PAGO,2022-08-15,COM DATA
9397,3165,DINHEIRO,5,SEM BANDEIRA,14276.44,ESTORNADO,,SEM DATA
9399,6141,PIX,6,SEM BANDEIRA,816.85,PENDENTE,2023-02-23,COM DATA
9400,515,CARTÃO,0,AMERICAN EXPRESS,7367.205,PENDENTE,2023-08-14,COM DATA
9401,8483,PIX,0,SEM BANDEIRA,7367.205,ESTORNADO,2022-10-15,COM DATA
9403,1179,PIX,4,SEM BANDEIRA,5601.18,PAGO,2025-03-16,COM DATA
9404,8179,CARTÃO,2,MASTERCARD,3449.57,PENDENTE,,SEM DATA
9405,5699,BOLETO,2,SEM BANDEIRA,1990.13,PENDENTE,2022-01-23,COM DATA
9408,4735,BOLETO,12,SEM BANDEIRA,3971.0,PENDENTE,,SEM DATA
9409,3204,DINHEIRO,-1,SEM BANDEIRA,5352.16,PAGO,2023-01-05,COM DATA
9412,8057,DINHEIRO,6,SEM BANDEIRA,10406.05,PAGO,2025-04-03,COM DATA
9414,3072,PIX,8,SEM BANDEIRA,11475.28,PAGO,2023-03-30,COM DATA
9415,2831,PIX,-1,SEM BANDEIRA,8188.2,PENDENTE,2025-03-25,COM DATA
9416,4149,PIX,8,SEM BANDEIRA,7495.15,PAGO,2022-01-10,COM DATA
9417,2069,DINHEIRO,2,SEM BANDEIRA,7985.31,ESTORNADO,2023-12-08,COM DATA
9418,2028,BOLETO,8,SEM BANDEIRA,7457.01,PENDENTE,2022-01-30,COM DATA
9422,109,BOLETO,3,SEM BANDEIRA,9856.47,PENDENTE,2022-10-31,COM DATA
9424,6247,DINHEIRO,5,SEM BANDEIRA,8455.43,ESTORNADO,2022-03-21,COM DATA
9425,4822,CARTÃO,-1,MASTERCARD,7367.205,ESTORNADO,2023-10-28,COM DATA
9426,3023,CARTÃO,7,MASTERCARD,11720.19,PENDENTE,2024-02-19,COM DATA
9429,3045,DINHEIRO,9,SEM BANDEIRA,91.88,Estornado,2025-02-13,COM DATA
9431,5573,CARTÃO,12,HIPERCARD,7367.205,Pago,2025-02-04,COM DATA
9432,7921,PIX,6,SEM BANDEIRA,11811.99,ESTORNADO,2022-12-11,COM DATA
9433,3409,CARTÃO,12,SEM BANDEIRA,4068.89,PAGO,2024-10-23,COM DATA
9434,8029,BOLETO,9,SEM BANDEIRA,14583.01,PAGO,2022-02-07,COM DATA
9435,2237,BOLETO,6,SEM BANDEIRA,11777.72,ESTORNADO,2024-11-11,COM DATA
9436,8031,BOLETO,12,SEM BANDEIRA,5852.33,PENDENTE,2024-04-18,COM DATA
9437,6623,BOLETO,7,SEM BANDEIRA,13718.27,PENDENTE,2022-07-18,COM DATA
9439,4794,PIX,9,SEM BANDEIRA,12165.35,ESTORNADO,2022-06-29,COM DATA
9442,1176,BOLETO,11,SEM BANDEIRA,11792.92,PAGO,2022-02-28,COM DATA
9444,4993,DINHEIRO,7,SEM BANDEIRA,4392.63,PENDENTE,2024-12-09,COM DATA
9447,6289,CARTÃO,1,SEM BANDEIRA,8228.12,PENDENTE,2023-11-09,COM DATA
9448,3882,BOLETO,4,SEM BANDEIRA,14972.67,PAGO,2024-06-17,COM DATA
9449,8975,BOLETO,10,SEM BANDEIRA,2008.6,ESTORNADO,2022-11-07,COM DATA
9450,148,PIX,2,SEM BANDEIRA,5185.03,PENDENTE,2025-03-17,COM DATA
9453,3887,CARTÃO,0,MASTERCARD,7614.34,PENDENTE,2024-01-16,COM DATA
9457,9849,DINHEIRO,2,SEM BANDEIRA,1899.44,PAGO,2022-08-01,COM DATA
9460,1946,BOLETO,5,SEM BANDEIRA,12036.62,pago,2023-05-29,COM DATA
9463,7861,DINHEIRO,-5,SEM BANDEIRA,3527.84,PENDENTE,2023-10-13,COM DATA
9465,1263,BOLETO,9,SEM BANDEIRA,1886.94,PAGO,2024-07-16,COM DATA
9466,3378,PIX,2,SEM BANDEIRA,2294.24,PENDENTE,2023-05-28,COM DATA
9468,7572,CARTÃO,-1,AMERICAN EXPRESS,8808.36,ESTORNADO,2023-09-24,COM DATA
9469,7335,BOLETO,5,SEM BANDEIRA,4514.87,PENDENTE,2024-08-23,COM DATA
9470,3728,CANCELADO,-1,AMERICAN EXPRESS,3471.63,ESTORNADO,2024-01-07,COM DATA
9471,7093,DINHEIRO,11,SEM BANDEIRA,6312.08,ESTORNADO,2022-07-11,COM DATA
9472,2410,PIX,7,SEM BANDEIRA,7367.205,PAGO,2023-01-23,COM DATA
9475,3225,DINHEIRO,0,SEM BANDEIRA,7448.63,PAGO,2022-01-17,COM DATA
9477,6307,CANCELADO,10,SEM BANDEIRA,2134.77,PENDENTE,2023-06-04,COM DATA
9478,5322,CARTÃO,11,MASTERCARD,13699.99,ESTORNADO,,SEM DATA
9479,2086,DINHEIRO,8,SEM BANDEIRA,276.45,PAGO ,2022-12-21,COM DATA
9480,737,BOLETO,1,SEM BANDEIRA,9743.91,PAGO,2024-06-07,COM DATA
9481,6304,DINHEIRO,9,SEM BANDEIRA,2561.57,ESTORNADO,2023-12-18,COM DATA
9485,9779,CARTÃO,2,AMERICAN EXPRESS,4600.65,PENDENTE,2024-07-28,COM DATA
9488,9199,PIX,9,SEM BANDEIRA,960.13,ESTORNADO,2024-05-11,COM DATA
9489,6467,DINHEIRO,9,SEM BANDEIRA,7367.205,PENDENTE,2024-09-16,COM DATA
9490,4694,PIX,7,SEM BANDEIRA,9262.68,ESTORNADO,2022-02-11,COM DATA
9491,9075,DINHEIRO,11,SEM BANDEIRA,1299.9,PENDENTE,2024-09-17,COM DATA
9492,3992,DINHEIRO,10,SEM BANDEIRA,6866.92,PENDENTE,2022-06-26,COM DATA
9494,8023,BOLETO,12,SEM BANDEIRA,14059.06,PAGO,2023-07-13,COM DATA
9495,9031,CARTÃO,0,ELO,686.49,PAGO,,SEM DATA
9496,8775,CARTÃO,12,HIPERCARD,6921.4,ESTORNADO,2024-04-11,COM DATA
9498,3744,BOLETO,4,SEM BANDEIRA,7367.205,PENDENTE,2023-03-11,COM DATA
9499,7219,BOLETO,5,SEM BANDEIRA,2922.49,PENDENTE,2023-02-06,COM DATA
9500,5651,BOLETO,5,SEM BANDEIRA,7410.62,PAGO,2025-01-31,COM DATA
9502,3327,PIX,6,SEM BANDEIRA,387.89,ESTORNADO,2024-04-05,COM DATA
9503,6723,PIX,0,SEM BANDEIRA,10305.72,ESTORNADO,2022-11-07,COM DATA
9504,5767,BOLETO,9,SEM BANDEIRA,1238.75,PAGO,2022-06-13,COM DATA
9505,9603,DINHEIRO,12,SEM BANDEIRA,6299.04,ESTORNADO,2024-01-28,COM DATA
9506,8880,PIX,4,SEM BANDEIRA,11527.63,ESTORNADO,2025-03-24,COM DATA
9509,3441,DINHEIRO,1,SEM BANDEIRA,11794.84,ESTORNADO,2024-08-30,COM DATA
9510,4196,DINHEIRO,5,SEM BANDEIRA,7578.98,ESTORNADO,2024-08-15,COM DATA
9511,4330,DINHEIRO,4,SEM BANDEIRA,3312.01,PAGO,2023-04-25,COM DATA
9513,9522,PIX,11,SEM BANDEIRA,8323.17,ESTORNADO,2024-11-02,COM DATA
9514,6600,BOLETO,7,SEM BANDEIRA,7367.205,ESTORNADO,2024-05-16,COM DATA
9515,6437,DINHEIRO,11,SEM BANDEIRA,6088.65,PAGO,2023-07-11,COM DATA
9517,7443,CARTÃO,9,MASTERCARD,3387.57,PAGO,2025-02-24,COM DATA
9518,8328,DINHEIRO,4,SEM BANDEIRA,7367.205,PENDENTE,,SEM DATA
9521,4487,BOLETO,10,SEM BANDEIRA,7367.205,ESTORNADO,2023-10-15,COM DATA
9522,3755,DINHEIRO,1,SEM BANDEIRA,7367.205,PAGO,2024-02-03,COM DATA
9523,6,BOLETO,9,SEM BANDEIRA,3637.2,PAGO,2024-07-01,COM DATA
9524,1469,CARTÃO,10,SEM BANDEIRA,10841.9,ESTORNADO,2024-01-09,COM DATA
9526,5056,CARTÃO,0,HIPERCARD,5369.29,ESTORNADO,2023-02-10,COM DATA
9527,8399,DINHEIRO,0,SEM BANDEIRA,11535.02,PENDENTE,2024-10-14,COM DATA
9528,7249,DINHEIRO,3,SEM BANDEIRA,930.9,ESTORNADO,2023-11-10,COM DATA
9529,3068,DINHEIRO,9,SEM BANDEIRA,10486.52,ESTORNADO,2022-09-29,COM DATA
9531,6771,PIX,5,SEM BANDEIRA,7367.205,PAGO,2024-01-02,COM DATA
9532,2757,DINHEIRO,6,SEM BANDEIRA,5269.59,PENDENTE,2025-03-03,COM DATA
9534,9269,DINHEIRO,3,SEM BANDEIRA,11815.24,CANCELADO,2022-03-04,COM DATA
9536,6634,DINHEIRO,10,SEM BANDEIRA,10717.61,PENDENTE,2022-01-15,COM DATA
9537,3508,CARTÃO,7,MASTERCARD,4947.02,Pagoo,2023-09-10,COM DATA
9538,2019,DINHEIRO,5,SEM BANDEIRA,5025.98,ESTORNADO,2022-01-23,COM DATA
9539,1898,CARTÃO,10,AMERICAN EXPRESS,10936.67,ESTORNADO,2024-03-20,COM DATA
9540,5482,DINHEIRO,5,SEM BANDEIRA,2706.99,PAGO,2024-12-25,COM DATA
9541,8687,DINHEIRO,8,SEM BANDEIRA,5290.44,PAGO,,SEM DATA
9542,8857,CARTÃO,3,SEM BANDEIRA,7367.205,PAGO,2023-04-06,COM DATA
9543,8174,CARTÃO,8,SEM BANDEIRA,2352.57,ESTORNADO,2023-07-09,COM DATA
9544,5660,BOLETO,12,SEM BANDEIRA,11679.54,PENDENTE,2023-12-28,COM DATA
9546,3385,DINHEIRO,7,SEM BANDEIRA,3804.36,ESTORNADO,,SEM DATA
9553,5333,PIX,0,SEM BANDEIRA,7282.34,PAGO,2023-08-03,COM DATA
9555,2673,PIX,8,SEM BANDEIRA,9414.31,PAGO,2024-10-18,COM DATA
9561,7560,PIX,7,SEM BANDEIRA,7367.205,PENDENTE,2022-07-27,COM DATA
9563,1687,BOLETO,10,SEM BANDEIRA,11972.55,PAGO,2022-11-14,COM DATA
9565,5873,DINHEIRO,11,SEM BANDEIRA,4571.92,Pago,2022-08-26,COM DATA
9566,1726,DINHEIRO,10,SEM BANDEIRA,5608.1,ESTORNADO,2024-07-15,COM DATA
9567,5925,DINHEIRO,2,SEM BANDEIRA,5477.78,PAGO,2023-05-24,COM DATA
9568,3327,PIX,1,SEM BANDEIRA,1793.99,PAGO,2022-05-13,COM DATA
9569,9377,DINHEIRO,3,SEM BANDEIRA,11893.1,ESTORNADO,2023-02-28,COM DATA
9570,7157,CARTÃO,0,SEM BANDEIRA,1182.13,PAGO,2022-07-29,COM DATA
9571,6668,DINHEIRO,-5,SEM BANDEIRA,13087.11,CANCELADO,2023-02-22,COM DATA
9577,6602,PIX,3,SEM BANDEIRA,8351.47,pago,2024-07-15,COM DATA
9578,8039,DINHEIRO,0,SEM BANDEIRA,4488.52,PAGO,2023-11-19,COM DATA
9579,246,BOLETO,0,SEM BANDEIRA,3584.76,pago,2022-08-02,COM DATA
9581,9129,CARTÃO,1,SEM BANDEIRA,7164.98,PAGO,2023-12-16,COM DATA
9582,7833,BOLETO,10,SEM BANDEIRA,14629.72,ESTORNADO,2024-08-11,COM DATA
9583,970,PIX,6,SEM BANDEIRA,11957.36,PENDENTE,,SEM DATA
9585,2227,CARTÃO,12,VISA,13820.8,ESTORNADO,2023-03-14,COM DATA
9586,6864,PIX,7,SEM BANDEIRA,3774.43,ESTORNADO,2023-07-29,COM DATA
9588,5839,CARTÃO,9,VISA,13620.91,PENDENTE,2024-09-29,COM DATA
9590,4375,PIX,9,SEM BANDEIRA,7671.14,ESTORNADO,2024-02-02,COM DATA
9592,8679,PIX,1,SEM BANDEIRA,4865.84,PENDENTE,2022-03-25,COM DATA
9593,8617,PIX,3,SEM BANDEIRA,12770.28,PAGO,2023-06-25,COM DATA
9596,3021,DINHEIRO,4,SEM BANDEIRA,11735.38,PAGO,2024-12-11,COM DATA
9597,2445,PIX,12,SEM BANDEIRA,7367.205,PAGO,2024-08-01,COM DATA
9598,9078,PIX,2,SEM BANDEIRA,5658.81,ESTORNADO,2025-02-15,COM DATA
9599,1738,PIX,3,SEM BANDEIRA,9034.23,CANCELADO,2023-01-05,COM DATA
9600,2365,CARTÃO,10,MASTERCARD,3638.08,ESTORNADO,2022-02-03,COM DATA
9601,2820,CARTÃO,2,MASTERCARD,7367.205,PAGO,2025-03-02,COM DATA
9602,8326,DINHEIRO,9,SEM BANDEIRA,9858.53,PAGO,2024-06-02,COM DATA
9603,2955,BOLETO,8,SEM BANDEIRA,13954.32,ESTORNADO,2022-08-07,COM DATA
9604,9858,CARTÃO,2,HIPERCARD,10953.73,PAGO,,SEM DATA
9605,5579,DINHEIRO,11,SEM BANDEIRA,11849.85,ESTORNADO,2022-03-06,COM DATA
9607,7435,DINHEIRO,-5,SEM BANDEIRA,2457.89,PAGO,2023-08-01,COM DATA
9609,3009,PIX,12,SEM BANDEIRA,3664.54,PENDENTE,2024-12-02,COM DATA
9610,10,BOLETO,7,SEM BANDEIRA,4762.06,ESTORNADO,2023-06-08,COM DATA
9611,9467,DINHEIRO,10,SEM BANDEIRA,2157.22,PAGO,2022-01-01,COM DATA
9612,1102,CARTÃO,4,VISA,10810.72,ESTORNADO,2022-05-24,COM DATA
9613,4931,PIX,3,SEM BANDEIRA,10371.47,PAGO,2023-10-22,COM DATA
9614,2604,CARTÃO,10,SEM BANDEIRA,755.45,PAGO,2023-02-19,COM DATA
9615,3131,DINHEIRO,0,SEM BANDEIRA,3451.91,ESTORNADO,2023-01-20,COM DATA
9616,549,PIX,7,SEM BANDEIRA,13079.9,PAGO,2022-08-31,COM DATA
9617,1284,DINHEIRO,6,SEM BANDEIRA,4525.02,PAGO,2024-08-07,COM DATA
9618,7388,CARTÃO,6,ELO,7367.205,PENDENTE,2022-09-04,COM DATA
9619,658,PIX,8,SEM BANDEIRA,14030.46,PENDENTE,2023-12-20,COM DATA
9622,3723,DINHEIRO,9,SEM BANDEIRA,7367.205,PAGO,2023-04-23,COM DATA
9629,4873,PIX,10,SEM BANDEIRA,11883.66,PENDENTE,2022-04-03,COM DATA
9630,4767,BOLETO,7,SEM BANDEIRA,2076.23,PENDENTE,2023-12-22,COM DATA
9631,5559,DINHEIRO,12,SEM BANDEIRA,14123.64,PENDENTE,2022-05-24,COM DATA
9632,5266,DINHEIRO,1,SEM BANDEIRA,8084.36,ESTORNADO,2022-08-10,COM DATA
9634,2978,BOLETO,8,SEM BANDEIRA,7367.205,PAGO,2024-02-05,COM DATA
9635,1970,PIX,11,SEM BANDEIRA,10624.22,ESTORNADO,,SEM DATA
9637,1371,BOLETO,0,SEM BANDEIRA,3904.62,PENDENTE,2022-11-16,COM DATA
9639,3644,BOLETO,10,SEM BANDEIRA,8797.98,PAGO,2023-04-11,COM DATA
9642,7298,DINHEIRO,11,SEM BANDEIRA,2140.83,PENDENTE,2024-08-16,COM DATA
9644,3217,CARTÃO,2,VISA,13266.96,ESTORNADO,2024-01-01,COM DATA
9645,9622,PIX,10,SEM BANDEIRA,12387.29,ESTORNADO,2022-02-28,COM DATA
9648,3168,CARTÃO,11,HIPERCARD,9088.21,ESTORNADO,2024-11-08,COM DATA
9653,1752,BOLETO,5,SEM BANDEIRA,12490.74,PAGO,2025-02-02,COM DATA
9655,2617,CARTÃO,6,ELO,12458.54,PAGO,2024-09-02,COM DATA
9656,4157,CARTÃO,3,HIPERCARD,14224.77,PENDENTE,,SEM DATA
9657,6645,DINHEIRO,5,SEM BANDEIRA,12224.87,PAGO,2023-09-15,COM DATA
9658,687,DINHEIRO,11,SEM BANDEIRA,9402.06,PENDENTE,2022-05-20,COM DATA
9659,8870,DINHEIRO,8,SEM BANDEIRA,14077.03,PAGO,2023-02-15,COM DATA
9660,4092,PIX,12,ELO,2524.31,ESTORNADO,2022-12-03,COM DATA
9661,5622,BOLETO,7,SEM BANDEIRA,1094.85,PAGO,2022-11-17,COM DATA
9663,3613,CARTÃO,8,ELO,13656.71,PAGO,2024-09-25,COM DATA
9667,5786,CARTÃO,12,AMERICAN EXPRESS,3253.38,ESTORNADO,2022-06-18,COM DATA
9668,2619,CARTÃO,12,AMERICAN EXPRESS,8064.58,ESTORNADO,,SEM DATA
9670,526,DINHEIRO,0,SEM BANDEIRA,5186.87,PENDENTE,,SEM DATA
9671,4812,DINHEIRO,2,SEM BANDEIRA,1447.99,PENDENTE,2023-05-09,COM DATA
9675,1250,DINHEIRO,8,SEM BANDEIRA,14460.12,ESTORNADO,2024-08-23,COM DATA
9677,8565,DINHEIRO,6,SEM BANDEIRA,9425.81,PENDENTE,2022-06-23,COM DATA
9679,7648,CARTÃO,9,VISA,5146.7,PAGO,2023-12-16,COM DATA
9680,2877,BOLETO,6,SEM BANDEIRA,12210.22,PENDENTE,2024-03-05,COM DATA
9681,3554,BOLETO,0,SEM BANDEIRA,10950.7,PAGO,2024-10-01,COM DATA
9682,1249,BOLETO,10,SEM BANDEIRA,11872.74,PENDENTE,,SEM DATA
9684,1694,BOLETO,0,SEM BANDEIRA,3026.4,Pendente,2023-04-22,COM DATA
9686,9330,BOLETO,10,SEM BANDEIRA,13643.56,Pagoo,2024-03-28,COM DATA
9688,7330,BOLETO,4,SEM BANDEIRA,10415.07,PENDENTE,2024-12-05,COM DATA
9689,3218,DINHEIRO,3,SEM BANDEIRA,7133.85,PENDENTE,2023-12-20,COM DATA
9691,4288,DINHEIRO,5,SEM BANDEIRA,5726.63,ESTORNADO,2024-01-11,COM DATA
9692,5954,BOLETO,2,SEM BANDEIRA,2514.81,CANCELADO,2022-03-20,COM DATA
9696,3775,PIX,12,SEM BANDEIRA,5681.78,Estornado,2023-07-23,COM DATA
9698,3062,PIX,5,SEM BANDEIRA,11896.78,PAGO,2024-09-17,COM DATA
9699,9078,CARTÃO,1,AMERICAN EXPRESS,11320.56,ESTORNADO,2022-03-07,COM DATA
9700,9967,CARTÃO,12,MASTERCARD,14828.99,PENDENTE,2022-06-01,COM DATA
9701,6477,DINHEIRO,-1,SEM BANDEIRA,12957.24,ESTORNADO,2025-02-25,COM DATA
9703,9865,DINHEIRO,7,SEM BANDEIRA,2738.97,ESTORNADO,2025-01-06,COM DATA
9704,7833,BOLETO,7,SEM BANDEIRA,3693.58,ESTORNADO,2022-12-10,COM DATA
9707,4065,PIX,0,SEM BANDEIRA,2750.5,PENDENTE,2025-01-15,COM DATA
9708,3797,BOLETO,3,SEM BANDEIRA,6344.8,PAGO ,2025-04-07,COM DATA
9709,6168,CARTAO,5,SEM BANDEIRA,4725.05,PENDENTE,2022-07-02,COM DATA
9711,655,BOLETO,8,SEM BANDEIRA,10976.68,PENDENTE,,SEM DATA
9715,9365,BOLETO,12,SEM BANDEIRA,12894.05,ESTORNADO,2022-01-28,COM DATA
9718,8783,DINHEIRO,9,SEM BANDEIRA,3447.84,PAGO,2023-07-17,COM DATA
9719,51,PIX,-1,SEM BANDEIRA,11564.06,Pagoo,2024-08-14,COM DATA
9720,2358,DINHEIRO,1,SEM BANDEIRA,13651.62,PAGO,2022-08-07,COM DATA
9721,9488,PIX,8,SEM BANDEIRA,5507.12,PENDENTE,2025-04-10,COM DATA
9723,2514,BOLETO,10,SEM BANDEIRA,1170.5,ESTORNADO,2023-08-02,COM DATA
9725,2752,DINHEIRO,1,SEM BANDEIRA,13498.94,ESTORNADO,2022-08-10,COM DATA
9726,5537,CARTÃO,-1,ELO,1657.47,ESTORNADO,2022-07-09,COM DATA
9727,6582,PIX,5,SEM BANDEIRA,6872.19,PENDENTE,2024-03-28,COM DATA
9728,9699,CARTÃO,3,VISA,4795.59,ESTORNADO,2024-05-23,COM DATA
9730,6539,PIX,3,SEM BANDEIRA,10992.24,ESTORNADO,2023-11-17,COM DATA
9731,5746,CARTÃO,1,MASTERCARD,5389.68,PAGO,2023-01-25,COM DATA
9732,4030,CARTÃO,8,ELO,4123.22,ESTORNADO,2022-10-26,COM DATA
9733,3630,DINHEIRO,10,SEM BANDEIRA,5811.15,PENDENTE,2024-02-07,COM DATA
9735,7211,CARTÃO,5,AMERICAN EXPRESS,13738.91,Pagoo,2024-05-20,COM DATA
9736,430,DINHEIRO,0,SEM BANDEIRA,0.0,ESTORNADO,2023-08-07,COM DATA
9737,1934,BOLETO,1,SEM BANDEIRA,5132.77,PAGO,2024-07-16,COM DATA
9740,1872,DINHEIRO,0,SEM BANDEIRA,9433.19,PAGO,2025-03-18,COM DATA
9742,9666,CANCELADO,9,SEM BANDEIRA,7090.5,ESTORNADO,2023-01-28,COM DATA
9743,7579,CARTÃO,4,HIPERCARD,4824.11,PENDENTE,2023-04-30,COM DATA
9748,983,BOLETO,0,SEM BANDEIRA,12794.92,PENDENTE,2022-01-18,COM DATA
9750,5680,BOLETO,3,SEM BANDEIRA,9043.91,PAGO,2024-03-28,COM DATA
9751,5492,CARTÃO,12,ELO,7367.205,PENDENTE,2022-05-25,COM DATA
9752,5380,BOLETO,0,SEM BANDEIRA,854.95,PAGO,2023-12-28,COM DATA
9753,7361,CARTÃO,12,HIPERCARD,5797.28,ESTORNADO,2022-11-10,COM DATA
9754,1722,PIX,3,SEM BANDEIRA,13200.56,PAGO,2024-05-15,COM DATA
9756,170,PIX,8,SEM BANDEIRA,2406.97,PENDENTE,2024-07-28,COM DATA
9757,8200,BOLETO,8,SEM BANDEIRA,7367.205,ESTORNADO,2022-07-04,COM DATA
9759,6769,BOLETO,2,SEM BANDEIRA,6256.55,PENDENTE,2022-06-28,COM DATA
9760,8607,DINHEIRO,11,SEM BANDEIRA,14071.15,PAGO,2024-04-19,COM DATA
9762,6349,CARTÃO,12,ELO,13414.83,PENDENTE,2024-01-04,COM DATA
9763,848,BOLETO,8,SEM BANDEIRA,219.39,PENDENTE,2023-07-06,COM DATA
9765,9588,CARTÃO,1,SEM BANDEIRA,11960.84,ESTORNADO,2022-10-12,COM DATA
9766,7909,BOLETO,10,SEM BANDEIRA,7367.205,PAGO,2025-02-07,COM DATA
9768,5966,PIX,10,SEM BANDEIRA,7815.73,Pago,,SEM DATA
9771,1482,CANCELADO,10,SEM BANDEIRA,10109.45,PAGO,2023-10-20,COM DATA
9772,6894,BOLETO,0,SEM BANDEIRA,11583.64,PENDENTE,2024-12-26,COM DATA
9774,9645,CARTÃO,10,VISA,4414.57,ESTORNADO,2022-06-16,COM DATA
9775,215,DINHEIRO,10,SEM BANDEIRA,2922.84,PAGO,2024-08-28,COM DATA
9776,5546,CARTÃO,6,MASTERCARD,7367.205,PENDENTE,2024-02-27,COM DATA
9777,3986,PIX,0,SEM BANDEIRA,10044.26,ESTORNADO,2024-10-21,COM DATA
9778,4336,PIX,1,SEM BANDEIRA,7367.205,PENDENTE,,SEM DATA
9780,9760,BOLETO,5,SEM BANDEIRA,0.0,ESTORNADO,2023-08-18,COM DATA
9782,9560,PIX,8,SEM BANDEIRA,4572.71,PENDENTE,2024-02-22,COM DATA
9783,4917,CARTÃO,4,SEM BANDEIRA,5527.22,PAGO,2024-01-04,COM DATA
9784,1355,CARTÃO,9,ELO,7367.205,Pendente,2024-05-13,COM DATA
9785,3876,BOLETO,4,SEM BANDEIRA,5022.78,ESTORNADO,2022-08-26,COM DATA
9786,6703,CARTÃO,6,ELO,7981.12,PENDENTE,2024-01-31,COM DATA
9787,4976,PIX,7,SEM BANDEIRA,13539.56,PENDENTE,2024-03-26,COM DATA
9789,791,DINHEIRO,11,SEM BANDEIRA,4025.76,PAGO,2024-12-05,COM DATA
9790,6889,DINHEIRO,0,SEM BANDEIRA,7676.61,PENDENTE,2022-12-02,COM DATA
9791,2834,BOLETO,7,HIPERCARD,14789.06,PENDENTE,2023-08-06,COM DATA
9792,2917,CARTÃO,3,SEM BANDEIRA,4588.82,ESTORNADO,2024-11-01,COM DATA
9793,3660,CARTÃO,10,HIPERCARD,12047.84,PAGO,2024-07-02,COM DATA
9794,3373,PIX,10,SEM BANDEIRA,0.0,PENDENTE,2022-03-31,COM DATA
9795,1550,PIX,-1,SEM BANDEIRA,5351.35,PAGO,2023-07-31,COM DATA
9798,3804,DINHEIRO,7,SEM BANDEIRA,1278.53,ESTORNADO,2023-02-07,COM DATA
9799,9042,PIX,3,SEM BANDEIRA,2285.64,PAGO,2022-06-10,COM DATA
9800,4224,CARTÃO,2,SEM BANDEIRA,10616.17,PAGO,2022-02-27,COM DATA
9801,4636,BOLETO,11,SEM BANDEIRA,1323.2,PAGO,2023-01-15,COM DATA
9802,1487,CARTÃO,11,SEM BANDEIRA,7695.27,pago,2022-06-09,COM DATA
9803,5985,PIX,0,SEM BANDEIRA,7367.205,PAGO,2023-01-08,COM DATA
9805,3733,BOLETO,9,SEM BANDEIRA,2129.81,PENDENTE,2023-03-19,COM DATA
9807,8623,CARTÃO,5,ELO,4033.3,PAGO,2022-07-02,COM DATA
9808,4170,CARTÃO,8,HIPERCARD,417.44,PAGO,,SEM DATA
9809,9212,PIX,1,SEM BANDEIRA,5993.65,ESTORNADO,2024-10-11,COM DATA
9810,155,PIX,4,SEM BANDEIRA,2424.3,PENDENTE,2022-04-15,COM DATA
9811,9903,BOLETO,4,SEM BANDEIRA,14939.53,PENDENTE,2023-07-01,COM DATA
9813,9212,DINHEIRO,4,SEM BANDEIRA,7367.205,PENDENTE,2024-05-15,COM DATA
9816,8174,DINHEIRO,4,SEM BANDEIRA,8700.74,PAGO,2024-08-18,COM DATA
9817,6932,CARTÃO,1,MASTERCARD,13438.45,PAGO,2024-07-28,COM DATA
9818,2743,PIX,6,SEM BANDEIRA,8295.04,PENDENTE,2023-01-28,COM DATA
9820,7079,PIX,-1,SEM BANDEIRA,10697.36,PENDENTE,2024-06-01,COM DATA
9821,1858,DINHEIRO,9,SEM BANDEIRA,4245.94,PAGO,2023-09-21,COM DATA
9822,2109,PIX,11,SEM BANDEIRA,7367.205,PAGO,2022-07-18,COM DATA
9824,4667,DINHEIRO,3,SEM BANDEIRA,7367.205,PENDENTE,2023-04-19,COM DATA
9825,4781,BOLETO,2,SEM BANDEIRA,3068.96,PAGO,2022-11-19,COM DATA
9827,8686,DINHEIRO,3,SEM BANDEIRA,6601.03,Pago,,SEM DATA
9831,2386,PIX,5,SEM BANDEIRA,8236.29,ESTORNADO,2024-05-15,COM DATA
9832,758,CARTÃO,2,MASTERCARD,7279.95,PENDENTE,2024-01-07,COM DATA
9833,49,BOLETO,1,SEM BANDEIRA,10612.05,PENDENTE,2024-10-03,COM DATA
9834,3182,PIX,12,VISA,5381.47,PENDENTE,2022-04-11,COM DATA
9837,6193,BOLETO,6,SEM BANDEIRA,12369.33,PENDENTE,2024-05-02,COM DATA
9838,4136,DINHEIRO,2,SEM BANDEIRA,3471.54,ESTORNADO,2022-06-30,COM DATA
9839,7657,CARTÃO,4,HIPERCARD,5144.67,ESTORNADO,,SEM DATA
9840,8095,CARTÃO,12,VISA,1854.06,PENDENTE,,SEM DATA
9842,6741,BOLETO,4,SEM BANDEIRA,7367.205,ESTORNADO,2022-09-05,COM DATA
9844,7403,PIX,-5,SEM BANDEIRA,7367.205,PENDENTE,2023-08-06,COM DATA
9851,8798,CARTAO,5,SEM BANDEIRA,6391.45,PENDENTE,,SEM DATA
9853,778,DINHEIRO,2,SEM BANDEIRA,1595.12,PAGO,2023-04-23,COM DATA
9854,9194,PIX,0,SEM BANDEIRA,14592.67,PENDENTE,2023-07-04,COM DATA
9855,9308,CARTÃO,7,MASTERCARD,12923.76,PAGO,2023-12-11,COM DATA
9857,8208,DINHEIRO,4,SEM BANDEIRA,9878.18,PENDENTE,2023-04-17,COM DATA
9861,419,BOLETO,11,SEM BANDEIRA,11094.95,ESTORNADO,2023-12-15,COM DATA
9864,2198,CARTÃO,10,AMERICAN EXPRESS,11827.91,PAGO ,2024-07-18,COM DATA
9867,9615,PIX,12,SEM BANDEIRA,3698.84,PAGO,2022-03-03,COM DATA
9868,9697,CARTÃO,8,ELO,9825.36,ESTORNADO,2023-04-24,COM DATA
9869,2072,PIX,4,SEM BANDEIRA,7367.205,ESTORNADO,2023-07-03,COM DATA
9871,4270,CANCELADO,12,SEM BANDEIRA,642.31,PENDENTE,2024-01-28,COM DATA
9872,9538,PIX,7,SEM BANDEIRA,7367.205,ESTORNADO,2023-02-20,COM DATA
9873,834,PIX,4,SEM BANDEIRA,11339.49,ESTORNADO,2023-03-08,COM DATA
9874,700,BOLETO,5,SEM BANDEIRA,14026.99,PAGO,2023-08-31,COM DATA
9876,8304,CARTÃO,10,SEM BANDEIRA,1145.92,ESTORNADO,2023-08-10,COM DATA
9877,9403,CARTÃO,7,SEM BANDEIRA,10004.47,ESTORNADO,2023-09-01,COM DATA
9878,1837,BOLETO,2,SEM BANDEIRA,7367.205,ESTORNADO,2022-06-04,COM DATA
9879,9125,CANCELADO,10,SEM BANDEIRA,2727.14,Pendente,2023-06-11,COM DATA
9881,5738,CARTÃO,2,MASTERCARD,7367.205,PAGO,2022-06-03,COM DATA
9883,9135,BOLETO,4,SEM BANDEIRA,3634.04,ESTORNADO,2022-08-24,COM DATA
9889,9618,DINHEIRO,0,SEM BANDEIRA,249.53,PAGO,2024-05-11,COM DATA
9891,6336,BOLETO,6,SEM BANDEIRA,7367.205,ESTORNADO,2023-04-13,COM DATA
9893,7368,BOLETO,7,SEM BANDEIRA,7367.205,PAGO,2024-06-10,COM DATA
9896,7259,DINHEIRO,8,SEM BANDEIRA,3590.7,PENDENTE,,SEM DATA
9899,7974,PIX,0,SEM BANDEIRA,7367.205,PENDENTE,2024-04-12,COM DATA
9901,6442,DINHEIRO,11,SEM BANDEIRA,12278.48,PENDENTE,2024-07-21,COM DATA
9902,5063,PIX,1,SEM BANDEIRA,449.18,ESTORNADO,2022-10-07,COM DATA
9904,8892,CARTÃO,5,HIPERCARD,7367.205,PENDENTE,2023-10-04,COM DATA
9905,9783,DINHEIRO,7,SEM BANDEIRA,1713.85,ESTORNADO,2024-04-28,COM DATA
9906,7345,BOLETO,4,SEM BANDEIRA,12169.17,pago,2024-03-24,COM DATA
9908,5535,BOLETO,10,SEM BANDEIRA,1588.01,pago,2022-09-02,COM DATA
9909,3462,BOLETO,2,SEM BANDEIRA,10305.62,PAGO,2022-10-04,COM DATA
9910,5045,CARTÃO,5,SEM BANDEIRA,7509.38,ESTORNADO,2022-12-28,COM DATA
9911,5266,PIX,10,SEM BANDEIRA,10602.17,ESTORNADO,2023-11-16,COM DATA
9912,4406,CARTÃO,6,SEM BANDEIRA,12087.37,PAGO,2023-09-15,COM DATA
9913,9125,CARTÃO,4,SEM BANDEIRA,10210.47,PAGO,2022-10-18,COM DATA
9914,4598,PIX,6,SEM BANDEIRA,6961.72,PENDENTE,2022-04-25,COM DATA
9918,3214,BOLETO,0,SEM BANDEIRA,2933.81,PAGO,,SEM DATA
9919,8592,BOLETO,3,SEM BANDEIRA,7367.205,ESTORNADO,2022-04-19,COM DATA
9921,3437,DINHEIRO,2,SEM BANDEIRA,8408.17,PENDENTE,2025-02-08,COM DATA
9924,5156,CARTÃO,0,AMERICAN EXPRESS,14305.32,PAGO,,SEM DATA
9925,876,PIX,7,SEM BANDEIRA,0.0,PENDENTE,2024-11-30,COM DATA
9926,5350,CARTÃO,10,MASTERCARD,12769.37,PENDENTE,2023-12-15,COM DATA
9927,8047,BOLETO,2,HIPERCARD,8652.51,PAGO,2023-07-05,COM DATA
9928,8841,BOLETO,11,SEM BANDEIRA,5899.49,PAGO,2023-10-25,COM DATA
9929,676,DINHEIRO,8,SEM BANDEIRA,12947.94,PENDENTE,2022-08-31,COM DATA
9931,5313,PIX,8,SEM BANDEIRA,5529.06,CANCELADO,2022-01-05,COM DATA
9933,4184,CARTÃO,9,ELO,14821.89,PENDENTE,2024-02-18,COM DATA
9934,6427,PIX,5,SEM BANDEIRA,9755.35,PENDENTE,2023-09-21,COM DATA
9935,8949,PIX,10,SEM BANDEIRA,9506.22,ESTORNADO,2023-10-03,COM DATA
9936,3778,CARTÃO,12,SEM BANDEIRA,0.0,Estornado,2024-03-03,COM DATA
9937,7993,PIX,11,SEM BANDEIRA,2362.68,ESTORNADO,2024-01-22,COM DATA
9940,6921,BOLETO,6,SEM BANDEIRA,5770.69,PAGO,2024-11-20,COM DATA
9941,2439,DINHEIRO,1,SEM BANDEIRA,1341.96,PENDENTE,2025-03-26,COM DATA
9942,6484,CARTÃO,11,SEM BANDEIRA,7367.205,PENDENTE,2024-03-20,COM DATA
9943,1462,CARTÃO,5,AMERICAN EXPRESS,3120.02,PENDENTE,2022-12-16,COM DATA
9945,6988,PIX,7,SEM BANDEIRA,9635.51,Estornado,2024-08-02,COM DATA
9946,9222,BOLETO,3,SEM BANDEIRA,2617.11,PAGO,2025-03-29,COM DATA
9950,3282,PIX,11,ELO,500.95,PENDENTE,2022-04-19,COM DATA
9951,6324,PIX,5,SEM BANDEIRA,3926.19,PENDENTE,2024-05-07,COM DATA
9954,6406,BOLETO,2,SEM BANDEIRA,2624.6,PAGO,,SEM DATA
9956,8270,BOLETO,2,SEM BANDEIRA,4505.19,ESTORNADO,2023-02-15,COM DATA
9958,8315,PIX,0,SEM BANDEIRA,7367.205,PAGO,2024-06-11,COM DATA
9961,4799,CARTÃO,9,SEM BANDEIRA,2719.1,ESTORNADO,2022-08-10,COM DATA
9963,8194,PIX,9,SEM BANDEIRA,2584.71,ESTORNADO,2025-02-20,COM DATA
9964,3236,DINHEIRO,8,SEM BANDEIRA,0.0,pago,2022-04-22,COM DATA
9966,2166,PIX,0,SEM BANDEIRA,8874.85,PAGO,2025-03-04,COM DATA
9970,4414,CARTÃO,6,SEM BANDEIRA,12925.71,ESTORNADO,2025-03-17,COM DATA
9972,4565,CARTÃO,12,VISA,14113.61,PENDENTE,2024-05-20,COM DATA
9973,4510,DINHEIRO,6,SEM BANDEIRA,6555.72,PAGO,2024-11-23,COM DATA
9975,3389,CARTAO,0,SEM BANDEIRA,9613.59,CANCELADO,2023-01-11,COM DATA
9976,174,DINHEIRO,7,SEM BANDEIRA,8351.14,ESTORNADO,2024-11-22,COM DATA
9978,4014,PIX,11,SEM BANDEIRA,4714.43,PAGO,2024-03-25,COM DATA
9980,9357,DINHEIRO,12,SEM BANDEIRA,12336.45,PENDENTE,2024-09-17,COM DATA
9981,2902,PIX,6,SEM BANDEIRA,14019.72,PENDENTE,2024-08-03,COM DATA
9982,907,PIX,8,SEM BANDEIRA,10700.75,PAGO,,SEM DATA
9983,7875,CARTÃO,0,MASTERCARD,1592.74,PAGO,,SEM DATA
9984,9020,CARTÃO,7,VISA,7350.09,PENDENTE,2022-05-29,COM DATA
9987,2091,PIX,8,SEM BANDEIRA,11625.57,PENDENTE,2024-05-30,COM DATA
9988,9230,DINHEIRO,12,SEM BANDEIRA,12738.81,PENDENTE,2024-10-30,COM DATA
9992,8530,BOLETO,12,SEM BANDEIRA,7367.205,PAGO,2022-08-31,COM DATA
9993,8834,BOLETO,11,SEM BANDEIRA,2237.78,ESTORNADO,2024-10-13,COM DATA
9994,8133,PIX,-1,SEM BANDEIRA,7367.205,PENDENTE,2022-03-09,COM DATA
9996,5344,PIX,9,SEM BANDEIRA,5089.74,ESTORNADO,2023-06-10,COM DATA
9997,6763,DINHEIRO,2,SEM BANDEIRA,3934.91,PAGO,2024-07-23,COM DATA
