pedido_id,cliente_id,produto_id,quantidade,preco_unitario,desconto,frete,valor_total,status,data_pedido
1,655,115,1,11128.43,,29.54,10378.98,PAGO,2025-02-23
2,666,719,9,6304.41,0.13,48.95,49412.48,PAGO,2022-07-09
3,368,868,6,9063.82,0.24,112.16,41443.18,PENDENTE,05-23-2022
4,792,297,2,12832.66,0.26,63.22,19055.56,PAGO,2022-12-17
5,251,168,8,5704.24,0.3,,32043.34,CANCELADO,2022-05-16
6,966,581,6,3205.15,0.15,133.86,16480.12,ENVIADO,2024-01-12
7,142,522,8,1381.82,0.01,25.35,mil,PAGO,2022-08-23
8,550,1370,5,11533.61,0.1,51.09,51952.33,CANCELADO,2024-11-05
9,1166,383,3,8099.9,0.23,84.25,18795.02,PENDENTE,2025-03-07
10,88,750,8,12244.03,0.29,84.58,69630.67,PENDENTE,2023-10-01
11,688,666,6,6582.74,0.16,26.94,33203.95,PENDENTE,2022-05-19
12,881,339,2,7722.06,0.08,77.96,14286.55,PAGO,2022-07-18
13,363,434,7,7016.03,0.22,104.27,38411.79,ENVIADO,2022-10-15
14,286,474,4,13119.8,,123.12,51552.74,PENDENTE,2022-12-07
15,493,219,7,13538.59,0.05,10.3,90041.92,ENVIADO,2022-11-14
16,1300,992,1,8696.12,0.16,114.72,7419.46,PAGO,2022-05-20
17,1042,414,2,14125.11,0.17,91.05,23538.73,PENDENTE,2023-06-28
18,1319,661,5,6869.22,0.28,141.0,0,PAGO,2023-05-16
19,162,1419,9,10559.03,0.18,148.21,78073.85,PAGO,2025-02-07
20,289,620,4,10769.83,0.06,98.79,40593.35,PAGO,2023-11-15
21,1039,269,3,11123.64,,69.88,27767.74,ENVIADO,2022/09/19
22,921,956,1,13485.89,0.06,44.93,12721.67,PENDENTE,2022-12-29
23,26,184,6,11740.15,0.12,,62091.78,PENDENTE,2024-07-31
24,841,1396,4,3359.39,0.2,65.79,10815.84,PAGO,2022-08-25
25,268,183,10,14438.76,0.08,25.18,132861.77,CANCELADO,2022-04-01
26,2,533,9,10309.12,0.28,113.19,66916.29,CANCELADO,2024-11-04
27,419,335,7,10464.18,0.17,36.86,60833.75,CANCELADO,2023-08-11
28,805,594,10,9827.49,0.14,71.9,84588.31,CANCELADO,2022-07-11
29,770,241,5,3385.12,0.06,13.42,mil,ENVIADO,2024-10-09
30,152,672,1,13392.04,0.26,133.97,10044.08,PAGO,2024-07-23
31,476,684,9,14818.63,0.18,143.01,109504.5,ENVIADO,2024-07-10
32,254,1147,5,11491.89,0.16,97.74,48363.68,ENVIADO,2022-11-09
33,66,425,7,4976.6,,18.72,29977.85,ENVIADO,2022-01-13
34,306,772,7,12804.65,0.29,68.66,63707.77,PAGO ,2024-04-08
35,861,479,3,14711.22,0.16,136.97,37209.24,CANCELADO,2023-03-10
36,346,780,7,4188.28,0.29,69.02,R$500,PAGO,2022-03-05
37,205,860,1,9327.61,0.07,76.3,8750.98,PAGO,2022-12-02
38,111,593,1,13934.73,0.17,137.12,11702.95,CANCELADO,2022-09-05
39,580,802,1,5221.11,0.13,61.88,4604.25,ENVIADO,2022-11-10
40,752,535,5,9246.37,0.28,118.45,33405.38,ENVIADO,2023-05-15
41,584,625,7,5059.22,0.15,55.5,30157.86,PENDENTE,2022-06-25
42,417,501,9,11377.31,0.21,100.43,80993.1,ENVIADO,2025-02-07
43,436,764,9,4975.25,0.21,47.93,35421.96,PENDENTE,2024-09-18
44,604,779,9,8959.93,0.29,,57380.52,PAGO ,2022-09-16
45,771,503,dez,13093.34,0.17,75.72,21810.66,PAGO,2022-11-07
46,577,972,5,1296.01,0.07,88.13,6114.58,ENVIADO,2023-09-18
47,62,625,2,14214.9,0.06,39.54,-500,PAGO,2023-04-20
48,290,720,8,1086.27,0.07,47.04,8128.89,CANCELADO,10-19-2022
49,812,315,10,11239.39,0.17,50.41,93337.35,PAGO,2024-06-03
50,619,257,1,1388.08,0.29,,1112.57,ENVIADO,2024-11-28
51,939,285,3,14954.24,0.13,123.99,39154.56,ENVIADO,2023-08-14
52,411,834,9,569.72,,45.34,5019.0,PAGO,2023-01-20
53,638,775,8,9388.62,0.23,38.5,57872.4,PENDENTE,2022-11-21
54,15,566,7,1416.27,0.3,137.81,7077.53,ENVIADO,2024-08-25
55,565,1396,7,2875.34,0.18,114.48,16618.93,CANCELADO,2023-09-04
56,594,676,8,12981.6,0.13,77.81,90429.75,ENVIADO,2023-04-24
57,421,45,6,11175.68,0.21,,53096.32,CANCELADO,2022-07-25
58,451,103,-5,13658.42,0.0,30.18,122955.96,ENVIADO,2023-10-11
59,909,778,8,13088.3,0.01,19.58,103678.92,PAGO,2024-06-27
60,307,926,1,708.94,0.24,51.07,589.86,Cancelado,2024-02-23
61,247,1412,10,2163.9,0.14,45.56,18655.1,CANCELADO,2024-05-18
62,468,866,5,3004.27,0.12,77.65,13296.44,CANCELADO,2022-01-17
63,703,797,1,13661.04,0.22,126.6,10782.21,PENDENTE,2022-07-18
64,662,41,5,11833.39,0.01,61.08,58636.36,CANCELADO,2024-12-23
65,280,851,3,3869.41,0.25,77.46,8783.63,ENVIADO,2025-02-15
66,810,405,1,3981.59,0.04,61.6,3883.93,CANCELADO,2023-03-30
67,651,844,8,13642.63,0.09,67.16,99385.51,ENVIADO,2024-01-30
68,761,714,9,6298.52,0.22,,44247.24,ENVIADO,2024-06-29
69,876,1142,2,14714.3,0.11,136.24,26327.69,PAGO,2022-04-14
70,250,129,10,3093.98,0.25,87.59,23292.44,PENDENTE,2022-09-24
71,818,179,2,9922.64,0.01,12.08,19658.91,PAGO,2024-09-02
72,1402,526,10,1653.63,0.15,,14198.22,ENVIADO,2024-05-23
73,1141,730,8,1120.89,0.02,95.16,8882.94,ENVIADO,2022-07-23
74,118,874,9,10818.18,0.06,73.22,91595.02,CANCELADO,2022-11-09
75,486,69,2,12479.94,0.03,23.52,24234.6,CANCELADO,2024-05-16
76,739,53,5,9014.14,0.11,90.91,40203.83,PENDENTE,2024-05-28
77,998,786,10,9211.33,0.19,13.68,74625.45,PAGO,2023-01-07
78,580,674,7,1062.39,0.22,146.05,5946.7,PAGO,2022-04-18
79,773,633,1,10116.05,0.08,102.67,9409.44,ENVIADO,2024-12-15
80,47,226,7,14767.0,0.02,38.62,101340.24,PENDENTE,2024-02-18
81,236,1010,9,12503.65,0.24,20.09,R$500,ENVIADO,2023-08-16
82,22,990,6,2594.66,0.28,74.41,11283.34,Cancelado,2023-09-28
83,227,342,3,1164.16,0.19,84.28,2913.19,CANCELADO,2023-02-09
84,157,779,2,2673.65,0.23,79.18,4196.6,CANCELADO,2022-11-06
85,1237,453,-5,11949.02,0.18,59.27,-500,PAGO,2024-07-10
86,1053,668,4,4836.47,0.14,31.12,16668.58,ENVIADO,2024-06-15
87,537,536,10,2398.02,0.11,49.61,21391.99,ENVIADO,2023-08-05
88,873,673,10,13101.73,0.1,91.58,118007.15,CANCELADO,2025-02-18
89,811,337,3,10058.34,0.25,113.43,22744.69,PENDENTE,2023-12-01
90,498,197,4,14999.65,0.05,51.41,57050.08,PENDENTE,2024-02-11
91,186,852,10,12139.47,0.05,71.27,115396.24,PENDENTE,2023-09-26
92,804,481,4,5530.26,0.28,147.82,16074.97,PENDENTE,31/02/2025
93,896,381,9,14015.72,0.21,82.23,99734.0,PENDENTE,2024-07-12
94,953,28,0,817.79,0.15,43.01,4908.86,CANCELADO,2024-08-25
95,143,778,8,6740.05,0.0,21.09,53941.49,CANCELADO,31/02/2025
96,655,1264,10,6867.56,0.03,,66752.05,ENVIADO,2023-01-19
97,88,537,6,1033.84,0.16,81.03,5291.58,PAGO,2024-01-02
98,1280,247,2,11577.09,0.22,56.55,18116.81,PENDENTE,31/02/2025
99,38,301,4,676.22,0.06,15.87,2558.46,CANCELADO,2022-04-08
100,340,280,2,11994.15,0.13,66.0,20935.82,CANCELADO,2022-06-19
101,81,441,10,14926.57,0.05,51.13,141853.55,ENVIADO,2022-03-28
102,934,1327,10,14972.3,0.08,147.2,137892.36,Cancelado,16/06/2024
103,242,798,6,5445.02,0.28,14.53,23537.02,CANCELADO,2023-07-25
104,117,27,3,7495.68,0.12,88.63,19877.23,PAGO,2022-10-05
105,463,177,8,14958.99,0.24,145.46,91096.12,PENDENTE,2024-01-11
106,125,206,3,3566.31,0.15,60.53,9154.62,ENVIADO,2024-12-12
107,420,844,10,1124.79,0.29,99.93,8085.94,PENDENTE,2024-06-05
108,890,57,2,7781.17,0.09,32.68,14194.41,CANCELADO,2022-09-14
109,630,547,2,7548.55,0.05,141.82,14484.06,PAGO,99/99/9999
110,272,667,4,11509.05,0.12,99.46,40611.32,CANCELADO,17/07/2024
111,162,451,7,7274.08,0.06,94.93,47958.38,PAGO,2023-10-16
112,126,274,8,3733.82,0.03,50.63,29025.07,CANCELADO,2023-01-24
113,511,528,8,7491.42,0.09,13.24,54550.78,ENVIADO,2023-08-09
114,868,1027,7,2026.35,0.08,61.21,13110.9,CANCELADO,2022-09-01
115,100,404,6,11927.56,,141.45,64550.27,ENVIADO,2024-11-29
116,621,915,9,2113.92,0.28,54.59,13752.79,CANCELADO,2024-08-30
117,378,340,dez,14698.87,0.18,121.55,24227.7,PENDENTE,2022-04-16
118,175,537,10,11623.6,0.11,125.03,103575.07,PENDENTE,2024-04-20
119,627,943,8,13094.81,0.22,18.72,81730.33,CANCELADO,2025-01-23
120,791,889,5,9158.95,0.06,44.51,43091.57,CANCELADO,2024-09-09
121,957,957,5,4331.08,0.17,,18060.03,PAGO,2023-12-11
122,672,263,8,3225.52,0.25,47.96,19401.08,PENDENTE,31/02/2025
123,339,735,8,1526.16,0.23,10.73,9411.88,CANCELADO,2023-10-20
124,61,1472,2,9791.43,0.07,113.42,18325.48,ENVIADO,2024-10-11
125,767,986,5,13153.61,0.0,89.51,65857.56,ENVIADO,2023-07-13
126,1173,339,3,10972.17,0.19,110.6,26772.97,ENVIADO,2024-11-21
127,411,686,2,2788.02,0.04,55.3,5408.3,PAGO,2023-06-20
128,710,242,1,10023.44,0.14,32.36,8652.52,CANCELADO,2023-03-29
129,137,490,3,6835.58,0.3,62.31,14417.03,PAGO,2024-12-12
130,721,371,2,13760.33,0.03,126.03,26821.07,ENVIADO,2022-07-06
131,1237,829,1,6812.42,0.15,73.95,R$500,PAGO,2024-05-17
132,1210,555,1,14020.05,0.02,140.73,13880.38,ENVIADO,2024-07-07
133,929,387,7,1222.14,0.29,132.44,6206.48,PAGO,2022-02-16
134,475,690,9,6373.44,0.11,,51093.4,PAGO,2023-05-08
135,104,1225,1,6707.69,0.2,132.11,5498.26,CANCELADO,2023-04-25
136,750,590,6,8670.57,0.23,124.57,40182.6,PENDENTE,2024-05-24
137,49,996,6,14124.96,0.2,120.01,67919.82,CANCELADO,2022-10-23
138,937,60,9,6201.91,0.12,84.2,mil,PENDENTE,2022-04-16
139,690,620,10,612.42,0.02,122.65,6124.37,PENDENTE,2023-01-25
140,121,765,8,13718.33,0.21,108.53,86808.38,CANCELADO,2024-11-16
141,478,1443,8,11429.2,0.1,38.44,82328.68,ENVIADO,2023-08-28
142,338,236,7,8555.45,0.07,87.09,55783.07,CANCELADO,2022-12-13
143,1018,501,0,13755.15,0.16,99.85,34762.83,PENDENTE,2022-01-19
144,467,383,,9275.17,,96.31,7516.45,CANCELADO,2022-02-05
145,715,691,7,12096.39,0.27,24.98,61837.53,CANCELADO,2024-04-11
146,250,714,dez,4513.62,0.25,21.29,13562.15,pago,2022-06-19
147,445,1109,6,8496.53,0.26,23.35,37747.94,CANCELADO,2025-01-17
148,34,184,6,254.56,0.06,30.19,1465.91,CANCELADO,2024-02-26
149,144,810,2,7521.88,0.29,17.52,10698.59,PAGO,2023-07-14
150,462,503,4,5350.05,0.28,70.46,15478.6,PENDENTE,2024-02-18
151,650,158,7,4763.84,0.03,10.73,32357.2,ENVIADO,2022/07/31
152,568,96,10,8978.7,0.1,63.93,80872.23,PENDENTE,2024-02-19
153,276,309,-5,7407.0,0.02,70.85,36365.15,ENVIADO,2022-08-08
154,7,972,7,4996.61,0.19,122.57,28453.35,PENDENTE,2024-09-08
155,988,408,6,4385.89,0.21,78.74,20867.86,PENDENTE,31/02/2025
156,966,726,4,6588.06,0.09,107.0,24087.54,ENVIADO,99/99/9999
157,491,1496,7,8024.82,0.28,131.75,40576.84,PENDENTE,2023-12-29
158,628,46,10,14754.45,0.2,65.95,R$500,PENDENTE,2024-07-01
159,475,791,10,10362.75,0.05,149.68,98595.8,CANCELADO,2024-07-21
160,534,495,6,7152.91,0.13,107.55,37445.74,PENDENTE,2023-05-15
161,566,164,6,8406.54,,42.46,35854.32,ENVIADO,03-07-2024
162,211,286,2,8668.67,0.24,85.16,13261.54,ENVIADO,2024-03-14
163,357,361,8,9268.09,0.24,108.84,56458.83,PENDENTE,2024-11-12
164,611,142,10,5767.98,0.06,98.97,54317.98,ENVIADO,2022-04-20
165,975,10,8,2065.29,0.24,144.94,12701.9,PAGO,2023-03-28
166,282,231,9,4344.28,0.23,89.19,30195.05,PAGO,2024-06-22
167,436,105,4,4479.68,0.3,72.96,12616.06,CANCELADO,2024-05-26
168,143,804,4,12206.68,0.24,89.81,37198.12,PAGO,2022-10-05
169,805,422,1,14887.44,0.26,27.76,11044.47,CANCELADO,2024-04-28
170,78,649,2,6054.7,0.22,107.26,9552.59,ENVIADO,2024-01-04
171,815,548,7,3283.09,0.13,39.66,20033.68,PAGO,2022-04-05
172,803,857,8,263.89,0.28,32.12,1552.13,CANCELADO,2022-07-11
173,257,85,6,9974.34,0.19,17.25,48492.54,PAGO,2022-09-29
174,532,697,8,159.12,0.21,124.4,mil,CANCELADO,2023-09-05
175,793,833,3,9630.81,0.2,19.58,23133.52,ENVIADO,2023-03-21
176,103,144,2,8851.82,0.12,144.85,15724.05,PAGO,2023-09-10
177,622,522,4,11222.7,0.09,17.64,40868.27,PAGO,2024-01-10
178,136,397,,6324.54,0.16,34.19,R$500,ENVIADO,2024-11-03
179,730,514,7,6365.16,0.12,99.68,0,PAGO,2023-09-28
180,748,977,4,887.43,0.03,70.83,3514.06,PAGO,2022-12-02
181,356,536,9,11749.15,0.22,,82512.4,CANCELADO,99/99/9999
182,643,79,8,6838.86,0.11,79.95,48772.63,PAGO,2022-04-01
183,13,251,1,7087.03,0.11,31.01,6338.47,ENVIADO,2023-10-18
184,80,586,dez,1808.63,0.2,17.37,mil,PAGO,2025-02-06
185,378,206,5,8465.82,0.09,97.18,38616.66,PENDENTE,31/02/2025
186,25,1337,9,5209.43,0.25,132.81,35296.46,ENVIADO,2024-10-04
187,996,146,5,1413.54,0.28,135.62,5224.36,ENVIADO,2022-06-03
188,64,446,3,3566.84,0.08,54.1,9898.58,PAGO,2022-11-15
189,461,478,6,6109.56,0.16,145.05,30937.23,PAGO,2023-03-17
190,1154,152,2,10673.14,0.29,65.47,mil,PAGO,2024-08-04
191,813,144,2,199.11,0.25,147.56,446.23,PAGO,2022-02-14
192,203,925,8,12143.29,0.03,128.62,,ENVIADO,2024-05-23
193,220,931,3,4139.23,0.13,30.81,10834.2,ENVIADO,2022-10-09
194,1196,906,9,3752.23,0.3,86.11,23725.16,ENVIADO,2023-07-08
195,327,612,4,458.97,0.24,49.33,1444.6,PENDENTE,2023-06-30
196,811,940,1,11465.46,0.28,90.6,8345.73,CANCELADO,2022-02-27
197,361,971,10,8462.83,0.17,36.35,70277.84,PENDENTE,2022-02-10
198,1,340,10,3037.94,0.04,110.37,,CANCELADO,2022-05-29
199,965,679,7,8798.53,0.1,55.16,55485.9,CANCELADO,2023-04-03
200,835,180,7,4616.21,0.21,27.83,25555.47,,2023-10-14
201,991,1178,4,9601.91,0.03,79.47,37334.88,CANCELADO,07-03-2024
202,1225,710,2,5270.21,0.24,110.86,8121.58,PAGO,2024-09-08
203,592,667,4,2456.59,0.02,128.41,0,Pago,2023-11-24
204,629,915,-5,10573.48,0.13,101.51,73692.93,CANCELADO,2023-07-31
205,99,51,7,8585.11,0.25,31.5,45103.33,pago,2023-08-21
206,485,865,2,4639.13,0.12,78.47,8243.34,CANCELADO,2024-06-19
207,232,858,5,8472.41,0.05,107.51,40351.46,Pagoo,2024-12-06
208,549,704,,8599.26,0.07,51.84,64030.33,PAGO,2024-07-08
209,172,996,4,12130.74,0.04,69.27,46651.31,PAGO,2022-06-28
210,1359,566,6,12852.23,0.16,138.4,64913.64,PAGO,2022-08-05
211,104,805,5,13014.78,0.26,132.91,48287.6,ENVIADO,2022-03-21
212,901,340,4,758.38,0.14,47.6,2656.43,PENDENTE,2022-10-03
213,762,454,6,4055.91,0.13,100.38,21272.23,PENDENTE,2022-05-15
214,519,414,3,11712.14,0.16,89.61,-500,CANCELADO,2024-01-25
215,518,407,2,10223.99,0.07,78.43,19095.05,PAGO,07/08/2023
216,167,875,10,11701.86,0.06,40.99,110038.47,ENVIADO,2022-09-28
217,616,821,1,3372.08,0.18,142.02,2907.13,CANCELADO,2024-12-02
218,407,599,2,130.07,0.3,145.31,327.41,CANCELADO,2023-10-28
219,1439,672,5,2841.63,0.16,43.64,11978.49,CANCELADO,2023-06-16
220,415,398,1,8753.7,0.3,124.24,6251.83,CANCELADO,2022-12-15
221,898,572,3,4420.89,0.14,113.73,11519.63,PENDENTE,2023-09-21
222,909,340,6,3923.18,0.09,129.17,21549.73,ENVIADO,2024-12-21
223,56,892,3,2077.73,0.06,67.29,5926.49,PENDENTE,2023-10-04
224,5,463,5,3156.55,0.23,90.68,12243.4,ENVIADO,99/99/9999
225,205,1003,6,14252.03,0.27,115.96,62539.85,ENVIADO,2024-10-27
226,172,67,1,4487.07,0.09,111.9,4195.13,PENDENTE,2022-12-04
227,941,1259,7,306.49,0.07,,2143.13,CANCELADO,2024-12-31
228,609,50,2,9810.44,0.01,106.56,19531.23,CANCELADO,2024-05-11
229,679,533,5,9349.51,0.21,68.64,36999.2,CANCELADO,2024-12-07
230,367,721,7,4444.36,0.01,79.49,-500,PENDENTE,2022-07-04
231,77,741,-1,13573.6,0.19,73.95,22063.18,ENVIADO,2022-08-26
232,777,912,1,164.89,0.04,100.61,258.9,PAGO,2024-03-31
233,468,279,7,10354.74,0.14,69.04,62404.57,ENVIADO,2025-03-11
234,186,626,7,11691.88,0.18,130.76,67242.15,PAGO,2023-06-20
235,13,722,9,11517.58,0.17,89.1,86125.42,PENDENTE,2024-09-13
236,693,1479,7,2246.84,0.25,134.89,11930.8,Pagoo,2023-10-19
237,994,1228,1,7613.8,0.17,63.01,6382.46,ENVIADO,2022-02-06
238,423,37,9,8245.5,0.25,120.85,55777.97,PAGO,2023-04-02
239,340,574,10,9007.27,0.21,60.86,R$500,CANCELADO,08-06-2022
240,505,144,7,1622.28,0.18,36.26,9348.15,PAGO,2024-07-11
241,1479,980,9,2036.85,0.15,84.25,15666.15,PENDENTE,2022-09-20
242,674,615,10,13242.78,0.15,63.85,112627.48,PENDENTE,2022-10-10
243,717,908,9,4497.72,0.21,130.5,32109.29,PENDENTE,2022-12-31
244,711,653,6,10661.08,0.23,88.72,49342.91,ENVIADO,2022-01-27
245,26,391,3,814.91,0.02,47.38,2443.22,PAGO,2024-01-05
246,105,631,9,12975.33,0.22,88.58,91175.4,CANCELADO,2025/02/04
247,208,636,8,12453.15,0.27,108.65,72835.05,PENDENTE,2022-06-02
248,178,753,9,1807.92,0.01,49.08,mil,CANCELADO,2022-04-15
249,641,631,5,7368.45,0.17,60.13,30639.2,ENVIADO,2022-07-08
250,905,219,6,4979.38,0.09,143.04,27330.45,PENDENTE,2023-05-15
251,699,907,,5732.96,0.24,25.87,26168.17,PAGO,2023-08-31
252,198,329,9,1253.53,0.03,146.03,11089.35,PAGO,2023-02-26
253,720,900,7,9705.49,0.28,114.56,49030.23,PENDENTE,2023-06-14
254,462,646,7,6506.72,0.01,104.26,45195.83,,2022-08-06
255,703,309,10,1315.85,0.23,71.27,10203.32,CANCELADO,2022-10-23
256,909,1294,6,14361.73,0.0,132.47,86302.85,CANCELADO,2023-03-10
257,662,872,9,2153.98,0.06,96.36,18319.03,ENVIADO,30/01/2025
258,257,101,4,10889.33,0.15,56.32,37080.04,CANCELADO,2025-04-11
259,581,374,6,14380.71,0.05,53.85,82023.9,ENVIADO,2024-08-05
260,794,313,8,8284.04,0.05,94.93,63053.63,Pago,2022-02-08
261,1134,32,10,8691.93,0.23,39.79,66967.65,CANCELADO,2022-10-02
262,523,93,7,5470.71,0.0,43.44,38338.41,PENDENTE,2024-09-17
263,42,225,8,3491.61,0.08,42.76,25741.01,ENVIADO,2023-10-26
264,992,534,5,12526.39,0.08,86.21,57707.6,PENDENTE,2024-11-23
265,837,889,6,7313.19,0.14,94.59,R$500,PAGO,2023-04-17
266,339,738,0,7233.12,0.14,39.5,12480.47,PENDENTE,2022-04-25
267,1369,185,9,14374.41,0.18,88.9,106172.05,ENVIADO,2022-12-16
268,421,616,3,11923.35,0.25,35.46,26863.0,ENVIADO,2022-09-28
269,208,536,9,10271.83,0.25,94.77,69429.62,PENDENTE,2025-01-09
270,919,961,7,7840.22,0.11,16.08,48860.65,PAGO,2024-05-21
271,489,785,0,13653.08,0.03,,53067.71,CANCELADO,2024-04-17
272,159,437,10,3819.42,0.26,69.3,28333.01,CANCELADO,2025-02-19
273,260,315,10,5178.46,0.21,113.01,41022.84,ENVIADO,2023-11-25
274,629,714,1,2427.86,0.29,10.74,1734.52,PAGO,2024-02-27
275,411,629,9,4311.31,0.29,,,PENDENTE,2022-12-14
276,369,245,1,14635.18,,48.63,14244.75,CANCELADO,2025-02-19
277,357,1090,5,3409.91,0.29,73.67,12178.85,CANCELADO,2025-01-06
278,589,257,8,14491.51,0.17,,96341.43,PAGO,2024-02-23
279,226,694,4,12006.42,0.12,59.43,42322.03,PENDENTE,2024-09-02
280,224,916,10,4050.76,0.28,105.64,29271.11,PENDENTE,2023-12-31
281,110,123,dez,10143.67,0.2,95.94,16325.81,CANCELADO,2024-10-02
282,1410,938,9,4218.39,0.07,90.73,R$500,PAGO,2024-11-27
283,706,9,1,10118.06,0.11,24.1,9029.17,PENDENTE,2024-10-18
284,430,718,6,5488.87,0.12,73.1,29054.33,ENVIADO,2023-02-06
285,983,757,3,7105.35,0.0,69.01,21385.06,PAGO,2024-03-26
286,168,62,4,12210.99,0.14,98.18,42103.99,Pago,2023-12-21
287,987,621,4,8661.27,0.19,85.38,28147.89,,2023-08-10
288,980,149,3,9615.9,0.28,69.05,R$500,CANCELADO,2024-03-20
289,456,800,6,11223.47,0.16,73.04,56639.33,PENDENTE,2022-12-08
290,98,66,8,8235.54,0.01,65.58,65291.06,PENDENTE,2023-08-05
291,130,135,9,12581.0,0.01,102.9,112199.61,PENDENTE,2024-07-24
292,652,899,10,6535.96,0.19,84.73,53026.01,PAGO,2022-01-01
293,777,869,3,5171.4,0.14,11.16,mil,CANCELADO,2023-01-22
294,575,448,-1,3763.44,0.21,100.44,20912.26,CANCELADO,2023-08-07
295,545,829,5,6205.3,0.26,35.54,22995.15,Pago,31/12/2024
296,289,276,3,10733.64,0.22,42.59,25159.31,PAGO,2023-11-08
297,769,975,3,859.45,0.23,19.99,2005.32,PENDENTE,2024-02-28
298,454,254,1,3003.71,0.22,23.15,2366.04,PAGO,2023-06-03
299,306,204,6,13315.04,0.26,40.49,59159.27,PAGO,2022-03-28
300,708,487,10,2341.78,0.23,44.82,18076.53,PENDENTE,2025-01-03
301,129,500,4,4764.76,0.17,100.25,mil,ENVIADO,2024-06-15
302,556,714,8,2862.84,0.06,58.67,21587.23,CANCELADO,2023-06-24
303,465,1,9,5698.07,0.06,12.62,48218.29,ENVIADO,2025-02-03
304,1428,331,7,9620.74,0.03,83.25,-500,ENVIADO,2024-09-30
305,1472,605,5,755.3,0.07,110.5,3622.64,,2024-05-01
306,1156,1111,1,12358.17,0.08,15.69,11385.21,PENDENTE,2025-03-13
307,184,572,9,6239.47,0.03,99.41,54569.98,CANCELADO,2022-11-20
308,615,454,6,13539.22,0.17,149.56,67574.88,ENVIADO,2025-01-31
309,261,369,8,6723.55,0.12,111.68,47445.47,CANCELADO,2022-02-14
310,966,707,5,13788.3,0.15,89.89,58690.17,CANCELADO,2023-09-08
311,410,583,4,11019.3,0.22,121.01,34501.23,ENVIADO,2022-06-10
312,944,790,6,5231.99,0.25,,23612.26,ENVIADO,2022-04-21
313,43,327,9,8482.4,0.1,107.69,68815.13,ENVIADO,2023-08-17
314,152,136,6,1256.53,0.17,16.9,6274.42,ENVIADO,2024-03-20
315,201,575,10,14956.24,0.16,43.92,125676.34,PENDENTE,2023-10-19
316,672,25,5,2555.44,0.1,125.02,11624.5,PAGO,2022-08-19
317,1356,972,10,13902.41,0.26,124.82,103002.65,CANCELADO,2025-01-28
318,748,1103,1,5661.57,0.27,83.75,4216.7,Pagoo,2023-07-10
319,935,676,6,12966.95,0.01,131.44,77155.12,PAGO,2023-01-17
320,990,469,9,13896.72,0.01,44.63,123864.41,PENDENTE,2024-10-23
321,1285,641,5,13182.59,0.27,124.08,48240.53,PENDENTE,2024-05-04
322,157,437,5,13647.84,0.1,85.91,61501.19,PENDENTE,2024-05-30
323,1273,789,3,9850.35,0.17,32.13,24559.5,ENVIADO,2024-04-22
324,1314,957,5,2296.32,0.06,28.42,10821.12,Pago,2024-09-03
325,867,620,8,10686.05,0.11,129.3,-500,PENDENTE,31/02/2025
326,888,632,8,10324.18,0.26,134.26,61253.41,PAGO,2024-12-02
327,468,1199,1,13169.14,,85.3,12332.6,CANCELADO,2023-08-09
328,433,302,10,13787.11,0.21,136.51,109054.68,PENDENTE,2024-03-16
329,462,26,3,6816.14,0.27,135.41,15062.76,PAGO,2022-08-22
330,650,372,2,7866.78,0.12,120.75,13966.28,PENDENTE,2022-11-29
331,184,788,1,6305.33,0.09,117.61,5855.46,ENVIADO,2024-10-16
332,557,827,1,9127.6,,40.36,7798.82,PENDENTE,2022-04-11
333,57,669,6,570.08,0.26,103.38,mil,PENDENTE,2024-07-21
334,369,1219,1,1415.03,0.09,61.6,mil,ENVIADO,2024-12-10
335,215,627,1,1657.35,0.22,98.06,1390.79,CANCELADO,2023-06-16
336,639,363,3,9222.06,0.15,112.09,23628.34,ENVIADO,2022-08-30
337,213,819,-1,14984.83,0.12,56.73,131923.23,CANCELADO,2022-01-13
338,342,350,7,10871.46,0.18,14.08,62416.26,ENVIADO,2022-11-15
339,914,1267,9,13441.01,0.14,123.98,104157.4,CANCELADO,12-26-2023
340,288,861,1,5100.5,0.11,84.8,4624.24,PAGO,2023-07-11
341,509,899,4,5586.32,0.25,52.37,0,Pagoo,2024-10-21
342,349,946,8,10991.97,0.16,118.57,73984.61,ENVIADO,2024-03-04
343,535,119,1,4678.5,0.01,128.74,4760.45,Cancelado,2023-10-02
344,215,329,4,2904.33,,54.68,10742.61,PENDENTE,2025-01-16
345,327,278,3,14150.3,0.24,,32353.05,PAGO,2022-08-05
346,89,437,7,2701.17,0.18,92.99,15597.71,PAGO,2024-08-11
347,96,833,8,1477.0,0.09,100.22,10852.78,PENDENTE,2023-11-08
348,904,333,8,7322.85,0.02,25.8,57436.94,PAGO,2023-10-30
349,73,812,5,8000.53,0.12,67.88,35270.21,ENVIADO,2025-03-07
350,558,711,4,2612.82,0.2,113.51,8474.53,CANCELADO,11/04/2024
351,702,834,10,11574.72,0.11,79.2,103094.21,pago,2022-11-02
352,299,400,10,8677.41,0.06,105.41,81673.06,CANCELADO,2022-07-02
353,627,523,,12717.6,0.26,18.74,65895.91,PENDENTE,2024-06-03
354,404,641,6,10682.37,0.12,70.93,56473.84,CANCELADO,2022-09-15
355,74,664,1,2177.06,0.27,102.11,1691.36,ENVIADO,2023-01-04
356,1256,566,8,5783.03,0.07,69.47,43095.21,PAGO,2025-03-09
357,378,116,10,7233.36,0.21,29.89,57173.43,PAGO,2023-05-18
358,760,680,2,10267.43,0.16,91.15,mil,ENVIADO,2023-12-24
359,818,302,5,2529.27,0.21,93.67,10084.29,CANCELADO,2022-02-25
360,85,130,9,1171.4,0.24,45.29,8057.67,ENVIADO,2024-01-28
361,268,802,4,7284.08,0.24,130.68,22274.28,ENVIADO,2023-05-03
362,744,653,3,3178.63,0.22,58.31,7496.3,PENDENTE,2024-02-17
363,400,486,5,2194.34,0.26,,8130.72,CANCELADO,2024-06-03
364,668,879,5,5037.81,0.08,23.76,23197.69,CANCELADO,2023-01-04
365,11,689,1,12478.71,0.0,,12502.39,PENDENTE,2022-09-07
366,123,89,10,1966.01,0.2,135.99,15864.07,ENVIADO,2023-07-21
367,1199,926,-5,3874.9,0.23,48.82,17950.86,ENVIADO,2023-01-01
368,112,148,9,11535.24,0.07,100.07,,Pagoo,2022-11-01
369,1,956,1,9975.8,0.08,108.01,9285.75,PAGO,2025-01-11
370,394,978,0,1835.63,0.16,148.82,12484.25,CANCELADO,2023-02-20
371,41,991,7,9917.8,0.09,64.61,63241.0,Pago,2023-05-04
372,65,812,-5,9658.25,0.15,145.09,-500,ENVIADO,2025-01-03
373,594,239,-1,572.43,0.04,101.54,-500,PENDENTE,2022-05-11
374,109,117,8,8932.76,0.18,18.84,58617.75,PENDENTE,2023-10-21
375,813,219,1,8904.42,0.1,26.9,8040.88,Pago,2024-02-10
376,17,901,8,1229.22,0.0,139.66,9973.42,PENDENTE,2023-07-09
377,422,245,3,9165.86,0.01,,27257.8,PAGO,2024-12-21
378,634,1058,9,7622.96,0.14,97.7,59099.41,PAGO,2022-04-21
379,292,215,,3785.7,0.19,134.61,21599.53,PENDENTE,2024-06-29
380,334,430,4,11211.36,0.27,42.21,32779.38,,31/02/2025
381,149,222,10,6835.76,0.12,29.1,60183.79,pago,2022-08-16
382,470,429,3,11409.89,0.07,51.32,31884.91,ENVIADO,2024-12-04
383,222,606,8,12558.1,0.08,112.2,92539.82,PAGO,2024-05-05
384,42,482,9,523.64,0.16,,4035.82,PENDENTE,2022-09-29
385,245,664,2,258.63,0.2,32.65,446.46,PENDENTE,2024-01-29
386,721,1219,1,12908.53,0.02,135.08,12785.44,PAGO,2023-11-19
387,57,528,6,13321.91,0.03,61.18,77594.7,CANCELADO,2023-05-04
388,665,490,10,13069.55,0.21,115.44,103364.89,ENVIADO,2024-09-22
389,850,126,8,10653.18,0.2,84.6,68264.95,Pagoo,2022-06-28
390,920,184,5,14374.68,0.02,,70469.0,PENDENTE,2024-08-28
391,455,756,1,4386.92,0.02,132.05,4431.23,ENVIADO,2024-07-26
392,136,920,-5,2592.62,0.08,77.79,12003.84,CANCELADO,2023-01-09
393,860,726,3,2435.6,0.04,149.13,7163.66,PENDENTE,2024-02-03
394,999,167,9,4537.37,,66.64,29468.8,CANCELADO,2023-08-29
395,297,993,10,10009.98,,112.0,76187.85,PAGO,2024-04-02
396,226,457,6,1405.37,,99.78,8363.36,PAGO,2024-11-14
397,503,326,10,9084.07,0.28,137.18,65542.48,ENVIADO,2025-02-22
398,746,910,8,11128.08,0.12,71.95,78413.63,PENDENTE,2023-03-02
399,889,538,6,1010.41,0.29,115.86,4420.21,PENDENTE,2023-02-13
400,391,297,9,7368.97,0.25,52.28,49792.83,ENVIADO,2022-09-12
401,1392,295,7,2707.0,0.27,100.27,R$500,ENVIADO,2022-09-02
402,751,590,1,12682.3,0.05,18.19,12066.38,CANCELADO,2022-04-10
403,543,655,2,7717.72,0.23,35.65,11920.94,CANCELADO,2022-07-16
404,361,844,3,213.21,0.16,62.22,599.51,PAGO,2024-05-04
405,79,120,3,13852.68,0.14,53.62,35793.53,PAGO,2022-08-31
406,878,711,3,10326.95,,39.38,28231.95,PENDENTE,99/99/9999
407,608,61,8,1801.45,0.08,19.27,13277.94,CANCELADO,2022-03-01
408,867,765,5,14232.9,0.1,32.48,64080.53,pago,2023-01-28
409,176,924,9,84.85,0.22,139.39,735.04,CANCELADO,2024-02-17
410,527,234,7,1710.43,0.3,,8408.42,PAGO,2024-02-28
411,615,754,5,10311.96,0.25,41.62,38711.47,CANCELADO,31/02/2025
412,689,108,7,6582.11,0.2,21.9,36881.72,pago,2023-11-25
413,865,414,2,3508.39,0.13,79.88,6184.48,ENVIADO,2024-09-19
414,151,787,8,1638.39,0.08,,-500,CANCELADO,2022-11-09
415,639,99,2,9922.99,0.16,78.91,16749.53,PAGO,2022-03-06
416,902,1286,2,5766.78,0.09,62.69,10558.23,CANCELADO,2024-03-07
417,113,583,8,9907.98,0.21,90.11,62708.54,CANCELADO,2023-08-06
418,29,605,1,1940.41,0.11,123.34,1850.3,PAGO,2023-05-16
419,664,320,10,1292.43,0.21,131.65,mil,ENVIADO,2022-02-15
420,387,585,7,4849.87,0.03,78.37,33008.99,ENVIADO,2023-02-18
421,1294,998,2,12608.9,0.16,50.23,21233.18,CANCELADO,99/99/9999
422,487,438,4,5222.8,0.02,125.32,20598.7,PENDENTE,2022-02-08
423,529,884,3,8661.11,0.06,144.7,24569.03,PAGO,2024-12-05
424,474,152,4,2274.08,0.21,52.04,0,PENDENTE,2023-06-10
425,242,416,4,1721.11,0.06,,6515.75,PENDENTE,2022-03-01
426,823,1441,9,2656.26,0.26,144.93,17835.62,CANCELADO,2022-07-04
427,860,742,3,3555.9,0.17,80.03,8934.22,PAGO,2023-10-04
428,599,755,7,12091.51,0.22,140.97,66160.61,,2024-02-07
429,116,325,9,6368.24,0.2,,45996.19,PAGO,2022-04-22
430,808,688,4,3809.68,0.12,99.45,13509.52,Pagoo,2023-06-08
431,959,843,4,4475.4,0.26,32.43,13279.61,ENVIADO,2024-08-22
432,949,862,6,10766.44,0.26,124.83,47927.82,ENVIADO,2022-02-26
433,657,657,3,9459.74,0.24,29.05,21597.26,PENDENTE,2024-04-20
434,328,463,8,13105.12,0.04,34.29,100681.61,PENDENTE,2022-02-12
435,946,572,10,9406.88,0.27,146.38,68816.6,CANCELADO,2022-12-15
436,121,15,9,6538.68,0.28,73.52,42444.17,ENVIADO,2024-02-22
437,877,212,10,3249.19,0.25,111.74,R$500,ENVIADO,06-25-2022
438,893,332,7,10309.05,0.21,109.18,R$500,PAGO,2022-01-11
439,635,1092,5,14663.31,0.2,28.51,58681.75,CANCELADO,2024-12-22
440,267,120,6,681.55,0.04,132.04,4057.77,CANCELADO,2024-11-24
441,915,169,6,11058.3,0.15,143.01,56540.34,ENVIADO,2023-06-17
442,479,447,2,14928.12,0.28,15.71,21512.2,PAGO,2023-02-22
443,185,855,3,11254.05,0.25,88.85,,ENVIADO,2022-07-13
444,27,292,2,5924.66,0.18,143.17,9859.61,PAGO,2023-11-06
445,672,638,8,4887.23,0.22,112.8,R$500,,2024-02-21
446,262,183,4,14476.44,0.26,22.49,42872.75,ENVIADO,2024-06-04
447,944,318,10,1986.67,0.2,126.49,16019.85,CANCELADO,2023-01-17
448,437,96,1,7709.86,0.29,104.7,5578.7,PAGO,2024-09-05
449,1040,701,5,12626.24,0.16,51.37,53081.58,CANCELADO,2023-12-29
450,84,788,dez,263.71,0.22,74.8,1926.04,ENVIADO,2023-06-27
451,941,893,3,3181.8,0.02,147.51,mil,ENVIADO,2024-09-23
452,833,998,10,5423.72,0.2,106.64,-500,PAGO,2023-03-05
453,149,666,4,6548.11,,120.6,21336.48,ENVIADO,2024-09-20
454,881,461,10,3654.59,0.09,126.12,33382.89,CANCELADO,2022-03-17
455,498,526,0,10874.72,0.28,136.71,78434.69,ENVIADO,2024-08-27
456,638,962,6,6735.91,0.13,32.59,35194.04,ENVIADO,2022-09-26
457,741,729,7,14397.85,0.25,104.24,75692.95,ENVIADO,2022-09-22
458,161,621,0,1531.54,0.12,149.13,10931.17,PAGO,2022-05-11
459,117,633,,1827.91,0.07,46.1,6845.93,PAGO,2022-04-14
460,449,819,8,14440.45,0.23,146.45,89099.62,PAGO,2023-02-25
461,161,746,5,10628.29,0.23,79.77,40998.69,PAGO,2023-05-18
462,486,350,5,7585.24,0.03,62.14,36850.55,ENVIADO,2024-04-26
463,920,1413,9,11923.22,0.11,14.17,R$500,PAGO,2024-03-16
464,677,945,3,13539.62,0.02,98.43,39904.91,CANCELADO,2023-10-05
465,9,847,5,13505.12,0.18,30.56,55401.55,ENVIADO,2023-02-09
466,87,38,9,5030.7,0.22,113.61,35429.12,PENDENTE,99/99/9999
467,607,265,4,12486.79,0.09,69.18,45521.1,PAGO,2024-07-08
468,755,6,8,5097.92,0.07,114.41,38042.93,PENDENTE,2024-02-13
469,254,108,6,7756.45,0.06,119.0,43865.38,PENDENTE,99/99/9999
470,413,603,9,7793.8,0.12,46.92,61773.82,PENDENTE,2024-11-01
471,729,469,-1,14521.12,0.15,84.08,37112.94,ENVIADO,2022-08-14
472,586,297,-1,7851.21,0.04,,7589.85,CANCELADO,2023-03-18
473,758,501,1,1852.47,0.1,131.86,1799.08,PENDENTE,2022-10-11
474,472,780,8,10014.97,0.04,111.9,77026.87,ENVIADO,2024-06-26
475,662,91,3,10613.99,0.17,121.46,26550.3,PAGO,2025-03-13
476,769,1403,9,13455.03,0.04,141.07,116392.53,CANCELADO,2024-04-02
477,504,883,1,5112.55,0.05,13.37,4870.29,PAGO,2022-11-12
478,418,695,3,902.53,0.29,35.4,1957.79,PAGO,2022-04-17
479,771,612,10,3562.64,0.15,,30363.06,PAGO,2023-07-06
480,601,692,2,3709.82,0.17,119.93,6278.23,PENDENTE,2023-05-18
481,434,985,9,6787.1,0.0,75.05,mil,CANCELADO,2023-03-12
482,523,289,1,2438.02,0.16,19.79,2067.73,CANCELADO,2023-12-03
483,771,725,8,4109.74,0.2,55.03,26357.37,PAGO,2022-01-20
484,424,1016,8,11441.73,0.16,120.22,77008.65,ENVIADO,2024-01-04
485,1381,1144,1,1888.96,0.11,37.02,1718.19,PENDENTE,2023-04-25
486,991,372,1,4225.73,0.27,108.98,3193.76,PENDENTE,2025-03-04
487,618,579,3,999.1,0.04,19.11,2896.52,CANCELADO,2025-02-21
488,3,961,7,9621.67,0.28,17.26,48510.48,PAGO,31/02/2025
489,546,1378,6,97.29,0.06,21.45,570.17,CANCELADO,29/09/2023
490,29,492,7,12124.72,0.18,97.68,69693.57,PENDENTE,2022-05-30
491,1018,450,2,9387.72,0.17,21.97,15605.59,PAGO,2023-09-10
492,443,68,2,10169.92,0.17,51.29,16933.36,Pagoo,2024-08-08
493,1265,636,10,1537.14,0.2,104.61,12401.73,PENDENTE,2025-03-19
494,522,263,-5,6326.68,0.22,72.25,29681.11,PENDENTE,2022-10-29
495,618,1260,5,5545.07,0.0,92.1,27817.45,PENDENTE,2022-05-21
496,684,488,8,9004.44,0.1,90.98,64922.95,pago,2022-01-08
497,710,236,8,9366.32,0.07,112.84,69798.26,PAGO,03/01/2024
498,1016,298,8,2932.16,0.18,117.17,19352.14,PENDENTE,2023-01-01
499,181,864,5,13661.52,0.01,104.84,67729.36,PENDENTE,2024-12-15
500,639,903,7,13178.25,0.02,30.22,90433.01,PENDENTE,2022-04-05
501,602,194,9,4426.86,0.04,44.6,38292.67,ENVIADO,2022-05-13
502,398,770,9,5626.51,0.16,35.06,42571.48,PAGO,2023-03-01
503,208,463,4,5950.58,0.09,134.42,21794.53,CANCELADO,2023-04-17
504,477,525,10,5058.88,0.14,70.55,mil,PAGO,2023-08-27
505,1020,560,2,11792.38,0.28,23.78,17004.81,CANCELADO,2023-01-26
506,142,876,9,13687.49,0.0,51.93,123239.34,PENDENTE,2024-03-25
507,741,768,4,7127.09,0.15,120.04,24352.15,ENVIADO,2023-03-06
508,874,1415,1,5633.01,0.17,27.97,4703.37,CANCELADO,2023-10-30
509,582,805,1,13833.72,0.05,143.37,13285.4,ENVIADO,2022-05-11
510,193,487,2,4946.04,0.29,99.46,7122.84,pago,2022-05-23
511,1266,1168,4,3510.93,0.2,19.8,11254.78,ENVIADO,2022-05-21
512,926,887,4,1966.39,0.06,70.51,7464.14,CANCELADO,02-18-2023
513,457,66,7,9080.63,0.07,56.04,-500,CANCELADO,2024-03-11
514,830,871,3,6237.49,0.05,96.48,17873.33,Cancelado,2022-11-20
515,644,551,5,10006.52,0.02,111.72,49143.67,CANCELADO,2024-04-19
516,259,213,9,688.63,0.01,,6235.13,PENDENTE,2023-11-01
517,476,497,8,1042.19,0.16,,7047.44,CANCELADO,2022-09-12
518,401,173,2,10077.45,0.0,48.26,20203.16,ENVIADO,2024-12-06
519,1396,676,2,5871.46,0.09,17.34,10703.4,Pago,2022-01-30
520,197,697,2,3324.11,0.26,121.57,5041.25,PENDENTE,2023-03-01
521,405,962,7,1829.64,0.06,59.92,12098.95,CANCELADO,03-31-2022
522,421,309,10,7503.65,0.3,109.75,52635.3,ENVIADO,2022-09-30
523,1467,780,6,14670.76,0.2,19.45,70439.1,PENDENTE,2022-02-13
524,1071,128,5,3561.22,0.13,,15535.41,ENVIADO,2023-11-05
525,326,1434,1,7822.68,0.29,100.73,5654.83,PENDENTE,2023-04-01
526,391,534,-1,2769.51,0.19,19.05,13478.87,PENDENTE,2023-04-29
527,437,743,8,4685.72,0.22,44.29,29283.18,PAGO,2024-01-07
528,172,483,8,6352.0,0.18,70.68,41739.8,CANCELADO,2025-01-05
529,745,180,5,5719.14,0.09,49.65,26071.74,Cancelado,2024-10-22
530,384,504,7,13886.85,0.28,,70135.59,ENVIADO,2025-03-04
531,782,447,5,11573.63,0.23,58.8,mil,PAGO,2024-01-11
532,693,29,3,3934.73,,105.35,10256.95,ENVIADO,2024-03-25
533,998,923,2,7787.68,0.06,69.21,14710.05,ENVIADO,2022-07-02
534,587,796,-1,12217.14,,39.33,67477.94,ENVIADO,2023-08-14
535,175,181,6,2812.27,0.04,78.11,16276.79,PENDENTE,2023-06-16
536,893,419,8,9410.02,0.19,131.57,61108.5,PAGO,20/01/2022
537,682,597,1,1470.69,0.16,11.02,1246.4,CANCELADO,2023-12-04
538,837,246,6,9982.87,0.11,18.01,53326.54,PENDENTE,2022-02-22
539,890,544,5,14266.91,0.23,,54972.4,CANCELADO,2022-02-04
540,895,47,6,10175.38,0.07,77.84,56856.46,PAGO,2024-02-28
541,200,1255,3,13050.48,0.26,119.88,29091.95,PENDENTE,2024-07-02
542,494,679,9,3628.71,0.06,115.46,30814.35,CANCELADO,2023-03-28
543,682,488,2,9988.84,0.28,98.7,14482.63,PAGO ,2024-02-12
544,761,754,7,9815.72,0.24,145.27,52364.9,PENDENTE,2022-08-26
545,1275,874,6,14311.95,0.17,10.23,71283.74,PENDENTE,2024-11-30
546,605,228,2,5941.78,0.16,74.48,10056.67,PAGO,2023-10-18
547,706,127,5,14952.79,0.21,76.96,59140.48,PENDENTE,2023-04-06
548,54,946,3,12854.55,0.22,51.87,mil,ENVIADO,2024/03/11
549,290,714,4,10522.61,0.16,23.62,R$500,ENVIADO,2023-08-20
550,215,224,4,11035.08,0.0,111.63,44251.95,PAGO,2022-07-16
551,486,184,1,1777.86,0.15,57.39,1568.57,PENDENTE,2024-02-08
552,815,687,2,11670.41,0.26,101.04,17373.25,PENDENTE,2022-02-17
553,587,492,5,10412.01,0.03,93.0,50591.25,PENDENTE,2024-04-10
554,1429,404,9,12265.59,0.24,84.21,83980.85,PAGO,2023-01-06
555,712,185,1,8329.73,0.24,,6357.82,CANCELADO,2024-01-15
556,176,434,1,3740.09,0.01,142.41,3845.1,CANCELADO,2025-01-07
557,705,102,1,3571.76,0.06,51.96,3409.41,PAGO,2025-01-31
558,391,666,3,6012.89,0.02,45.59,R$500,CANCELADO,2025-02-28
559,841,524,10,2477.37,0.25,54.29,18634.56,ENVIADO,2022-05-16
560,92,372,6,11675.5,0.04,121.73,67372.61,CANCELADO,2024-09-29
561,358,718,10,12983.67,0.17,95.05,107859.51,ENVIADO,2024-09-03
562,266,10,9,10704.08,0.2,29.97,77099.35,ENVIADO,2024-07-26
563,363,818,8,7543.39,0.08,69.89,55589.24,CANCELADO,2022-07-04
564,79,748,4,14174.11,0.05,18.04,53879.66,PENDENTE,2024-09-09
565,702,694,9,10474.27,0.12,96.28,83052.5,PAGO,2024-07-07
566,691,953,dez,13558.9,0.05,61.39,115989.98,PENDENTE,2025-01-09
567,879,121,5,4501.69,0.09,39.83,20522.52,PAGO,2024-08-06
568,869,1456,1,5349.05,,56.0,4442.22,PENDENTE,2024-04-21
569,500,8,3,11546.33,0.08,75.9,31943.77,ENVIADO,2022-11-28
570,766,1203,1,5401.37,,37.79,4034.8,CANCELADO,2022-09-01
571,564,508,3,4886.82,0.23,133.45,11422.0,pago,2023-12-06
572,786,1246,4,799.56,0.25,70.15,2468.83,PENDENTE,2023-05-26
573,118,885,5,14913.97,0.07,124.89,69474.85,PENDENTE,2023-04-15
574,411,40,dez,14856.17,0.28,69.68,53551.89,ENVIADO,31/02/2025
575,660,53,5,1668.62,,142.02,7567.38,CANCELADO,2024-08-24
576,622,104,,2788.9,0.28,60.9,14116.96,CANCELADO,2023-05-03
577,216,1496,7,1326.72,0.03,98.14,9106.57,PAGO,2025-01-24
578,1099,743,8,14844.88,0.06,110.91,111744.41,CANCELADO,2024-01-20
579,735,1307,7,1034.27,0.13,140.39,6439.09,ENVIADO,2023-01-25
580,408,507,9,13056.43,0.29,33.17,83463.76,PENDENTE,2022-01-19
581,810,526,8,7567.19,0.22,46.24,47265.51,PENDENTE,2023-07-23
582,277,1178,1,9643.35,0.07,125.28,9093.6,CANCELADO,2022-10-01
583,627,302,6,14779.21,,11.46,71838.42,PAGO,2024-02-22
584,264,891,10,8272.15,0.25,40.89,62082.01,CANCELADO,2022-10-31
585,96,508,3,6901.66,0.24,34.66,15770.44,PENDENTE,2022-05-23
586,437,252,8,13638.78,0.29,,77492.3,PAGO,2022-09-28
587,1406,275,3,14080.2,0.18,120.94,34758.23,ENVIADO,2022-12-01
588,491,159,4,857.02,0.21,97.85,2806.03,PENDENTE,2022-02-19
589,395,151,6,9837.36,0.07,133.06,55025.53,CANCELADO,2024/01/02
590,122,370,2,13435.89,0.18,34.93,22069.79,CANCELADO,2022-08-01
591,1002,678,6,13994.57,0.24,109.58,63924.82,ENVIADO,2022-05-18
592,438,983,5,2187.12,0.1,27.86,9869.9,PENDENTE,2023-05-19
593,563,510,9,8015.88,0.16,125.0,60725.05,PENDENTE,11/01/2024
594,372,572,8,14365.08,0.28,18.34,82761.2,ENVIADO,2023-05-12
595,230,58,3,1776.19,0.21,30.03,-500,PENDENTE,2022-03-03
596,145,81,4,1174.44,0.17,123.92,4023.06,CANCELADO,2024-06-28
597,712,14,5,1686.77,0.02,99.94,8365.11,CANCELADO,2025-03-17
598,727,233,7,13973.12,0.08,22.87,90009.76,PAGO,2024-08-17
599,669,658,7,12412.26,0.05,122.47,,PENDENTE,2025-01-14
600,217,1138,1,11352.69,,87.24,10418.19,PAGO,2023-10-07
601,317,9,6,11280.16,0.29,80.03,48133.51,PAGO,2024-10-25
602,1083,25,10,11945.12,0.14,131.63,102859.66,PENDENTE,2022-11-26
603,514,529,10,9777.9,0.28,57.8,70458.68,ENVIADO,2023-05-05
604,626,1393,2,14371.07,0.17,149.22,24005.2,PAGO,2024-07-20
605,1364,303,3,1041.06,0.17,59.47,2651.71,PENDENTE,2022-09-11
606,500,41,6,12887.87,0.12,129.98,68177.93,ENVIADO,2023-06-23
607,699,44,10,14661.93,0.02,120.68,143807.59,PENDENTE,2024-03-06
608,686,96,6,6998.85,0.19,136.02,34150.43,CANCELADO,2022-05-13
609,1080,498,4,10540.32,0.14,48.97,36307.67,PAGO,2024-01-11
610,485,219,1,3188.16,0.01,116.21,3272.49,ENVIADO,2024-05-09
611,686,915,5,2777.49,0.02,135.29,13744.99,PENDENTE,2024-06-13
612,710,585,7,12348.78,0.17,135.13,71881.54,CANCELADO,2022-01-30
613,470,957,3,7501.7,0.09,120.88,20600.52,PAGO,2022-03-16
614,193,431,9,11620.28,0.18,40.26,85797.93,CANCELADO,2024-10-25
615,128,717,8,9740.7,0.14,67.45,67083.47,PENDENTE,2025-02-06
616,556,447,7,4289.72,0.2,105.24,24127.67,PAGO,2022-02-03
617,422,107,8,11254.16,0.19,86.26,73013.22,ENVIADO,2022-08-23
618,481,974,2,5272.19,0.24,74.95,8088.68,CANCELADO,2023-06-26
619,1014,815,7,10106.05,0.0,137.27,70879.62,ENVIADO,2023-05-11
620,401,198,10,9673.63,0.25,122.19,72674.41,ENVIADO,2023-04-19
621,821,130,9,1793.22,0.17,64.88,13460.23,Pago,99/99/9999
622,943,996,2,8585.47,0.01,112.78,17112.01,PENDENTE,2024-02-14
623,676,53,5,1262.79,0.04,13.24,6074.63,PENDENTE,2022/07/10
624,1492,859,4,5874.19,0.15,13.07,19985.32,PENDENTE,2023-01-04
625,926,183,10,9475.58,,26.41,70145.7,PAGO,2023-01-30
626,549,24,9,7685.94,0.05,131.36,65846.15,ENVIADO,2023-02-13
627,357,726,9,9785.83,0.14,123.26,75865.58,ENVIADO,2022-07-30
628,785,602,5,2501.48,0.06,111.09,11868.05,PENDENTE,2025-03-07
629,920,648,2,6752.06,0.27,144.13,10002.14,PAGO,2023-01-04
630,440,810,3,5379.01,,101.97,15916.26,CANCELADO,2023-04-22
631,395,291,10,3198.38,0.07,88.53,29833.46,ENVIADO,2023-10-13
632,203,202,1,12044.82,0.15,148.64,10386.74,PAGO,2024-08-03
633,862,1241,7,574.38,0.16,83.85,3461.2,ENVIADO,2022-06-13
634,321,506,10,725.15,0.09,147.76,6746.62,PAGO,2022-10-12
635,331,883,7,3410.59,0.03,111.38,-500,CANCELADO,2022-06-03
636,705,628,7,4063.28,0.05,29.29,27050.1,ENVIADO,2022-09-08
637,247,592,8,9925.81,0.29,55.07,56433.67,PENDENTE,31/02/2025
638,62,218,1,10064.07,0.14,63.91,8719.01,ENVIADO,2022-11-12
639,109,937,3,3297.4,0.11,146.51,8950.57,PAGO,2022-10-29
640,1339,763,2,3623.63,0.27,36.18,5326.68,ENVIADO,2024-10-25
641,342,55,8,4103.38,0.03,100.81,31943.04,ENVIADO,2022-08-12
642,662,1052,2,3309.3,0.02,15.0,6501.23,PENDENTE,2023-07-04
643,176,805,4,5227.54,0.09,93.48,19121.73,PENDENTE,2022-12-15
644,72,171,-5,4995.69,0.14,144.71,13033.59,PAGO ,2024-08-28
645,501,895,4,7099.07,0.01,12.43,28124.75,CANCELADO,2024-07-15
646,360,559,5,9957.86,0.08,74.23,45880.39,ENVIADO,2022-08-19
647,532,746,,2235.55,0.12,40.84,2008.12,PENDENTE,2024-02-13
648,989,281,9,13490.34,0.13,144.16,105773.52,CANCELADO,99/99/9999
649,719,352,10,1861.96,0.24,89.33,0,PENDENTE,2023-09-14
650,67,1157,-5,253.57,,49.62,1304.79,CANCELADO,2024-10-25
651,788,575,3,14306.21,,29.97,33935.69,ENVIADO,2024-05-15
652,926,101,5,13804.51,0.18,34.26,56632.75,PENDENTE,2023-09-09
653,305,581,8,8196.54,0.11,132.63,58491.99,ENVIADO,2024-08-13
654,421,473,1,13690.12,0.01,117.35,13670.57,CANCELADO,2022-04-20
655,403,129,7,10057.79,0.14,116.82,60664.72,CANCELADO,2025-03-04
656,340,886,1,1839.21,0.18,81.51,1589.66,PENDENTE,2023-09-09
657,1079,960,1,12088.14,0.19,38.1,9829.49,ENVIADO,11/03/2024
658,308,415,8,14740.79,0.25,127.84,88572.58,PENDENTE,2022-10-18
659,674,247,3,7682.49,0.21,38.05,18245.55,PAGO,2024-08-08
660,436,1334,1,4265.66,,64.52,4159.55,ENVIADO,2024-07-27
661,163,367,-1,12840.48,0.15,58.84,98288.51,PENDENTE,2023-07-25
662,675,311,7,1041.79,0.25,77.72,5547.12,CANCELADO,2025-04-04
663,633,850,7,1032.2,0.01,112.6,7265.75,PENDENTE,2022-08-04
664,179,746,7,11342.09,0.13,19.01,R$500,CANCELADO,2022-08-09
665,387,137,10,8355.89,0.06,78.75,78624.12,PAGO,2022-07-17
666,1095,144,1,5406.22,0.12,86.52,4843.99,ENVIADO,2024-10-22
667,634,922,9,12804.26,0.24,71.44,87652.58,PAGO,2025-01-12
668,1447,842,5,13835.65,0.08,108.46,63752.45,CANCELADO,2024-03-28
669,560,1216,2,8749.93,0.28,147.89,12747.79,CANCELADO,2022-05-08
670,1037,825,10,13566.77,0.21,117.18,107294.66,CANCELADO,2022-03-27
671,509,520,0,9762.05,0.13,52.48,0,PAGO,2025-02-05
672,397,785,7,10437.7,0.13,69.76,63635.35,PAGO,2023-05-03
673,603,1411,-1,6207.72,0.23,123.08,19242.86,PAGO,2023-10-06
674,671,912,,14971.37,0.04,65.69,57555.75,PENDENTE,2024-06-27
675,965,376,9,4404.4,0.2,83.76,mil,PENDENTE,2022-10-08
676,534,237,5,11133.79,0.06,62.13,52390.94,ENVIADO,2022-03-11
677,603,394,5,12411.14,,49.07,60243.1,ENVIADO,2024/12/26
678,33,555,6,14059.61,0.27,,61696.72,ENVIADO,2024-05-25
679,951,754,1,12114.8,0.17,143.35,10198.63,CANCELADO,2022-11-29
680,479,764,4,1995.45,0.0,121.94,8103.74,CANCELADO,2023-07-05
681,802,669,10,204.84,0.09,102.51,-500,PENDENTE,16/04/2024
682,284,919,10,8280.69,0.29,71.66,58864.56,PAGO,2023-04-22
683,40,1366,9,12911.34,,15.87,96463.58,PAGO,2023-04-26
684,80,520,8,1715.47,0.02,38.57,mil,CANCELADO,2023-11-18
685,919,1477,6,7070.86,0.29,97.07,30218.93,CANCELADO,2023-03-17
686,1479,34,3,5728.72,0.3,20.98,12051.29,PAGO,2024-12-16
687,622,484,9,7814.63,0.1,37.3,63335.8,PAGO,2023-05-09
688,981,902,7,5440.98,0.11,80.79,33978.1,PENDENTE,2025-01-06
689,932,418,10,9995.22,0.18,121.42,82082.22,PENDENTE,2023-01-04
690,16,171,2,6291.01,,109.59,9797.75,,2024-12-20
691,926,433,6,1929.25,0.21,43.8,9188.44,PAGO,2023-12-28
692,933,419,8,11115.65,0.13,116.07,77480.99,PAGO,2024-01-28
693,465,389,6,6590.03,0.15,92.33,33701.48,ENVIADO,2023-08-08
694,327,776,3,14303.63,0.01,142.31,42624.09,PENDENTE,2022-08-31
695,499,450,4,13282.53,0.09,138.48,48486.89,PENDENTE,2022-02-26
696,41,983,9,8077.98,0.06,78.37,68418.08,ENVIADO,2023-08-28
697,734,724,2,6677.19,0.13,46.83,11665.14,PAGO,2023-11-01
698,344,283,8,9466.75,0.15,118.79,64492.69,PAGO,2022-01-17
699,601,386,4,10106.75,0.08,31.2,37224.04,PENDENTE,2022-01-07
700,503,572,10,3144.03,0.05,68.54,29936.83,CANCELADO,2023-04-20
701,685,497,8,11955.26,0.12,60.0,84225.03,CANCELADO,2023-05-22
702,119,181,8,14345.61,0.2,58.66,91870.56,PAGO,2023-08-19
703,221,912,7,930.83,0.23,46.62,5063.79,CANCELADO,2022-04-04
704,420,227,10,13136.82,0.16,119.14,110468.43,Pagoo,2022-07-04
705,342,935,6,11507.29,0.17,101.69,57407.99,PENDENTE,2024-02-05
706,221,567,4,14101.41,0.01,12.8,55854.38,PENDENTE,2022-03-11
707,127,833,dez,9836.03,0.04,113.67,,ENVIADO,2023-02-02
708,880,320,6,6388.79,0.22,52.3,29951.84,ENVIADO,2025-02-22
709,292,930,9,7608.77,0.11,149.04,61095.29,Cancelado,2023-04-21
710,489,577,2,9649.42,0.1,123.36,17492.32,ENVIADO,2024-12-07
711,581,779,,902.82,0.15,67.66,3137.25,ENVIADO,2025-01-22
712,983,668,4,4841.13,0.21,82.02,15379.99,PENDENTE,2024-11-30
713,171,203,8,13048.84,0.03,133.97,101392.97,Pago,2024-06-10
714,738,945,5,7846.75,0.18,62.03,32233.71,CANCELADO,2024-08-24
715,959,339,3,2480.29,,76.34,5954.63,PAGO,2025-01-06
716,97,63,10,7041.04,0.05,59.06,66948.94,CANCELADO,2024-01-23
717,413,957,5,8425.46,0.19,38.36,34161.47,ENVIADO,2023-11-08
718,874,607,10,4173.02,0.24,131.99,31846.94,PENDENTE,2022-10-21
719,896,1,6,1185.26,0.29,29.18,5078.39,ENVIADO,2024-08-29
720,859,535,6,7969.67,0.26,127.91,35513.24,CANCELADO,2022-09-04
721,446,668,6,2686.63,0.26,129.75,12058.39,CANCELADO,2023-01-02
722,11,201,8,5427.65,,92.07,40908.0,ENVIADO,2024/03/26
723,281,641,1,14567.69,0.25,130.85,11056.62,PAGO,2022-03-20
724,628,916,3,10590.48,0.05,129.13,30312.0,CANCELADO,2023-02-02
725,756,18,6,12562.36,0.25,54.31,56584.93,PAGO,2022-05-14
726,780,514,3,10939.78,0.03,72.08,31906.84,PAGO ,2025-02-22
727,350,478,10,12544.86,0.03,140.24,121825.38,pago,2022-01-22
728,384,472,2,13160.43,0.28,53.09,19004.11,CANCELADO,2022-12-31
729,579,324,7,3404.89,0.06,133.7,22537.88,ENVIADO,99/99/9999
730,395,160,9,8539.3,0.3,70.74,53868.33,CANCELADO,2022-07-05
731,216,265,4,7025.97,0.01,26.14,27848.98,PAGO,2023-10-23
732,645,368,1,2398.08,0.14,57.13,2119.48,ENVIADO,2025-03-25
733,749,409,8,12514.76,0.08,62.25,92170.88,PAGO,2024-05-12
734,276,977,10,6023.24,0.01,81.71,59711.79,PENDENTE,2023-11-14
735,56,994,-1,4652.92,0.23,122.21,7287.71,PENDENTE,2024-06-13
736,251,158,9,12688.11,0.11,76.83,101708.59,PENDENTE,2022-07-16
737,326,782,3,6010.26,0.1,49.65,16277.35,PAGO,2023-03-31
738,183,787,4,5549.61,0.1,125.25,20103.85,ENVIADO,2022-07-10
739,670,185,7,2278.2,0.09,104.54,14616.67,PAGO,2023-12-11
740,104,672,7,12057.18,0.0,54.66,84454.92,CANCELADO,2024-05-20
741,650,119,10,12110.73,0.27,80.29,88488.62,ENVIADO,2022-06-13
742,346,971,10,3882.39,0.15,96.03,mil,CANCELADO,2023-06-01
743,1167,304,0,8150.37,,59.96,7802.81,PAGO,2024-12-31
744,745,149,8,6477.89,0.08,146.06,47823.33,PAGO,2023-10-31
745,151,624,2,5741.06,0.29,21.03,R$500,Pagoo,2022-08-27
746,585,1294,5,9241.41,0.16,121.12,38935.04,CANCELADO,2024-10-24
747,1213,409,3,10179.56,0.08,67.01,28162.6,PENDENTE,2022-02-07
748,227,66,10,4331.71,0.21,,34346.29,CANCELADO,2024-06-29
749,875,1437,8,3175.35,0.21,104.22,mil,CANCELADO,2023-09-15
750,323,463,8,462.88,0.19,33.34,R$500,PENDENTE,2024-02-15
751,871,127,2,5948.33,0.06,25.49,11208.35,PENDENTE,2024-05-06
752,286,328,6,9461.53,0.2,106.16,45521.5,CANCELADO,2024-07-09
753,895,182,7,4340.35,0.16,56.77,25578.03,PAGO,2023-04-05
754,635,516,2,9001.53,0.22,142.37,14184.76,ENVIADO,2025-02-04
755,198,871,3,6877.38,0.22,,16136.57,ENVIADO,2023-05-17
756,455,248,3,14592.62,0.15,25.56,37236.74,Pago,2024-04-12
757,482,883,7,1074.08,0.13,,6587.55,PAGO,2023-08-23
758,849,843,1,5463.33,0.21,81.62,4397.65,PAGO,2022-12-13
759,673,348,dez,13696.36,0.24,39.41,31267.11,CANCELADO,2024-07-11
760,1451,282,10,555.45,0.04,83.05,5415.37,ENVIADO,2024-06-19
761,159,1109,3,2214.96,,63.79,6110.63,ENVIADO,2024-09-03
762,175,996,6,9664.9,0.18,80.15,47631.46,ENVIADO,2022-01-30
763,67,351,4,4653.44,0.07,48.96,17359.76,PENDENTE,2023-02-19
764,34,409,2,14281.38,0.15,48.01,-500,PENDENTE,2023-05-17
765,735,468,3,622.69,0.18,87.28,0,ENVIADO,2024-08-08
766,903,801,1,4796.5,0.19,37.5,3922.67,ENVIADO,2022-08-17
767,454,797,4,8842.28,0.19,115.78,28764.77,CANCELADO,2023-09-06
768,545,255,6,4143.82,0.17,53.23,20689.45,PENDENTE,31/02/2025
769,690,312,2,13880.92,0.13,99.3,24252.1,ENVIADO,2022-07-30
770,950,625,4,8573.71,0.05,31.89,32611.99,ENVIADO,2023-07-06
771,270,484,5,5574.45,0.09,,25475.49,PAGO,2024-04-17
772,825,144,8,11510.39,0.01,108.61,91270.9,PENDENTE,2023-03-17
773,451,877,5,1620.38,,55.57,7590.34,ENVIADO,2023-05-27
774,622,601,7,908.57,0.02,57.98,6290.77,ENVIADO,2022-11-07
775,604,307,10,3015.91,0.03,,29298.66,PAGO,2023-10-05
776,370,927,8,11214.15,0.06,54.98,84385.39,PENDENTE,2022-09-02
777,438,406,8,11975.49,0.25,18.44,71871.38,ENVIADO,2023-08-02
778,650,69,2,8488.3,0.29,119.28,12172.67,PAGO,2024-06-01
779,477,463,3,9763.65,0.02,,28805.83,PAGO,03-09-2024
780,331,438,3,3897.62,0.07,104.44,10978.8,PENDENTE,2023-01-22
781,1066,316,3,1531.43,0.16,142.23,4001.43,CANCELADO,2022-12-01
782,278,239,4,11589.73,0.01,132.87,0,PENDENTE,2024-02-19
783,128,96,3,7610.42,0.17,82.31,19032.26,PENDENTE,2022-07-05
784,369,490,5,7640.85,0.28,12.26,27519.32,Cancelado,2023-09-08
785,719,87,-1,13141.61,,144.99,92136.26,ENVIADO,03-21-2022
786,888,758,5,5588.13,0.12,32.05,24619.82,PAGO,11-29-2022
787,314,414,6,13636.53,0.08,,0,PENDENTE,2022-11-20
788,358,919,4,1400.02,0.3,25.74,3945.8,CANCELADO,2024-09-02
789,925,264,3,4856.69,0.16,143.97,12382.83,PENDENTE,2023-04-07
790,762,98,7,4248.85,0.18,44.97,24433.37,CANCELADO,2022-09-27
791,384,678,-1,8698.94,,14.79,18804.5,PENDENTE,2022-11-28
792,12,586,8,7268.0,0.1,98.02,52427.62,CANCELADO,2024-11-19
793,346,914,3,3844.16,0.24,78.23,8842.91,PAGO,2025-01-17
794,233,999,8,12454.57,0.04,109.78,95760.88,PENDENTE,2024-03-25
795,907,524,4,2142.79,0.2,118.63,6975.56,,2024-01-13
796,711,970,9,2517.97,0.05,105.26,21633.9,ENVIADO,2023-02-19
797,983,993,7,4461.52,,146.08,22944.45,CANCELADO,2023-03-04
798,628,609,2,907.15,0.12,30.13,1626.71,ENVIADO,2023-02-01
799,359,73,4,14451.09,0.08,134.97,53314.98,PAGO,2022-08-29
800,537,106,10,7077.22,0.2,51.84,R$500,Cancelado,2023-06-08
801,478,437,10,2543.47,0.21,131.17,20224.58,PENDENTE,2024-10-09
802,987,443,7,868.65,0.03,117.79,6015.92,CANCELADO,31/02/2025
803,249,600,8,3336.39,0.13,47.21,23268.48,ENVIADO,2022-03-28
804,605,859,2,8642.87,0.04,116.96,16711.27,ENVIADO,2024-08-01
805,536,1291,7,12201.15,0.19,118.87,69299.39,PAGO,2024-07-24
806,260,368,6,5298.63,0.29,48.73,22620.89,CANCELADO,2024-04-01
807,800,836,3,12673.9,0.26,56.73,28192.79,ENVIADO,2023-10-03
808,655,191,7,3048.19,0.26,,15867.58,CANCELADO,2024-11-02
809,574,304,9,8083.05,0.12,107.39,64125.15,CANCELADO,2024-03-23
810,395,107,5,9209.03,0.29,,32747.4,PENDENTE,2023-05-18
811,451,664,4,2197.74,0.09,145.04,8144.81,ENVIADO,2025-03-24
812,397,765,5,10607.05,0.29,122.48,37777.51,PENDENTE,2023-10-21
813,720,253,9,8692.8,0.03,138.45,76026.59,PENDENTE,2024-08-10
814,857,55,8,9289.71,0.15,71.07,63241.1,PENDENTE,2022-05-11
815,67,978,5,8554.91,0.28,111.89,30909.57,CANCELADO,2023-11-08
816,818,897,,14195.09,0.04,85.55,R$500,Pago,2024-12-20
817,166,751,4,3747.02,0.18,116.23,12406.46,ENVIADO,2024-04-14
818,486,142,6,2761.18,0.09,34.84,15110.88,PAGO,2023-11-27
819,1192,537,,325.6,0.18,,R$500,CANCELADO,2022-05-23
820,194,652,10,7483.06,0.16,146.61,63004.31,PENDENTE,2024-11-05
821,839,456,1,9338.8,0.28,134.35,6858.29,PENDENTE,2022-07-24
822,618,159,10,13801.59,0.28,140.0,99511.45,PENDENTE,2024-10-02
823,414,43,6,898.19,0.29,77.26,3903.55,ENVIADO,2025-01-23
824,290,329,3,6729.61,0.06,142.19,-500,ENVIADO,2023-08-12
825,716,57,9,12472.23,0.06,,105537.56,PAGO ,2024-02-28
826,988,551,1,12359.72,,70.73,9834.91,PENDENTE,2023-03-30
827,1196,732,4,7439.22,,95.82,24794.03,CANCELADO,2022-12-29
828,847,234,6,13765.4,0.12,31.83,72713.14,CANCELADO,2023-02-24
829,670,755,5,6149.87,0.0,,30874.65,PAGO,2024-07-08
830,707,229,2,9571.2,0.03,136.31,18704.44,ENVIADO,2023-08-07
831,292,877,10,3937.26,0.23,65.29,30382.19,Pagoo,2022-08-12
832,39,854,7,2783.49,0.23,,15125.91,PENDENTE,2023-03-07
833,45,583,1,14229.87,0.1,143.06,12949.94,PAGO,2023-04-07
834,200,344,8,399.14,0.13,128.08,2906.09,,12-30-2024
835,742,956,6,5568.17,0.04,24.53,32097.19,PAGO,2025-02-28
836,21,665,8,14059.42,0.19,49.55,91154.59,ENVIADO,2024-09-08
837,157,466,9,13194.08,0.07,50.16,110484.61,CANCELADO,31/02/2025
838,728,901,9,12778.22,0.3,27.5,80530.29,ENVIADO,2024-01-15
839,682,409,3,10855.15,0.06,40.37,30651.89,ENVIADO,2024-02-07
840,219,403,3,7064.08,0.16,73.32,17874.8,ENVIADO,2024-11-25
841,966,454,1,10415.66,0.12,103.38,9269.16,ENVIADO,2023-10-11
842,889,757,3,11444.05,0.15,95.45,-500,Cancelado,2022-04-19
843,93,321,6,3061.05,0.05,39.82,17487.81,CANCELADO,2023-09-14
844,576,164,3,2465.59,0.04,137.43,7238.33,PAGO,2022-10-28
845,100,1353,1,2051.27,0.11,63.11,1888.74,PAGO,2024-10-04
846,581,353,6,14817.47,0.27,19.64,64920.16,CANCELADO,2023-08-22
847,972,806,2,5333.58,0.3,79.26,7546.27,PAGO,2024-09-29
848,171,54,4,10513.71,0.08,149.46,38839.91,Cancelado,2022-01-22
849,20,310,7,3010.64,0.14,64.38,18188.43,CANCELADO,2022-09-29
850,737,268,9,2909.69,0.08,21.66,24113.89,pago,2022-08-08
851,182,1007,2,2327.01,0.24,119.04,3656.1,ENVIADO,2023-11-09
852,109,628,2,861.37,0.04,138.52,1792.35,PAGO,2024-03-03
853,543,198,8,12266.91,0.21,79.34,77606.21,PAGO,2022-12-27
854,270,148,9,8640.0,0.06,27.36,73121.76,CANCELADO,2024-04-24
855,1456,224,7,3779.23,0.1,43.71,23852.86,PAGO,31/02/2025
856,13,763,2,4789.6,0.23,138.03,7514.01,ENVIADO,2024-01-29
857,782,501,6,8197.84,0.22,41.94,38407.83,ENVIADO,2024-08-07
858,1072,464,3,2148.4,0.23,68.74,5031.54,PENDENTE,2022-11-06
859,189,223,2,265.51,0.14,47.92,504.6,ENVIADO,2024-06-05
860,1166,164,8,14537.12,0.02,144.6,114115.62,ENVIADO,2022-01-27
861,647,163,6,9464.28,0.21,70.06,44930.75,ENVIADO,2022/05/10
862,428,253,4,14169.76,0.21,137.42,44913.86,PENDENTE,2022-09-18
863,801,648,10,14567.61,,93.0,135571.77,PENDENTE,2023-10-21
864,1200,474,10,13508.45,0.28,111.9,97372.74,pago,2023-04-03
865,336,365,10,7248.65,0.04,48.19,69635.23,PAGO,2023-08-29
866,754,907,4,7862.06,0.15,44.75,26775.75,ENVIADO,31/02/2025
867,795,932,3,6711.34,0.11,31.98,17951.26,PENDENTE,2023-10-24
868,127,54,6,8297.58,0.11,54.14,44363.22,PAGO,2023-08-03
869,775,1035,1,13251.23,0.02,110.42,13096.63,CANCELADO,2024-01-02
870,423,352,2,7396.99,0.16,83.46,12510.4,CANCELADO,2023-04-11
871,661,1389,9,382.89,0.19,107.62,2898.89,ENVIADO,2022-02-09
872,1302,1118,1,10051.24,0.21,87.0,-500,PENDENTE,2024-03-24
873,550,8,10,4235.63,0.17,81.52,35237.25,CANCELADO,99/99/9999
874,991,668,9,11554.85,0.06,25.78,97779.81,PENDENTE,2023-09-14
875,56,664,4,8511.36,0.27,45.33,24898.5,CANCELADO,2024-07-26
876,617,772,3,13813.87,0.14,93.54,-500,PAGO,2023-07-16
877,311,456,7,10936.65,0.29,23.61,54378.76,CANCELADO,2022-03-13
878,310,146,5,6864.78,0.28,147.66,24860.87,PENDENTE,2022-01-30
879,743,241,8,13049.48,0.17,88.04,86736.59,PAGO,2022-03-18
880,851,477,7,2641.84,0.0,135.64,18628.52,CANCELADO,2023-01-21
881,459,830,1,14937.65,0.01,88.85,14877.12,PAGO,2024-01-23
882,484,558,3,5611.55,0.27,111.67,12400.96,CANCELADO,2022-10-30
883,770,911,8,10142.15,0.12,144.59,71545.33,PENDENTE,2022-03-29
884,941,881,3,8989.91,0.16,126.48,22781.05,ENVIADO,2022-08-18
885,558,43,9,1575.15,0.0,140.83,14317.18,CANCELADO,2025-01-28
886,536,673,7,3301.69,0.11,67.12,20636.65,PAGO,2024-10-30
887,508,148,2,10430.16,0.09,,19098.7,PENDENTE,2023-01-16
888,697,74,2,3816.44,0.29,69.07,5488.41,ENVIADO,2022-03-27
889,33,512,6,5285.42,0.08,76.3,29251.82,ENVIADO,2022-02-25
890,986,500,2,7133.58,0.16,21.62,12006.03,PAGO,2023-10-24
891,796,721,8,3264.0,0.12,11.44,22990.0,ENVIADO,2025-01-02
892,50,260,,1782.68,0.16,34.35,15008.86,PENDENTE,2024-09-14
893,6,397,3,11591.49,0.01,35.57,34462.3,PAGO,2022-12-03
894,759,1269,10,8450.31,0.13,61.33,73579.03,Pagoo,2025-02-15
895,69,67,2,3956.38,0.28,60.07,5757.26,PENDENTE,2024-07-02
896,560,383,9,3959.84,0.02,120.6,35046.39,PAGO,01/02/2024
897,116,538,5,8791.88,0.0,133.25,44092.65,PAGO,2022-12-20
898,649,643,9,12883.22,0.02,103.39,113733.39,ENVIADO,2024-01-11
899,848,1344,7,913.9,0.13,131.89,5697.54,PENDENTE,2024-09-08
900,810,522,7,9697.69,,32.02,52302.57,PENDENTE,2022-03-23
901,403,288,8,9759.5,0.3,57.81,54711.01,PENDENTE,2024-08-19
902,709,502,6,8000.43,0.18,18.81,39380.93,PENDENTE,2025-03-05
903,996,314,4,12389.51,0.16,67.62,41696.37,CANCELADO,2023-01-25
904,371,730,9,8302.49,0.06,74.78,70313.85,CANCELADO,2023-01-10
905,830,509,6,3699.59,0.15,47.9,18915.81,ENVIADO,2022/01/07
906,951,507,8,14022.57,0.17,124.96,93234.82,ENVIADO,2024-03-03
907,144,186,2,5432.8,0.24,17.63,8275.49,PENDENTE,2022-03-23
908,581,62,1,1689.25,0.29,110.74,1310.11,PENDENTE,99/99/9999
909,325,1083,4,2594.2,0.29,63.66,7431.19,PAGO,2023-05-20
910,227,1344,8,9151.92,0.27,138.47,53585.68,PAGO,2022-06-17
911,455,454,3,11092.68,0.12,96.11,29380.79,CANCELADO,2022-02-12
912,631,398,8,9106.18,0.11,108.48,64944.48,PENDENTE,2023-08-19
913,389,1366,8,14410.61,0.21,88.86,91163.92,ENVIADO,2024-05-18
914,262,357,4,4051.44,0.27,46.38,11876.58,Pagoo,01-17-2024
915,1478,725,3,1403.8,0.21,17.01,3344.02,ENVIADO,2023-10-01
916,69,238,2,9321.75,0.17,119.63,15593.73,PAGO,2023-02-05
917,79,69,2,4050.28,0.23,84.75,6322.18,CANCELADO,2022-12-18
918,526,833,1,7523.68,0.27,65.13,5557.42,ENVIADO,2023-05-19
919,728,113,4,2448.06,0.18,15.92,8045.56,ENVIADO,2024-12-11
920,663,966,9,5321.95,0.18,110.57,39386.56,PENDENTE,2022-05-31
921,377,1250,5,1750.73,0.27,63.56,mil,PENDENTE,2023-09-11
922,146,17,4,13556.88,0.08,65.89,49955.21,PAGO,2023-08-29
923,359,477,7,13307.96,0.26,20.94,mil,PENDENTE,2022-01-23
924,150,1207,9,4058.74,0.01,40.62,36203.99,PAGO,2024-06-16
925,444,1496,9,561.62,0.23,112.01,4004.04,CANCELADO,2022-10-22
926,1007,202,2,9260.78,0.08,40.83,17080.67,CANCELADO,08/03/2023
927,168,880,1,3997.31,0.14,19.25,3456.94,CANCELADO,2024-08-18
928,265,591,9,8227.92,0.27,113.9,54171.33,PENDENTE,2023-04-09
929,445,495,5,4935.74,0.15,79.84,21056.73,PENDENTE,2023-03-25
930,255,476,3,13892.25,0.21,80.82,33005.45,PAGO,2023-10-05
931,1481,447,7,12229.61,0.05,76.24,81403.15,PENDENTE,2024-04-10
932,241,294,4,9166.38,0.05,,34864.53,ENVIADO,2022-07-09
933,813,828,3,14877.72,0.0,34.86,44668.02,PAGO,2022-12-05
934,1473,103,1,14944.81,0.02,15.53,14661.44,PAGO,2023-08-06
935,474,621,5,2377.76,0.23,82.08,9236.46,ENVIADO,2024-01-05
936,314,301,7,6281.18,0.28,,31778.35,Pago,2022-10-30
937,460,130,3,10847.09,0.08,56.58,29994.55,CANCELADO,2023-03-06
938,1437,35,6,2364.83,0.06,19.25,13356.89,CANCELADO,2024-07-09
939,335,764,7,9882.9,0.29,115.21,49233.22,CANCELADO,10-31-2022
940,246,1005,10,7440.46,0.08,38.32,68490.55,Pagoo,2024-10-23
941,152,341,9,4116.22,0.12,,32684.48,CANCELADO,2025-01-08
942,468,46,5,5002.43,0.12,97.79,22108.48,CANCELADO,2023-04-02
943,308,1118,dez,12254.71,,,9894.91,Cancelado,2023-07-15
944,922,560,7,264.82,0.26,112.59,1484.36,CANCELADO,2022-08-26
945,1220,1332,9,10891.3,0.05,101.85,93222.46,PENDENTE,2023-08-22
946,426,166,7,3077.32,0.05,23.66,20487.84,PAGO,2023/05/06
947,989,184,2,11478.21,0.1,80.06,20740.84,PAGO,2023-12-25
948,826,194,9,14175.21,0.22,137.53,99647.5,PENDENTE,2024-09-07
949,776,647,6,466.24,0.26,120.97,2191.08,PAGO,2023-04-10
950,957,935,-1,8370.72,,55.11,R$500,CANCELADO,2024-05-01
951,8,993,6,12932.86,0.03,128.02,75397.27,CANCELADO,2022-09-03
952,1055,1154,6,3705.64,0.16,69.59,18746.02,CANCELADO,2023-11-28
953,77,1146,9,5469.5,0.15,113.41,41955.08,PAGO,2024-01-13
954,999,1026,6,4788.31,0.04,90.7,27671.37,CANCELADO,2025-02-05
955,103,917,7,11289.48,0.01,138.64,-500,Pagoo,2022-03-29
956,370,416,9,1621.23,0.05,141.55,14003.07,PAGO,2024-08-21
957,726,130,3,11073.17,0.25,105.54,25020.17,ENVIADO,2025-01-26
958,441,217,10,10009.9,0.06,83.89,94176.95,PAGO,2024-05-10
959,620,510,1,14667.68,0.12,36.76,12944.32,PAGO,2023-04-18
960,763,48,2,10267.34,0.04,,19753.83,PENDENTE,2024-07-04
961,742,664,2,13034.64,0.1,67.56,23529.91,PENDENTE,2024-09-30
962,281,448,1,3796.63,0.13,32.2,3335.27,CANCELADO,2023-07-27
963,788,15,8,11789.71,0.16,92.11,79318.96,PENDENTE,2024-09-10
964,927,137,1,11719.5,0.19,63.84,9556.64,PAGO,2023-07-11
965,529,819,5,11201.12,0.01,89.4,55534.94,PENDENTE,2024-10-14
966,4,1100,1,4924.1,0.21,87.54,3977.58,CANCELADO,2025-04-15
967,412,686,10,8486.93,0.11,63.19,75596.87,ENVIADO,2023-04-12
968,576,17,2,1565.82,0.27,42.38,2328.48,ENVIADO,2022-10-05
969,220,224,6,1470.91,0.08,138.55,8257.97,PAGO,2022-07-11
970,811,613,9,11201.34,0.28,43.77,72628.45,PENDENTE,2024-04-23
971,103,91,9,8751.53,0.28,,56758.78,PAGO,2023-07-18
972,843,161,4,11067.38,0.22,37.42,34567.65,PENDENTE,2024-01-21
973,902,780,5,12524.5,,106.31,54587.88,ENVIADO,2022-08-11
974,162,217,2,2323.02,0.03,42.1,4548.76,CANCELADO,2024-07-16
975,609,546,10,3249.5,0.13,34.1,28304.75,PENDENTE,2024-04-11
976,792,549,8,13910.17,0.26,26.15,82374.36,PENDENTE,2022-04-19
977,552,897,,11988.16,0.07,17.11,44613.07,CANCELADO,2025-01-29
978,183,46,7,7367.82,0.25,29.56,38710.61,PAGO,2023-10-22
979,698,283,6,468.8,0.23,119.21,2285.07,PAGO,2022-06-19
980,1323,976,2,6595.91,0.27,100.66,9730.69,CANCELADO,2023-08-22
981,88,559,-1,9013.22,0.17,76.75,22519.67,Pagoo,31/02/2025
982,479,27,1,8996.19,0.0,46.58,9042.77,PAGO,2023-04-28
983,817,276,9,3433.11,,102.59,27910.78,PAGO,2024-04-12
984,1320,617,10,8382.77,0.19,120.11,68020.55,Cancelado,2022-04-07
985,887,1321,5,12526.78,0.04,87.81,60216.35,PENDENTE,2024-11-22
986,736,1357,4,7934.25,0.02,47.49,31149.75,CANCELADO,2024-04-14
987,22,249,7,11352.06,0.04,111.11,76396.95,Pagoo,2023-08-21
988,647,1207,3,5333.05,0.23,116.07,12435.42,PENDENTE,2022-02-17
989,482,387,5,6179.65,0.08,50.68,28477.07,PENDENTE,2023-07-19
990,996,138,8,9159.23,0.21,104.31,57990.64,CANCELADO,2023-02-02
991,264,602,6,13254.53,0.04,111.98,76458.07,PAGO,01-19-2025
992,247,608,2,9470.49,0.06,40.35,17844.87,ENVIADO,2023-11-02
993,98,1467,9,12878.51,0.23,,89358.91,ENVIADO,2022-08-18
994,858,612,9,13866.41,0.07,62.82,116124.67,ENVIADO,2022-01-07
995,1160,219,7,5531.21,0.24,28.75,29454.79,CANCELADO,2023-04-08
996,543,489,6,12574.22,0.18,115.91,61981.07,Pagoo,2023-07-18
997,429,79,2,3842.11,,114.44,7721.82,Cancelado,2023-11-23
998,959,405,7,6541.86,,,34819.19,PAGO,2024-12-01
999,1079,400,-1,13270.4,0.03,131.97,90237.99,CANCELADO,2022-04-17
1000,522,564,3,6554.88,0.03,97.69,19172.39,PAGO,2022-08-26
1001,918,568,1,11911.29,0.3,119.23,8457.13,PENDENTE,2023-04-24
1002,630,742,-5,819.94,0.2,73.21,1385.11,PENDENTE,2022-02-02
1003,464,262,10,12113.73,0.12,93.7,106694.52,ENVIADO,2022-07-03
1004,303,149,9,11757.29,0.17,99.15,87926.11,PENDENTE,2022-12-25
1005,111,190,4,4430.59,0.04,145.68,17159.15,ENVIADO,2022-08-30
1006,428,996,1,9636.2,0.05,40.23,9194.62,PENDENTE,2024-12-01
1007,919,575,1,12542.85,0.29,125.92,9031.34,CANCELADO,2022-03-03
1008,870,803,3,6105.34,0.23,86.23,14189.57,PENDENTE,2022-01-31
1009,829,437,2,10086.73,0.21,30.4,15967.43,CANCELADO,2024-03-27
1010,247,602,5,12749.46,,135.86,58783.38,ENVIADO,08/03/2024
1011,120,854,7,7568.41,,103.56,52022.85,CANCELADO,2022-06-14
1012,622,75,6,833.77,0.12,34.81,4437.12,PENDENTE,2023-07-28
1013,918,508,8,6651.57,0.08,32.72,48988.28,CANCELADO,2022-02-09
1014,95,764,8,10880.32,0.25,139.2,65421.12,,2024-12-28
1015,994,200,4,3055.94,0.07,141.21,11509.31,PAGO,08-08-2024
1016,695,105,2,9051.85,0.0,25.77,18129.47,CANCELADO,2024-02-10
1017,224,459,2,13373.18,,52.99,22519.93,PAGO,2022-07-13
1018,292,55,4,6787.04,0.2,126.48,21845.01,PENDENTE,06-03-2022
1019,655,95,8,13416.11,0.18,125.83,88135.51,ENVIADO,2024-06-15
1020,437,888,4,13123.5,,132.73,44227.69,PAGO,2024-10-06
1021,603,1441,7,6053.67,0.28,26.66,30537.16,PAGO,2024-01-18
1022,386,554,3,1283.6,0.25,35.26,2923.36,PAGO ,2025-01-09
1023,960,108,,6085.92,0.05,20.2,28928.32,PAGO,2025-02-15
1024,792,699,5,3543.58,0.19,85.86,14437.36,PENDENTE,2025-01-15
1025,737,613,5,7620.27,0.09,28.2,34700.43,ENVIADO,2025-01-22
1026,986,830,1,10435.3,0.13,59.97,9138.68,PAGO,2024-07-14
1027,799,80,10,970.95,0.19,146.27,8010.97,PENDENTE,2022-09-23
1028,591,201,8,14912.99,0.01,100.06,118210.94,PAGO ,2022-03-03
1029,889,1064,7,5726.47,0.19,105.99,32575.07,CANCELADO,2023-05-30
1030,537,403,8,8912.05,0.06,59.42,67078.04,CANCELADO,2024-03-12
1031,228,888,4,8201.81,0.27,90.16,24039.45,ENVIADO,2022-12-31
1032,352,399,3,14530.05,0.05,142.45,41553.09,PAGO,2025-02-20
1033,379,375,1,14275.39,0.15,46.8,12180.88,CANCELADO,2023/04/05
1034,1427,639,2,13168.7,,125.41,19351.71,PENDENTE,2023-07-06
1035,89,859,6,3168.58,0.09,55.53,17355.98,ENVIADO,2024-09-01
1036,1492,538,2,3587.47,0.13,129.22,6371.42,PAGO,2022-03-14
1037,182,468,-1,9243.47,,27.08,46614.17,CANCELADO,2024-04-03
1038,141,958,6,8369.95,0.27,118.62,36779.0,CANCELADO,2023-09-04
1039,142,505,6,7662.92,0.29,135.04,32779.08,CANCELADO,2022-12-31
1040,312,981,10,13659.09,0.29,,97103.28,CANCELADO,2023-04-16
1041,900,238,2,14377.75,0.04,,27738.11,PAGO,2024-12-04
1042,649,436,9,11077.56,0.2,49.75,79808.18,PENDENTE,2024-05-16
1043,653,808,8,10796.02,0.09,67.86,78662.89,PAGO,2024-12-12
1044,834,178,9,12119.78,0.03,28.72,105834.4,PAGO,2024-02-12
1045,907,93,-1,3686.33,0.08,32.42,30555.23,PENDENTE,2023-01-06
1046,492,476,6,3919.9,,88.69,16787.46,ENVIADO,2024-02-23
1047,568,247,2,5899.58,0.16,35.43,0,PENDENTE,2022-03-01
1048,177,159,10,14328.79,0.27,39.97,104640.14,PAGO ,2023-04-29
1049,148,243,3,4890.04,0.11,144.98,13201.39,ENVIADO,2024-10-06
1050,828,403,5,3722.09,0.01,56.57,18480.92,ENVIADO,2022-01-06
1051,179,451,2,2448.1,0.1,103.34,4509.92,PENDENTE,2025-04-01
1052,969,937,9,3660.55,0.04,123.72,31750.87,PENDENTE,2022-03-19
1053,272,780,9,7344.4,0.24,106.04,50341.74,CANCELADO,2024-11-19
1054,243,653,9,5927.3,0.02,127.3,52406.09,PAGO,2025-03-18
1055,588,329,2,6914.02,0.1,132.06,12577.3,PENDENTE,2023-12-15
1056,95,311,4,7179.97,0.2,112.89,mil,ENVIADO,2022-07-10
1057,118,149,7,745.28,0.05,31.25,4987.36,PAGO,2022-08-24
1058,764,1317,2,1756.69,0.11,24.63,3151.54,ENVIADO,2023-05-25
1059,638,765,4,574.6,0.17,70.4,1978.07,PAGO,2022-11-03
1060,289,181,2,1369.7,0.01,88.17,2800.18,CANCELADO,2024-02-09
1061,861,843,10,2920.94,0.25,,22056.29,CANCELADO,2022-09-20
1062,598,509,1,11649.92,0.07,73.52,10907.95,PENDENTE,2023-03-11
1063,266,965,2,13323.77,0.23,13.59,20532.2,PAGO,2022-12-07
1064,63,454,2,6479.7,0.26,13.13,9603.09,PENDENTE,2022-01-16
1065,728,888,5,505.1,0.02,12.36,2487.35,CANCELADO,2022-05-13
1066,605,694,6,5592.11,0.13,34.15,29224.96,PAGO,2022-08-31
1067,527,126,1,3124.15,0.24,113.14,2487.49,PAGO,19/01/2025
1068,832,745,6,6727.46,0.04,,38764.44,PENDENTE,2022-04-21
1069,235,341,2,14532.25,0.24,50.28,22139.3,PAGO,2025-03-03
1070,358,545,9,10151.96,0.13,108.48,79598.33,PENDENTE,2024-04-04
1071,830,942,8,13831.1,0.25,134.55,0,PAGO,2022-04-28
1072,1035,425,,1520.5,0.29,97.76,7654.64,ENVIADO,2023-06-22
1073,557,787,9,1037.81,0.21,116.02,0,PENDENTE,2022-03-28
1074,624,514,1,12121.32,0.09,126.22,11156.62,PENDENTE,2024-08-06
1075,702,124,7,5745.67,0.17,,33433.31,CANCELADO,2023-05-24
1076,179,781,6,6564.67,0.06,106.44,37131.18,PAGO,2023-06-25
1077,442,869,3,414.08,0.14,82.18,1150.51,PAGO,2023-06-16
1078,954,924,9,14156.84,0.24,42.93,96875.72,PENDENTE,2022-08-18
1079,456,986,1,10969.73,0.16,97.63,9312.2,CANCELADO,2023-09-15
1080,165,777,2,6780.34,0.26,59.85,10094.75,pago,2022-05-07
1081,266,554,1,6293.44,0.1,103.32,5767.42,PAGO,2022-11-20
1082,512,691,10,4070.83,0.05,103.86,38776.75,ENVIADO,2022-04-13
1083,603,364,4,10706.46,0.08,120.67,,PENDENTE,2023-11-14
1084,363,110,8,8723.89,0.26,102.21,51747.64,ENVIADO,2024-02-25
1085,738,272,10,6451.04,0.08,81.64,59431.21,PENDENTE,2024-04-12
1086,560,129,1,7547.94,0.17,120.51,6385.3,CANCELADO,2024-03-20
1087,771,540,0,9037.1,0.02,13.09,70863.95,PENDENTE,2023-02-23
1088,111,239,4,7137.15,0.12,10.06,25132.83,PAGO,2022-12-06
1089,980,286,5,7443.97,0.08,96.28,34338.54,PAGO,2024-08-20
1090,496,919,2,11590.55,0.04,46.22,22300.08,ENVIADO,2025-02-02
1091,279,82,8,4077.63,0.16,149.34,27551.01,PENDENTE,2025-04-06
1092,634,563,8,4688.0,0.15,89.41,31967.81,Pago,2022-10-04
1093,696,185,1,12675.38,0.23,149.26,-500,PAGO,2023-04-11
1094,551,771,9,12116.41,0.06,54.01,102558.84,Pagoo,99/99/9999
1095,672,667,10,4530.97,0.04,84.25,43581.56,ENVIADO,2024-06-02
1096,52,335,7,3946.72,0.0,120.67,27747.71,CANCELADO,2023-10-16
1097,197,801,9,12082.86,0.01,28.32,107686.6,ENVIADO,2023-11-21
1098,56,1478,7,9496.71,0.18,58.58,54569.7,ENVIADO,2024-05-26
1099,1015,711,8,4673.03,0.04,54.24,35943.11,CANCELADO,2024-12-28
1100,655,398,1,111.67,0.27,85.16,166.68,PAGO,2022-12-21
1101,904,965,6,6672.44,0.24,11.91,30438.24,PAGO,2022-10-29
1102,942,169,1,3074.29,0.08,112.96,2941.31,ENVIADO,2025-02-08
1103,839,651,3,5540.07,0.08,81.97,15372.56,CANCELADO,31/02/2025
1104,261,313,-1,4292.4,0.14,113.57,22262.35,ENVIADO,2022-06-23
1105,923,793,7,11467.08,0.07,51.09,,ENVIADO,2023-12-26
1106,671,556,1,12021.92,0.02,119.77,11901.25,PENDENTE,2023-10-28
1107,516,850,0,4016.14,0.27,56.34,8851.69,CANCELADO,2024-11-19
1108,863,436,6,14833.7,0.08,45.62,,PAGO,2024-08-31
1109,223,462,9,1625.15,0.19,101.13,11948.47,CANCELADO,2025-01-08
1110,824,638,10,8697.61,0.3,83.88,60967.15,PENDENTE,2024-09-08
1111,860,461,3,3821.82,0.07,123.43,10786.31,PENDENTE,2025-02-14
1112,607,461,3,7831.52,,120.93,21970.87,PENDENTE,2022-12-20
1113,528,1060,-1,10681.13,,39.69,8905.03,ENVIADO,2024-06-07
1114,47,932,1,7628.69,,104.01,6283.25,CANCELADO,2024-02-25
1115,296,64,4,13468.16,0.09,54.71,49078.81,PENDENTE,2023-02-04
1116,1376,888,dez,4759.56,,23.67,38100.15,CANCELADO,2024-02-16
1117,77,340,1,13546.03,0.01,70.6,mil,PAGO,2023-04-06
1118,2,828,8,8133.97,0.03,,63215.59,PENDENTE,2024-05-30
1119,208,302,9,2129.58,0.16,89.45,16189.07,PAGO,2024-08-25
1120,699,677,8,11728.21,0.02,14.29,91963.46,,2023-04-30
1121,966,90,3,6485.56,0.21,148.36,15519.14,PAGO,2025-02-07
1122,780,967,10,5540.79,0.04,20.2,53211.78,PENDENTE,2024-09-26
1123,617,190,2,1466.65,0.2,126.87,2473.51,PENDENTE,2024-09-04
1124,602,77,8,819.85,0.21,149.4,5330.85,CANCELADO,2024-09-22
1125,47,327,7,11696.94,0.04,,78731.73,PAGO,2024-03-28
1126,722,921,6,6161.93,0.29,74.31,26324.13,CANCELADO,28/07/2023
1127,498,533,9,2757.87,0.21,110.39,19718.85,CANCELADO,2022-01-13
1128,1060,806,6,14145.71,0.19,115.43,68863.58,PAGO,2023-10-08
1129,83,1292,1,11163.15,0.07,124.37,mil,PAGO,2022-01-10
1130,263,928,2,13161.3,0.17,53.72,21901.48,PENDENTE,2024-04-24
1131,610,264,5,14349.12,0.23,67.88,55311.99,PAGO,2023-03-13
1132,743,793,2,552.11,0.1,31.52,1025.32,CANCELADO,2024-06-15
1133,1442,903,4,5074.18,0.28,68.89,mil,CANCELADO,2023-09-06
1134,516,200,9,4568.52,0.05,122.03,39182.88,CANCELADO,31/02/2025
1135,950,284,1,5914.23,0.13,,5202.36,PAGO ,2023-10-27
1136,506,645,5,10964.69,0.2,94.01,43952.77,PAGO,2022-10-19
1137,303,1368,8,10236.02,0.02,108.38,80358.78,PAGO,2022-12-29
1138,915,85,3,2749.97,0.27,119.89,mil,PAGO ,2022-08-16
1139,884,737,3,13599.45,0.1,121.71,36840.23,Cancelado,2024-10-05
1140,454,722,4,12670.98,,87.1,43675.27,PAGO,31/02/2025
1141,295,981,10,3259.15,0.09,,29769.26,PAGO,2024-11-03
1142,996,779,5,984.85,0.16,97.76,4234.13,CANCELADO,2023-12-10
1143,250,1209,6,10296.65,0.1,16.4,55618.31,ENVIADO,99/99/9999
1144,397,735,8,7172.96,0.01,107.36,56917.2,CANCELADO,2023-09-21
1145,987,384,4,327.26,0.12,74.19,0,pago,2024-02-17
1146,134,1096,7,2771.0,0.03,85.21,18900.3,CANCELADO,15/07/2022
1147,586,41,7,12587.18,0.01,,87273.36,PAGO,2022-07-01
1148,455,226,3,9251.67,0.0,135.49,27890.5,ENVIADO,2023-10-25
1149,882,191,2,2581.46,0.22,117.95,4145.03,PAGO,2022-10-17
1150,1306,534,3,1184.51,0.14,74.87,3130.91,PAGO,2023-01-06
1151,718,981,3,1502.64,0.24,111.58,3537.6,CANCELADO,2025-03-04
1152,109,792,2,7556.93,0.06,62.0,14269.03,PAGO,2024-02-21
1153,46,726,1,11261.18,0.23,138.4,8809.51,PENDENTE,2024-11-07
1154,492,1050,3,12059.51,0.08,144.6,33428.85,pago,2025-02-02
1155,302,550,3,9386.58,0.25,42.01,21161.81,PENDENTE,2024-12-10
1156,68,432,6,8667.57,0.21,108.15,41192.43,PENDENTE,2023-03-25
1157,134,735,8,7480.44,0.26,27.81,0,ENVIADO,2023-06-04
1158,3,699,1,5179.63,0.24,42.31,3978.83,PAGO,2022-02-16
1159,1153,92,7,10245.89,0.24,146.96,54655.09,PAGO,2022-03-01
1160,863,989,9,12321.25,0.02,64.19,108737.62,CANCELADO,2024-04-11
1161,378,993,7,12624.69,0.27,74.47,64586.64,ENVIADO,2024-01-12
1162,1495,596,5,11686.47,0.23,52.07,45044.98,ENVIADO,99/99/9999
1163,386,172,8,2862.8,0.25,63.95,17240.75,CANCELADO,2025-02-10
1164,273,1377,3,1539.15,0.15,81.85,4006.68,ENVIADO,2022-10-30
1165,742,319,2,9877.06,0.17,63.24,16459.16,ENVIADO,2023-01-18
1166,683,59,6,7983.8,0.07,46.5,44596.1,ENVIADO,2024/04/10
1167,379,885,8,11679.86,0.12,106.58,82332.79,CANCELADO,2023-02-13
1168,246,448,6,8473.48,0.3,47.92,35636.54,PENDENTE,2022-06-11
1169,293,379,1,8041.59,0.27,90.18,5960.54,PENDENTE,2023-10-24
1170,381,590,7,5968.18,0.25,35.44,31368.38,PAGO,2023-06-29
1171,126,956,5,808.53,0.2,47.07,3281.19,CANCELADO,2023-03-14
1172,58,464,10,6201.49,0.2,74.11,-500,PENDENTE,2022-10-18
1173,82,378,9,6710.58,0.27,87.98,44176.49,ENVIADO,2023-06-16
1174,697,667,8,748.17,0.15,99.99,,PENDENTE,2023-04-01
1175,474,464,3,8668.02,0.12,,22938.92,CANCELADO,2022-11-09
1176,955,550,-1,388.31,0.28,55.57,614.74,pago,2023-10-17
1177,868,969,4,1816.33,0.01,52.16,7244.83,PAGO,2024-10-09
1178,931,36,4,1841.91,,58.42,6615.62,ENVIADO,2023-05-20
1179,737,383,10,5296.69,0.27,102.3,38768.14,PENDENTE,2024-12-05
1180,179,2,5,5466.59,0.14,107.09,23613.43,PAGO,2024-08-19
1181,930,51,9,14642.33,0.01,36.24,130499.4,PAGO,2022-01-29
1182,160,406,2,5326.23,0.25,125.31,8114.65,ENVIADO,2024-06-09
1183,781,269,9,12895.75,0.23,76.99,89444.54,PENDENTE,2022-10-18
1184,942,730,9,272.97,0.03,95.04,2478.07,PENDENTE,2023-01-01
1185,363,415,1,5667.86,0.25,96.51,4347.4,ENVIADO,17/05/2023
1186,545,1343,5,5964.36,0.24,48.61,22713.18,CANCELADO,01/11/2022
1187,226,794,7,2634.23,0.2,81.22,14832.91,CANCELADO,2024/09/02
1188,258,583,2,11993.25,0.28,102.36,,CANCELADO,2022-02-04
1189,687,94,10,10819.03,0.18,,88755.66,CANCELADO,2022-12-12
1190,163,683,1,1085.39,0.26,79.46,0,ENVIADO,2024-08-05
1191,1219,465,7,564.31,0.29,76.44,,ENVIADO,2022-02-27
1192,348,713,10,14458.24,0.16,76.52,121525.74,CANCELADO,2023-02-20
1193,94,646,7,4945.66,0.06,,32685.97,PAGO,2023-12-22
1194,794,358,8,12117.16,,49.59,-500,ENVIADO,2023-09-20
1195,682,781,7,7456.25,0.09,72.7,47569.01,PAGO,2023-06-11
1196,34,24,7,3679.07,0.09,40.88,23476.56,PAGO,2022-08-14
1197,580,666,6,2077.55,0.21,41.18,9888.77,PENDENTE,2024-08-05
1198,212,437,5,3536.87,0.02,53.96,17384.62,CANCELADO,2024-04-27
1199,254,306,6,11310.71,0.26,141.89,50361.44,PENDENTE,2023-05-12
1200,968,879,5,4151.3,0.14,41.7,17892.29,PENDENTE,2023/04/05
1201,513,431,3,9089.47,0.14,140.93,23591.76,PENDENTE,2022-11-19
1202,9,916,10,6694.24,0.02,34.27,65637.82,ENVIADO,2024-01-29
1203,1143,600,3,12889.97,0.04,44.22,37167.33,PAGO,2022-02-26
1204,755,896,6,1617.41,0.23,38.57,7511.0,CANCELADO,2024-08-23
1205,569,1362,7,14563.37,0.02,90.31,99995.03,PAGO,2022-05-29
1206,556,564,6,739.91,,134.63,4307.72,CANCELADO,2023-01-11
1207,213,672,2,300.37,0.07,73.11,631.8,PAGO,2025-02-04
1208,973,667,6,10667.12,0.27,89.67,46811.66,ENVIADO,2024-06-16
1209,66,477,5,2841.09,0.01,,14102.5,CANCELADO,2024-05-14
1210,186,460,6,10952.89,0.23,116.23,50718.58,ENVIADO,2025-03-20
1211,221,1355,1,3461.23,0.07,45.51,3264.45,ENVIADO,2024-05-24
1212,490,625,10,5223.65,0.24,44.88,39744.62,CANCELADO,2024-09-25
1213,30,222,,10756.75,0.29,28.45,38214.91,Pagoo,2022-11-30
1214,678,817,3,4404.26,0.26,18.19,9795.65,PAGO,2024-09-02
1215,708,508,6,12376.11,0.12,97.12,65442.98,ENVIADO,2022-11-12
1216,481,645,3,5105.39,0.26,18.97,11352.94,CANCELADO,2023-06-06
1217,743,758,-1,14208.37,0.15,97.81,36329.15,ENVIADO,2024/11/17
1218,705,567,0,12113.99,0.22,17.0,66159.39,PENDENTE,2022-11-06
1219,602,995,10,9266.41,0.21,34.95,73239.59,ENVIADO,2023-06-06
1220,571,466,3,2469.98,0.11,50.5,6645.35,PENDENTE,2023-02-04
1221,2,709,9,12250.48,0.06,50.59,103689.65,CANCELADO,2022-01-25
1222,22,824,-5,174.66,0.11,105.64,571.98,PENDENTE,2024-03-24
1223,674,215,3,14215.48,0.18,54.31,35024.39,PENDENTE,2022-02-05
1224,1189,409,6,8150.2,0.04,94.64,47039.79,ENVIADO,99/99/9999
1225,326,324,10,6045.3,0.13,74.86,52668.97,PAGO,2024-06-02
1226,344,680,5,9360.07,0.01,103.64,46435.99,,2024-12-30
1227,230,722,3,982.2,0.19,34.75,R$500,CANCELADO,2025-01-07
1228,1391,557,7,8046.07,0.3,51.71,39477.45,PENDENTE,31/02/2025
1229,182,584,9,13735.18,0.15,99.36,105173.49,ENVIADO,2023-09-29
1230,122,611,7,10868.82,0.07,102.19,70858.21,ENVIADO,05-11-2022
1231,627,260,9,3270.03,0.29,49.4,20944.89,ENVIADO,2022-11-11
1232,417,603,10,8919.04,0.18,,73226.68,ENVIADO,2024-05-14
1233,756,705,3,10599.33,0.02,58.7,31220.73,PAGO,2023-10-31
1234,277,251,9,13489.18,0.16,10.27,101988.47,PAGO,2022-05-03
1235,547,715,7,2476.93,0.14,71.06,14982.18,ENVIADO,2023-02-22
1236,496,418,2,7594.76,0.19,133.66,12437.17,CANCELADO,11/08/2022
1237,195,159,9,11870.71,0.06,41.59,100467.8,PAGO,2024-12-18
1238,726,1387,1,6102.79,0.27,,4534.06,PAGO,2023-06-30
1239,77,637,3,7016.99,0.13,67.37,18381.71,CANCELADO,2023-12-18
1240,183,753,1,14860.32,0.25,31.09,11176.33,PAGO,2022-10-11
1241,210,316,10,7618.3,0.17,143.34,63375.23,PENDENTE,2025-04-01
1242,24,456,5,9418.48,0.04,96.43,45305.13,Pago,2025-02-07
1243,469,315,,3838.55,0.11,96.49,27426.97,ENVIADO,2024-08-04
1244,860,470,9,14156.98,0.1,65.81,114737.35,CANCELADO,2022-01-21
1245,171,679,9,12096.93,0.26,55.73,80621.28,CANCELADO,2025-02-06
1246,63,19,,2703.54,0.16,45.37,20484.13,Pagoo,2023-09-17
1247,554,565,4,9290.44,0.22,,29032.84,ENVIADO,2024-01-29
1248,49,1,4,707.95,0.1,64.65,2613.27,CANCELADO,2024-03-04
1249,572,268,10,2889.9,0.13,85.79,25227.92,PAGO,2022-08-31
1250,166,425,-5,487.83,0.19,38.57,433.71,PAGO,2024-03-16
1251,682,352,-1,8388.22,0.28,124.59,42401.22,ENVIADO,2024-09-05
1252,1121,436,3,2779.87,0.26,,6198.79,ENVIADO,2024-03-07
1253,296,702,6,5598.03,0.07,71.19,31308.2,PENDENTE,2023-08-12
1254,1380,224,2,2510.04,0.25,135.93,3900.99,ENVIADO,2023-05-01
1255,656,147,8,7429.91,0.13,47.9,51760.07,PENDENTE,2025-04-11
1256,175,698,6,2116.35,0.26,24.2,9420.79,PAGO,2024-01-14
1257,95,265,8,6822.54,0.08,42.24,50256.13,CANCELADO,2022-08-18
1258,865,473,2,5358.98,0.09,122.81,9876.15,PAGO,2023-04-01
1259,543,223,7,1265.53,0.24,,6838.99,PENDENTE,02-14-2025
1260,492,557,8,2960.56,0.09,87.68,21640.56,PENDENTE,2023-11-02
1261,495,832,9,769.04,0.15,130.89,6014.05,ENVIADO,2022-11-29
1262,408,603,2,14804.32,0.07,123.91,27659.95,PAGO,2025-03-23
1263,30,707,1,1700.24,0.16,87.57,1515.77,PAGO,2025-01-11
1264,680,535,5,13570.94,0.05,51.27,64513.23,ENVIADO,2025-04-08
1265,175,575,6,12361.8,0.27,56.0,54200.68,pago,2022-05-27
1266,598,474,9,9145.86,0.27,128.4,60216.7,PAGO,2024/08/04
1267,769,595,9,4502.75,0.29,139.56,28912.13,ENVIADO,2024-12-07
1268,187,744,4,9580.17,0.06,80.39,36101.83,PAGO,2023-07-18
1269,345,591,1,13314.87,0.01,121.29,13303.01,PAGO,2024-01-29
1270,574,883,7,13870.68,0.18,40.94,79658.64,ENVIADO,2022-01-25
1271,685,327,4,1915.52,0.12,114.46,0,ENVIADO,2023-09-22
1272,1272,323,6,1836.51,0.22,15.92,8610.79,PAGO,2022-10-05
1273,732,473,4,6018.9,0.27,140.57,17715.76,CANCELADO,2024-11-09
1274,411,582,4,3150.61,0.07,96.62,11816.89,CANCELADO,2023-08-21
1275,253,89,6,12914.4,0.25,43.52,58158.32,PAGO,2022-10-02
1276,933,246,8,7302.66,,129.74,50372.04,PAGO,2024-02-13
1277,263,71,7,1166.62,0.27,97.28,6058.71,CANCELADO,2024-04-18
1278,44,999,6,14450.75,0.01,103.7,0,PAGO,2023-06-24
1279,693,278,dez,1758.57,,42.19,10874.98,PAGO,2025-03-12
1280,518,550,5,14078.5,0.15,117.14,59950.76,ENVIADO,2022-10-06
1281,127,465,5,13326.22,0.01,145.5,66110.29,PAGO,2023-02-20
1282,214,605,9,11404.9,0.27,81.02,75011.21,CANCELADO,2024-08-30
1283,850,258,2,3503.57,0.0,11.74,7018.88,,2022-09-19
1284,358,271,3,14548.93,,19.49,31445.18,PENDENTE,2022-01-15
1285,287,68,1,867.82,0.21,106.53,792.11,PAGO,2022-05-02
1286,732,631,5,1499.88,0.19,30.22,6104.73,CANCELADO,2025-03-22
1287,188,182,6,1190.37,0.15,51.8,6122.69,PAGO,2024-12-28
1288,53,1007,4,4596.07,0.16,23.89,15466.69,PENDENTE,2022/03/13
1289,1185,812,4,5876.04,,111.0,17974.16,PAGO,2022-05-03
1290,250,140,6,14330.62,0.17,11.73,71378.22,PAGO,2022-08-12
1291,833,390,10,638.02,0.15,133.84,R$500,ENVIADO,2022-08-18
1292,114,584,3,8216.42,0.3,19.58,17274.06,CANCELADO,2023-08-24
1293,1176,925,3,2771.33,0.04,100.71,8082.14,PAGO,2025-04-09
1294,760,844,8,11971.59,0.14,35.24,82399.78,ENVIADO,31/02/2025
1295,618,838,5,10808.6,0.01,145.89,53648.46,Pago,2022-08-06
1296,114,328,9,8730.0,0.25,33.9,58961.4,CANCELADO,2024-09-07
1297,811,900,9,10123.48,0.04,,87541.78,ENVIADO,2025-02-15
1298,579,113,dez,507.28,0.09,128.49,4744.74,PENDENTE,2024-03-15
1299,748,641,3,12507.41,0.24,147.15,28664.04,ENVIADO,2023-10-15
1300,192,152,1,2539.22,0.3,37.9,1815.35,PENDENTE,05/01/2022
1301,562,532,7,3745.03,0.09,110.0,,PAGO,2022-09-06
1302,416,818,1,366.68,0.29,129.06,389.4,ENVIADO,2022-04-02
1303,555,815,6,4517.02,0.3,143.13,19114.61,,2024-11-20
1304,225,256,7,1798.74,0.03,126.9,12340.34,CANCELADO,2023-06-15
1305,145,778,10,14443.53,0.09,146.19,R$500,ENVIADO,2022-03-03
1306,385,967,10,9116.0,0.08,91.48,83958.68,PAGO,2022-10-13
1307,553,933,2,10337.0,,29.29,19669.59,PAGO,2024-12-23
1308,909,72,8,3945.96,0.1,29.03,28439.94,ENVIADO,05/02/2022
1309,164,635,2,14887.51,0.17,29.53,24742.8,CANCELADO,2023-12-10
1310,294,1219,7,1734.05,0.01,75.05,0,PAGO,2022-07-03
1311,764,930,0,3023.55,0.27,89.49,6711.06,CANCELADO,2022-01-24
1312,440,446,6,3381.34,0.24,134.77,15553.68,PENDENTE,2024-06-19
1313,225,873,5,5754.63,0.29,24.99,20453.93,CANCELADO,2024-10-04
1314,266,241,6,8383.85,0.13,78.76,43842.46,PENDENTE,2024-03-18
1315,4,522,7,12712.61,0.21,64.24,70364.97,ENVIADO,2024-04-17
1316,453,523,-1,11855.8,,75.39,54019.28,CANCELADO,2024-10-22
1317,309,1372,3,1900.8,0.09,48.06,5237.24,PAGO,2023-11-20
1318,444,864,dez,9076.93,0.23,32.91,34979.09,PAGO,2022-07-27
1319,628,505,4,8209.6,0.02,30.55,32212.18,PENDENTE,2022-05-13
1320,284,1434,7,8061.87,,66.72,39569.88,CANCELADO,2023-09-29
1321,768,286,2,12036.17,0.06,,22758.85,ENVIADO,2022-10-19
1322,1358,658,9,5788.06,0.3,38.37,36503.15,PAGO,2022-07-03
1323,34,961,1,3163.65,0.28,76.48,2354.31,ENVIADO,2022-04-04
1324,108,906,7,13263.91,0.05,148.28,88353.28,CANCELADO,2024-08-13
1325,337,889,6,13820.54,0.19,20.79,67188.61,ENVIADO,2024-12-06
1326,483,141,8,8989.19,0.02,41.74,70516.99,PENDENTE,2022-09-23
1327,694,611,10,9513.47,,77.36,83795.9,PAGO,2022-01-15
1328,294,561,1,10112.57,0.21,61.29,R$500,PENDENTE,2023-03-13
1329,988,191,3,14554.76,0.04,91.91,42009.62,ENVIADO,2022-02-10
1330,454,699,6,1013.07,0.19,26.58,4950.1,PAGO,2022-08-25
1331,917,306,3,5838.16,0.0,139.88,17654.36,PENDENTE,2023-08-01
1332,720,767,2,9307.64,,90.9,13866.21,PAGO,2022-02-01
1333,235,48,3,1531.99,0.27,62.79,3417.85,PENDENTE,2023-11-07
1334,564,93,2,67.04,0.01,26.59,159.33,ENVIADO,2022-09-08
1335,253,566,6,4827.86,0.23,130.99,22435.7,CANCELADO,2025-02-26
1336,1344,350,6,3908.77,0.11,141.44,21014.27,ENVIADO,2024-01-28
1337,433,792,,7039.09,0.01,19.05,55768.64,ENVIADO,2024-12-24
1338,771,236,8,9975.4,0.02,23.68,78230.82,PAGO ,2024-10-27
1339,723,471,3,5762.17,0.05,34.19,16456.37,CANCELADO,2022-04-04
1340,439,257,-1,174.08,0.2,62.81,480.6,ENVIADO,2024-05-05
1341,367,619,3,3283.96,,111.08,8386.66,ENVIADO,2023-04-24
1342,1269,343,6,11665.76,0.08,58.56,64453.56,CANCELADO,2024-07-09
1343,264,1243,1,4727.77,0.2,113.3,3895.52,ENVIADO,2022-06-07
1344,884,29,4,12470.98,0.16,30.6,41933.09,pago,2022-12-26
1345,151,494,2,1614.12,0.02,75.07,3238.75,PAGO ,2022-11-19
1346,557,1090,2,4348.47,0.25,,6589.28,PENDENTE,01-19-2023
1347,765,424,10,11924.81,0.0,149.56,119397.66,Pago,2024-07-11
1348,909,778,1,13825.44,0.24,21.25,10528.58,PENDENTE,2023-03-04
1349,856,470,3,3822.0,0.08,90.86,10639.58,PAGO,2025-01-10
1350,577,34,7,11348.36,0.1,18.52,71513.19,PENDENTE,2022-09-18
1351,162,777,8,2719.13,0.26,32.41,16129.66,PAGO,2022-09-14
1352,736,430,8,5939.09,0.1,34.03,42795.48,CANCELADO,2022-02-17
1353,1,518,9,6534.04,0.24,68.62,44761.45,PAGO,2025-03-03
1354,865,176,10,715.93,0.06,20.89,6750.63,PAGO,2025-04-12
1355,921,161,-1,14357.63,0.07,34.26,80149.84,PAGO,2022-08-21
1356,1438,232,6,4269.52,0.24,105.61,19574.62,PENDENTE,2023-05-18
1357,1276,1289,4,5923.83,0.05,69.75,22580.3,CANCELADO,2023-07-08
1358,901,594,1,6676.08,0.1,93.78,6102.25,ENVIADO,31/02/2025
1359,317,603,6,4182.27,0.02,12.08,24603.83,PAGO,2025-04-15
1360,406,458,2,10550.8,0.03,62.13,20530.68,ENVIADO,2023-05-31
1361,919,928,,10524.27,0.27,69.6,23117.75,CANCELADO,2022-10-09
1362,196,171,2,960.66,0.21,130.41,1648.25,PENDENTE,2022-04-12
1363,453,497,10,6925.71,0.04,75.26,66562.08,CANCELADO,2023-10-21
1364,553,811,2,8868.7,0.22,145.68,13980.85,PENDENTE,2023-04-26
1365,604,604,9,6461.38,0.03,132.16,56540.01,,2023-11-15
1366,805,804,6,11033.91,0.16,126.14,55737.05,PAGO,2024-11-06
1367,494,129,10,11688.2,0.11,139.36,104164.34,PENDENTE,2023-01-11
1368,9,774,2,8008.59,0.11,121.41,14376.7,CANCELADO,2023-01-05
1369,93,872,3,11897.93,0.07,48.29,33243.51,ENVIADO,2022-03-23
1370,1298,1,5,13780.04,0.27,,R$500,PAGO,2022-04-13
1371,87,589,4,3699.24,0.23,85.42,11479.08,PAGO,2024-05-09
1372,955,542,3,6931.83,0.2,54.85,16691.24,PENDENTE,2024-03-11
1373,726,539,6,174.64,0.17,41.96,911.67,PENDENTE,2023-02-10
1374,118,13,10,3899.45,0.21,145.1,30950.76,PENDENTE,2024-07-30
1375,482,1440,7,7859.92,0.14,68.83,47385.55,CANCELADO,2024-05-27
1376,485,336,6,1519.3,0.17,12.77,7578.88,pago,2023-08-11
1377,456,316,5,11577.0,0.02,79.47,56806.77,PAGO,2022-12-05
1378,301,792,dez,5558.45,0.07,127.89,46652.12,PAGO,2022-01-07
1379,233,513,6,9394.81,0.09,113.87,51409.53,PAGO,2025-04-06
1380,489,547,2,3942.52,0.13,52.66,6912.64,CANCELADO,2023-03-11
1381,406,746,7,1253.67,0.23,128.05,6885.33,PENDENTE,2024-04-07
1382,829,923,2,5528.79,0.09,107.16,10169.56,PENDENTE,2025-03-27
1383,12,796,-1,4634.82,0.01,73.62,41369.87,PAGO,2023-04-12
1384,455,274,7,8890.26,0.07,13.79,57889.38,PENDENTE,2023-01-10
1385,431,421,8,13670.14,0.19,118.65,88701.16,PAGO,2024-03-04
1386,211,587,7,3081.17,0.2,,17288.23,CANCELADO,2022-02-14
1387,1332,310,10,2087.99,0.25,107.23,15767.15,ENVIADO,2022-03-02
1388,211,192,1,11442.8,0.12,32.8,10102.46,PAGO,2025-03-06
1389,953,164,8,1817.57,0.05,108.34,13921.87,ENVIADO,2023-09-23
1390,176,415,10,4393.21,0.01,110.51,43603.29,CANCELADO,2022-02-09
1391,368,794,10,9165.23,0.13,,79751.25,PENDENTE,2023-07-11
1392,935,525,5,9887.16,0.07,17.6,45992.89,PAGO,2024-03-02
1393,977,657,5,9956.59,0.2,58.12,39884.48,PENDENTE,2024-11-12
1394,2,205,8,11625.17,0.03,17.62,-500,PAGO,2024-07-19
1395,154,542,3,9017.56,0.12,,23840.7,ENVIADO,2022-10-29
1396,676,594,6,14272.11,0.06,100.56,,ENVIADO,2022-08-14
1397,484,416,7,2003.83,0.17,84.25,0,CANCELADO,2023-07-29
1398,334,823,10,5734.65,,99.87,45977.07,CANCELADO,2022-10-20
1399,674,898,6,3239.95,,91.98,16032.53,ENVIADO,2024-04-09
1400,1471,722,1,3763.89,0.11,116.55,3466.41,CANCELADO,2023-12-28
1401,783,436,5,7528.46,0.02,84.59,36974.04,CANCELADO,2024-11-10
1402,122,361,10,6787.51,0.15,82.49,57776.33,Pagoo,2024-08-07
1403,640,994,9,6128.13,0.18,28.11,45253.71,PAGO,2023-06-10
1404,1214,397,3,2503.47,0.12,96.78,6705.94,CANCELADO,2024-02-12
1405,605,931,10,9866.42,0.05,138.07,93869.06,ENVIADO,2025-02-12
1406,1063,508,8,9171.51,0.11,119.34,R$500,PENDENTE,2024-12-17
1407,1460,1153,dez,1287.87,0.3,66.34,9081.43,PAGO,2023-09-17
1408,678,233,1,13063.31,0.22,88.96,10278.34,ENVIADO,99/99/9999
1409,554,446,6,12495.69,0.12,32.37,66009.61,PAGO,2024-11-28
1410,345,852,4,484.08,0.28,149.07,1543.22,PAGO,2024-01-28
1411,135,901,1,1295.92,0.2,44.44,1081.18,PENDENTE,2023-08-18
1412,7,318,4,11935.13,0.09,46.07,43489.94,PAGO,31/02/2025
1413,508,202,3,1117.65,0.3,58.95,2406.01,PAGO,2023-02-11
1414,199,216,8,623.92,0.09,,4577.88,ENVIADO,2022-02-22
1415,1496,548,7,12992.7,0.23,54.13,70084.78,ENVIADO,2022-03-11
1416,705,571,6,1365.63,0.21,144.54,6617.63,Cancelado,2022-05-31
1417,363,522,1,5177.81,0.16,21.07,4370.43,CANCELADO,2023-05-25
1418,1006,944,7,722.43,0.15,76.19,4374.65,CANCELADO,2022-02-07
1419,255,619,9,2261.18,0.02,85.55,20029.16,CANCELADO,2025-01-19
1420,701,972,5,9432.56,0.21,12.95,37271.56,ENVIADO,2023-08-02
1421,727,615,4,13006.94,0.22,57.96,40639.61,,2022-04-20
1422,861,443,8,657.72,0.22,94.72,-500,CANCELADO,04-01-2023
1423,698,877,3,12165.14,0.11,23.47,32504.39,PAGO,31/02/2025
1424,818,1245,3,2218.17,0.09,94.09,6149.69,PAGO,2024-12-25
1425,696,792,3,13779.64,0.27,21.19,30198.6,ENVIADO,2024-09-22
1426,418,1119,7,2713.43,0.1,116.25,17210.86,PENDENTE,2024-02-05
1427,1476,929,8,108.95,0.27,82.37,mil,PENDENTE,2024-12-23
1428,90,663,7,4004.41,0.0,86.3,28117.17,PAGO,2022-10-21
1429,24,623,5,5097.72,0.21,117.43,20253.42,PENDENTE,99/99/9999
1430,734,547,7,664.11,0.26,74.89,3514.98,PENDENTE,2022-03-31
1431,766,571,,4237.11,0.09,56.11,38613.81,PENDENTE,2023-08-04
1432,866,290,6,5984.09,0.12,131.37,31727.37,PAGO,2023-04-26
1433,419,106,7,12608.54,0.09,69.23,80385.63,pago,2023-12-25
1434,65,1118,9,5490.19,0.02,143.68,48567.16,ENVIADO,2022-04-21
1435,451,586,1,5613.83,0.05,52.31,5385.45,CANCELADO,2023-03-14
1436,832,328,8,8761.2,0.1,74.43,63155.07,CANCELADO,2024-04-08
1437,440,339,7,13279.92,0.17,37.27,77193.61,ENVIADO,08-17-2024
1438,994,249,8,12716.52,0.24,,77338.86,ENVIADO,2023-05-11
1439,871,837,3,10359.24,0.18,,25560.8,PENDENTE,2023-10-22
1440,168,836,7,14022.87,0.27,74.43,71731.3,PENDENTE,2023-04-04
1441,889,347,3,720.08,0.07,35.53,,CANCELADO,2023-08-24
1442,985,1345,8,9904.45,0.18,83.54,65056.73,CANCELADO,2022-09-17
1443,1283,937,8,4867.64,0.17,95.31,mil,PENDENTE,2023-01-13
1444,443,641,3,13705.89,0.15,,35025.46,CANCELADO,31/02/2025
1445,4,213,9,5435.36,0.07,121.66,45615.62,PAGO,2024-08-26
1446,305,746,1,2001.5,0.15,12.59,1713.86,PAGO,2024-05-30
1447,15,863,1,3691.75,0.12,122.68,3371.42,ENVIADO,2022-05-26
1448,459,274,6,8933.29,0.19,39.24,43455.03,CANCELADO,2022-06-08
1449,936,724,9,6420.19,0.18,96.83,47477.83,ENVIADO,2023-08-31
1450,135,764,4,14630.89,0.08,63.34,53905.02,Cancelado,2022-08-02
1451,296,576,6,3435.12,0.0,107.97,20718.69,CANCELADO,2024-10-16
1452,847,1263,3,5128.3,0.21,114.51,12268.58,ENVIADO,2022-04-29
1453,1375,996,5,1029.54,0.16,63.82,4387.89,CANCELADO,2024/03/12
1454,528,439,8,9360.51,0.17,121.55,,PAGO,2022-04-14
1455,61,588,3,6269.37,0.12,28.54,16579.68,ENVIADO,2024-12-06
1456,331,336,6,13329.24,0.11,148.77,mil,ENVIADO,2024-12-23
1457,299,700,1,5374.05,0.12,59.41,4788.57,ENVIADO,08-30-2023
1458,207,542,7,13684.0,0.3,12.38,67063.98,ENVIADO,99/99/9999
1459,1024,830,5,2325.17,0.06,100.02,,CANCELADO,2022-05-22
1460,685,593,1,8766.55,0.13,19.27,7646.17,CANCELADO,2023-11-21
1461,1163,276,2,3161.98,0.12,47.84,5612.92,PAGO,2025-03-19
1462,656,655,4,8604.1,0.2,,27667.48,CANCELADO,2023-07-08
1463,893,829,1,12025.43,0.29,59.53,8597.59,CANCELADO,11/11/2022
1464,578,762,8,9981.52,0.14,84.56,68757.42,CANCELADO,2024-12-06
1465,207,4,9,7839.29,0.22,127.47,55159.29,PENDENTE,2023-05-17
1466,226,173,7,486.3,0.19,111.16,2868.48,PAGO,2024-06-27
1467,3,394,7,2743.26,0.18,102.01,15848.32,ENVIADO,2025-01-12
1468,302,798,3,13297.58,0.25,125.04,30044.6,ENVIADO,2022-10-23
1469,486,122,8,9377.61,0.28,13.78,54028.81,ENVIADO,2023-10-10
1470,894,819,9,9422.76,0.13,103.95,73884.16,ENVIADO,2024-10-13
1471,208,608,9,1179.36,0.25,131.09,8091.77,CANCELADO,2024-10-08
1472,572,595,5,5556.52,0.3,116.69,19564.51,PAGO,2022-11-15
1473,702,491,7,1207.52,,65.88,7926.84,PAGO,2022-11-13
1474,663,809,9,7854.46,0.12,101.79,62309.11,ENVIADO,2022-03-17
1475,49,466,10,1996.69,0.14,30.54,17202.07,ENVIADO,2023-09-15
1476,466,944,1,3654.3,0.09,68.9,3394.31,CANCELADO,2023-12-27
1477,14,820,8,6645.04,0.22,117.23,41582.28,CANCELADO,2024-06-20
1478,34,367,3,9662.74,0.16,,24446.6,PENDENTE,2022-08-03
1479,319,66,5,13318.7,0.29,101.2,47382.58,ENVIADO,2022-08-22
1480,769,403,9,9034.07,0.22,91.59,63510.76,CANCELADO,2023-07-01
1481,1390,299,5,6191.97,0.14,123.43,26748.9,PAGO,2024-06-03
1482,138,628,6,7206.89,0.23,80.84,33376.67,PENDENTE,2024-06-18
1483,522,403,9,11614.87,0.06,15.28,98277.08,PENDENTE,2023-04-10
1484,93,385,6,1053.21,0.1,113.44,mil,ENVIADO,2023-06-06
1485,745,126,6,11150.3,0.17,86.27,55614.76,ENVIADO,2022-01-07
1486,972,166,3,1172.3,0.2,66.63,2880.15,CANCELADO,2024-09-09
1487,911,60,10,3842.08,0.17,107.16,31996.42,CANCELADO,2023-05-10
1488,790,957,,12182.38,0.13,129.38,10728.05,ENVIADO,2024-02-12
1489,1161,615,7,14849.42,0.12,143.36,91615.79,PENDENTE,2022-10-01
1490,226,276,10,8833.98,0.01,135.95,87592.35,PAGO,2024-08-29
1491,630,74,6,2262.8,0.09,124.0,12478.89,ENVIADO,2024-01-09
1492,315,144,7,12207.07,0.03,63.72,82949.73,ENVIADO,2023-11-17
1493,777,162,3,7299.79,0.13,129.11,,CANCELADO,12-05-2023
1494,852,960,5,11696.72,0.28,,42154.0,PENDENTE,2023/04/24
1495,283,388,2,5619.39,0.14,91.24,9756.59,CANCELADO,14/03/2023
1496,297,15,10,4847.02,0.07,79.38,45156.67,ENVIADO,2025-01-02
1497,1118,88,5,3107.83,0.03,22.89,15095.87,PAGO,2025-01-28
1498,47,630,,9470.31,,52.17,59715.12,PENDENTE,2023-05-16
1499,1018,1100,,14132.14,0.05,114.03,80667.23,PAGO,2023-10-31
1500,1210,173,5,11118.69,0.03,120.36,R$500,Cancelado,2024-04-02
1501,1164,211,9,2126.93,0.04,,18405.81,PAGO,2022-07-15
1502,757,629,1,12758.04,0.03,39.08,12414.38,PAGO,2023-03-16
1503,751,613,5,5046.32,0.26,105.1,18776.48,PAGO,2022-12-21
1504,525,441,7,2916.03,0.05,17.63,19409.23,PENDENTE,2023-07-21
1505,564,653,6,2676.66,0.14,42.49,13854.06,CANCELADO,2025-02-26
1506,274,1470,7,14407.41,0.11,44.48,89802.64,PENDENTE,2024-04-08
1507,715,380,3,4342.38,0.13,148.94,11482.55,ENVIADO,2022-09-18
1508,902,785,10,8280.64,0.1,44.98,74570.74,CANCELADO,2024-08-30
1509,657,469,7,14264.51,0.22,86.59,77970.81,PAGO,2024-04-25
1510,403,749,9,2223.78,0.17,92.63,16704.27,PENDENTE,2024-10-21
1511,404,919,9,9843.56,0.21,22.37,70010.08,PAGO,2022-07-15
1512,629,434,8,14384.71,0.27,12.67,84019.38,PENDENTE,2023-09-02
1513,453,407,3,4863.25,0.08,30.18,13452.75,PENDENTE,2022-08-11
1514,1203,954,10,12911.41,0.18,135.9,106009.46,ENVIADO,2024-02-24
1515,581,472,2,9313.92,0.14,,16124.05,PAGO,2022-12-14
1516,792,585,0,1721.56,0.23,44.57,1370.17,ENVIADO,2024-09-14
1517,211,980,5,8011.52,0.03,16.38,38872.25,PENDENTE,2022/03/19
1518,931,558,2,1573.87,,49.61,3197.35,PENDENTE,2022-03-21
1519,576,1494,,12801.17,0.28,66.59,64584.49,PENDENTE,2023-06-13
1520,1164,957,6,4549.4,0.08,31.83,25144.52,PAGO,2023-02-25
1521,392,61,2,4872.4,0.14,129.73,8510.26,PAGO,2022-10-05
1522,476,686,1,2440.35,0.28,87.79,1844.84,ENVIADO,2022-06-03
1523,623,219,7,7157.02,0.15,78.72,42662.99,ENVIADO,2023-09-10
1524,114,674,7,1849.27,0.17,50.08,10794.34,PENDENTE,99/99/9999
1525,680,444,3,5840.27,0.12,45.46,15463.77,pago,2024-01-15
1526,738,829,2,14014.87,0.14,85.99,24191.57,PENDENTE,30/04/2022
1527,606,644,6,6501.63,0.1,102.88,35211.68,PAGO,2024-07-22
1528,1012,137,6,6088.3,0.01,63.59,36228.09,PAGO,2024-02-14
1529,979,985,7,12919.97,0.08,120.24,mil,PAGO,2024-09-22
1530,145,8,8,6126.5,0.06,110.82,46182.1,PENDENTE,2023/08/05
1531,483,1140,3,7899.61,0.11,94.84,21186.8,PENDENTE,2024-02-03
1532,105,722,2,14041.47,0.1,14.16,25288.81,PENDENTE,2022-01-16
1533,448,297,2,9600.56,0.28,60.31,13885.12,PAGO,2022-02-18
1534,105,637,5,13652.3,0.21,56.12,53982.71,CANCELADO,2023-08-13
1535,1044,820,8,4331.8,0.27,28.04,25325.75,ENVIADO,2025-02-19
1536,992,26,4,6980.59,0.18,26.16,22922.5,PENDENTE,2024-04-04
1537,15,327,6,8297.19,0.29,138.1,35484.13,PAGO,2024-05-08
1538,441,581,0,10348.27,0.11,31.45,9241.41,ENVIADO,2023-07-14
1539,916,45,2,5998.12,0.04,68.01,11584.4,PAGO,2024-11-14
1540,491,741,7,9247.16,0.05,95.8,61589.41,PAGO,2024-12-24
1541,1017,247,3,13516.29,0.05,52.21,38573.64,ENVIADO,2022-08-10
1542,347,323,8,4241.19,0.29,139.94,24229.9,PENDENTE,2023-03-13
1543,148,636,6,10141.33,0.09,35.38,55407.04,Pago,2022-10-14
1544,402,189,10,9009.41,0.13,23.89,78405.76,PENDENTE,2022-09-02
1545,247,605,3,13499.71,0.11,39.39,36083.62,PAGO,2023-04-18
1546,513,1049,5,7983.95,0.28,60.16,,PENDENTE,2024-09-29
1547,87,619,1,50.88,0.19,35.73,76.94,CANCELADO,2024/10/05
1548,363,994,10,4650.38,0.22,91.11,36364.07,PENDENTE,2023-04-25
1549,395,667,8,6992.79,0.23,,43193.16,CANCELADO,2023-12-24
1550,630,717,2,13801.55,0.2,146.36,0,PAGO,99/99/9999
1551,1340,1370,2,12324.08,0.19,76.75,20041.76,ENVIADO,2022-02-19
1552,846,490,7,3083.38,0.07,31.16,20103.96,CANCELADO,2024-11-15
1553,226,1015,8,1275.14,0.09,31.31,9314.33,PENDENTE,2023-05-14
1554,75,213,3,3909.6,0.1,102.22,10658.14,PAGO,2024-10-02
1555,207,821,8,6202.76,0.17,133.53,-500,Pagoo,2023-12-25
1556,439,403,-1,2776.16,0.13,121.02,12197.32,PENDENTE,2024-09-28
1557,375,689,7,4723.95,0.23,95.9,25557.99,CANCELADO,2024-01-23
1558,23,315,7,9389.6,0.09,144.2,59955.95,PAGO,2024-05-13
1559,769,459,7,10670.21,0.05,142.25,71099.15,PENDENTE,2022-05-30
1560,113,309,7,13032.77,0.2,136.14,73119.65,PAGO,2023-08-11
1561,996,505,10,6965.34,0.26,62.3,51605.82,PAGO,2023-08-23
1562,697,862,3,11617.09,0.06,100.32,32860.51,ENVIADO,2024-03-30
1563,456,13,7,2973.01,,103.93,16960.9,PENDENTE,2022-02-25
1564,862,51,9,4396.83,0.28,27.71,28519.17,ENVIADO,2022-02-16
1565,522,171,-5,9086.68,0.15,113.61,69626.71,PENDENTE,2022-02-19
1566,380,940,7,4213.38,0.21,17.28,23317.27,PAGO,2022/01/02
1567,299,401,0,7138.4,0.24,84.28,10934.65,PAGO,2023-08-09
1568,70,63,-1,940.31,0.07,58.8,4431.24,PENDENTE,2024-09-04
1569,328,361,9,768.08,0.01,99.48,6943.07,CANCELADO,2022-03-15
1570,950,623,1,2338.42,0.14,137.67,2148.71,PAGO,2022-08-07
1571,951,399,7,14714.67,0.16,69.14,86591.4,PENDENTE,2022-11-24
1572,488,891,1,10796.87,0.26,56.6,8046.28,ENVIADO,2022-11-04
1573,253,374,4,14811.09,0.17,93.06,49265.88,ENVIADO,2023-11-18
1574,69,698,6,8100.6,0.08,,44784.86,CANCELADO,2023-02-23
1575,846,474,3,7195.27,0.12,92.95,19088.46,PENDENTE,2024-11-26
1576,308,437,,14524.85,0.0,86.21,29135.91,Pagoo,2023-04-04
1577,733,865,3,14252.96,0.24,75.68,32572.43,ENVIADO,2024-10-29
1578,1424,2,10,940.95,0.13,21.61,8207.88,PAGO,2023-12-16
1579,496,870,8,14782.13,0.03,96.67,114806.0,CANCELADO,2024-06-08
1580,409,413,8,6112.66,0.01,,48507.59,PENDENTE,2022-11-27
1581,860,289,3,14796.47,0.11,109.77,39616.34,PAGO ,2023-05-15
1582,721,1059,8,338.34,0.21,76.95,2215.26,PAGO,31/02/2025
1583,726,849,3,6297.5,0.01,14.58,18718.16,PENDENTE,2023-03-28
1584,520,513,4,5385.19,0.27,94.02,15818.77,ENVIADO,2024-03-04
1585,696,852,4,12188.45,0.01,39.07,48305.33,PENDENTE,2023-09-28
1586,342,1416,-1,13526.59,0.3,79.73,mil,ENVIADO,2022-02-05
1587,604,25,9,11490.04,0.08,125.35,95262.88,PENDENTE,2023-10-18
1588,866,1465,0,5733.21,0.21,126.56,18243.5,ENVIADO,2024-12-03
1589,4,829,5,12807.05,0.16,16.28,53805.89,PENDENTE,2022-04-14
1590,236,51,5,10600.03,0.19,68.4,42998.52,PENDENTE,2022-10-08
1591,440,533,2,5244.88,0.3,,7459.37,PENDENTE,2022-05-31
1592,884,91,,14692.58,0.2,142.56,11896.62,CANCELADO,2022-10-13
1593,599,128,5,2116.16,0.13,42.59,-500,PAGO,2024-11-08
1594,408,891,3,9879.87,0.16,,25041.42,ENVIADO,2022-11-27
1595,412,177,-1,2400.55,0.13,70.9,20955.69,CANCELADO,2022-12-13
1596,1150,657,10,10146.15,0.21,145.44,80300.03,ENVIADO,2024-09-10
1597,445,331,10,12542.47,,,111641.47,ENVIADO,2023-08-19
1598,1422,112,7,4958.33,0.17,36.39,28844.29,ENVIADO,2022-06-14
1599,862,1309,9,6439.39,0.02,101.21,56896.63,ENVIADO,2023-12-17
1600,1053,642,4,9645.56,0.23,92.55,29800.87,PAGO,2024-10-07
1601,586,773,1,6034.47,0.19,58.25,4946.17,ENVIADO,2022-12-11
1602,14,802,8,9591.3,0.01,29.05,75992.15,CANCELADO,2023-05-05
1603,812,753,5,14912.25,0.21,55.73,58959.12,CANCELADO,2024-04-15
1604,931,508,5,764.5,0.11,136.45,3538.47,Pagoo,2024-05-28
1605,999,550,7,5321.96,0.26,37.81,27605.56,CANCELADO,2025-01-25
1606,646,164,7,12485.23,0.06,147.01,mil,,2023-08-19
1607,792,906,7,11576.37,0.18,40.58,66488.94,PAGO,2023/12/31
1608,327,819,1,5430.45,0.22,93.42,4329.17,PENDENTE,31/02/2025
1609,458,233,8,13606.64,0.25,92.64,81732.48,PAGO,2024-05-13
1610,573,360,2,5328.12,0.2,106.48,8631.47,PENDENTE,2022-05-13
1611,476,611,5,11581.24,0.21,105.84,45851.74,PAGO,2022-08-17
1612,673,362,10,457.3,0.3,33.36,3234.46,CANCELADO,2022-08-16
1613,537,373,8,3367.2,0.06,110.09,25431.43,PAGO,2025-04-12
1614,97,81,8,9990.12,,58.16,57601.25,PENDENTE,2025-01-18
1615,426,467,4,3726.81,0.08,23.37,13738.03,PENDENTE,2024-05-21
1616,104,178,7,450.64,0.08,26.59,,ENVIADO,05-08-2023
1617,946,634,-5,5053.69,0.02,114.26,49640.42,PENDENTE,2024-05-07
1618,693,824,2,14215.69,0.29,40.14,20226.42,PAGO,2023-08-21
1619,1348,149,6,9124.94,0.07,51.69,50968.86,CANCELADO,2024-06-23
1620,1147,621,10,977.57,0.22,50.99,7676.04,ENVIADO,2024-02-02
1621,815,87,1,10291.43,,103.03,7718.69,ENVIADO,2022-09-17
1622,802,983,6,12137.29,0.27,39.91,53201.24,PENDENTE,2022-11-15
1623,608,564,4,5968.11,0.27,120.16,17547.04,ENVIADO,2024/09/25
1624,355,1141,10,11112.47,,21.34,0,PENDENTE,2025-02-21
1625,1305,36,4,11176.75,,58.47,40741.84,Pago,2023-02-26
1626,702,707,8,10197.71,0.09,19.63,74258.96,PENDENTE,2024-07-03
1627,50,893,6,1519.93,0.07,62.54,8543.75,PENDENTE,99/99/9999
1628,758,202,2,13224.63,0.2,83.22,21242.63,PAGO,2024-09-07
1629,756,390,10,209.2,0.22,92.95,-500,PAGO,2022-04-14
1630,936,1335,8,1729.82,0.07,88.49,12958.35,CANCELADO,2022-06-15
1631,904,800,10,11307.05,0.19,121.8,91708.91,PAGO,2023-01-17
1632,511,81,4,6599.08,0.22,123.52,20712.65,PAGO,2022-10-03
1633,1187,850,7,13856.53,0.13,40.63,84426.9,PAGO,2022-12-06
1634,223,704,5,10014.91,0.29,,35605.2,PAGO,2022-05-27
1635,427,798,2,10269.28,0.05,103.93,19615.56,ENVIADO,2023-06-21
1636,862,257,7,4711.64,0.16,89.15,27793.59,PAGO,2023-07-24
1637,499,1177,10,13809.6,0.07,112.05,128541.33,PAGO,2022-12-10
1638,60,393,6,8982.69,0.08,16.12,49600.57,PENDENTE,2023-07-30
1639,532,198,1,1330.83,0.03,107.51,1398.42,CANCELADO,2025-03-26
1640,292,596,10,6742.96,0.18,54.2,55346.47,ENVIADO,2023-12-30
1641,98,567,10,8027.37,0.03,141.67,78007.16,ENVIADO,2023-05-14
1642,418,205,2,2539.08,0.14,143.71,4510.93,ENVIADO,2023-03-23
1643,575,520,2,1348.43,0.25,39.58,2062.22,PAGO,2022-08-22
1644,659,844,1,7503.87,0.13,79.13,6607.5,PAGO,99/99/9999
1645,882,540,dez,4031.06,0.01,128.7,24073.2,CANCELADO,2024-10-28
1646,712,432,4,10207.64,0.28,86.74,29484.74,CANCELADO,2023-12-02
1647,829,279,2,12507.73,0.21,35.8,19798.01,ENVIADO,2023-01-03
1648,109,839,3,10605.89,0.12,15.23,28014.78,CANCELADO,2023-10-14
1649,322,399,4,11644.19,0.18,11.21,38204.15,,2024-05-27
1650,314,372,10,8084.92,0.04,48.86,77664.09,PENDENTE,2023-11-05
1651,779,948,2,6289.68,0.15,19.32,10711.78,ENVIADO,2023-04-09
1652,999,12,3,4598.34,0.2,100.49,11136.51,PAGO,2024-04-23
1653,252,190,4,6519.51,0.09,12.02,23743.04,CANCELADO,2022-11-15
1654,685,32,3,10403.05,0.07,127.15,29151.66,ENVIADO,2022-05-14
1655,427,281,1,9198.08,0.17,24.43,7658.84,PENDENTE,2023-09-07
1656,96,701,10,855.92,0.27,35.07,0,PENDENTE,2022-03-14
1657,179,248,8,5745.82,0.11,91.63,41001.87,CANCELADO,2022-07-10
1658,641,843,9,11740.88,0.06,104.75,99432.59,PAGO,2024-02-15
1659,182,525,4,4066.98,0.06,122.83,15414.67,ENVIADO,2024-06-12
1660,261,750,1,7625.8,0.23,60.68,5932.55,CANCELADO,2022-02-12
1661,210,349,1,8672.71,0.1,146.37,7951.81,ENVIADO,2022-01-17
1662,438,827,10,13106.9,,55.75,114085.78,PENDENTE,99/99/9999
1663,818,603,6,4124.05,0.17,142.94,20680.71,ENVIADO,2024-05-30
1664,552,626,10,3888.05,0.0,108.11,38988.61,Cancelado,2023-06-19
1665,930,85,2,414.23,0.23,121.78,759.69,ENVIADO,2024-06-04
1666,1050,669,6,1167.07,0.22,69.13,5531.02,PENDENTE,2024-01-24
1667,656,446,10,7766.5,0.01,146.7,77035.05,PENDENTE,2024-09-19
1668,47,139,5,13520.59,0.24,70.85,51449.09,PENDENTE,11-08-2023
1669,552,332,8,6428.93,0.05,62.69,48922.56,PENDENTE,2024-04-13
1670,890,54,7,2954.02,0.15,40.9,17617.32,CANCELADO,2022-06-22
1671,626,665,4,42.98,0.09,138.89,295.34,PAGO,2023-03-19
1672,425,151,1,14181.41,0.22,40.19,11101.69,PENDENTE,2023-04-22
1673,74,691,3,2958.72,0.11,105.15,0,CANCELADO,2024-08-02
1674,439,178,,13355.08,0.12,142.05,82409.34,ENVIADO,2023-06-27
1675,990,792,6,9206.87,0.21,101.01,43741.57,CANCELADO,2022-02-26
1676,1447,246,8,5851.62,0.13,76.54,40803.82,CANCELADO,2023-02-14
1677,78,1017,8,11502.63,0.2,39.11,R$500,CANCELADO,2024-11-02
1678,763,298,5,5164.21,0.16,144.2,21833.88,ENVIADO,2024-05-30
1679,647,700,0,12928.28,0.01,75.3,12874.3,CANCELADO,99/99/9999
1680,706,784,10,7537.93,0.18,65.87,61876.9,CANCELADO,2024-04-02
1681,320,748,5,7066.35,0.13,23.02,30761.64,ENVIADO,2024-02-25
1682,151,726,10,257.02,0.11,28.64,,PENDENTE,2022-01-08
1683,589,722,3,7455.77,0.27,129.75,16457.89,Pago,28/12/2023
1684,545,398,7,502.83,0.15,73.15,3064.99,ENVIADO,2023-09-05
1685,1460,132,1,2835.9,0.18,49.48,2374.92,CANCELADO,2022-06-18
1686,766,699,7,6216.02,0.28,131.03,31459.77,PENDENTE,2023-12-29
1687,201,274,7,11591.24,0.16,20.99,68177.48,CANCELADO,2023-12-05
1688,827,635,1,12136.51,0.16,108.82,10303.49,PAGO,2024-02-11
1689,777,636,3,3242.68,0.06,129.53,9273.89,Pago,2023-02-06
1690,67,839,5,12994.91,0.06,27.8,61103.88,PENDENTE,2022-04-17
1691,754,946,2,2617.37,0.15,31.66,4481.19,CANCELADO,2024-01-13
1692,56,1226,2,4824.5,0.01,,9570.75,ENVIADO,2024-01-09
1693,311,680,6,4810.1,0.12,127.52,25524.85,PENDENTE,2022-07-21
1694,962,629,10,4018.17,,68.38,38240.99,ENVIADO,2024-02-19
1695,96,18,1,13429.67,0.27,128.98,9932.64,ENVIADO,2024-10-28
1696,156,704,2,9499.64,0.15,139.9,16289.29,pago,2023-07-09
1697,819,955,2,11191.41,0.0,89.62,22472.44,ENVIADO,2022-04-11
1698,162,150,1,718.46,0.19,74.86,656.81,PAGO,2022-10-24
1699,91,303,6,2810.27,0.22,16.26,13168.32,ENVIADO,2022-02-02
1700,45,295,9,449.63,0.24,126.45,3201.92,CANCELADO,2022-03-27
1701,24,264,2,9525.77,0.29,91.82,13618.41,CANCELADO,2024-06-02
1702,226,528,9,7392.21,0.15,81.46,56631.87,PENDENTE,2024-03-08
1703,54,427,3,13278.04,0.04,,38333.58,CANCELADO,2024-07-04
1704,82,772,10,9238.67,0.06,12.33,86855.83,PENDENTE,2025-02-21
1705,736,584,5,4634.43,0.18,115.49,19116.65,CANCELADO,2022-07-10
1706,419,486,4,9601.28,0.25,56.39,,ENVIADO,2023-11-11
1707,677,153,10,13365.97,0.11,102.89,119060.02,PAGO,2024-12-15
1708,252,383,4,645.18,0.27,81.99,1965.92,PAGO,2024-03-28
1709,821,565,4,7204.86,0.08,49.3,R$500,CANCELADO,2023-11-07
1710,163,946,9,10506.3,0.15,85.24,R$500,PENDENTE,2024-05-27
1711,779,124,2,11852.84,0.19,69.42,19271.02,CANCELADO,2022-08-17
1712,452,543,10,6412.98,0.28,11.11,46184.57,PENDENTE,2022-03-19
1713,755,336,10,7141.49,0.19,34.16,57880.23,PENDENTE,2024-09-09
1714,567,50,10,9433.87,0.23,71.03,72711.83,PENDENTE,2023-09-07
1715,74,859,6,13059.6,0.13,43.88,68214.99,ENVIADO,2022-02-02
1716,600,158,7,632.73,0.27,77.84,3311.09,PENDENTE,2024-03-20
1717,874,813,5,9368.28,0.02,93.9,45998.47,CANCELADO,2022-03-29
1718,88,901,6,14548.35,0.22,128.97,68215.25,PENDENTE,2022-07-02
1719,396,187,7,3912.13,0.28,61.91,19779.05,ENVIADO,2023-12-05
1720,1248,916,,10460.57,0.28,95.0,75411.1,PENDENTE,2023-11-26
1721,103,440,5,9306.29,0.05,116.31,44321.19,ENVIADO,2023-10-16
1722,38,493,1,5437.44,0.09,95.79,5043.86,ENVIADO,2022-07-28
1723,421,820,10,2637.33,0.04,10.37,mil,PAGO,2023-12-10
1724,608,475,8,1892.34,0.02,16.68,14852.63,PENDENTE,2022-05-27
1725,676,269,9,7266.67,0.05,141.96,62271.99,ENVIADO,2023-09-25
1726,547,337,6,7024.54,0.19,53.97,34193.23,CANCELADO,2024-09-22
1727,309,853,8,5444.64,0.15,101.51,37125.06,PENDENTE,2024-04-20
1728,219,760,5,6671.71,0.09,75.1,30431.38,ENVIADO,2023-05-18
1729,128,570,6,10710.39,0.17,,53487.0,PENDENTE,2024-03-06
1730,80,472,dez,9244.3,0.01,128.49,55039.63,,2024-06-04
1731,183,967,9,4702.76,0.2,65.7,33925.57,ENVIADO,2024-06-30
1732,256,362,4,11862.99,,43.62,40377.79,PENDENTE,2023-07-08
1733,991,1098,dez,12016.66,0.25,115.46,36165.44,PENDENTE,2024-06-04
1734,689,946,4,4718.45,0.21,111.81,15022.11,PAGO,2022-04-16
1735,690,739,4,12072.8,0.23,71.17,0,ENVIADO,2023-05-01
1736,483,830,10,14190.72,0.21,121.99,112228.68,PENDENTE,2023-02-06
1737,171,78,5,9406.81,0.05,131.34,44813.69,CANCELADO,2023-09-19
1738,777,777,6,6783.54,0.08,98.08,37543.22,PAGO,2024-12-02
1739,792,705,9,9992.68,,107.48,69356.75,,2025-01-10
1740,608,222,8,12565.77,0.22,81.82,78492.22,PENDENTE,2022-02-27
1741,1050,678,9,3672.58,0.07,,30786.86,Pagoo,2024-03-19
1742,480,930,8,712.22,0.17,148.79,4877.93,CANCELADO,2022-01-06
1743,670,495,2,9554.9,0.06,23.13,17986.34,ENVIADO,2025-03-22
1744,232,908,3,5819.1,0.09,55.99,15942.13,PENDENTE,2022-02-11
1745,934,1153,10,517.19,0.17,109.35,4402.03,PAGO,2022-09-10
1746,756,885,6,8388.63,0.03,65.59,R$500,PAGO,2023-05-25
1747,408,747,3,11718.76,0.1,,31674.71,ENVIADO,2024-01-22
1748,527,11,3,12975.3,0.28,42.47,28069.12,PAGO,2022-01-09
1749,460,246,6,12772.22,0.14,57.33,65961.99,CANCELADO,2022-04-07
1750,784,91,3,13665.01,0.07,,38147.53,ENVIADO,2022-07-24
1751,505,84,8,10494.9,0.06,58.36,78980.01,PAGO,2023-11-07
1752,402,260,9,12141.09,0.23,98.37,84236.12,ENVIADO,2024-07-25
1753,684,447,1,160.66,0.08,53.42,201.23,PENDENTE,2022-06-13
1754,484,779,4,688.22,0.07,46.99,2607.17,CANCELADO,2023-11-28
1755,1,310,9,4227.97,0.16,16.05,31979.5,ENVIADO,2022-02-10
1756,866,297,3,7265.06,0.14,119.12,18862.97,PAGO,99/99/9999
1757,485,402,5,13219.07,0.11,104.31,58929.17,PENDENTE,2023-08-30
1758,275,966,1,11378.01,0.17,95.24,9538.99,PENDENTE,99/99/9999
1759,136,954,7,11731.18,0.14,,70719.17,ENVIADO,2022-10-23
1760,509,480,10,2772.39,0.22,116.23,21740.87,ENVIADO,2022-12-20
1761,813,34,7,8103.8,0.27,138.28,41548.7,PENDENTE,2023-06-01
1762,24,807,7,12219.64,0.27,126.83,62569.19,CANCELADO,2022-09-25
1763,449,551,7,4860.32,,52.77,32714.12,CANCELADO,2024-12-23
1764,570,345,5,7984.99,0.23,,30799.9,CANCELADO,2023-09-29
1765,543,822,1,4873.27,0.29,67.43,3527.45,ENVIADO,2025-01-19
1766,696,185,1,3445.7,0.18,28.21,-500,ENVIADO,2024-04-29
1767,975,607,10,9934.26,0.16,76.08,83523.86,Cancelado,2022-11-19
1768,582,371,7,2621.74,0.25,76.34,13840.48,PAGO,2024/08/22
1769,1481,1349,1,2698.39,0.15,57.39,2351.02,CANCELADO,2023-09-02
1770,279,1445,7,4145.89,0.15,29.25,24697.3,PAGO,2022-07-20
1771,416,698,,6720.8,0.08,125.53,61956.89,PENDENTE,2023/02/18
1772,520,976,0,2143.55,0.07,87.75,16035.76,PENDENTE,2023-04-15
1773,498,78,-5,11128.07,0.16,80.02,-500,ENVIADO,09-28-2022
1774,359,76,10,1977.82,0.04,88.73,19075.8,CANCELADO,2025-03-24
1775,203,773,8,8790.65,0.15,93.07,59869.49,Cancelado,2023-03-09
1776,662,455,2,4250.69,0.05,12.72,8089.03,PENDENTE,2023-09-05
1777,479,847,4,8750.7,0.05,28.24,33280.9,ENVIADO,2024-07-09
1778,947,662,7,10630.04,0.14,34.06,64026.9,ENVIADO,2024-11-28
1779,619,998,7,5441.31,0.03,,37083.05,PAGO,2023-04-09
1780,547,663,1,9617.8,0.04,,9309.02,ENVIADO,2023-12-27
1781,490,426,3,4334.0,0.05,63.47,12415.37,PENDENTE,2022-04-19
1782,87,736,5,13845.83,0.19,18.21,56093.82,PENDENTE,2024-03-22
1783,68,265,8,14400.82,0.1,90.02,103775.92,CANCELADO,2024-12-16
1784,280,460,5,2470.49,0.17,99.23,10351.76,ENVIADO,2022-06-18
1785,256,884,10,317.79,0.05,,3089.39,PENDENTE,26/02/2025
1786,721,995,1,6496.21,0.25,66.92,4939.08,CANCELADO,2023-06-17
1787,54,732,5,2657.02,0.07,66.08,mil,PENDENTE,2023-02-07
1788,237,701,10,6015.68,0.01,54.73,59609.96,PENDENTE,2023-11-16
1789,255,848,9,1497.15,0.07,12.76,12543.91,ENVIADO,2023-09-28
1790,184,157,5,11377.13,0.28,13.03,40970.7,Pago,03-29-2024
1791,842,136,6,1455.65,0.01,109.22,8755.78,PAGO,2023-07-14
1792,917,664,5,14195.62,0.12,19.97,62480.7,PAGO,2024-09-22
1793,78,601,2,12670.32,0.25,112.59,19118.07,PAGO,2024-08-21
1794,709,510,6,5381.98,0.28,135.18,23385.33,PAGO,2024-05-31
1795,421,138,2,10076.84,0.26,,15015.72,PAGO,10-03-2023
1796,57,322,10,8444.41,0.12,123.21,74434.02,ENVIADO,2022-02-19
1797,518,44,10,588.37,0.01,138.3,0,PAGO,2025-01-06
1798,40,288,7,9853.53,0.12,44.03,60741.77,CANCELADO,2024-05-11
1799,47,359,1,9919.36,0.11,,8977.29,ENVIADO,2022-11-17
1800,742,654,9,1701.65,0.2,131.07,12382.95,PAGO,2024-12-28
1801,788,410,10,6662.8,0.27,116.43,48754.87,ENVIADO,2024-08-03
1802,267,397,8,3966.26,0.01,70.87,,ENVIADO,2023-09-16
1803,47,360,10,11938.17,0.25,39.01,mil,Pago,2022-10-03
1804,855,985,6,6439.26,0.23,39.95,29789.33,ENVIADO,2022-08-10
1805,165,860,7,1633.81,0.08,77.27,10599.01,CANCELADO,20/10/2023
1806,1289,303,10,14888.43,0.15,114.21,126665.86,ENVIADO,2022-10-04
1807,100,402,4,217.58,0.24,118.07,,CANCELADO,2023-04-08
1808,504,709,5,1613.22,0.3,89.3,5735.57,CANCELADO,2022-07-24
1809,818,1085,3,2196.18,0.05,118.92,0,ENVIADO,2024-07-13
1810,1000,1135,2,2783.09,0.02,61.65,5516.51,PAGO,31/02/2025
1811,442,45,9,12019.55,0.25,,81172.41,PENDENTE,2024-05-02
1812,144,486,7,9180.25,0.25,123.44,0,CANCELADO,2025-01-04
1813,403,1483,0,3679.86,,74.68,6404.04,PAGO,2023-06-24
1814,1233,781,4,10049.65,0.12,63.65,35438.42,PENDENTE,2023-10-08
1815,388,980,10,2162.36,0.09,78.07,-500,PAGO,2024-11-22
1816,967,879,9,9509.65,0.09,142.83,78026.86,PAGO,2023-09-27
1817,1463,515,6,6222.78,0.17,48.48,31037.92,pago,2022-08-03
1818,827,363,7,4091.06,0.14,142.49,24770.67,PENDENTE,2023-03-16
1819,960,461,5,3888.9,0.19,95.88,15845.93,CANCELADO,2022-07-02
1820,646,415,5,1080.71,0.25,12.37,4065.03,Pagoo,2024-03-23
1821,702,857,1,1236.59,0.3,,959.97,PAGO,2022-05-06
1822,298,974,9,6012.09,0.18,132.75,44501.97,Pago,2023-05-20
1823,110,26,1,13821.87,0.14,75.59,11962.4,CANCELADO,2023-02-09
1824,1055,957,1,6673.39,0.03,140.42,6613.61,Pago,2023-07-03
1825,89,968,6,5026.13,0.18,72.68,24801.24,CANCELADO,2024-02-06
1826,235,582,2,7211.07,0.2,124.6,11662.31,PENDENTE,2024-02-27
1827,357,220,7,10770.14,0.29,95.88,53623.48,PENDENTE,2023-07-14
1828,735,741,3,13937.83,0.06,114.47,39419.15,ENVIADO,2024-03-05
1829,680,95,5,10525.4,0.3,144.25,36983.15,ENVIADO,2022-01-13
1830,573,657,2,7175.81,0.07,54.72,13401.73,PENDENTE,2024-01-30
1831,403,310,7,3145.22,0.18,107.15,18160.71,Cancelado,2023-04-18
1832,244,257,3,7142.03,0.25,23.87,16093.44,PAGO,11-06-2023
1833,399,55,1,737.7,0.02,144.18,867.13,,2024-07-30
1834,265,807,5,14519.78,0.22,97.75,,CANCELADO,2024-02-08
1835,640,1136,9,12793.41,0.14,37.53,99058.52,PENDENTE,2024-04-25
1836,962,372,6,10875.1,0.02,29.39,63974.98,ENVIADO,2023-08-12
1837,394,65,4,12430.48,0.05,67.88,47303.7,PAGO,2024-04-27
1838,445,281,1,12552.29,0.04,119.42,12169.62,PENDENTE,2024-04-03
1839,934,105,3,5720.4,0.18,74.55,14146.73,ENVIADO,2023-06-11
1840,701,533,5,11406.61,0.07,139.05,53179.79,CANCELADO,2023-04-01
1841,437,264,1,9082.9,0.16,54.87,7684.51,ENVIADO,2022-12-08
1842,544,1374,10,800.91,0.28,90.8,5857.35,ENVIADO,2024-03-20
1843,1319,150,4,4873.53,0.09,84.93,17824.58,ENVIADO,2025-03-15
1844,851,368,8,12793.67,0.09,58.48,93196.4,ENVIADO,2023-03-20
1845,987,945,8,197.5,0.21,69.6,1317.8,CANCELADO,2022-11-25
1846,1486,816,1,8154.75,0.11,143.87,7401.6,ENVIADO,2023-04-03
1847,859,886,3,11994.58,0.01,76.04,35699.94,CANCELADO,2025-01-20
1848,1152,3,8,2023.34,0.02,72.89,15935.88,ENVIADO,2023-03-05
1849,335,68,-5,9378.09,,59.49,22004.22,CANCELADO,2022-09-21
1850,899,178,4,10357.42,0.0,68.57,,CANCELADO,2022-10-19
1851,656,282,4,14936.55,0.1,38.66,53810.24,ENVIADO,2024-03-22
1852,433,1106,7,9191.0,0.25,75.97,48328.72,ENVIADO,2022-07-23
1853,271,595,-5,84.18,0.21,50.24,582.26,ENVIADO,2022-12-15
1854,1313,133,5,1456.47,0.11,54.5,6535.79,PENDENTE,2022-09-08
1855,167,726,6,5599.72,0.21,107.48,,ENVIADO,2023-09-15
1856,944,278,1,14320.61,0.26,52.85,10650.1,PAGO,2022-08-26
1857,795,163,6,4803.73,,126.88,22896.56,PAGO,2023/05/03
1858,822,925,9,13365.59,0.15,108.94,R$500,PENDENTE,2024-01-24
1859,1378,983,5,9918.05,0.11,133.1,44268.42,PAGO,2022-08-08
1860,805,460,10,11966.27,0.07,109.21,111395.52,PAGO,99/99/9999
1861,1388,870,6,14520.34,0.17,137.62,72448.91,ENVIADO,2024-12-04
1862,385,1344,1,13732.89,0.06,74.19,12983.11,ENVIADO,2023-07-30
1863,109,759,2,11220.56,0.22,90.11,17594.18,CANCELADO,2024-03-17
1864,935,802,4,3184.43,0.2,114.74,10304.92,ENVIADO,2024-11-15
1865,560,1466,5,11643.62,0.29,75.44,-500,CANCELADO,2023-07-21
1866,701,923,5,13045.83,0.09,25.44,59383.97,CANCELADO,2023-08-07
1867,305,788,8,12458.56,0.3,25.28,69793.22,CANCELADO,2025-03-08
1868,474,832,10,10566.56,0.17,70.09,87772.54,PAGO,2024-02-14
1869,317,844,4,14864.92,0.2,78.43,47646.17,ENVIADO,2022-07-12
1870,703,653,4,4758.22,0.01,97.7,18940.25,CANCELADO,2022-01-28
1871,194,419,10,8826.27,0.1,143.55,79579.98,ENVIADO,2023-10-08
1872,470,244,6,10421.45,0.21,123.24,49520.91,ENVIADO,31/02/2025
1873,812,628,6,13295.72,0.18,109.45,65524.39,Pago,2024-08-21
1874,200,429,5,3996.72,0.28,60.46,14448.65,PAGO,2022-10-30
1875,750,774,1,12644.23,0.1,71.26,11451.07,PAGO,2024-01-17
1876,291,430,9,10430.72,0.07,10.61,87315.74,CANCELADO,31/02/2025
1877,499,787,9,9093.61,0.2,139.21,65613.2,ENVIADO,99/99/9999
1878,183,711,4,6016.6,0.11,102.5,21521.6,PENDENTE,2022-05-08
1879,384,972,6,10154.49,0.12,74.11,53689.82,PAGO,12-20-2022
1880,599,869,4,3807.71,0.18,73.99,12563.28,PENDENTE,2023-04-19
1881,651,876,2,11114.68,0.05,138.78,21256.67,ENVIADO,2022-03-28
1882,920,573,3,13269.22,0.15,101.33,R$500,ENVIADO,2022-12-08
1883,956,149,1,6015.44,0.05,107.02,5821.69,PAGO,2023-08-20
1884,721,430,6,7558.98,0.1,,40932.18,CANCELADO,2024-06-20
1885,643,264,6,2669.72,0.14,73.43,13849.19,CANCELADO,2024-05-03
1886,480,470,1,14910.23,0.03,136.68,14599.6,,2022-10-07
1887,151,916,-5,10311.52,0.02,100.15,70837.18,PAGO,2023-11-17
1888,735,408,9,7739.36,0.24,20.4,52957.62,PAGO,2022-10-23
1889,537,196,2,13204.16,0.23,149.54,20483.95,PAGO,2022-06-23
1890,1360,632,,10220.08,0.17,83.12,76427.12,CANCELADO,31/02/2025
1891,665,106,1,7080.01,0.09,49.9,6492.71,CANCELADO,2024-04-24
1892,1347,336,2,1392.03,0.28,,2094.41,CANCELADO,2022-04-09
1893,682,296,10,7113.86,0.21,140.24,56339.73,ENVIADO,2024-01-17
1894,810,618,8,4050.08,0.14,106.99,27971.54,ENVIADO,2023-09-26
1895,779,172,6,2287.19,0.2,105.26,-500,PENDENTE,2024-06-21
1896,964,813,6,1411.88,0.27,36.27,6220.3,ENVIADO,2024-02-16
1897,762,693,7,11511.49,0.0,,80664.66,CANCELADO,2024-03-11
1898,81,282,5,8831.7,0.01,18.16,43735.08,CANCELADO,99/99/9999
1899,592,572,7,3152.31,0.08,117.08,20417.96,CANCELADO,2022-05-26
1900,257,421,7,13458.07,0.18,103.56,R$500,PENDENTE,2022-04-18
1901,1389,1080,4,9769.5,0.21,129.2,31000.82,ENVIADO,2022/10/02
1902,304,560,3,12343.09,0.16,133.81,31238.4,CANCELADO,2024-08-21
1903,262,624,9,4215.01,0.09,10.69,34531.62,PENDENTE,2022-06-15
1904,81,470,3,7495.57,0.16,123.21,19012.05,ENVIADO,2025-01-14
1905,964,482,-5,4412.05,0.1,46.12,,PENDENTE,2024-05-01
1906,939,4,6,14439.16,0.13,107.35,75479.77,PAGO,2022-08-16
1907,286,862,9,4309.41,0.09,94.57,35388.64,ENVIADO,2022-10-06
1908,719,944,4,13019.81,,141.87,51179.53,ENVIADO,2022-03-13
1909,134,461,5,3634.26,0.02,127.18,17935.05,PENDENTE,2023-08-06
1910,894,896,6,6287.18,0.26,121.97,28037.05,ENVIADO,2025-01-10
1911,49,928,7,6254.62,0.1,133.48,39537.59,CANCELADO,2022-06-13
1912,30,170,9,10216.32,0.05,,87379.07,CANCELADO,2024-03-09
1913,732,621,9,11422.47,0.05,80.21,97742.33,Pago,2023-03-28
1914,172,835,10,8115.1,0.26,74.44,60126.18,ENVIADO,2024-12-07
1915,301,130,8,13943.42,0.22,86.32,87093.26,ENVIADO,2022-03-01
1916,154,7,0,14909.24,0.14,88.55,115486.07,CANCELADO,2024-01-25
1917,351,913,7,2618.79,,28.07,13043.46,CANCELADO,2025-04-11
1918,63,965,3,11643.72,0.07,99.04,32585.02,PENDENTE,06-06-2023
1919,340,351,6,4369.5,0.12,94.51,23165.47,CANCELADO,2022-08-02
1920,489,995,9,8070.81,0.29,60.36,51632.84,CANCELADO,2024-02-18
1921,305,988,5,7733.19,0.28,47.04,27886.52,PENDENTE,2023-08-04
1922,339,361,9,6989.37,0.21,14.06,49708.48,CANCELADO,2022-11-23
1923,1066,500,-1,379.96,,55.22,2262.79,ENVIADO,2022-07-06
1924,1457,148,9,3373.21,0.11,86.96,,PENDENTE,2023-02-28
1925,858,828,4,4904.64,0.14,28.1,16900.06,ENVIADO,2024-01-24
1926,939,596,5,5314.73,0.15,89.57,22677.17,ENVIADO,2022-10-02
1927,647,85,-1,1738.7,0.15,132.55,11955.71,CANCELADO,2022-10-21
1928,64,966,-5,13415.42,0.23,100.33,82739.32,CANCELADO,2024-02-06
1929,728,303,6,2251.09,0.24,15.65,10280.62,ENVIADO,2025-01-25
1930,974,59,4,12341.56,0.11,130.15,44066.1,ENVIADO,2022-12-21
1931,792,447,4,4357.63,0.25,,13192.93,PENDENTE,2023-12-26
1932,325,597,10,935.74,0.01,139.51,9403.34,ENVIADO,2022-01-17
1933,922,609,2,14323.08,0.23,38.55,22096.09,pago,2024-06-04
1934,914,473,7,8212.03,0.03,79.1,55838.78,PENDENTE,2024-10-26
1935,230,41,2,4364.19,0.26,88.47,6547.47,ENVIADO,2023-09-11
1936,162,193,-1,12371.03,0.03,90.6,24090.4,PENDENTE,2022-07-12
1937,156,240,7,13217.4,0.19,78.47,75021.13,ENVIADO,2023-03-22
1938,924,1417,2,9283.34,0.27,121.05,13674.73,pago,2023-07-12
1939,270,607,6,6459.26,0.29,20.73,mil,ENVIADO,2022-11-08
1940,846,387,4,1782.73,0.01,37.42,7097.03,PAGO,2023-10-09
1941,707,774,8,14648.78,0.29,143.57,83348.64,PAGO,2023-12-09
1942,288,413,10,12942.68,0.29,65.61,91958.64,Pago,2023-10-14
1943,10,801,1,8708.37,0.26,19.2,6463.39,ENVIADO,2023-11-23
1944,797,503,5,4294.01,0.21,107.09,17068.43,ENVIADO,2023-01-17
1945,872,911,6,13701.75,0.25,29.79,61687.67,PAGO,2025-03-25
1946,801,25,4,13791.68,0.16,33.11,46373.15,PENDENTE,2022-10-25
1947,545,18,1,3886.3,0.07,45.75,3660.01,CANCELADO,2022-07-21
1948,503,786,2,1971.44,,24.79,3494.52,PAGO,2024-11-16
1949,768,795,5,3810.86,0.02,71.52,18744.73,PAGO,2022-07-28
1950,940,32,-5,13164.21,0.02,82.3,51686.0,CANCELADO,2022-12-26
1951,513,994,4,5709.03,0.23,139.49,17723.3,PAGO ,2023-07-13
1952,323,1004,6,12717.04,0.11,67.44,67976.43,ENVIADO,2022-11-03
1953,992,536,7,12001.93,0.14,47.39,72299.01,PENDENTE,2024-12-31
1954,805,896,1,14135.67,0.1,105.09,12827.19,CANCELADO,2022-03-09
1955,72,194,7,12056.85,0.24,129.86,64272.3,ENVIADO,31/02/2025
1956,177,830,8,13920.73,0.1,102.51,100331.77,ENVIADO,2024-05-26
1957,301,142,2,14714.95,0.23,76.64,22737.66,PAGO,2024-04-29
1958,761,911,2,9732.45,0.13,47.93,16982.39,ENVIADO,2023-03-12
1959,844,167,7,4191.9,0.22,94.85,-500,PAGO,2022-09-14
1960,638,291,6,6738.1,0.29,113.27,28817.58,CANCELADO,2022-12-22
1961,913,653,4,4714.42,0.11,30.97,16814.31,CANCELADO,2024-04-10
1962,588,569,2,9899.98,0.01,29.39,19631.35,PENDENTE,2022-05-13
1963,887,1370,8,14397.59,0.2,83.04,92227.62,PAGO,2023-09-08
1964,264,261,,10694.21,0.02,24.43,73386.71,ENVIADO,2023-03-12
1965,833,789,9,13760.35,0.26,117.16,91761.09,ENVIADO,31/02/2025
1966,574,574,2,9495.19,0.1,,17125.5,PENDENTE,2024-04-11
1967,1278,600,1,9225.28,0.2,67.67,7447.89,CANCELADO,2024/07/29
1968,413,777,9,2021.29,0.03,110.42,17756.28,PAGO,07-04-2024
1969,500,533,1,7925.39,0.15,112.64,6849.22,PAGO,2025-03-14
1970,912,528,4,4108.98,0.08,31.64,15152.69,ENVIADO,31/02/2025
1971,818,294,5,12184.87,0.12,71.83,53685.26,CANCELADO,2024-10-17
1972,359,4,1,2923.59,0.1,28.53,2659.76,ENVIADO,2023-06-08
1973,976,949,6,14287.65,0.07,11.42,79736.51,ENVIADO,2023-04-11
1974,444,528,6,2216.63,0.04,75.1,12842.89,PAGO,2022-05-07
1975,367,861,4,6003.62,0.28,67.15,17357.58,CANCELADO,2024-03-30
1976,970,790,9,3478.55,0.04,120.11,30174.78,Cancelado,2023-04-15
1977,845,786,1,123.45,0.21,53.71,151.24,PENDENTE,2022-09-11
1978,551,909,9,3173.92,0.08,65.81,26345.87,PENDENTE,2024-06-19
1979,537,821,6,11296.06,0.21,25.91,mil,CANCELADO,2022-10-23
1980,502,1106,9,11877.42,0.14,103.62,92034.85,ENVIADO,2024-12-05
1981,632,210,,10892.9,0.04,148.89,52434.81,PENDENTE,2023-03-09
1982,382,24,4,2491.41,0.18,62.38,8234.2,PENDENTE,31/02/2025
1983,445,898,9,6083.7,0.2,15.16,43817.8,ENVIADO,2023-05-21
1984,598,367,10,1353.62,0.22,42.36,10600.6,ENVIADO,2023-05-11
1985,453,303,4,8599.96,0.3,41.9,24121.79,CANCELADO,2024-04-29
1986,798,1379,6,2991.83,0.14,81.9,0,ENVIADO,2024-02-10
1987,761,997,3,5276.84,0.12,121.26,14052.12,PENDENTE,2022-05-14
1988,401,6,2,8712.3,0.01,11.45,17261.8,PENDENTE,2024-04-26
1989,947,774,8,11607.77,0.17,89.94,77165.53,ENVIADO,2022-04-30
1990,632,687,1,9000.06,0.15,138.58,7788.63,PAGO ,2024-10-02
1991,733,279,7,6541.23,0.17,52.02,38056.57,CANCELADO,2022-09-25
1992,587,31,6,5847.09,0.1,148.23,31722.52,PENDENTE,2024-06-30
1993,835,271,6,670.07,0.25,81.14,3096.45,ENVIADO,2023-07-29
1994,623,976,3,3992.96,0.07,118.43,11258.79,CANCELADO,03-07-2024
1995,517,463,2,96.53,0.16,39.34,201.51,Pagoo,2024-04-04
1996,283,471,7,11025.14,0.17,101.99,64158.05,ENVIADO,2023-10-04
1997,565,808,-5,10658.21,0.21,108.27,59048.17,PENDENTE,2025-01-18
1998,733,1442,,39.02,0.24,82.19,289.78,PAGO,2022/03/05
1999,831,363,8,1438.26,0.16,137.57,9802.68,PAGO,2023-01-24
2000,641,804,6,562.01,0.11,26.91,3028.04,ENVIADO,05/10/2024
2001,550,12,5,9162.59,0.04,129.1,44109.53,CANCELADO,2022-02-05
2002,934,719,-1,9010.44,0.03,144.8,17625.05,Cancelado,28/06/2023
2003,967,847,4,7180.45,0.2,140.99,23118.43,Pagoo,08-06-2022
2004,927,425,3,10817.81,0.19,138.36,26425.64,PAGO,2022-08-30
2005,50,852,2,8139.8,0.27,103.41,11987.52,PENDENTE,2022-05-02
2006,1404,598,9,11539.41,0.17,138.14,86337.53,PAGO,2022-02-11
2007,721,397,2,8569.39,0.12,,15168.79,ENVIADO,2022-01-13
2008,415,805,5,11644.09,0.28,134.59,42053.31,ENVIADO,2022-07-29
2009,824,794,9,12614.89,,88.95,104540.24,CANCELADO,10-24-2024
2010,709,968,8,3948.89,0.12,,27893.37,CANCELADO,2022-06-10
2011,682,634,1,4369.53,0.11,140.19,4029.07,ENVIADO,2024-04-11
2012,620,88,10,12100.2,0.06,23.4,113765.28,ENVIADO,2024-11-28
2013,929,15,3,14491.98,0.29,64.24,30932.16,ENVIADO,06-10-2024
2014,316,612,9,1929.57,0.24,,13264.26,ENVIADO,2022-11-19
2015,764,503,5,691.18,0.02,60.95,3447.73,PENDENTE,2023-11-28
2016,848,761,7,12470.51,0.0,54.94,87348.51,PAGO,2023-11-27
2017,9,641,6,13624.73,0.27,,59732.58,PENDENTE,2023-08-14
2018,249,154,3,10889.51,0.21,10.93,25819.07,CANCELADO,2022-06-03
2019,32,827,9,13895.04,0.15,41.14,106338.2,PENDENTE,09-15-2023
2020,99,951,2,6417.72,0.16,41.93,10823.7,PAGO,2022-03-29
2021,581,393,3,12925.5,0.05,67.18,36904.85,ENVIADO,2024-07-13
2022,795,967,6,13005.29,0.13,117.41,68005.02,CANCELADO,2023-09-29
2023,191,132,6,3054.93,0.04,135.87,17732.27,CANCELADO,2023-04-17
2024,540,192,9,14433.51,,148.18,123554.69,ENVIADO,2023-09-05
2025,714,848,-1,6712.26,0.22,28.11,47148.18,CANCELADO,2022-10-07
2026,98,673,1,7221.85,,135.79,-500,CANCELADO,2023-12-30
2027,808,889,10,5741.63,0.09,109.1,52357.93,CANCELADO,2023-04-10
2028,249,909,0,11786.66,0.28,33.05,42465.03,CANCELADO,2023-09-10
2029,509,374,9,10521.22,0.24,110.37,72075.51,ENVIADO,2022-09-25
2030,587,605,3,7497.13,0.08,,20765.97,PENDENTE,2022-08-29
2031,191,235,10,4835.97,0.17,140.11,40278.66,PENDENTE,2024-03-22
2032,1207,471,8,10851.4,0.15,,73800.41,ENVIADO,2024-02-13
2033,143,166,9,12790.45,0.04,145.39,110654.88,PENDENTE,2024-09-11
2034,268,781,-5,2022.28,0.08,120.66,15004.64,PENDENTE,2022-03-17
2035,411,676,7,506.27,0.08,59.32,3319.7,CANCELADO,2025-03-30
2036,576,94,2,14499.47,0.2,147.4,23346.55,ENVIADO,2025-02-15
2037,486,776,1,4617.81,0.21,141.32,3789.39,CANCELADO,2025-02-05
2038,727,382,10,13982.12,0.05,97.17,132927.31,CANCELADO,2025-03-26
2039,501,410,8,6426.49,0.15,78.34,R$500,CANCELADO,2023-03-27
2040,569,25,9,9792.31,,35.08,67014.48,PAGO,2024-01-15
2041,34,1145,2,1248.32,0.18,56.8,2104.04,PAGO,2023-06-20
2042,619,14,2,57.99,0.22,143.11,233.57,CANCELADO,2025-03-14
2043,351,928,8,3378.09,0.2,13.75,21633.53,ENVIADO,2024-03-18
2044,821,186,4,6881.88,0.13,41.32,23990.26,CANCELADO,2024-08-18
2045,865,771,6,5441.44,0.2,96.53,26215.44,ENVIADO,2024-10-19
2046,828,188,7,88.94,0.29,69.36,511.39,Cancelado,2024-12-08
2047,620,486,4,14127.62,0.15,148.08,48181.99,ENVIADO,2023-07-15
2048,509,53,3,5752.53,0.05,65.39,16460.1,CANCELADO,2024-11-27
2049,760,397,7,9292.93,0.25,98.62,48886.5,CANCELADO,2023-10-17
2050,735,654,-5,3812.75,0.23,43.79,8851.24,PENDENTE,2023-06-14
2051,28,243,8,12074.85,0.1,87.56,0,ENVIADO,2025-04-03
2052,739,1471,2,3730.17,0.18,52.41,6169.89,Cancelado,2023-07-17
2053,2,740,-1,3291.98,0.24,108.91,17622.24,ENVIADO,2023-02-26
2054,299,947,7,7019.84,0.19,47.31,39849.8,PENDENTE,2024-09-21
2055,803,585,10,7128.56,0.03,93.25,69240.28,PENDENTE,2024-09-28
2056,495,824,9,1670.42,0.26,55.91,11180.91,PENDENTE,2023-04-29
2057,23,438,2,3968.51,0.06,55.0,7515.8,Cancelado,2023-12-06
2058,787,657,3,6160.22,0.06,75.43,17447.25,PAGO,2022-11-24
2059,245,905,7,13838.16,0.26,89.8,71771.47,PAGO,2023-03-01
2060,255,511,,14028.91,0.13,56.83,-500,CANCELADO,2022-09-01
2061,839,438,5,631.62,0.01,73.71,3200.23,PAGO,2023-04-12
2062,862,788,-5,6947.35,0.13,131.25,36396.42,PAGO,2023-01-23
2063,463,568,9,3687.97,0.2,64.59,26617.97,CANCELADO,2023-06-19
2064,911,43,9,8438.28,0.17,54.16,63088.11,ENVIADO,2022-01-11
2065,845,351,3,6361.42,0.19,17.57,15475.82,ENVIADO,2024-02-20
2066,22,983,10,12341.36,,44.42,0,CANCELADO,2023-07-18
2067,862,62,3,10245.61,0.06,32.87,28925.49,PAGO,2023-08-22
2068,81,681,9,2117.67,0.01,149.54,19017.98,PAGO,2025-03-06
2069,991,58,6,4473.88,0.09,72.76,24500.14,PENDENTE,2023-07-09
2070,338,654,6,3565.8,0.25,62.46,16108.56,CANCELADO,2022-09-27
2071,889,980,2,7576.56,0.06,60.73,14304.66,PAGO,99/99/9999
2072,127,589,7,10924.4,0.26,96.88,56685.27,CANCELADO,2024-11-15
2073,600,758,2,13273.93,0.25,113.19,20024.08,ENVIADO,2024-04-25
2074,370,355,6,9027.99,0.24,140.78,41308.41,ENVIADO,2024-06-17
2075,308,458,8,9421.23,0.28,48.01,54314.29,CANCELADO,2023-05-24
2076,482,631,1,275.06,0.02,49.9,319.46,CANCELADO,2022-08-05
2077,136,203,10,5126.97,,128.36,44733.0,ENVIADO,2023-06-24
2078,811,22,7,4530.87,0.23,137.58,24558.97,CANCELADO,2022-08-20
2079,1145,283,2,7456.62,0.28,124.68,10862.21,CANCELADO,2024-06-10
2080,982,126,7,14881.7,0.29,102.9,74064.95,PAGO,2025-02-21
2081,1214,365,-1,4536.8,0.24,91.27,-500,CANCELADO,2022-11-21
2082,736,593,8,8754.4,0.07,87.84,65220.58,CANCELADO,2022-02-20
2083,35,378,6,11855.03,0.17,,mil,PENDENTE,2023-03-21
2084,444,249,8,8819.78,0.06,10.34,66335.09,PENDENTE,2024-12-17
2085,976,962,8,7805.6,0.23,67.71,48150.21,pago,2023-09-05
2086,95,191,5,2811.49,0.23,70.9,10895.14,PENDENTE,2022-12-07
2087,614,841,7,6108.85,0.13,119.89,37322.79,PENDENTE,2023-09-30
2088,457,680,2,4603.21,0.28,63.76,6692.38,ENVIADO,2024-04-06
2089,148,201,,4201.65,0.28,97.72,30349.6,ENVIADO,2024-03-10
2090,828,532,2,14381.88,0.04,148.09,27761.3,PENDENTE,2023-06-30
2091,503,141,3,13551.67,0.07,39.09,37848.25,ENVIADO,2023-09-09
2092,534,987,6,7446.67,0.07,139.95,41692.37,ENVIADO,2024-02-01
2093,472,515,7,8433.1,0.0,134.14,59165.84,CANCELADO,2023-06-25
2094,425,938,4,2500.82,0.01,,9970.8,PAGO,2024-11-10
2095,257,467,2,12984.57,0.04,44.94,24975.31,ENVIADO,2024-02-06
2096,242,230,6,13189.28,0.16,16.95,66490.92,ENVIADO,2024-05-16
2097,210,191,8,10080.84,0.21,16.67,-500,PAGO,2024/10/02
2098,155,130,10,1241.19,0.08,74.28,11493.23,CANCELADO,2022-09-29
2099,721,185,6,9253.99,0.13,144.05,48449.88,ENVIADO,2024-09-08
2100,760,737,6,1870.07,0.01,20.75,11128.97,PENDENTE,2024-07-30
2101,458,245,3,675.03,0.07,95.34,1978.67,pago,2023-02-17
2102,927,424,6,5109.49,0.01,116.8,30467.17,ENVIADO,2024-08-26
2103,148,466,6,1708.76,0.0,,10396.98,CANCELADO,2024-08-04
2104,792,73,3,1266.77,0.16,128.91,3321.17,PENDENTE,2023/04/19
2105,280,543,5,11016.46,0.21,145.56,mil,PENDENTE,2022-03-07
2106,181,406,5,6195.73,0.16,56.81,-500,PAGO,2023-10-24
2107,558,517,1,11690.29,0.03,94.95,11434.53,CANCELADO,2024-09-14
2108,378,717,5,2918.75,0.21,17.41,11546.47,PAGO,2022-10-28
2109,474,11,5,6623.73,0.03,35.75,32160.84,ENVIADO,2022-07-09
2110,861,868,9,5624.2,0.16,73.56,42592.51,PENDENTE,2022-03-04
2111,71,59,6,10822.21,0.27,92.55,47493.83,ENVIADO,2023-08-12
2112,29,532,10,10706.55,0.08,52.0,98552.26,CANCELADO,2025-03-15
2113,862,378,8,341.38,0.15,141.67,2463.05,CANCELADO,2024-05-21
2114,965,739,3,6763.5,0.17,124.63,16965.74,PAGO,2022-09-06
2115,525,882,1,11097.77,0.01,94.89,11081.68,PAGO,08-15-2024
2116,140,512,7,10008.24,0.16,58.26,58906.71,PAGO,2023-07-23
2117,476,138,7,7607.68,0.26,24.08,39431.86,Pagoo,2024-07-09
2118,326,985,10,5443.01,0.21,88.81,-500,ENVIADO,2023-08-02
2119,802,687,10,2637.13,0.01,79.44,26187.03,PAGO,2025-02-02
2120,116,502,8,3946.86,0.13,147.25,27617.4,CANCELADO,2023-03-19
2121,382,396,10,8688.76,0.14,27.39,74750.73,PAGO,2022-11-01
2122,503,115,10,1353.92,0.13,91.94,11871.04,PENDENTE,2022-03-23
2123,403,544,3,7743.68,0.22,119.61,18239.82,CANCELADO,2025-01-29
2124,260,492,9,1875.87,0.06,32.07,15901.93,PENDENTE,2022-10-09
2125,85,452,8,7670.03,0.1,140.58,55364.8,PAGO,2023-10-10
2126,494,710,8,10877.06,0.23,88.76,67091.45,PENDENTE,2024-10-26
2127,79,71,-5,7434.41,0.01,92.27,44252.67,CANCELADO,2024-07-12
2128,428,191,10,3863.6,0.06,24.06,36341.9,ENVIADO,2025-03-18
2129,1368,1154,10,9655.38,0.08,122.26,88951.76,CANCELADO,2023-07-25
2130,154,118,1,1619.93,0.16,19.94,1380.68,PENDENTE,2024-01-28
2131,1046,329,4,7939.47,0.24,134.28,24270.27,Pago,2024-04-23
2132,956,900,3,5777.54,0.09,141.71,0,CANCELADO,2024-03-08
2133,713,174,3,9960.9,0.17,10.56,24813.2,CANCELADO,2023-06-15
2134,51,739,dez,6268.47,0.24,44.98,4809.02,PENDENTE,2022-06-02
2135,781,756,2,11108.39,,33.86,,PAGO,2024-12-18
2136,930,344,,1845.26,0.07,37.59,8618.05,Pagoo,2023-10-17
2137,450,1169,10,1501.58,0.11,76.28,13440.34,PAGO,2022-07-30
2138,164,1044,10,13659.12,0.08,25.81,125689.71,PENDENTE,2025-04-03
2139,876,173,7,4835.28,,26.9,33873.86,CANCELADO,2023-09-22
2140,1278,526,9,5877.24,0.11,51.62,47128.31,CANCELADO,2022-07-28
2141,320,980,5,10413.85,0.17,149.46,43366.94,PAGO,2024-11-25
2142,141,223,2,5402.37,0.25,84.71,8188.27,PENDENTE,2023-05-31
2143,966,403,8,12507.79,0.19,149.87,81200.35,ENVIADO,2024-06-22
2144,834,459,8,5785.28,0.09,28.85,42145.69,ENVIADO,2024-03-20
2145,310,1230,9,10517.98,0.27,79.89,69183.02,Cancelado,2023-03-24
2146,904,811,6,12820.01,0.01,104.25,76255.11,PENDENTE,2023-12-07
2147,443,355,5,13282.73,0.13,123.52,57903.4,PENDENTE,2025-04-04
2148,717,190,4,8342.16,0.03,87.19,32454.77,ENVIADO,2025-01-29
2149,529,22,8,13271.89,0.22,15.56,82832.15,CANCELADO,2025-03-31
2150,841,83,7,10231.75,0.18,,58834.67,PAGO,2024-10-12
2151,7,741,9,8282.65,0.23,51.65,57450.41,ENVIADO,2024-04-29
2152,73,244,9,14016.77,0.24,137.67,96012.38,CANCELADO,2025-04-08
2153,104,201,4,10625.57,0.22,95.73,33247.51,PAGO,2022-02-23
2154,510,317,6,1626.67,,130.48,9207.3,CANCELADO,2022-05-13
2155,509,905,3,2127.19,0.08,,5939.81,PENDENTE,2023-03-20
2156,559,115,3,7749.0,0.13,134.16,20359.05,ENVIADO,2023-10-18
2157,978,841,2,1077.68,0.05,114.89,2162.48,PENDENTE,2023-05-04
2158,108,920,1,14944.75,0.15,32.68,12735.72,PAGO,2022-02-24
2159,951,546,2,7651.28,0.01,108.7,15258.23,CANCELADO,2022-06-05
2160,25,558,2,6727.14,0.04,46.65,12962.76,PAGO,2023-07-31
2161,588,490,1,3160.17,0.04,12.88,3046.64,ENVIADO,10/01/2024
2162,825,22,5,12654.96,0.0,11.68,63286.48,PAGO,2024-08-25
2163,151,702,3,10191.65,0.18,60.03,25131.49,,2025-02-19
2164,568,509,9,13595.22,0.25,78.75,,PENDENTE,2025-01-04
2165,1260,588,-5,9228.57,0.19,121.98,30022.55,PAGO,2024-07-23
2166,229,288,2,8087.49,0.27,14.29,11822.03,PAGO,2023-12-14
2167,825,327,9,4985.14,0.06,,42263.9,CANCELADO,2023-01-27
2168,598,188,8,1235.63,0.17,45.23,8249.81,Pagoo,2022-06-02
2169,202,470,9,9857.82,0.06,106.15,83503.31,PAGO,2024-07-10
2170,941,529,10,10169.41,0.14,107.8,87564.73,PENDENTE,2022-08-05
2171,33,1388,1,6843.87,0.04,103.25,6673.37,CANCELADO,2024-04-04
2172,455,376,8,8070.47,0.0,142.1,64705.86,ENVIADO,2023-06-11
2173,153,1133,7,1908.72,0.09,125.32,12283.87,ENVIADO,2024-08-12
2174,237,249,3,4907.97,0.23,107.01,11444.42,ENVIADO,2023-06-10
2175,831,696,1,11326.35,0.19,17.99,9192.33,PENDENTE,2023-06-19
2176,588,165,5,7017.4,0.08,83.84,32363.88,PENDENTE,2022-06-21
2177,945,366,7,12237.55,0.03,120.2,83213.16,ENVIADO,2023-07-09
2178,1417,159,6,13326.73,0.24,75.66,60845.55,PENDENTE,2023-02-25
2179,842,1071,0,1656.13,0.02,92.86,8207.9,PAGO,2022-03-09
2180,132,181,2,14667.01,0.09,32.95,26726.91,CANCELADO,2022-10-06
2181,435,123,2,12491.14,0.03,105.96,24338.77,CANCELADO,2023-11-06
2182,450,782,0,8039.02,0.05,84.2,45906.61,PAGO,2023-01-10
2183,137,200,6,8336.3,0.18,125.57,41140.17,PAGO,31/02/2025
2184,324,47,8,10746.75,0.15,92.03,73169.93,PENDENTE,2024-01-04
2185,721,719,8,7395.26,,49.94,50929.33,PAGO,99/99/9999
2186,545,895,9,13860.45,0.12,86.49,109861.25,CANCELADO,2023-08-18
2187,389,22,10,1528.12,0.04,134.03,14803.98,PAGO,2022-07-09
2188,62,588,,12819.43,0.24,29.79,97457.46,PAGO,2024-09-03
2189,128,703,7,11612.3,0.07,62.04,75658.11,CANCELADO,2023-07-02
2190,471,571,10,5375.16,0.21,43.99,42507.75,CANCELADO,2023-12-27
2191,363,863,8,11001.03,0.26,34.26,65160.36,ENVIADO,2022-08-07
2192,136,871,3,13977.99,0.08,13.31,38592.56,CANCELADO,2022-03-04
2193,284,42,5,10931.45,0.12,102.93,48201.31,PENDENTE,2022-09-26
2194,618,166,1,7162.88,0.19,105.08,5907.01,ENVIADO,2024-10-01
2195,280,187,4,9381.75,0.1,47.1,33821.4,PENDENTE,2024-05-06
2196,593,1226,2,12376.58,0.1,15.75,0,ENVIADO,2025-03-11
2197,392,995,6,3264.31,,60.57,16708.55,ENVIADO,99/99/9999
2198,371,53,8,9348.0,0.25,75.39,56163.39,PAGO,2023-09-30
2199,53,916,3,10271.77,0.14,137.74,0,Pago,2024-08-24
2200,29,575,8,1299.16,0.05,115.44,9989.06,ENVIADO,2022-03-19
2201,215,78,6,12164.15,0.27,135.11,53414.09,PENDENTE,2022-01-29
2202,565,539,9,869.17,0.13,10.42,R$500,Pagoo,2024-11-17
2203,434,506,6,7744.8,0.23,55.44,35836.42,CANCELADO,2024-06-15
2204,255,401,7,9337.93,0.2,27.91,52320.32,CANCELADO,2023-04-08
2205,277,784,6,13701.3,0.2,106.43,65872.67,PENDENTE,2025-03-21
2206,110,436,7,6748.0,0.29,71.83,33609.39,CANCELADO,2024-12-27
2207,278,636,2,14366.89,0.03,65.34,27937.11,PENDENTE,2025-03-31
2208,626,915,6,3265.06,0.14,20.15,16867.86,PENDENTE,2023-06-14
2209,959,450,9,238.56,0.13,50.98,,PENDENTE,2024-06-03
2210,925,604,3,11357.64,0.25,118.28,25672.97,ENVIADO,2022-08-30
2211,399,1400,8,14853.57,0.3,31.6,83211.59,CANCELADO,2023-04-25
2212,313,186,-5,11638.38,0.11,10.97,62159.92,PAGO,2023/02/25
2213,75,841,4,12330.78,0.12,101.59,43505.94,ENVIADO,2024-06-22
2214,29,755,8,12023.0,0.13,13.49,83693.57,CANCELADO,2022-06-12
2215,677,500,5,13378.22,0.09,64.25,60935.15,ENVIADO,2023-01-17
2216,929,367,8,10623.94,0.24,126.54,64720.1,ENVIADO,09-22-2023
2217,501,519,6,13238.03,0.19,45.1,64381.93,PAGO,2022-11-26
2218,731,225,10,13045.39,,83.38,97923.8,PENDENTE,2022-10-11
2219,7,297,5,14222.17,0.08,119.28,65541.26,ENVIADO,2024-02-17
2220,304,324,7,8229.88,0.25,90.74,43297.61,ENVIADO,2024-03-29
2221,837,486,7,5785.31,0.26,77.29,30045.2,ENVIADO,2023-09-29
2222,329,949,3,1077.73,0.11,50.25,2927.79,CANCELADO,2023-07-19
2223,6,442,2,10310.35,0.17,106.93,17222.11,CANCELADO,31/02/2025
2224,144,313,7,12915.39,0.13,91.78,78746.51,PENDENTE,2023-05-11
2225,919,81,2,13828.27,0.24,81.16,21100.13,CANCELADO,2023-12-30
2226,403,107,6,1140.8,0.06,95.21,6529.32,PENDENTE,2024-10-24
2227,948,92,4,4936.11,0.29,143.73,14162.28,CANCELADO,2025-01-05
2228,257,70,8,9806.83,0.28,55.78,56543.12,ENVIADO,2022-09-22
2229,435,957,10,4611.65,0.14,108.52,39768.71,CANCELADO,2022-08-28
2230,605,1417,4,6522.92,0.17,127.38,21783.47,PAGO,2022-04-30
2231,636,321,3,12553.53,0.06,143.72,35544.67,CANCELADO,2023-12-22
2232,392,1201,5,12236.33,0.22,68.39,47790.08,CANCELADO,2022-03-16
2233,295,194,3,5761.25,0.1,104.3,15659.67,CANCELADO,2022-05-15
2234,916,164,1,2134.33,0.08,51.65,2015.23,PENDENTE,2023-01-13
2235,876,599,10,9129.36,0.14,,78542.06,PENDENTE,2023-04-28
2236,720,707,4,14081.77,0.04,131.78,54205.78,ENVIADO,2024-01-02
2237,231,346,6,4663.57,0.28,50.33,20196.95,PENDENTE,2023-06-30
2238,725,53,3,14426.56,0.1,140.72,39092.43,CANCELADO,2024-10-29
2239,295,832,8,7107.85,,133.84,53584.87,PAGO,2022-10-31
2240,355,614,4,8519.04,0.24,54.11,25951.99,PENDENTE,31/02/2025
2241,877,670,6,8978.64,0.01,110.4,53443.52,ENVIADO,2022-07-10
2242,161,707,1,9480.48,0.14,31.03,8184.24,ENVIADO,2024-11-04
2243,943,457,9,4807.72,,17.89,37229.64,ENVIADO,2023-03-10
2244,144,351,9,10968.65,0.13,144.03,86028.56,CANCELADO,2024-08-05
2245,248,297,5,12055.31,0.19,40.83,48864.84,CANCELADO,2022-05-14
2246,767,421,,5006.8,0.14,79.31,17302.7,ENVIADO,2024-01-06
2247,580,370,10,6137.65,0.24,11.76,46657.9,PENDENTE,2025-03-12
2248,755,279,9,3859.18,0.04,11.22,33354.54,CANCELADO,2023-02-10
2249,134,236,8,5959.55,0.01,,47219.45,Cancelado,2024-09-23
2250,605,573,3,1845.46,0.19,38.04,4522.51,PAGO,2022-06-28
2251,1413,684,5,8525.13,0.27,87.98,31204.7,ENVIADO,2025-01-07
2252,1487,673,5,11277.83,0.12,106.19,49728.64,CANCELADO,2025-02-24
2253,952,701,1,10206.51,0.17,,8524.7,PENDENTE,2023-11-16
2254,438,170,10,7161.33,0.06,63.25,67379.75,PENDENTE,2023-09-15
2255,904,423,9,12304.16,0.18,33.19,90837.89,CANCELADO,2024-05-31
2256,108,48,dez,1519.95,0.29,93.93,6568.92,ENVIADO,2022-12-13
2257,257,619,5,13344.62,0.23,105.23,51482.02,ENVIADO,2022-06-27
2258,307,280,1,12754.41,0.29,41.9,9097.53,ENVIADO,2024-05-11
2259,824,139,4,7419.51,0.15,145.72,0,pago,2022-07-16
2260,376,185,1,108.44,0.05,91.19,194.21,PAGO,2023-08-20
2261,608,567,3,1211.65,0.15,35.7,3125.41,PAGO,2023-05-17
2262,792,1003,8,9541.35,0.12,90.54,67261.64,Pagoo,2024-02-10
2263,864,983,4,12316.01,0.05,51.16,46852.0,PAGO,2023-10-03
2264,1367,312,7,9289.72,0.03,146.69,63223.89,CANCELADO,04-20-2022
2265,673,751,9,164.86,0.26,140.63,1238.6,PAGO,2022-02-21
2266,615,892,4,2685.67,0.21,86.49,8573.21,PAGO,2022-12-02
2267,115,102,7,7020.49,0.1,,44279.71,PAGO,2024-04-01
2268,114,116,7,14808.5,0.14,126.11,R$500,CANCELADO,2022-12-13
2269,240,799,1,2576.07,0.01,,2640.58,PAGO,2024-01-10
2270,1166,623,-5,4229.56,0.02,103.06,37407.78,ENVIADO,2022-05-08
2271,1336,517,5,6553.74,0.18,16.93,26887.26,CANCELADO,2024-11-10
2272,336,736,1,1281.48,0.27,71.86,1007.34,Cancelado,2025-01-25
2273,134,1459,6,1636.94,,18.85,7581.51,CANCELADO,2022-03-02
2274,43,411,6,981.96,0.2,99.33,-500,CANCELADO,2024-06-19
2275,935,523,9,6094.97,0.06,102.03,51665.48,ENVIADO,2023-09-02
2276,1064,963,4,8145.28,0.2,26.87,26091.77,ENVIADO,2024-08-09
2277,924,73,-1,12910.47,0.04,89.03,124029.54,Pagoo,2024-08-13
2278,42,133,3,9988.9,0.17,45.22,24917.58,PENDENTE,2022/11/01
2279,652,603,3,7991.09,0.16,87.79,20225.34,PENDENTE,2023-03-17
2280,348,1418,8,13378.4,0.19,32.88,86724.91,CANCELADO,2024-02-26
2281,293,273,3,10166.39,0.07,88.01,28452.24,ENVIADO,2024-07-18
2282,808,995,3,7110.35,0.1,147.29,mil,ENVIADO,2023-02-03
2283,799,61,2,3941.81,0.26,22.86,5856.74,PENDENTE,2024-12-17
2284,187,909,4,2940.47,0.14,49.66,10164.88,CANCELADO,2022-10-29
2285,108,479,6,3991.76,0.17,51.02,19929.98,PENDENTE,2023-09-07
2286,518,113,6,1137.42,0.19,27.22,5555.08,ENVIADO,2022-12-22
2287,746,210,6,3231.83,0.27,96.56,14251.98,PAGO ,2022-09-02
2288,967,667,2,11958.12,0.07,48.91,22291.01,PENDENTE,2023-06-17
2289,202,79,1,10868.79,0.03,45.14,10587.87,PENDENTE,2023-09-24
2290,49,838,2,13815.32,0.19,11.85,22392.67,PENDENTE,2024-07-02
2291,622,105,3,11988.71,,82.64,27416.9,ENVIADO,2022-06-21
2292,10,105,-5,13507.87,0.1,29.43,24343.6,ENVIADO,2024-11-13
2293,1383,137,2,13884.04,,64.76,27277.48,ENVIADO,2024-07-16
2294,268,168,1,13972.9,0.19,50.03,mil,ENVIADO,2022-05-19
2295,363,593,6,2561.46,0.21,128.03,12269.35,ENVIADO,2024-10-28
2296,236,30,6,4729.59,0.14,,24480.37,PAGO,2022-03-24
2297,224,620,5,10951.85,0.16,54.3,0,PENDENTE,2024-12-22
2298,1317,648,7,9292.2,0.29,69.57,46251.8,CANCELADO,2022-06-17
2299,90,59,2,7516.12,0.04,33.13,14464.08,CANCELADO,2023-12-09
2300,63,514,6,14740.36,0.18,42.78,72565.35,CANCELADO,2022-03-19
2301,741,916,7,13818.8,0.28,118.28,69765.03,PENDENTE,11-08-2023
2302,966,1338,9,12445.16,0.13,121.04,97566.64,PENDENTE,2023-07-15
2303,780,868,7,4929.77,0.05,120.12,32903.09,pago,2024-11-24
2304,39,449,1,901.57,0.08,22.55,851.99,PENDENTE,2025-01-17
2305,725,207,-1,13063.79,0.11,,116312.4,PAGO ,10-16-2022
2306,210,270,7,1161.92,0.16,79.75,6911.84,PENDENTE,2023-03-24
2307,43,294,-1,10684.24,0.18,77.33,17599.48,CANCELADO,2023-08-21
2308,1093,666,5,3762.02,0.2,131.1,15179.18,PAGO,2022-11-21
2309,69,33,10,3619.62,0.12,111.48,31964.14,ENVIADO,2024-02-13
2310,357,306,6,9269.85,0.02,45.03,54551.75,PAGO,2022-08-09
2311,144,391,10,3080.7,0.09,38.76,28073.13,PAGO,2023-02-26
2312,764,72,5,14607.59,0.16,57.09,61408.97,ENVIADO,2024-06-20
2313,109,328,2,11200.32,0.09,124.1,20508.68,CANCELADO,2022-10-06
2314,1291,856,10,6815.1,0.02,,66879.62,CANCELADO,2024-11-04
2315,465,474,2,2428.9,0.16,85.18,4165.73,CANCELADO,2024-01-04
2316,394,695,6,9381.61,0.02,108.96,55272.83,CANCELADO,2022-10-23
2317,599,7,1,3882.26,0.29,33.78,2790.18,ENVIADO,2022-01-20
2318,1458,603,8,11436.14,0.18,58.53,75079.61,ENVIADO,2024-09-30
2319,658,1354,6,13557.39,0.22,,mil,PENDENTE,2023-07-07
2320,1250,44,4,1605.57,0.03,102.91,6332.52,CANCELADO,2022-12-30
2321,296,664,3,10769.01,0.21,103.33,25625.88,CANCELADO,2022-04-17
2322,906,401,9,14034.34,0.02,60.2,123843.08,CANCELADO,2022-03-30
2323,431,957,4,5832.38,0.12,11.98,20541.96,CANCELADO,2024-04-30
2324,192,135,-1,13596.36,0.28,81.51,49028.41,ENVIADO,2023-10-01
2325,779,717,7,8704.41,0.17,83.58,50656.2,PENDENTE,2022-04-30
2326,507,643,1,3912.86,0.06,89.9,3767.99,PAGO,2022-09-04
2327,289,416,10,13752.38,0.23,25.48,105918.81,PAGO,2024-12-09
2328,1097,232,7,86.38,0.24,34.33,493.87,CANCELADO,2022-12-07
2329,534,1438,2,47.97,,11.18,98.49,PENDENTE,2024-06-29
2330,712,391,4,11227.28,0.1,105.69,40523.9,pago,31/02/2025
2331,878,1172,10,4956.14,0.2,67.83,39716.95,PENDENTE,2024-10-26
2332,478,497,10,469.7,0.28,99.26,3481.1,PENDENTE,2022-11-21
2333,870,335,-1,7741.02,0.1,36.95,69706.13,pago,2024-10-01
2334,354,649,4,10001.09,0.03,38.12,38842.35,PAGO,2025-04-07
2335,1405,1359,4,836.63,0.12,73.67,3018.61,PAGO,2024-10-22
2336,819,1366,0,14343.88,0.07,80.39,133478.47,PAGO,2023-05-19
2337,87,419,6,6618.14,0.25,29.27,29810.9,CANCELADO,2023-07-05
2338,578,683,1,13342.77,0.29,88.78,9562.15,CANCELADO,2024-07-27
2339,829,420,7,1170.83,0.26,138.6,-500,CANCELADO,2023-12-11
2340,763,455,9,2828.87,0.28,89.0,18420.08,PAGO,2022-08-28
2341,292,90,3,9564.02,0.01,,,PENDENTE,2022-01-02
2342,30,925,4,13897.72,0.21,87.08,44003.88,ENVIADO,2023-03-27
2343,967,18,4,9710.08,,118.41,36239.91,PAGO,2023-12-13
2344,878,334,-5,12086.82,0.25,128.51,72649.43,PAGO ,2022-01-12
2345,761,350,5,14816.25,0.27,101.53,R$500,PAGO,2022-11-26
2346,97,140,10,12016.05,,,104673.14,PAGO,19/09/2023
2347,799,1014,,1849.81,0.09,120.24,11903.53,CANCELADO,2023-06-12
2348,940,777,4,9469.45,0.22,49.63,29594.31,PENDENTE,2022-08-08
2349,326,970,10,5681.89,0.02,40.66,55723.18,PENDENTE,2024-01-05
2350,107,89,10,9850.11,0.06,59.47,92650.5,ENVIADO,2022-03-16
2351,234,779,3,3718.6,0.16,72.67,mil,CANCELADO,2022-05-26
2352,800,972,5,270.09,0.06,95.67,1365.09,Pago,2024-11-11
2353,245,165,10,9974.35,0.19,132.16,80924.4,Pago,2023-12-15
2354,573,82,9,4899.05,0.07,125.49,mil,PAGO,2022-10-07
2355,802,895,9,8299.02,0.04,14.67,71718.2,CANCELADO,2024-10-28
2356,930,191,4,10200.04,0.0,68.47,40868.63,PENDENTE,2024-02-14
2357,769,902,8,980.88,0.28,49.45,5699.32,CANCELADO,2022-12-30
2358,737,308,5,10175.28,0.28,82.55,36713.56,PAGO,2024-12-02
2359,107,781,2,12287.64,0.09,70.59,22434.09,ENVIADO,2022-03-17
2360,62,677,7,11268.58,0.25,84.49,59244.53,CANCELADO,2022-05-04
2361,497,328,9,14297.0,0.02,139.04,126238.58,PENDENTE,2023-05-16
2362,995,907,6,2093.33,0.23,73.29,9744.47,PENDENTE,2024-04-04
2363,557,8,4,12065.39,0.29,149.35,34415.06,PENDENTE,2024-11-13
2364,387,594,8,14379.58,,68.52,105902.23,CANCELADO,2024-08-19
2365,455,771,3,6209.86,0.03,148.72,18219.41,PENDENTE,2023-04-02
2366,772,714,1,13008.26,0.23,129.74,10146.1,CANCELADO,99/99/9999
2367,628,169,-1,8090.81,0.16,139.14,40916.82,PENDENTE,2024-06-01
2368,335,684,5,13068.76,0.0,147.74,65491.54,ENVIADO,2022-10-13
2369,152,799,6,914.04,0.13,129.06,4900.35,ENVIADO,2024-12-08
2370,966,552,3,3179.29,0.17,129.15,8045.58,PENDENTE,2024-03-15
2371,407,208,4,266.36,0.17,,948.56,ENVIADO,2023-10-01
2372,528,846,5,11747.68,0.2,49.38,47040.1,PAGO,2023-04-14
2373,63,731,2,5835.07,0.07,62.55,10915.78,PAGO,2024-12-28
2374,465,631,-5,2300.91,0.27,59.28,11816.93,ENVIADO,2022-03-31
2375,810,62,3,12997.25,0.27,51.47,28515.45,PAGO,2024-02-17
2376,138,924,5,4176.3,0.29,68.3,14894.16,PAGO,2024-05-31
2377,896,182,5,2310.09,0.06,83.48,10940.9,PAGO,2024-08-08
2378,632,529,6,379.19,0.07,102.23,2218.11,PENDENTE,2023-04-01
2379,795,125,8,11464.11,0.08,90.49,84466.34,CANCELADO,2025-03-31
2380,6,841,,7624.53,0.2,86.84,18385.71,ENVIADO,01-26-2025
2381,428,622,7,2510.34,0.29,129.15,12605.54,,2023-08-28
2382,253,838,3,5493.31,0.22,33.57,12887.92,PAGO,2023-04-21
2383,403,364,5,3173.09,0.18,47.24,13056.91,CANCELADO,2022-07-16
2384,422,1499,-5,12445.73,0.18,16.55,40838.54,PAGO,2023-10-08
2385,1130,934,4,7010.03,0.05,18.31,26656.42,ENVIADO,2023-05-30
2386,11,31,4,10656.18,0.11,83.9,38019.9,ENVIADO,2023-08-25
2387,614,388,7,5668.02,0.0,28.91,39705.05,PAGO,31/02/2025
2388,530,609,4,7526.04,,127.63,28726.58,CANCELADO,2022-08-28
2389,141,406,10,11616.84,0.1,146.4,104697.96,PAGO,2024-05-25
2390,482,536,2,6909.8,0.04,126.79,13393.61,PENDENTE,99/99/9999
2391,782,1335,4,8999.25,0.04,107.75,34664.87,PENDENTE,2023-08-18
2392,31,96,2,3824.3,0.24,78.44,5891.38,ENVIADO,2022-03-17
2393,1159,976,10,616.97,0.29,74.23,4454.72,ENVIADO,2022-07-12
2394,33,680,4,11604.26,0.08,58.04,42761.72,PAGO,2023-08-24
2395,723,691,8,14496.31,0.09,97.49,105630.63,ENVIADO,2024-07-18
2396,694,737,7,14294.26,0.17,24.12,83073.77,CANCELADO,2024-06-19
2397,940,732,7,6749.82,0.27,141.72,34633.3,PAGO,2022-12-07
2398,777,576,10,9627.25,0.16,61.38,80930.28,CANCELADO,2022-07-24
2399,357,1407,9,11680.23,0.26,37.06,77827.39,ENVIADO,08/10/2024
2400,446,770,10,12522.45,,109.4,R$500,PENDENTE,2023-05-04
2401,126,53,7,4698.98,0.23,72.23,25399.73,CANCELADO,2023-09-18
2402,947,212,5,3894.17,0.18,77.96,16044.06,PENDENTE,2024-04-21
2403,844,899,6,14876.98,0.13,141.55,77799.39,ENVIADO,2022-05-18
2404,860,718,dez,2828.96,0.18,107.42,14025.9,ENVIADO,2022-01-05
2405,110,487,5,13927.23,,46.01,55058.57,ENVIADO,2024-03-23
2406,477,361,3,7214.85,0.3,71.29,15222.48,CANCELADO,2022-01-19
2407,816,780,5,2693.15,0.21,32.02,10669.96,ENVIADO,2024-08-03
2408,956,886,-1,12725.83,0.13,30.14,33244.56,ENVIADO,2022-09-16
2409,56,846,5,5771.57,,134.79,24952.54,CANCELADO,2022-03-09
2410,190,403,2,3578.62,0.01,97.34,7183.01,ENVIADO,2024-02-26
2411,416,994,6,4311.58,0.0,42.8,25912.28,PENDENTE,2023-11-17
2412,171,968,9,11186.3,0.27,,73569.28,PENDENTE,2023-01-18
2413,388,795,8,12861.72,0.23,137.77,79365.97,Pago,2023-12-14
2414,1205,9,6,14461.02,0.05,142.48,82570.29,ENVIADO,2022-12-21
2415,326,1332,7,8958.59,0.26,44.51,46450.01,ENVIADO,99/99/9999
2416,206,487,9,3771.95,0.1,19.37,30572.16,PAGO,2022-05-16
2417,505,434,3,1697.74,0.28,68.36,3735.48,CANCELADO,2023-05-24
2418,145,131,5,13546.16,0.23,15.48,52168.2,ENVIADO,2022-05-29
2419,549,280,1,11620.42,0.17,133.16,9778.11,PAGO,2022-10-06
2420,1437,1264,8,11316.06,0.18,11.16,74244.51,PAGO,2025-01-24
2421,1430,198,4,4253.64,0.25,57.59,12818.51,CANCELADO,2024-11-27
2422,674,443,10,8862.68,0.19,144.6,71932.31,PAGO,2022-11-26
2423,902,298,7,14442.62,0.25,118.61,75942.37,PENDENTE,2022-04-16
2424,829,274,10,7648.54,0.17,127.49,0,PENDENTE,2023/04/04
2425,763,444,6,6270.45,0.21,79.36,29801.29,PENDENTE,2022-02-16
2426,589,639,6,12743.48,0.09,,69719.2,CANCELADO,2023-01-25
2427,134,788,3,12708.36,0.01,149.46,37893.29,ENVIADO,2022-07-22
2428,686,888,10,5473.84,,119.1,41172.9,PENDENTE,2023-10-02
2429,38,531,4,5547.52,0.19,139.57,18113.53,PENDENTE,2022-02-01
2430,393,382,7,9206.11,0.05,103.0,61323.63,PAGO,2022-12-23
2431,237,928,5,1859.03,0.06,113.53,8850.97,PAGO,2022-11-26
2432,803,951,-1,13412.37,0.01,130.53,39965.27,ENVIADO,2025-03-16
2433,466,229,6,10010.85,0.08,149.16,0,ENVIADO,2024-05-24
2434,878,587,1,13328.77,0.13,78.09,11674.12,Cancelado,2022-05-06
2435,565,1044,9,3769.84,0.22,128.47,26592.75,PENDENTE,2023-01-21
2436,765,955,5,2154.16,0.1,92.81,9786.53,ENVIADO,2024-07-23
2437,457,691,6,737.56,0.3,102.17,3199.92,PAGO,2023-04-11
2438,195,544,4,8744.89,0.12,117.22,30899.23,CANCELADO,2024-08-04
2439,705,641,10,11582.44,0.07,102.87,mil,PENDENTE,2024-12-13
2440,134,661,1,2270.2,0.29,54.41,1666.25,ENVIADO,2024-07-15
2441,813,70,9,14905.09,0.17,120.24,111461.26,CANCELADO,2025-04-14
2442,996,67,2,10690.89,0.1,71.35,,ENVIADO,2022-10-09
2443,202,518,10,5698.51,0.25,50.89,42789.72,PENDENTE,99/99/9999
2444,736,661,2,368.16,0.01,113.93,842.89,CANCELADO,2025-04-15
2445,260,888,10,11512.94,0.23,89.11,88738.75,ENVIADO,2023-06-28
2446,362,528,8,13505.16,0.08,102.25,99500.23,CANCELADO,2022-09-21
2447,836,529,4,12805.14,0.28,58.35,36937.15,PENDENTE,2023-04-27
2448,968,443,8,5609.62,0.13,77.77,39120.73,ENVIADO,23/10/2023
2449,10,1459,10,6575.3,0.03,10.14,63790.55,PAGO,2024-09-12
2450,404,403,7,9071.63,0.15,103.59,54079.79,PENDENTE,2024-01-25
2451,513,673,4,11743.86,0.22,40.52,36681.36,CANCELADO,2024-12-25
2452,754,911,7,7354.51,0.1,11.47,46344.88,CANCELADO,2024-08-02
2453,275,971,7,11242.48,0.29,20.08,55895.21,PENDENTE,2022-08-08
2454,405,181,8,5019.51,0.21,45.79,,PENDENTE,31/02/2025
2455,206,1133,,10670.88,0.04,148.68,30880.81,PAGO,2023-09-08
2456,514,111,2,3083.14,0.2,117.12,5050.14,ENVIADO,2024-01-18
2457,495,945,3,11486.02,0.18,91.3,R$500,PAGO,2024-08-29
2458,187,711,10,13800.61,0.12,117.18,121562.55,pago,2025-03-21
2459,795,713,2,3197.93,0.04,81.3,6221.33,CANCELADO,2022-06-05
2460,494,86,3,11132.91,0.3,83.68,23462.79,ENVIADO,2024-01-17
2461,615,161,3,3317.32,0.11,133.61,mil,PENDENTE,2025-01-25
2462,731,182,10,13927.23,0.24,59.95,105906.9,ENVIADO,2023-09-08
2463,161,421,9,9969.55,0.26,79.84,66477.04,PAGO,2022-09-09
2464,972,362,1,7904.5,0.01,85.58,7911.03,PAGO,2022-01-25
2465,11,112,1,8438.94,0.19,134.55,6970.09,ENVIADO,2024-12-24
2466,748,562,7,5666.38,0.25,120.01,29868.51,ENVIADO,2023-04-14
2467,492,592,3,2360.13,0.26,106.94,5346.43,PENDENTE,2025-01-30
2468,511,251,5,14804.41,0.02,144.91,72686.52,ENVIADO,2025-02-28
2469,610,78,,5343.93,0.18,73.13,21983.24,PAGO,2024-06-18
2470,497,738,4,5845.23,0.11,95.96,20904.98,CANCELADO,2024-07-16
2471,116,819,10,8037.6,0.29,46.95,57113.91,ENVIADO,2023-05-29
2472,495,285,4,6590.05,0.05,29.82,25072.01,PAGO,2025-01-27
2473,853,532,8,4995.01,0.15,131.87,34097.94,Pago,2023-10-25
2474,328,294,6,11096.79,0.13,63.17,57988.41,CANCELADO,2024-04-17
2475,674,758,dez,1565.17,0.04,95.41,12115.92,CANCELADO,2024-08-25
2476,929,841,10,10064.78,0.01,,99706.75,ENVIADO,2023-10-29
2477,517,668,9,2211.58,0.21,76.65,mil,PENDENTE,2024-06-14
2478,422,28,10,7502.79,0.17,79.8,62352.96,CANCELADO,2022-04-05
2479,144,616,0,2373.03,0.18,146.22,mil,PENDENTE,2024-04-08
2480,460,530,3,5197.56,0.12,12.2,13733.76,ENVIADO,2022-12-04
2481,653,324,,1376.6,0.26,120.11,9288.27,PENDENTE,2025-02-01
2482,374,201,7,5094.2,0.19,29.87,mil,PENDENTE,2022-04-04
2483,426,460,3,991.09,0.04,24.95,0,PENDENTE,2024-07-10
2484,834,571,3,1692.35,,111.51,3716.22,PAGO,2024-12-19
2485,221,35,7,8397.82,0.21,80.26,46520.2,ENVIADO,2024-05-21
2486,424,48,7,7132.55,0.11,140.76,44576.55,CANCELADO,2024-06-24
2487,675,134,6,14658.76,0.09,35.04,80071.87,CANCELADO,2023-10-29
2488,155,217,6,7276.77,0.09,,39791.53,CANCELADO,2022-05-02
2489,753,973,5,8706.21,0.04,63.06,41852.87,ENVIADO,2022-07-02
2490,1425,18,5,6617.95,0.2,16.31,,ENVIADO,2025-03-14
2491,39,950,7,4666.33,0.24,97.33,24922.21,ENVIADO,2023-04-07
2492,404,217,9,3278.67,0.09,,26881.92,PENDENTE,2023/12/17
2493,893,659,3,3924.31,0.19,,9668.15,Pago,2023-06-17
2494,606,929,9,292.31,0.21,132.22,2210.54,CANCELADO,2022-01-21
2495,386,113,,782.93,0.17,142.33,5340.99,PAGO,2023-04-02
2496,236,879,9,4424.98,0.18,105.11,32761.46,CANCELADO,2024-06-18
2497,159,887,6,3301.16,0.03,71.79,19284.54,ENVIADO,2025-04-11
2498,501,287,6,576.13,0.02,88.97,3476.61,ENVIADO,2022-07-12
2499,38,916,5,2603.9,0.28,,9499.82,PAGO,2024-01-28
2500,268,291,6,10239.16,0.15,98.6,52318.32,PAGO,2023-03-25
2501,838,1097,9,687.16,0.18,77.91,5149.15,PENDENTE,2023-10-02
2502,837,487,7,56.41,0.24,49.38,349.48,PAGO,2023-01-25
2503,290,159,6,5311.26,0.12,87.98,28131.43,CANCELADO,07/12/2023
2504,590,684,6,4112.09,0.04,145.48,mil,PAGO ,2024-12-12
2505,714,1340,8,2362.19,0.02,64.78,18584.35,PENDENTE,2022-11-07
2506,163,463,4,3672.76,0.26,27.55,10898.92,PAGO,2025-04-04
2507,300,781,7,8070.68,0.13,108.89,49259.33,PENDENTE,2024-05-04
2508,653,907,8,2371.61,0.26,,14151.81,PENDENTE,2024-04-08
2509,920,450,9,3154.38,0.06,36.79,26722.84,pago,09-12-2023
2510,568,697,9,3339.69,,101.59,28355.37,PAGO,2022-11-19
2511,139,551,1,13033.35,0.26,41.09,9685.77,CANCELADO,2023-05-09
2512,558,931,2,5405.0,0.07,,10176.58,PENDENTE,2023-04-28
2513,362,62,5,5969.73,0.29,67.46,21260.0,CANCELADO,2022-08-03
2514,564,714,3,13035.0,0.27,144.63,mil,PAGO,2023-10-24
2515,865,629,,7456.36,0.2,65.26,59716.14,ENVIADO,2024-12-23
2516,956,384,1,14709.68,0.06,,13914.43,ENVIADO,31/02/2025
2517,1458,946,0,11321.33,0.17,37.3,47020.82,PAGO,09-14-2024
2518,668,959,5,7396.72,0.15,55.69,31491.75,PENDENTE,2024-12-27
2519,339,962,3,2307.09,0.24,,5299.18,PENDENTE,2025-02-01
2520,867,915,5,7349.76,0.27,50.83,26877.45,Pagoo,2025-03-21
2521,277,772,7,3265.94,0.12,93.81,20212.0,CANCELADO,2025-01-19
2522,505,370,-1,223.89,0.22,114.67,289.3,PENDENTE,2024-01-13
2523,724,513,1,4255.64,0.06,25.4,4025.7,PAGO,2023-02-14
2524,941,214,6,2800.18,0.25,70.87,12671.68,PENDENTE,2024-03-02
2525,960,233,4,1772.23,0.03,17.35,-500,CANCELADO,2023-10-11
2526,757,1038,1,5030.05,,103.22,4982.37,ENVIADO,2024-06-22
2527,239,653,6,2376.32,0.13,41.62,12446.01,PAGO,2022-11-04
2528,1213,951,9,11755.08,0.11,149.19,94307.38,ENVIADO,2024-06-20
2529,84,681,5,8708.05,0.11,21.96,38772.78,CANCELADO,2022-12-01
2530,125,324,9,6979.56,0.27,97.42,45953.13,PAGO,2024-09-04
2531,325,887,2,1422.37,0.08,111.26,2728.42,PENDENTE,2022-06-02
2532,958,209,8,1133.84,0.22,135.4,7210.56,CANCELADO,2022-04-20
2533,488,759,1,2897.0,0.0,,2924.11,PAGO,2022-08-21
2534,129,463,4,7993.22,0.26,103.05,23762.98,ENVIADO,2024-01-03
2535,433,266,1,479.18,0.17,103.2,500.92,Cancelado,2024-06-15
2536,983,153,5,1145.31,0.13,49.22,5031.32,ENVIADO,2023-10-12
2537,675,406,dez,2184.52,0.27,83.94,11246.84,Pago,2024-05-15
2538,268,410,1,3380.25,0.24,141.8,2710.79,CANCELADO,31/02/2025
2539,294,435,5,4884.78,,,18849.11,CANCELADO,2022-07-31
2540,903,219,8,14706.39,0.28,24.59,84733.4,PAGO,2024-10-13
2541,869,701,1,9591.84,0.16,90.72,,CANCELADO,2022-08-07
2542,331,650,5,9588.11,0.15,127.29,40876.76,ENVIADO,31/02/2025
2543,1415,791,6,2360.43,,127.14,10182.57,PENDENTE,28/08/2024
2544,531,336,10,5979.47,0.17,72.68,49702.28,PAGO,2023-12-19
2545,585,157,9,1029.97,0.08,112.19,8640.34,CANCELADO,2022-06-07
2546,651,98,2,8960.47,0.26,14.93,13276.43,PAGO,2024-11-11
2547,754,764,1,5918.42,0.24,22.46,4520.46,PENDENTE,2022-11-25
2548,1354,84,3,4953.27,0.15,29.18,12660.02,PENDENTE,2024-08-01
2549,981,989,5,1397.1,0.08,34.43,6461.09,PENDENTE,2022-07-27
2550,317,740,3,197.74,0.08,14.86,560.62,CANCELADO,2022-10-21
2551,881,679,6,14945.7,0.04,144.3,86231.53,CANCELADO,2025-01-26
2552,623,820,10,3371.59,0.09,119.72,30801.19,PAGO,2022-09-19
2553,88,246,6,1572.96,0.2,99.13,7649.34,PENDENTE,2023-06-17
2554,591,286,9,12487.64,0.24,109.61,85525.07,ENVIADO,2023-05-26
2555,330,908,8,907.33,0.23,116.98,5706.13,ENVIADO,2024-11-29
2556,633,174,2,3393.36,0.3,69.4,4820.1,PENDENTE,03/07/2024
2557,640,238,2,13882.61,0.25,52.22,20876.14,ENVIADO,2023-04-19
2558,99,229,4,6691.9,0.2,90.48,21504.56,PAGO,2023-10-20
2559,941,365,6,9757.18,0.15,,49789.84,PENDENTE,2025-03-02
2560,238,530,6,888.22,0.28,112.08,3949.19,CANCELADO,2023-03-25
2561,381,437,5,1522.72,0.27,122.96,mil,ENVIADO,2024-04-02
2562,928,239,2,1516.04,0.24,19.67,2324.05,pago,2024-09-30
2563,117,862,-1,3849.39,0.02,78.27,15167.88,PENDENTE,2022-04-15
2564,294,942,6,7770.05,0.01,30.14,46184.24,ENVIADO,2023-05-15
2565,901,809,-1,928.09,0.13,55.99,4900.62,PENDENTE,2022-02-19
2566,163,1120,1,9328.55,0.14,123.78,8146.33,ENVIADO,2025-01-10
2567,961,957,5,4179.64,0.13,143.2,18324.63,PENDENTE,2022-03-10
2568,267,57,6,13564.68,0.29,138.97,57924.51,PAGO,2024-03-17
2569,819,1453,10,11050.11,0.2,,88415.84,PAGO,2024-03-04
2570,20,585,2,12646.7,,48.05,19271.03,PAGO ,2024-04-24
2571,368,258,10,6940.19,0.16,39.55,58337.15,PENDENTE,2023-08-01
2572,1241,324,8,6342.34,0.02,36.94,49760.89,ENVIADO,2023-12-24
2573,674,382,1,8361.96,0.04,89.26,8116.74,ENVIADO,31/02/2025
2574,701,282,8,14242.09,0.15,117.27,96963.48,PENDENTE,2022-11-17
2575,125,598,8,6041.97,0.02,60.71,47429.75,PENDENTE,2023-05-30
2576,87,965,9,3434.4,0.15,118.17,26391.33,CANCELADO,2024-10-06
2577,610,837,3,11721.48,0.14,110.39,30351.81,CANCELADO,2022-02-10
2578,589,677,5,5779.65,0.26,130.95,21515.65,ENVIADO,31/02/2025
2579,770,250,8,5971.51,0.19,,38818.16,PENDENTE,2023-12-20
2580,103,876,9,6829.59,0.13,128.54,53604.23,PAGO,2022-09-04
2581,916,374,3,5720.61,0.08,57.95,15846.83,CANCELADO,2024-05-11
2582,459,327,10,1769.3,0.19,128.4,14459.73,PAGO,2023-09-13
2583,804,457,8,14490.27,0.28,149.21,83613.17,PAGO,2022-06-25
2584,986,289,5,9273.18,0.01,126.3,46028.54,PENDENTE,2024-10-01
2585,929,274,9,4050.92,0.1,57.16,32869.61,CANCELADO,2023/01/12
2586,28,579,6,14281.17,0.23,106.02,66085.03,CANCELADO,2024-11-05
2587,510,62,9,8724.41,,141.37,72379.48,PAGO,2023-01-19
2588,446,698,5,3977.76,0.05,136.63,19030.99,ENVIADO,2022-07-30
2589,230,490,8,13062.64,0.14,83.57,89954.53,ENVIADO,2025-04-06
2590,1199,857,8,12046.2,0.1,34.63,86767.27,PENDENTE,2022-04-20
2591,48,22,-1,968.42,0.06,129.0,8321.83,ENVIADO,2025-03-21
2592,180,777,5,9360.3,0.03,10.53,45407.99,CANCELADO,2024-05-11
2593,41,254,2,14863.96,0.16,87.46,25058.91,PENDENTE,2022-02-26
2594,847,237,10,12207.75,0.22,18.34,95238.79,CANCELADO,2023-01-22
2595,213,739,8,5371.56,0.26,114.42,31914.06,CANCELADO,2022-04-20
2596,10,836,3,13115.52,0.14,29.13,33867.17,CANCELADO,2023-12-23
2597,435,455,10,9102.74,0.08,127.87,83873.08,ENVIADO,2024-09-25
2598,247,1088,9,13197.71,0.16,126.5,99901.19,ENVIADO,2025-01-07
2599,632,86,1,4432.57,0.13,108.69,3965.03,CANCELADO,2022-07-25
2600,1040,226,0,9992.49,0.02,12.55,19597.83,PENDENTE,07-23-2024
2601,433,374,,7946.05,0.03,96.85,61758.2,Pago,2023-10-25
2602,379,1024,8,12653.3,0.29,22.83,71893.57,PENDENTE,2022-07-08
2603,1484,369,7,14274.59,0.24,149.85,76090.67,PENDENTE,2024-09-12
2604,675,46,2,12625.06,0.26,23.68,18708.77,PENDENTE,2022-11-23
2605,694,918,5,252.95,0.0,20.83,1285.58,CANCELADO,2022-06-24
2606,278,1286,6,8146.43,0.01,48.74,-500,CANCELADO,2023-05-12
2607,725,116,10,14157.05,0.18,137.58,116225.39,CANCELADO,2024-10-09
2608,622,448,7,764.29,,137.79,4952.82,ENVIADO,2023-06-19
2609,397,605,5,9950.61,0.21,68.1,39373.01,ENVIADO,2022-08-12
2610,308,1039,9,12413.51,0.03,17.77,108387.71,PENDENTE,2024-04-02
2611,562,391,6,13316.03,0.08,112.78,73617.27,ENVIADO,2024-10-08
2612,20,543,9,927.56,0.1,16.11,7529.35,CANCELADO,06-28-2024
2613,261,65,dez,10889.77,0.2,26.3,61009.01,,2022-06-09
2614,226,437,6,8660.19,0.05,,49503.54,ENVIADO,2022-06-21
2615,30,816,8,6497.65,0.02,,51068.02,ENVIADO,2025-02-07
2616,520,291,6,5451.59,0.13,84.13,28541.43,PENDENTE,2022-12-29
2617,239,307,10,12964.74,0.08,11.49,119287.1,PENDENTE,2023-02-06
2618,849,475,5,11781.48,0.02,83.34,57812.59,ENVIADO,2024-03-11
2619,868,547,9,458.26,0.05,118.39,4036.51,PAGO,2022-11-01
2620,844,1335,1,11886.06,0.25,132.5,9047.05,CANCELADO,2022-08-05
2621,401,449,7,11304.09,0.13,67.87,68909.78,ENVIADO,2022-04-22
2622,1076,250,7,7711.22,0.06,30.2,50770.03,ENVIADO,31/02/2025
2623,573,820,8,12294.32,0.25,136.84,73902.76,PAGO,2022-04-25
2624,656,5,7,5854.86,0.16,82.14,34508.72,PAGO,2023-07-21
2625,231,719,6,12551.39,,10.18,59503.77,PENDENTE,2024-08-21
2626,816,6,5,4254.14,0.27,146.85,15674.46,PAGO,2022-11-24
2627,436,270,6,1721.46,0.06,105.99,-500,ENVIADO,2023-11-04
2628,215,1082,9,7628.98,0.0,49.58,68710.4,PENDENTE,01-12-2023
2629,986,550,6,1113.03,0.25,135.77,5144.41,CANCELADO,2022-01-28
2630,126,214,10,11197.69,0.04,84.28,107582.1,PAGO,2024-10-05
2631,948,43,5,11029.95,0.11,56.37,49139.65,ENVIADO,2025-02-24
2632,940,598,5,6732.14,0.15,127.23,28738.83,PAGO,2024-01-22
2633,422,831,1,6595.29,0.04,126.12,6457.6,PAGO,2025-03-08
2634,441,399,10,4321.73,0.06,51.65,40675.91,CANCELADO,2024-02-03
2635,566,779,2,5535.04,0.23,91.71,8615.67,ENVIADO,2024-04-21
2636,246,1000,1,1948.34,0.0,31.79,1980.13,ENVIADO,2022-01-09
2637,333,1159,10,10899.71,0.2,79.39,87277.07,CANCELADO,31/02/2025
2638,668,157,7,661.51,0.05,54.03,4453.07,ENVIADO,2023-02-01
2639,864,569,,14642.0,0.04,36.59,126543.47,PAGO,2024-08-13
2640,537,710,7,2096.36,0.0,80.98,14755.5,PENDENTE,2024-11-01
2641,70,901,7,8175.76,0.17,11.58,47512.75,PENDENTE,2024-09-23
2642,320,745,3,5554.89,0.16,47.28,14045.6,CANCELADO,2022-07-26
2643,1032,806,8,14901.19,0.13,40.37,103752.65,CANCELADO,2023-06-12
2644,467,565,10,687.0,0.25,142.37,5294.87,ENVIADO,2022-10-05
2645,188,103,4,1072.26,0.3,106.28,3108.61,ENVIADO,2023-09-14
2646,25,544,8,10877.49,0.0,108.38,87128.3,PENDENTE,2024-05-06
2647,896,539,9,7457.44,0.09,135.35,61211.78,PAGO,2023-08-05
2648,997,994,2,12614.16,0.2,64.28,20246.94,PENDENTE,2024-07-09
2649,827,40,6,9746.22,0.18,67.19,48018.59,CANCELADO,2022-01-28
2650,341,453,8,4428.65,0.29,29.45,25184.18,CANCELADO,2023-09-08
2651,343,576,7,6040.47,0.05,35.01,40204.14,ENVIADO,2022-02-18
2652,793,267,2,3430.42,0.05,110.42,6628.22,ENVIADO,2022-10-10
2653,663,903,5,6359.62,0.15,68.98,R$500,PAGO,2025-02-19
2654,206,503,2,10596.38,,91.15,mil,ENVIADO,2024-04-24
2655,876,400,1,8790.36,0.13,49.86,,CANCELADO,2023-09-25
2656,319,958,4,600.38,0.03,133.91,2463.38,PENDENTE,2022-01-09
2657,323,186,3,5111.32,0.2,89.89,12357.06,ENVIADO,2024-03-23
2658,1273,923,7,8551.86,0.03,114.93,58182.06,CANCELADO,2022-01-02
2659,367,35,1,6119.04,0.05,147.02,5960.11,CANCELADO,2022-10-15
2660,690,703,6,931.87,,36.94,mil,CANCELADO,2023-01-29
2661,925,977,9,8071.52,0.15,60.28,61807.41,CANCELADO,2023-10-24
2662,809,988,9,11071.57,0.25,33.06,74766.16,PENDENTE,2022-10-02
2663,507,469,5,4437.79,0.23,41.82,17127.31,ENVIADO,2023-08-02
2664,56,303,8,14147.51,0.04,99.08,108751.96,PENDENTE,2023-08-29
2665,1017,11,7,6771.22,0.27,102.27,34703.2,PENDENTE,2022-05-16
2666,266,135,2,1947.58,0.04,59.77,0,ENVIADO,2024-01-15
2667,587,582,2,5437.68,0.25,84.03,8240.55,PENDENTE,2023-08-11
2668,272,282,1,10756.49,0.14,13.76,0,CANCELADO,2024-07-10
2669,803,672,5,12856.1,0.19,113.94,52181.15,PENDENTE,2024-03-16
2670,156,97,9,1199.35,0.08,117.54,10048.16,Cancelado,2022-02-27
2671,637,380,1,9584.14,0.28,63.88,6964.46,PENDENTE,2024-05-25
2672,1263,4,8,9103.4,0.02,113.42,71484.08,ENVIADO,2023-11-05
2673,994,668,4,9312.34,0.19,127.01,30298.99,PENDENTE,2024-11-04
2674,464,1215,10,2321.11,0.05,123.2,22173.75,ENVIADO,2023-08-05
2675,821,557,dez,14366.97,0.11,56.41,102349.24,CANCELADO,2024-10-10
2676,393,901,0,9251.59,0.13,23.27,16121.04,ENVIADO,2023-09-23
2677,790,577,0,13319.32,0.25,103.85,60040.79,PAGO,2024-05-13
2678,629,717,1,4976.97,0.06,79.43,4757.78,PENDENTE,2024-10-16
2679,863,813,7,11625.12,0.05,137.52,R$500,ENVIADO,2022-10-02
2680,27,456,6,6702.07,0.06,23.58,37823.25,ENVIADO,2023-07-08
2681,695,589,7,2653.64,0.08,38.35,17127.79,PAGO,2023-12-28
2682,946,235,7,7928.58,0.0,72.26,55572.32,pago,2022-07-03
2683,445,464,3,14958.32,0.14,91.07,38683.54,ENVIADO,2024-02-10
2684,1042,1095,6,837.79,0.08,48.1,4672.7,ENVIADO,2024-03-19
2685,469,904,0,10882.26,0.18,,35770.54,PENDENTE,2023-05-10
2686,627,803,5,13370.18,0.13,108.37,58268.65,CANCELADO,2023-03-28
2687,919,474,4,12548.68,0.24,55.08,38203.07,Cancelado,2024-05-05
2688,1058,64,dez,12050.23,0.11,59.23,107306.28,ENVIADO,2022-04-29
2689,61,276,2,1811.98,0.2,90.38,2989.55,ENVIADO,2022-03-08
2690,1077,397,1,8251.57,,68.83,7660.27,CANCELADO,2024-08-18
2691,577,553,9,13596.72,0.05,118.88,116370.84,CANCELADO,2024-10-25
2692,713,240,1,13093.18,0.28,89.78,9516.87,PENDENTE,2023-03-19
2693,879,156,2,1003.23,0.1,72.45,1878.26,ENVIADO,2023-09-24
2694,658,850,2,9617.87,0.13,68.82,16803.91,ENVIADO,2023-04-28
2695,552,88,-1,1790.07,0.2,,5823.8,ENVIADO,2022-04-09
2696,752,1051,5,8984.41,0.02,58.6,44082.21,PAGO,2022-05-29
2697,703,165,7,11848.3,0.16,17.61,69685.61,CANCELADO,2023-09-24
2698,440,918,7,13068.88,0.12,24.4,80528.7,PAGO,2025-02-14
2699,351,1320,9,11165.68,0.1,31.5,90473.51,ENVIADO,2022-12-28
2700,7,35,4,899.62,0.03,19.03,3509.56,CANCELADO,2023-09-15
2701,480,430,5,9686.11,0.03,47.87,47025.5,PAGO,2022-01-21
2702,882,830,7,3501.43,0.08,97.19,22646.4,CANCELADO,2022-12-05
2703,177,241,10,9887.64,0.11,61.9,88061.9,CANCELADO,2023-11-26
2704,617,284,2,10089.56,0.11,146.37,18105.79,PENDENTE,2024-08-21
2705,517,777,4,9154.71,0.07,74.8,34130.32,PENDENTE,2022-07-16
2706,583,358,8,11878.19,0.27,,69424.26,CANCELADO,2023-10-30
2707,1440,915,5,11733.25,0.05,134.92,55867.86,PENDENTE,2025-03-26
2708,751,768,8,369.0,0.13,,2683.61,PAGO ,2025-01-07
2709,693,140,7,2171.21,0.06,108.94,14395.5,ENVIADO,2022-02-20
2710,221,856,5,11509.32,0.25,132.42,43292.37,ENVIADO,2023-03-10
2711,92,243,8,14814.24,0.18,76.16,97257.57,PAGO,2022-12-27
2712,671,802,4,14767.08,0.26,64.65,43775.21,CANCELADO,2023-08-14
2713,1494,642,6,13902.89,0.05,33.66,79280.13,PENDENTE,2025-03-04
2714,396,125,4,7776.75,0.13,88.26,27151.35,CANCELADO,31/02/2025
2715,1075,870,9,3011.22,,96.29,21235.05,CANCELADO,2024-10-11
2716,109,769,1,3697.09,0.2,98.76,3056.43,ENVIADO,09-07-2023
2717,327,173,9,7939.9,0.18,104.52,58700.98,PAGO,11/12/2024
2718,472,1400,5,8945.67,0.05,144.24,42636.17,CANCELADO,2023-06-19
2719,279,215,8,2032.27,0.03,37.78,15808.2,PENDENTE,2022-05-29
2720,78,701,9,841.23,0.09,81.75,6971.42,ENVIADO,2024-11-15
2721,1270,181,2,8338.75,0.17,144.51,13986.83,PENDENTE,2022-08-03
2722,988,396,6,9294.38,0.13,64.27,48580.93,PAGO,2023-09-24
2723,251,1163,3,7419.07,0.09,,20340.28,ENVIADO,2023-12-06
2724,465,172,7,1359.67,0.27,24.41,-500,CANCELADO,2022-05-12
2725,889,653,0,2358.39,0.16,12.52,5955.66,CANCELADO,2022/01/11
2726,1239,631,7,1253.83,0.21,124.23,7057.91,ENVIADO,2025-03-16
2727,8,445,dez,10354.61,0.27,59.12,30294.58,PAGO ,2025-03-26
2728,1374,123,8,3678.92,0.26,60.85,21840.06,PAGO,2022-11-03
2729,1,490,5,1418.58,,57.32,5376.99,CANCELADO,2024-09-11
2730,1408,620,2,8828.9,0.26,12.72,13079.49,CANCELADO,2024-05-31
2731,1296,125,5,5882.1,0.0,126.25,29536.75,CANCELADO,2024-03-06
2732,295,1110,3,898.64,0.15,116.79,2408.32,PAGO,2024-04-11
2733,864,609,2,12777.62,0.23,14.53,19692.06,CANCELADO,2022-02-12
2734,97,907,7,9719.6,0.2,104.31,54534.07,ENVIADO,04/12/2022
2735,264,866,9,14686.61,0.02,14.18,129550.08,PENDENTE,2024-08-18
2736,929,597,8,14066.18,0.1,,101295.52,PAGO,2024-05-23
2737,359,313,8,2953.07,0.09,137.58,21635.93,Cancelado,2022-02-20
2738,963,164,5,4864.56,0.19,,19727.77,ENVIADO,2022-05-02
2739,14,172,3,5457.82,0.1,137.13,14873.24,PAGO,2025-03-25
2740,949,71,8,5562.24,0.2,23.47,35621.81,ENVIADO,2023-01-20
2741,1470,774,10,11148.57,0.19,136.53,90439.95,CANCELADO,2024-06-07
2742,140,832,1,11725.99,0.28,49.88,8492.59,PENDENTE,2023-11-09
2743,569,268,6,888.37,0.2,100.83,4365.01,ENVIADO,2022-02-01
2744,593,906,3,7729.33,0.04,30.2,22290.67,CANCELADO,10-16-2022
2745,962,948,9,11423.27,0.1,,92617.51,PENDENTE,2022-03-29
2746,347,200,1,14561.96,0.15,134.54,12512.21,ENVIADO,2024-08-30
2747,412,607,3,10446.87,0.26,91.43,23283.48,PAGO ,2024-09-20
2748,934,778,5,5238.28,0.21,13.43,20704.64,PENDENTE,2025-02-05
2749,252,120,6,11181.76,0.11,79.35,59789.95,ENVIADO,2023-03-24
2750,271,1342,4,7345.63,0.01,104.69,29193.38,PAGO,06-28-2023
2751,316,196,1,13393.89,0.12,101.26,11887.88,ENVIADO,2022-03-10
2752,830,739,2,8753.54,0.14,11.04,15067.13,PENDENTE,12-29-2024
2753,994,78,9,14929.59,0.06,20.51,126324.84,PAGO,2023-08-11
2754,948,919,3,397.08,0.06,74.58,1194.35,CANCELADO,2024-05-05
2755,463,925,4,981.88,0.03,,3875.19,CANCELADO,2023-04-03
2756,47,128,5,8214.18,0.11,80.99,36634.09,CANCELADO,2022-05-21
2757,636,39,3,4233.9,0.28,122.9,0,ENVIADO,2023-03-22
2758,445,855,4,1191.32,0.17,106.54,4061.72,PAGO,2023-09-18
2759,666,235,1,11647.94,0.19,120.2,9555.03,ENVIADO,2023-02-09
2760,998,417,9,12152.16,0.06,42.74,102850.01,PAGO,2024-01-16
2761,1090,675,10,2797.34,0.21,84.89,-500,ENVIADO,2024-12-03
2762,14,159,9,7406.89,0.18,12.01,54674.86,,2022-06-30
2763,550,77,3,7975.66,0.2,72.19,19213.77,PENDENTE,2023-01-12
2764,662,978,9,1464.16,0.13,58.77,11523.14,PENDENTE,2022-03-29
2765,648,308,9,6226.57,0.26,21.97,41490.93,ENVIADO,2024-10-17
2766,67,696,10,4205.99,0.15,149.3,35900.21,PENDENTE,2022-03-18
2767,207,776,7,1939.84,0.16,53.06,11459.32,pago,2022-09-24
2768,471,993,7,399.5,0.12,116.13,0,ENVIADO,2024-01-07
2769,299,77,7,8913.08,0.08,40.7,57440.94,PAGO,2024-11-04
2770,227,351,8,6804.24,0.21,134.49,43137.29,PENDENTE,2024-06-19
2771,555,1067,10,13561.5,0.06,96.73,127574.83,PAGO,2022-11-15
2772,491,832,9,2612.41,0.1,144.34,21304.86,ENVIADO,2023-03-03
2773,604,1110,1,3357.45,0.24,149.0,2700.66,PAGO,2024-11-15
2774,327,327,2,247.39,0.12,129.45,mil,PENDENTE,2022-06-13
2775,638,312,dez,2513.69,0.14,61.4,2223.17,ENVIADO,2023-03-11
2776,569,73,1,10288.58,0.2,103.75,8334.61,CANCELADO,31/02/2025
2777,7,798,1,11200.59,0.28,125.93,R$500,PAGO,2022-12-03
2778,711,384,7,9020.38,0.21,22.8,49905.5,CANCELADO,2024-07-27
2779,812,371,5,5910.12,0.01,87.92,29343.01,CANCELADO,2024-06-10
2780,387,744,1,8210.09,0.23,141.22,6462.99,PAGO,2023-01-31
2781,229,961,5,7906.11,0.08,24.74,36392.85,PENDENTE,2023-03-03
2782,616,663,5,4428.71,0.28,19.82,15963.18,PAGO,2022-03-25
2783,351,411,7,11728.99,0.26,87.98,60844.15,PENDENTE,2024-06-24
2784,663,698,6,1655.2,0.24,49.87,7597.58,PENDENTE,2022-09-21
2785,136,278,10,5757.8,0.07,21.14,53568.68,CANCELADO,2023-11-17
2786,25,945,3,8080.64,0.19,106.28,19742.24,CANCELADO,2022-09-05
2787,398,397,8,4057.65,0.16,69.7,27337.11,PAGO,2023-09-01
2788,710,1145,6,8769.6,0.22,135.88,41177.61,CANCELADO,2023-09-07
2789,744,155,8,8419.59,0.02,94.22,66103.81,PENDENTE,2022-09-11
2790,391,1161,1,3603.72,0.16,147.42,3174.54,CANCELADO,2024-12-31
2791,471,1,8,5386.26,0.03,90.6,41887.98,ENVIADO,2023-09-16
2792,1207,404,4,1398.02,0.29,118.88,4089.26,pago,2023-04-09
2793,402,213,9,1808.31,0.0,37.7,16312.49,ENVIADO,2024-03-23
2794,845,284,10,7307.94,0.01,53.79,72402.4,PAGO,2022-09-28
2795,1091,390,3,744.98,0.16,14.4,1891.75,Pago,2022-11-30
2796,364,253,7,4833.76,0.09,59.69,-500,CANCELADO,2022-09-30
2797,15,973,5,13387.28,0.04,53.86,64312.8,PAGO,2022-12-24
2798,834,940,10,11146.58,0.06,,104821.66,CANCELADO,2023-10-19
2799,987,388,2,6224.25,0.25,103.59,9439.97,PAGO,2023/03/14
2800,65,652,8,13318.41,0.2,99.38,85337.2,ENVIADO,2022-05-11
2801,675,820,1,3321.31,0.23,49.26,2606.67,PENDENTE,2024-11-10
2802,118,915,5,10201.12,0.25,147.49,38401.69,ENVIADO,2022-01-05
2803,524,87,4,11736.92,0.3,49.72,32913.1,CANCELADO,2022-06-30
2804,753,325,1,5627.07,0.26,133.86,4297.89,PAGO,99/99/9999
2805,24,678,7,1647.57,0.19,119.52,9461.24,CANCELADO,2024-12-31
2806,317,1165,10,11742.93,0.08,126.75,,PENDENTE,2022-08-09
2807,957,948,1,14338.45,0.17,44.01,-500,PENDENTE,2023-01-17
2808,163,902,7,2149.98,0.27,105.39,11091.79,CANCELADO,2024-10-16
2809,816,354,8,8204.55,0.07,147.79,61189.64,CANCELADO,2024-06-30
2810,544,944,3,11782.48,0.16,129.75,29821.6,PENDENTE,2022-01-25
2811,73,575,10,8445.57,0.24,98.36,64284.69,Pagoo,2023-08-22
2812,430,162,6,10190.14,0.11,75.49,54490.84,ENVIADO,99/99/9999
2813,566,892,dez,9974.67,0.01,,9932.72,CANCELADO,2023-03-03
2814,648,409,5,13795.52,0.08,149.39,63608.78,ENVIADO,2023-04-28
2815,1035,496,2,13635.71,0.2,114.86,21932.0,PAGO,2024-03-19
2816,646,259,3,13400.24,0.02,99.41,39496.12,CANCELADO,2023-01-10
2817,431,376,3,14829.94,,,35233.08,PAGO,2024-12-10
2818,93,339,3,14837.77,0.28,18.32,32067.9,PAGO,2025-01-31
2819,823,304,3,8352.17,0.2,23.5,20068.71,PAGO,2022-03-20
2820,810,403,1,6462.28,0.29,43.17,4631.39,Pagoo,2022-11-26
2821,27,516,5,7074.44,0.24,126.44,27009.31,ENVIADO,2023-11-09
2822,380,466,6,6758.92,0.01,41.54,40189.52,ENVIADO,2022-06-20
2823,22,838,10,11419.05,0.21,91.76,90302.26,PENDENTE,2022-03-30
2824,296,324,dez,2920.08,,13.47,8656.91,ENVIADO,2023-12-17
2825,458,356,4,12190.34,0.23,70.78,37617.03,PENDENTE,2023/02/19
2826,520,168,2,7131.01,0.29,147.46,10273.49,CANCELADO,2025-02-07
2827,864,1086,1,8038.29,0.21,109.89,6460.14,ENVIADO,2023-10-15
2828,798,476,,1920.52,0.03,72.33,14975.57,ENVIADO,2024-05-28
2829,935,377,3,1297.01,0.05,68.55,-500,ENVIADO,2023-07-16
2830,756,852,5,1530.73,0.14,42.93,6625.07,CANCELADO,2022-12-20
2831,455,948,7,8084.76,0.25,99.61,42544.6,ENVIADO,2022-03-11
2832,165,998,4,9855.68,0.22,14.22,30763.94,PAGO,2023-12-21
2833,787,100,-5,9156.62,0.11,103.44,81597.36,PAGO,2022-07-07
2834,988,658,10,14650.46,0.1,105.86,131960.0,PAGO,2024-06-08
2835,753,783,9,1324.6,0.22,112.09,9410.78,Pago,2024-12-05
2836,954,1478,5,12238.81,0.06,44.96,57567.37,CANCELADO,2024-09-24
2837,924,719,5,1429.56,0.13,64.27,6282.86,PENDENTE,2022-10-14
2838,242,747,5,7846.93,0.01,110.69,38952.99,PAGO ,2023-12-15
2839,809,159,7,2115.04,0.14,38.8,12771.34,ENVIADO,2024-03-16
2840,229,273,1,3856.46,0.03,71.93,3812.7,CANCELADO,2024-04-01
2841,1190,1054,6,14102.4,0.03,92.98,82168.95,ENVIADO,2022-03-01
2842,855,335,1,9391.73,0.11,133.85,mil,PAGO,2023-04-08
2843,256,122,3,6852.93,0.01,85.01,20438.21,CANCELADO,2022-09-17
2844,977,823,9,8060.53,0.12,12.17,63851.57,PAGO,2023-06-21
2845,661,785,10,9843.68,0.01,23.97,97476.4,PENDENTE,2023-10-04
2846,289,574,1,10119.52,0.04,76.48,9791.22,PENDENTE,2022-01-10
2847,99,698,-1,4241.13,0.15,137.41,,PAGO,2024-04-04
2848,1356,620,10,11462.39,0.1,114.84,103276.35,ENVIADO,2022-09-23
2849,952,1007,4,8261.04,0.12,68.77,29147.63,PAGO,2022-01-15
2850,1,1,6,13917.58,0.14,31.53,71846.24,PAGO,26/01/2023
2851,63,880,9,956.57,0.23,89.95,6718.98,CANCELADO,06/07/2023
2852,999,593,9,911.45,0.0,119.0,8322.05,PENDENTE,2025-02-18
2853,341,551,4,4609.14,0.05,133.48,17648.21,CANCELADO,07-01-2022
2854,790,793,4,14103.39,0.11,128.89,50336.96,PAGO,2024-06-09
2855,615,28,6,4831.27,0.27,78.35,21239.31,PAGO,31/02/2025
2856,580,336,3,9788.2,0.06,93.41,27696.13,PAGO,2025-02-25
2857,982,124,8,9402.49,,,63994.14,ENVIADO,2023-01-12
2858,799,530,7,5211.99,0.16,13.1,30659.6,PAGO,2022-06-14
2859,510,293,4,14467.04,0.2,149.21,46443.74,CANCELADO,2024-05-13
2860,1174,705,9,4042.66,0.25,112.05,27400.01,PENDENTE,2023-08-24
2861,700,293,dez,10182.19,0.0,146.23,81603.75,CANCELADO,2024-08-26
2862,920,164,,7999.22,0.15,74.13,34070.81,PAGO,31/02/2025
2863,1136,274,8,4624.77,0.23,,28509.85,ENVIADO,2023-12-07
2864,220,796,7,14889.98,0.23,115.13,80372.12,ENVIADO,2025-02-15
2865,394,898,9,5414.14,0.22,69.67,38076.93,ENVIADO,2022-08-17
2866,53,56,3,5164.2,0.08,99.75,14352.94,CANCELADO,2023-08-13
2867,294,838,2,10347.72,0.09,14.93,18847.78,PAGO,2024-12-06
2868,404,664,2,2983.4,0.19,129.77,4962.88,PENDENTE,2023-05-20
2869,664,156,5,1166.82,0.2,74.44,4741.72,ENVIADO,2023-08-27
2870,199,389,1,12450.73,0.16,146.09,10604.7,CANCELADO,2024-08-21
2871,619,211,5,11637.73,0.12,142.79,51348.8,ENVIADO,2024-07-29
2872,991,745,6,7862.12,0.02,51.01,46280.28,PAGO,2022-02-26
2873,199,680,,2029.79,0.13,61.87,3593.7,ENVIADO,2024-05-17
2874,1266,579,2,9612.95,0.12,22.67,16941.46,CANCELADO,2022-08-12
2875,242,784,-1,4930.18,0.22,38.25,19265.95,ENVIADO,2023-01-02
2876,477,277,4,5007.48,0.27,49.62,14671.46,PAGO,2022-09-23
2877,77,46,7,63.12,0.19,77.84,435.73,ENVIADO,2023-03-03
2878,376,408,5,1126.07,0.12,35.09,4989.8,PAGO,2023-07-05
2879,980,745,4,14207.69,,23.34,42078.1,CANCELADO,2025-01-02
2880,398,53,3,12332.76,0.3,56.73,R$500,PENDENTE,2022-04-04
2881,917,79,2,14901.32,0.18,10.6,24448.76,ENVIADO,2022-03-15
2882,429,576,4,3299.63,0.11,60.08,11806.76,ENVIADO,2023-09-01
2883,399,594,9,654.3,0.26,,4467.96,PENDENTE,2024-04-11
2884,1,592,5,170.41,0.08,133.83,mil,PAGO,2024-03-25
2885,956,407,10,7462.62,,109.65,0,PAGO,2022-03-18
2886,874,578,8,12575.16,0.03,128.68,97711.92,PENDENTE,2022-04-12
2887,158,561,7,1649.99,0.24,40.28,8818.23,CANCELADO,2023-11-07
2888,150,268,10,2359.87,0.09,13.13,-500,PENDENTE,2025-01-20
2889,165,272,4,5007.0,0.19,127.06,16349.74,ENVIADO,2024-04-21
2890,288,916,9,4136.45,0.22,121.98,29159.86,CANCELADO,2023-03-18
2891,927,282,1,8286.37,0.0,75.09,8361.46,PAGO,2023-11-16
2892,860,742,3,6332.52,0.15,140.55,16288.48,ENVIADO,2024-07-20
2893,1222,760,3,10374.31,0.06,80.34,29335.89,PAGO,2023-02-08
2894,1075,334,,10833.62,0.07,94.19,30319.99,PAGO,2023-07-24
2895,176,319,6,13868.14,0.06,148.23,,CANCELADO,2022-03-12
2896,931,161,10,10379.68,0.06,143.62,97712.61,PENDENTE,2023-03-01
2897,458,521,10,5490.86,0.19,112.39,44588.36,ENVIADO,2024-01-11
2898,61,521,3,5193.55,0.27,28.08,-500,Pagoo,2023-09-14
2899,306,404,8,4291.23,0.22,115.45,26892.73,PAGO,2025-02-12
2900,391,586,3,9975.29,0.04,128.22,28857.06,CANCELADO,2022-07-31
2901,764,684,1,13384.53,0.26,59.71,9964.26,PAGO,2025-03-12
2902,973,51,6,8534.99,0.09,14.96,46616.01,PENDENTE,2022-02-18
2903,278,871,-1,2120.68,0.12,19.4,7484.19,PENDENTE,03/09/2022
2904,344,693,7,8011.78,0.2,14.22,44880.19,CANCELADO,2022-12-01
2905,1225,412,5,8805.21,0.08,86.86,40590.83,PENDENTE,2022-03-17
2906,1019,755,1,6913.84,0.02,15.57,6791.13,CANCELADO,2022-09-21
2907,757,522,8,4624.71,0.18,12.76,30350.86,PENDENTE,2022-05-27
2908,825,301,10,2611.36,0.01,89.58,R$500,CANCELADO,2023/02/28
2909,380,805,1,3271.06,0.11,83.11,mil,CANCELADO,2022-08-26
2910,234,354,2,4995.33,0.01,59.17,0,PAGO,2022-08-03
2911,126,121,2,13610.08,0.13,131.1,23812.64,ENVIADO,2023/10/29
2912,977,1103,8,2817.89,,40.16,0,CANCELADO,2023-10-20
2913,766,182,5,13897.55,0.16,71.17,58440.88,ENVIADO,2022-03-21
2914,1447,945,10,11036.04,0.18,43.26,90538.79,,2024-10-31
2915,855,737,10,6786.02,0.21,149.15,53758.71,PAGO,2023-11-18
2916,885,926,5,9346.88,0.24,47.06,35565.2,ENVIADO,2024-03-17
2917,916,286,9,957.03,0.02,56.8,8497.8,PAGO,2024-05-22
2918,1253,1354,9,3519.02,0.12,74.23,27944.87,CANCELADO,2022-06-20
2919,882,908,4,2881.11,0.23,149.07,9022.89,ENVIADO,31/02/2025
2920,847,998,3,8852.66,0.29,112.69,18968.86,ENVIADO,2022-08-15
2921,1291,988,1,8329.06,0.0,43.51,8372.57,ENVIADO,2022-02-12
2922,428,235,4,3293.79,0.17,,11036.12,CANCELADO,2022-02-10
2923,1112,1321,1,5109.59,0.28,105.03,3783.93,PAGO,2023-12-21
2924,987,380,-1,13923.34,0.09,20.9,88712.58,PENDENTE,2025-04-11
2925,44,451,7,1401.34,0.04,98.25,9515.25,PAGO,2023-05-01
2926,969,96,8,6647.86,0.17,143.79,44285.58,PAGO,2023-07-26
2927,506,348,4,11072.4,0.03,124.59,43085.5,ENVIADO,2022-03-15
2928,970,598,1,3209.37,0.15,87.73,2815.69,PAGO,2023-10-09
2929,1054,716,8,4281.13,0.18,29.13,-500,PAGO,2022-01-07
2930,147,822,,7551.62,0.25,45.99,mil,CANCELADO,2022-08-22
2931,409,87,10,296.78,0.26,46.5,2242.67,ENVIADO,2022-06-03
2932,663,145,3,10348.15,0.3,106.57,21837.68,PENDENTE,02-21-2024
2933,536,666,5,12774.36,0.12,110.94,56318.12,CANCELADO,2025-03-25
2934,871,1022,10,6757.84,0.08,36.63,62208.76,CANCELADO,2023-09-14
2935,750,734,0,10050.99,0.23,136.56,31093.61,CANCELADO,2024-06-25
2936,222,1147,9,10735.59,0.2,35.16,77331.41,PENDENTE,2023-08-28
2937,974,675,2,4773.82,,135.65,7391.86,PAGO,31/02/2025
2938,895,325,9,13286.46,0.13,104.87,104137.85,CANCELADO,2023-05-29
2939,939,43,5,10834.05,0.19,12.49,43890.39,ENVIADO,2022-02-16
2940,264,302,10,7975.24,0.3,29.24,55855.92,CANCELADO,17/02/2023
2941,478,914,10,11972.66,,15.94,116150.74,PENDENTE,2023-05-04
2942,284,829,6,1075.18,0.18,30.86,5320.75,PAGO,2023-09-16
2943,771,928,5,2187.69,0.11,74.1,0,ENVIADO,2022-04-24
2944,439,458,8,13010.11,0.1,14.84,93687.63,PAGO,2023-03-27
2945,464,214,4,14961.57,0.02,35.31,58684.66,CANCELADO,2024-06-13
2946,66,657,5,7634.4,0.23,121.36,29513.8,ENVIADO,2024-01-11
2947,486,208,1,11441.84,0.02,131.86,11344.86,PAGO,2022-05-06
2948,603,159,6,6196.54,0.15,38.32,31640.67,ENVIADO,2024-09-05
2949,337,267,1,2028.31,0.09,149.64,1995.4,PENDENTE,2024-05-06
2950,817,833,7,14462.39,0.05,41.19,96216.08,PAGO,2023-04-25
2951,599,650,9,11344.67,0.29,44.55,72536.99,PAGO,2025-03-30
2952,35,340,5,13283.89,0.15,65.68,56522.21,,2024-08-17
2953,708,895,10,2482.37,0.13,48.16,21644.78,CANCELADO,2024-11-26
2954,668,996,5,3386.16,0.04,91.62,16345.19,CANCELADO,2022-05-05
2955,919,788,5,12305.55,0.16,11.04,51694.35,PAGO,2025-01-09
2956,411,205,5,14072.67,0.05,33.18,66878.36,PAGO,2023-12-01
2957,126,860,7,2369.76,0.22,39.63,12978.52,ENVIADO,2023-03-18
2958,583,708,2,5979.07,0.12,118.47,10641.63,ENVIADO,2024-09-09
2959,403,177,2,7543.08,0.05,75.02,14406.87,ENVIADO,2022-03-28
2960,467,105,7,12634.7,0.03,47.47,85837.08,CANCELADO,2022-11-06
2961,57,27,10,2852.84,0.23,41.18,22008.05,PAGO,2023-12-10
2962,531,191,3,14230.5,0.17,,35559.68,ENVIADO,2023-02-09
2963,120,215,2,11904.4,0.12,130.9,21082.64,pago,2024-01-09
2964,712,941,3,12233.95,0.03,24.03,35624.82,CANCELADO,2025-03-15
2965,1220,460,8,653.33,0.03,,5192.5,PENDENTE,2023-11-07
2966,398,824,4,11788.33,0.26,96.25,34989.71,CANCELADO,2023-10-01
2967,920,594,9,13147.84,0.01,66.53,117213.78,ENVIADO,2022-02-17
2968,1315,595,5,2219.39,0.18,29.62,9129.12,PAGO,2024-06-01
2969,495,555,3,915.11,0.17,38.99,2317.61,PENDENTE,2022-03-25
2970,911,3,6,9332.75,0.28,78.61,mil,ENVIADO,2022/03/05
2971,699,714,5,13055.17,0.16,21.09,54852.8,PAGO ,2024-10-07
2972,191,105,2,1813.36,0.3,47.25,2585.95,PAGO,2024-02-16
2973,1330,637,1,9041.97,,63.1,8924.23,CANCELADO,2025-01-15
2974,806,408,1,13517.61,0.3,134.58,9596.91,PENDENTE,31/02/2025
2975,299,216,10,4504.78,,147.63,36636.35,Pago,2024-02-01
2976,207,824,1,5395.0,0.05,117.95,5243.2,PAGO,2023-09-08
2977,508,45,5,6188.78,0.17,108.14,25791.58,CANCELADO,2024-07-11
2978,689,977,5,1514.14,0.27,89.2,5615.81,ENVIADO,2024-10-16
2979,28,640,6,2344.5,0.29,137.94,10125.51,CANCELADO,2022-10-23
2980,34,812,9,10159.92,0.16,148.19,76957.19,PAGO,2023-01-28
2981,220,464,8,3108.13,0.02,17.24,24384.98,ENVIADO,2023-06-01
2982,971,565,2,12060.64,0.08,13.14,22204.72,PENDENTE,02/03/2024
2983,3,39,5,7730.29,0.11,111.94,34511.73,PAGO,2025-04-08
2984,334,170,6,4915.89,0.07,90.11,27520.78,ENVIADO,06/05/2022
2985,627,196,3,1834.94,0.04,45.8,5330.43,PAGO,2024-04-11
2986,951,776,3,13972.68,0.12,20.7,36908.58,PAGO,01-04-2022
2987,727,213,4,14657.35,0.01,68.77,58111.88,PENDENTE,2025-01-28
2988,818,197,7,7584.02,0.03,43.72,51539.22,PAGO,2023-10-05
2989,525,691,10,11684.93,0.0,112.22,116961.52,,2023-04-19
2990,340,976,8,7387.71,0.03,108.02,57436.65,CANCELADO,2024-08-01
2991,587,522,2,5609.43,0.1,87.25,10184.22,PENDENTE,2022-07-16
2992,132,565,5,2140.43,,77.14,8317.8,Pagoo,2022-12-19
2993,794,109,4,10790.53,0.04,53.73,41489.37,ENVIADO,2022-10-08
2994,233,1058,4,925.73,0.04,128.98,3683.78,PENDENTE,2024-08-10
2995,515,695,1,14468.57,,102.93,12979.96,CANCELADO,2025-02-27
2996,638,958,8,9196.38,0.22,82.54,57467.95,PAGO ,2022-02-01
2997,708,445,5,9279.55,,,41327.5,PAGO,2023-08-02
2998,49,674,6,9532.27,0.04,23.32,54929.2,CANCELADO,2025-03-13
2999,242,665,3,3169.22,0.17,123.15,8014.51,ENVIADO,2023-09-22
3000,934,899,7,8741.58,0.01,26.03,60605.18,ENVIADO,2022-09-20
3001,62,936,4,7430.89,0.1,61.65,26812.85,CANCELADO,2023-11-26
3002,551,739,5,10674.69,0.22,,41760.38,CANCELADO,2024-07-30
3003,1376,911,8,7938.69,0.19,49.07,51491.78,ENVIADO,2023-02-24
3004,439,980,1,4313.15,0.16,65.61,3688.66,ENVIADO,2023-03-28
3005,457,475,5,8830.05,0.13,82.5,38493.22,PAGO,2023-10-13
3006,335,876,5,1831.2,0.06,56.92,8663.56,Pagoo,2022-05-05
3007,453,1011,-1,12489.71,0.19,62.26,10178.93,CANCELADO,2022-12-26
3008,1188,589,9,5373.51,0.13,27.8,42102.38,CANCELADO,2024-12-25
3009,329,160,7,4634.35,0.05,,30951.51,CANCELADO,2022/05/30
3010,927,585,7,648.61,0.05,57.66,4370.92,Pagoo,2024-07-13
3011,450,175,6,522.57,0.17,148.78,2751.18,CANCELADO,2022-01-03
3012,356,43,7,13405.92,0.12,97.97,82678.44,ENVIADO,2023-05-28
3013,271,74,2,13584.0,0.01,,26910.97,Cancelado,2024-04-23
3014,969,191,2,12550.88,0.04,144.85,24242.54,,2024-05-31
3015,83,973,-5,10187.59,0.06,,48017.51,PENDENTE,2022-12-06
3016,478,260,10,13969.02,0.18,56.55,114602.51,Pagoo,2024-03-13
3017,708,657,8,10021.84,0.16,143.76,67490.52,PENDENTE,2025-04-03
3018,213,543,4,5474.37,0.29,30.71,15577.92,PENDENTE,2023-06-25
3019,698,625,7,8242.35,0.12,49.02,50821.9,PENDENTE,2024-08-14
3020,202,675,dez,8570.66,0.02,,84019.38,ENVIADO,99/99/9999
3021,878,438,6,3967.79,0.02,114.75,23445.36,PAGO,2023/11/08
3022,424,798,3,3580.2,0.14,36.16,9273.08,CANCELADO,2022-06-26
3023,608,33,7,4816.98,0.12,42.94,-500,PENDENTE,2023-12-13
3024,176,698,8,2694.62,0.29,20.8,15326.24,CANCELADO,2022-05-25
3025,339,810,8,14500.36,0.12,78.59,102161.12,PENDENTE,2024-06-11
3026,512,600,9,3260.0,0.3,49.57,20587.57,PENDENTE,2024-03-07
3027,416,392,0,373.46,0.28,77.39,2497.41,pago,2024-04-17
3028,17,288,8,13108.39,0.19,88.44,85030.81,ENVIADO,2022-12-28
3029,583,234,10,2647.85,0.04,67.07,25486.43,PENDENTE,2023-05-20
3030,780,253,7,10969.82,0.26,81.51,56905.18,CANCELADO,2024-10-25
3031,932,684,,13804.12,0.2,,77316.63,ENVIADO,2022-12-29
3032,276,797,5,4953.06,0.04,77.75,23852.44,PENDENTE,2022-10-30
3033,323,357,4,2207.17,0.02,23.49,8675.6,PAGO,2024-03-19
3034,720,800,2,6342.8,0.16,34.29,10690.19,PAGO,2023-11-30
3035,332,865,3,9628.3,0.12,114.14,25532.85,PAGO,2024-07-17
3036,755,588,2,8752.61,0.03,46.83,17026.89,CANCELADO,2022-05-10
3037,470,904,7,9739.1,0.11,96.81,60771.4,PAGO,2023-01-12
3038,388,282,5,8590.07,0.17,121.82,35770.61,PENDENTE,2023-08-31
3039,873,429,3,6458.78,0.04,75.51,18676.8,PAGO,2024-09-09
3040,526,95,-1,443.27,0.07,72.13,4194.54,PAGO,2024-11-02
3041,241,173,8,1534.8,0.09,39.02,11212.36,PENDENTE,2022-05-15
3042,987,80,10,10112.15,0.19,19.03,81927.45,CANCELADO,2023-03-09
3043,655,649,9,14176.3,0.05,,121259.74,PENDENTE,2025-03-12
3044,607,924,5,5128.06,0.17,15.82,21297.27,PAGO,2025-03-01
3045,527,996,2,6419.76,0.05,141.8,12339.34,ENVIADO,2022-08-16
3046,425,478,5,12733.57,,24.07,62418.56,PENDENTE,2024-02-23
3047,131,511,5,7268.57,0.13,115.4,31733.68,CANCELADO,2022-01-01
3048,398,1046,8,2123.59,0.18,72.48,14003.23,ENVIADO,2024-06-27
3049,907,648,8,4716.55,0.21,88.15,29896.75,CANCELADO,2023-12-07
3050,124,464,6,4906.54,0.0,64.75,29503.99,,2024-08-12
3051,388,489,6,4234.5,0.13,124.59,22228.68,ENVIADO,2023-02-07
3052,749,58,4,7651.6,0.19,32.46,24823.64,PENDENTE,2023-09-25
3053,368,549,6,9271.54,0.03,94.91,54055.27,PENDENTE,2022-10-18
3054,663,715,5,3414.2,0.21,37.46,13523.55,PENDENTE,2023-12-03
3055,341,356,4,9090.32,0.28,122.95,26303.07,PENDENTE,2022-05-06
3056,749,473,3,7817.23,0.1,97.9,21204.42,PAGO,2023-06-24
3057,73,365,5,4664.13,0.26,132.39,17389.67,CANCELADO,2022-03-09
3058,972,797,6,2400.09,0.2,77.88,11598.31,PENDENTE,2022-04-13
3059,809,1015,8,8563.67,0.18,54.87,56232.55,CANCELADO,2022-02-17
3060,847,820,4,4221.74,0.24,24.36,-500,PENDENTE,2023-10-13
3061,1401,216,10,445.13,0.05,106.36,4335.09,PAGO,2023-12-13
3062,330,130,4,7234.12,0.06,96.52,27296.81,CANCELADO,2023-08-04
3063,392,238,4,3176.84,0.28,118.76,9268.06,PAGO,2023-03-01
3064,575,205,1,8396.12,0.09,39.18,7679.65,PAGO,2023-02-17
3065,763,580,4,13118.9,0.09,140.57,47893.37,PENDENTE,2022-03-28
3066,721,855,8,1683.24,0.22,,10534.68,PENDENTE,2025-03-11
3067,226,69,9,13930.65,0.14,98.87,107922.1,Cancelado,2023-04-28
3068,571,247,7,14958.43,0.2,137.38,83904.59,CANCELADO,2024-05-16
3069,676,66,2,9093.75,0.2,58.82,14608.82,CANCELADO,2022-02-04
3070,238,515,-5,14518.28,0.04,,-500,CANCELADO,2024-09-08
3071,917,386,10,3638.11,0.1,90.68,mil,ENVIADO,2024-02-26
3072,328,840,4,14221.58,0.09,103.78,51870.33,CANCELADO,2025-01-26
3073,340,757,3,427.74,0.0,139.2,1422.42,CANCELADO,2025-02-01
3074,504,609,3,78.63,,61.3,278.32,PAGO,2024-07-14
3075,631,627,1,2026.54,,114.75,1675.19,CANCELADO,2022-08-05
3076,236,656,8,1985.98,0.23,17.67,12251.31,CANCELADO,2022-08-23
3077,220,475,1,9661.03,,95.01,8306.89,ENVIADO,2024-03-03
3078,856,546,10,9175.14,0.04,32.99,88114.33,PENDENTE,2024-01-23
3079,960,359,7,2411.09,0.17,33.95,14042.38,CANCELADO,2024-10-17
3080,214,780,8,6425.35,0.06,73.26,48391.89,ENVIADO,2023-10-01
3081,448,1061,10,5384.37,0.2,104.78,43179.74,ENVIADO,2023-07-28
3082,69,102,6,8796.75,0.0,96.27,52876.77,ENVIADO,99/99/9999
3083,49,805,5,10335.85,0.12,10.94,45488.68,PAGO ,2022-07-29
3084,1315,476,6,20.87,0.24,99.49,194.66,PENDENTE,2025-04-04
3085,739,289,5,10505.09,0.11,148.21,46895.86,ENVIADO,2023-06-24
3086,483,646,2,4740.42,0.03,104.21,9300.62,PENDENTE,2023-11-10
3087,677,1303,10,9144.4,0.25,105.55,68688.55,CANCELADO,2022-10-21
3088,1281,485,6,1205.93,0.3,89.99,5154.9,CANCELADO,2024-05-16
3089,434,872,-5,8476.68,0.18,23.48,6974.36,ENVIADO,2023/07/06
3090,632,503,6,11652.6,,137.55,65858.21,,2023-08-26
3091,898,1239,3,8189.24,0.28,66.99,17755.75,CANCELADO,2022-09-05
3092,1429,210,8,5557.66,0.13,75.22,38756.53,ENVIADO,2022-07-09
3093,434,602,5,1708.92,0.23,124.28,6703.62,CANCELADO,2024-01-17
3094,164,497,8,11061.18,0.21,91.62,69998.28,CANCELADO,2022-02-28
3095,1365,872,9,9682.14,,27.42,74095.79,CANCELADO,2025-04-15
3096,393,598,2,5028.23,0.23,38.77,7782.24,CANCELADO,2025-03-07
3097,712,739,5,8892.01,0.03,112.53,43238.78,PAGO,2022-09-03
3098,240,816,8,9159.37,0.26,141.07,54364.54,PAGO,2022-10-24
3099,497,791,,6255.57,0.07,81.38,58258.18,PAGO,2024-11-05
3100,186,901,1,4592.45,0.16,102.23,3959.89,CANCELADO,2025-04-15
3101,115,823,-1,12022.2,0.29,103.61,8639.37,PAGO,2022-09-12
3102,800,670,4,12780.7,0.24,43.4,38896.73,ENVIADO,2025-03-21
3103,725,827,2,7480.27,,139.04,14052.34,PENDENTE,2024-09-23
3104,567,377,5,6072.59,0.02,63.95,0,ENVIADO,2024-02-13
3105,737,652,6,10023.92,0.06,31.33,56566.24,PENDENTE,2023-07-09
3106,621,1068,9,13787.65,0.29,133.47,88236.55,CANCELADO,2023-12-31
3107,934,739,10,4184.52,0.18,29.71,34342.77,PENDENTE,2022-08-09
3108,370,422,4,8543.73,0.18,141.78,28165.21,CANCELADO,2024/11/24
3109,757,326,3,4769.77,0.21,81.63,11385.98,PAGO,2023-05-28
3110,85,488,9,4420.31,0.02,141.48,39128.61,PENDENTE,2024-09-25
3111,917,136,8,11072.43,0.3,45.19,62050.8,PENDENTE,2023-07-18
3112,191,295,8,2078.92,0.07,131.09,15598.25,PAGO,2022-04-17
3113,242,166,4,8944.5,0.28,87.99,25848.15,CANCELADO,2024-12-20
3114,656,472,6,5358.54,0.28,134.96,23283.85,CANCELADO,2022-07-24
3115,571,536,6,11483.0,0.17,106.47,57291.81,PENDENTE,2025-02-23
3116,838,911,9,3542.52,0.04,99.95,30707.32,CANCELADO,2023-02-05
3117,578,694,8,10690.06,0.23,72.27,65923.04,CANCELADO,2023-02-06
3118,995,791,1,12991.28,0.18,21.35,10674.2,ENVIADO,2022-12-16
3119,492,515,4,12588.36,0.22,139.19,39414.87,ENVIADO,2022/06/09
3120,872,115,10,14839.14,0.25,102.27,111395.82,PAGO,2023-12-30
3121,928,554,4,1297.2,0.28,89.17,3825.11,PAGO,2022-04-18
3122,304,997,1,11276.39,0.14,64.58,9762.28,PAGO,2022-02-09
3123,881,421,9,5245.22,0.26,43.48,34976.65,PAGO,2025-01-24
3124,932,375,9,1136.49,0.12,130.54,0,PENDENTE,2023-11-08
3125,96,143,10,9963.22,0.28,114.15,71849.33,ENVIADO,2024-07-19
3126,571,741,3,10153.8,0.05,149.42,29087.75,CANCELADO,2024-10-09
3127,832,79,7,9036.62,0.09,59.55,57622.82,CANCELADO,2022-11-21
3128,209,452,3,14822.78,0.08,69.38,40980.25,ENVIADO,2022-01-25
3129,365,770,6,14096.55,0.23,51.19,65177.25,ENVIADO,2024/12/26
3130,235,494,2,9268.43,0.28,101.7,13448.24,PENDENTE,2022-05-22
3131,48,126,6,5713.53,0.1,134.32,30987.38,CANCELADO,2023-01-11
3132,96,356,,10155.35,0.08,127.69,9470.61,CANCELADO,2024-12-15
3133,379,914,6,14790.83,0.19,142.94,72026.37,ENVIADO,2023-06-17
3134,752,300,3,9488.06,0.19,18.1,23074.09,ENVIADO,2024-12-17
3135,827,710,8,7847.0,0.19,70.36,50918.92,ENVIADO,2024-06-18
3136,797,947,10,3937.86,0.03,128.46,38325.7,ENVIADO,2025-02-26
3137,159,476,6,2582.76,0.13,24.77,13506.78,PENDENTE,99/99/9999
3138,1368,498,0,6796.9,0.11,124.05,R$500,ENVIADO,2022-11-19
3139,852,994,5,1083.3,0.02,69.83,5378.0,CANCELADO,23/03/2022
3140,468,80,4,13272.05,0.23,142.95,41020.86,ENVIADO,2023-04-25
3141,995,653,2,14621.04,,,22345.23,ENVIADO,2024-08-21
3142,2,609,8,844.59,0.15,,5771.73,CANCELADO,2023-05-15
3143,42,7,8,954.15,0.01,10.86,7567.73,PAGO,2023-10-15
3144,764,37,2,13842.1,0.25,116.59,20879.74,ENVIADO,2024-08-06
3145,531,923,8,12649.45,0.01,147.3,100330.94,PENDENTE,2022-11-07
3146,582,391,5,11599.68,0.27,138.39,42477.22,PAGO,2022-11-16
3147,1081,875,5,11804.67,0.18,54.26,48453.41,PENDENTE,2023-10-29
3148,270,652,-1,775.01,0.21,142.65,5652.97,PENDENTE,2023-05-17
3149,184,233,2,9898.78,0.19,50.25,16086.27,PENDENTE,24/09/2022
3150,797,537,7,6755.2,0.25,120.02,35584.82,PENDENTE,2022/05/07
3151,627,443,4,488.72,0.17,64.14,1686.69,ENVIADO,2023-10-01
3152,613,72,1,3870.14,0.21,27.22,3084.63,CANCELADO,2023-09-16
3153,353,480,8,10760.16,0.04,106.3,82744.33,PENDENTE,2024-12-03
3154,476,789,4,2207.41,0.23,34.29,6833.11,CANCELADO,2023-08-17
3155,706,313,6,9427.61,0.19,36.47,45854.65,CANCELADO,2024-01-06
3156,207,568,9,2599.57,0.29,29.1,16640.35,PENDENTE,2024-12-08
3157,752,784,7,12243.2,0.23,103.92,0,pago,2023-04-22
3158,478,655,-5,1116.91,0.18,136.03,6547.09,PAGO,2024-02-19
3159,217,71,6,3665.37,0.08,86.83,20319.67,pago,2024-07-07
3160,374,24,6,13307.01,,94.77,59976.31,PAGO,99/99/9999
3161,876,272,5,3329.98,0.01,74.32,16557.72,PENDENTE,99/99/9999
3162,178,392,4,14014.9,0.26,123.38,41607.48,PENDENTE,2024-10-27
3163,902,882,8,14887.68,0.08,,109620.58,CANCELADO,2024-02-21
3164,289,964,4,7603.06,0.06,136.72,28724.23,CANCELADO,2023-09-29
3165,365,546,5,9856.47,0.08,88.07,45427.83,CANCELADO,2023-11-15
3166,470,935,10,8346.67,0.18,34.99,68477.68,PAGO,2022-01-20
3167,652,606,10,6003.83,0.03,126.15,58363.3,PAGO ,2024-06-20
3168,560,390,7,14004.02,0.29,70.36,69670.34,PAGO,2022-09-19
3169,756,360,4,8930.8,0.26,35.66,26470.83,CANCELADO,2022-11-20
3170,544,737,8,12104.4,0.04,149.97,93111.76,ENVIADO,2022-10-18
3171,853,577,3,1882.49,0.03,70.02,5548.07,PENDENTE,2023-12-15
3172,686,526,10,1275.7,0.02,58.97,12560.83,PENDENTE,2024-05-19
3173,1307,690,4,12837.38,0.13,117.41,44791.49,CANCELADO,2022-11-10
3174,484,1303,6,1561.43,0.07,,8814.8,PAGO,2022-09-21
3175,1147,322,7,7779.45,0.17,48.54,45247.14,CANCELADO,2023-10-02
3176,175,1126,3,1508.78,0.01,110.32,4591.4,CANCELADO,2022-12-18
3177,675,92,7,12290.9,0.12,37.9,75749.84,ENVIADO,2023-08-19
3178,698,330,5,4632.65,0.26,14.15,17154.96,CANCELADO,2022-09-06
3179,301,921,7,12331.0,0.22,120.8,67448.06,PENDENTE,2024-06-06
3180,341,468,-5,6960.73,0.15,,mil,CANCELADO,2022-02-09
3181,370,729,3,6409.53,0.28,68.92,13913.5,CANCELADO,2022-08-08
3182,266,66,3,10093.87,0.0,115.36,30396.97,PAGO,15/01/2022
3183,566,676,3,135.8,0.15,24.79,371.08,ENVIADO,2022-06-16
3184,519,607,10,12105.66,0.17,,100606.82,PAGO,2024-08-11
3185,468,432,1,1556.14,0.01,82.79,1623.37,CANCELADO,2022-09-21
3186,630,231,3,7665.28,0.27,148.18,16935.14,ENVIADO,2023-08-17
3187,119,246,6,2081.6,0.29,114.14,8981.76,CANCELADO,2022-05-09
3188,532,900,3,4820.91,0.23,69.34,11205.64,PENDENTE,2024-04-26
3189,96,890,dez,4324.13,0.07,56.72,16142.48,ENVIADO,2023-10-30
3190,662,763,5,6429.86,0.09,109.24,29365.1,PENDENTE,2022-08-05
3191,916,1399,6,7661.35,0.28,144.18,33241.21,ENVIADO,31/02/2025
3192,331,710,7,9302.49,0.28,106.56,46991.11,CANCELADO,2023-05-04
3193,532,856,4,3969.05,0.25,13.57,11920.72,ENVIADO,2024-02-23
3194,783,161,1,13152.95,0.25,98.45,9963.16,CANCELADO,99/99/9999
3195,258,208,10,7047.42,0.04,118.09,67773.32,PENDENTE,2023-11-18
3196,524,188,8,11045.37,0.03,133.59,85845.66,Pagoo,2024-03-19
3197,447,720,6,1464.73,0.28,140.49,6468.12,CANCELADO,2023-12-18
3198,641,722,8,9295.89,0.26,75.13,55106.8,ENVIADO,2022-05-18
3199,627,56,7,8841.81,0.27,34.77,45216.42,PENDENTE,2022-09-30
3200,687,530,7,5899.38,,85.88,30644.67,CANCELADO,2022-05-04
3201,51,1227,6,13739.63,0.08,23.53,75866.29,PENDENTE,2025-02-26
3202,383,488,0,814.6,0.21,98.26,4603.0,PENDENTE,2024/09/05
3203,211,535,7,8150.33,0.12,30.09,50236.12,CANCELADO,2023-10-20
3204,70,288,4,14807.4,0.04,113.75,56974.17,CANCELADO,2023-05-17
3205,1025,183,-1,497.65,0.23,90.78,473.97,CANCELADO,2023-01-11
3206,818,1453,4,3281.58,0.06,124.41,12463.15,ENVIADO,2022-11-29
3207,778,492,8,9091.03,0.28,124.04,52488.37,ENVIADO,2022-10-06
3208,274,555,dez,1231.99,0.1,22.17,3348.54,PAGO,2023-07-17
3209,837,83,10,13507.01,0.21,146.34,106851.72,CANCELADO,2024-12-24
3210,444,798,9,6549.41,0.25,139.23,44347.75,PENDENTE,2022-05-15
3211,585,991,4,12816.96,0.2,,mil,ENVIADO,2025-03-28
3212,794,165,0,4605.14,0.05,80.81,21955.23,ENVIADO,2023-08-11
3213,975,349,10,4626.6,0.18,102.22,38040.34,CANCELADO,2023-02-01
3214,8,215,10,2135.47,0.11,130.26,19135.94,ENVIADO,2024-12-24
3215,880,1074,6,7271.99,0.21,,34533.34,PENDENTE,2022-09-22
3216,355,472,6,305.5,0.02,32.91,1829.25,CANCELADO,2024-01-28
3217,663,660,8,3501.57,0.09,89.82,25581.25,,2022-11-08
3218,990,515,1,7229.66,0.02,16.85,7101.92,PENDENTE,2024-03-07
3219,618,251,4,11342.69,0.18,38.43,37242.45,ENVIADO,2024-12-05
3220,543,154,6,7700.63,0.29,39.46,32844.14,CANCELADO,2022-03-18
3221,848,651,10,12510.47,0.19,42.99,101377.8,,2023-06-08
3222,612,414,1,10010.07,0.28,140.08,7347.33,PENDENTE,2024-04-16
3223,445,190,9,1340.89,0.02,66.58,11893.23,ENVIADO,2022-06-04
3224,70,624,1,5396.06,0.17,47.07,4525.8,CANCELADO,2022-03-29
3225,162,998,5,2121.48,0.04,109.29,10292.39,CANCELADO,2022-08-16
3226,844,419,7,1234.31,0.04,52.16,8346.72,CANCELADO,2024-09-01
3227,828,407,9,4855.57,0.0,29.58,43729.71,PAGO,2022-02-25
3228,832,603,9,6442.45,0.27,140.6,42467.5,PAGO ,2022-05-13
3229,632,30,5,7558.24,0.14,41.29,32541.72,CANCELADO,2025-03-03
3230,733,63,8,7502.04,0.28,94.73,43306.48,PAGO,2023-10-26
3231,243,973,1,176.96,0.15,29.01,179.43,ENVIADO,2024-06-13
3232,250,877,9,10384.36,,25.16,68250.41,PAGO,2022-11-14
3233,908,39,8,5143.77,0.0,13.54,41163.7,PENDENTE,2025-04-13
3234,161,886,3,13002.12,0.08,59.83,35945.68,CANCELADO,2022-06-21
3235,821,793,10,8627.4,0.2,137.39,,PAGO,31/02/2025
3236,613,379,2,215.02,0.13,124.41,498.54,Cancelado,2024-10-26
3237,66,465,4,14722.9,0.21,90.91,46615.27,ENVIADO,2022-10-04
3238,1074,1184,dez,131.53,0.19,87.35,513.51,PAGO,2022-11-03
3239,55,269,9,5321.2,0.3,89.42,33612.98,PENDENTE,2025-01-18
3240,850,439,6,14851.05,0.14,97.11,R$500,PAGO,2023-11-20
3241,157,231,1,12871.35,0.28,16.62,9283.99,PAGO,2022-07-19
3242,911,930,4,13756.24,0.02,,53989.72,PAGO,2024-11-13
3243,660,382,8,6434.42,0.15,134.78,43888.84,CANCELADO,2023-04-08
3244,898,581,10,644.17,0.06,131.74,6186.94,Pago,2022-02-25
3245,433,929,5,7466.41,0.27,117.7,27370.1,PENDENTE,2024-06-13
3246,781,690,3,3533.62,0.14,148.88,9265.62,PENDENTE,2022-07-20
3247,379,167,4,7371.71,0.28,121.34,21351.86,CANCELADO,2024-05-03
3248,988,921,9,5902.44,0.23,14.77,R$500,PENDENTE,2025-01-20
3249,481,853,6,12980.07,0.02,22.95,76345.76,PAGO,2024-09-11
3250,990,933,5,9295.96,0.22,24.93,36279.17,PAGO,2023-08-28
3251,417,1428,10,9874.09,0.1,25.47,88892.28,CANCELADO,2023-08-18
3252,322,684,6,3539.46,0.26,105.9,15821.1,PAGO,2022-12-12
3253,283,289,3,3510.22,0.24,24.32,8027.62,ENVIADO,2022-07-18
3254,908,1192,9,7760.56,0.12,109.73,61573.37,PENDENTE,2023-12-09
3255,835,112,8,13452.5,0.05,80.95,102319.95,PENDENTE,2022-08-14
3256,390,78,10,10490.03,0.26,88.06,77714.28,PENDENTE,2022-09-04
3257,723,770,6,10449.34,0.2,52.62,50209.45,ENVIADO,2022-08-02
3258,1064,418,6,6600.54,0.18,123.4,32598.06,CANCELADO,2023-06-18
3259,80,600,3,4355.11,0.11,28.11,mil,ENVIADO,2023-05-31
3260,121,312,-5,4894.87,0.3,78.92,17210.96,ENVIADO,2023-09-04
3261,360,1317,8,3433.95,0.14,135.38,23760.96,Pago,2024-09-24
3262,384,494,2,9861.67,0.09,58.27,18006.51,ENVIADO,2023-03-12
3263,38,979,8,2639.09,0.12,111.71,18690.9,CANCELADO,2024-12-20
3264,480,1476,-5,14685.96,0.2,13.25,35259.55,Pago,2022-01-15
3265,1043,268,6,10703.84,,95.43,61749.55,PENDENTE,2022-10-12
3266,468,188,3,3116.8,0.15,126.58,8074.42,,2022-04-09
3267,240,366,4,4924.02,0.04,68.57,18976.81,PENDENTE,2025-02-27
3268,195,788,5,12655.17,0.03,104.79,61482.36,Pago,2025-02-24
3269,470,161,8,3843.79,0.0,54.0,30804.32,PAGO,2023-02-14
3270,430,318,1,14602.45,,31.89,10399.63,PENDENTE,2022-12-09
3271,266,209,6,12767.03,0.18,96.24,62910.03,CANCELADO,2022-05-11
3272,286,889,8,4844.78,0.18,97.17,31878.93,CANCELADO,2024-06-11
3273,193,439,-1,6129.46,0.1,73.57,44205.68,ENVIADO,2023-12-31
3274,657,796,5,2694.75,0.09,113.19,12374.3,PENDENTE,2024-05-20
3275,994,1439,9,10403.14,0.11,62.03,83391.18,PAGO,12-22-2023
3276,697,294,7,6311.25,0.25,141.65,33275.71,CANCELADO,2024-08-21
3277,367,1411,6,6239.97,0.03,86.38,0,CANCELADO,2024-01-15
3278,99,881,7,8952.75,0.07,36.74,58319.14,PENDENTE,2024-04-24
3279,765,131,2,4438.68,0.1,137.19,8126.81,ENVIADO,2025-02-01
3280,34,785,2,10191.33,0.19,116.62,16626.57,CANCELADO,2023-12-29
3281,425,626,-5,3130.2,0.22,125.14,2566.7,PAGO,2023-12-27
3282,347,141,8,14505.99,0.28,112.14,0,PENDENTE,2022-01-30
3283,779,1357,9,6515.19,0.18,20.96,48103.06,PENDENTE,2024-12-10
3284,584,662,2,13306.0,0.19,50.65,21606.37,PAGO,2022-03-15
3285,94,371,6,1713.92,0.25,55.76,7768.4,ENVIADO,2022-03-12
3286,794,835,10,9075.95,0.12,70.83,79939.19,Pagoo,2022-11-27
3287,61,730,7,5330.88,0.25,21.79,28008.91,CANCELADO,2023/02/16
3288,1339,450,8,1014.59,,38.69,8074.24,CANCELADO,2025-01-27
3289,463,623,4,14830.09,0.26,51.92,43948.99,CANCELADO,2025-01-27
3290,1140,1295,1,11353.78,0.27,25.05,8313.31,PAGO,2023-09-11
3291,1124,3,6,11817.62,0.17,12.0,58863.75,PENDENTE,2024-04-29
3292,911,188,3,12060.12,0.09,28.99,32953.12,ENVIADO,2022-01-27
3293,130,260,1,8062.29,0.03,49.64,7870.06,ENVIADO,2024-12-17
3294,770,641,3,6794.02,0.24,149.37,15639.74,ENVIADO,2024-03-09
3295,266,905,3,11694.57,0.16,,29565.08,PENDENTE,2024-01-04
3296,104,851,-5,9348.77,0.02,57.82,55028.59,Pagoo,2022-04-16
3297,663,242,8,11454.88,,87.05,66067.16,PENDENTE,02-20-2022
3298,345,974,-1,8639.25,0.24,48.03,-500,CANCELADO,2025-01-09
3299,709,309,,2132.41,0.2,37.65,0,PAGO,31/02/2025
3300,656,351,4,12885.82,0.21,70.49,40789.68,CANCELADO,2022-12-12
3301,773,655,3,3203.9,0.26,106.17,7218.83,PENDENTE,2023-06-08
3302,417,364,8,6852.02,0.16,149.79,46195.36,Pagoo,2023-08-14
3303,201,952,dez,4865.5,,53.14,9686.83,PAGO,2023-01-24
3304,585,118,5,1551.02,0.0,58.48,7813.58,PENDENTE,2022-06-01
3305,895,416,5,10269.5,0.28,38.38,37008.58,ENVIADO,2023-01-16
3306,527,419,4,91.4,0.24,106.73,384.59,PAGO,31/02/2025
3307,683,882,8,1826.97,0.17,19.87,12150.95,PAGO,2024-05-01
3308,816,1215,9,4261.76,0.28,146.46,27762.66,ENVIADO,2022-05-27
3309,87,772,1,8492.83,0.11,19.79,7578.41,PAGO,2025-01-25
3310,816,907,1,6364.93,0.0,17.68,6382.61,PAGO,2022-06-10
3311,141,481,4,387.26,0.25,29.46,1191.24,PAGO,2022-10-13
3312,158,976,1,6981.16,0.04,16.4,6718.31,PAGO,2022-09-03
3313,642,783,10,8746.8,0.23,75.74,67426.1,ENVIADO,2024-12-28
3314,252,401,1,9529.55,0.21,35.53,7563.87,CANCELADO,2024-11-08
3315,471,1347,4,374.1,0.12,124.81,1441.64,PAGO,2024-11-01
3316,1003,52,3,12647.6,0.15,18.81,32270.19,PAGO,2022-06-04
3317,649,1233,10,6164.96,0.27,12.96,45017.17,PENDENTE,2022-12-16
3318,1362,861,10,2508.05,0.17,101.01,20917.82,PAGO,2024-02-13
3319,701,985,7,12137.48,0.08,18.15,78183.52,PENDENTE,2024-11-02
3320,502,15,6,7252.02,0.2,20.7,34830.4,CANCELADO,2022-09-21
3321,899,816,0,3170.82,0.1,122.35,25805.99,CANCELADO,2024-09-07
3322,195,175,10,899.33,0.27,118.65,6683.76,CANCELADO,2022-09-05
3323,565,377,9,1236.63,0.04,142.24,10826.72,ENVIADO,2024-11-09
3324,607,16,2,11773.17,0.29,85.3,16803.2,PAGO,2022-10-20
3325,407,575,10,2717.49,0.16,98.61,22925.53,,2023-02-12
3326,545,236,5,7489.74,0.27,114.6,27452.15,PAGO,2023-01-14
3327,169,965,2,3249.25,0.21,107.61,5241.43,CANCELADO,2023-08-29
3328,581,476,9,9409.22,,,77183.01,ENVIADO,2024-05-09
3329,748,624,4,3716.21,,,13248.28,ENVIADO,2022-05-25
3330,397,720,2,5828.48,0.22,87.89,9180.32,ENVIADO,2022-09-17
3331,787,536,2,7688.09,0.16,90.37,13006.36,CANCELADO,2024-10-17
3332,176,85,4,11712.23,0.12,37.44,41264.49,CANCELADO,2022-08-13
3333,1411,162,4,1042.72,0.19,18.76,3397.17,CANCELADO,2025-02-10
3334,863,355,9,14110.36,0.22,139.17,R$500,PENDENTE,2024-05-03
3335,985,355,7,12856.89,0.21,24.12,71122.72,PAGO,2022-09-01
3336,960,507,1,1586.41,0.21,12.48,1265.74,PENDENTE,2024-04-18
3337,1365,893,6,2075.97,0.14,20.95,10732.96,CANCELADO,99/99/9999
3338,428,68,9,6478.1,0.23,106.77,45000.0,ENVIADO,2025-01-11
3339,134,847,2,10370.28,0.0,109.68,20850.24,Pagoo,2024-05-10
3340,1174,854,10,9927.62,0.0,134.84,99411.04,ENVIADO,2022-04-06
3341,1201,58,3,10239.3,0.14,94.26,,PENDENTE,2024-12-04
3342,274,1359,9,2831.53,0.04,92.15,24556.57,ENVIADO,2024-07-26
3343,613,421,10,10604.94,0.28,120.4,76475.97,PAGO,2023-06-27
3344,142,265,6,12489.65,0.24,115.31,57068.11,Pagoo,2022-11-30
3345,863,843,9,1223.6,0.22,121.8,8711.47,CANCELADO,2022-02-21
3346,909,588,2,13803.75,0.06,74.58,26025.63,CANCELADO,2023-03-10
3347,909,1200,3,8196.51,0.23,20.52,18954.46,ENVIADO,2023-01-14
3348,680,167,8,13736.95,0.07,80.22,102283.13,PENDENTE,2023-01-01
3349,1000,766,1,12981.86,0.18,51.43,10696.56,ENVIADO,2025-03-05
3350,587,636,2,10432.34,0.22,95.52,16369.97,ENVIADO,2024-07-02
3351,477,20,10,8622.55,0.04,115.33,82891.81,PAGO,2022-03-10
3352,27,1412,-5,11376.42,0.26,146.35,67494.76,ENVIADO,2023/05/03
3353,745,460,3,7463.17,0.13,122.27,19601.14,PENDENTE,2025-03-01
3354,329,199,dez,457.99,0.22,99.89,2957.75,CANCELADO,2024-11-29
3355,198,851,3,3426.84,0.14,139.29,8980.54,PENDENTE,2023-01-17
3356,991,781,5,7590.15,0.05,100.94,mil,CANCELADO,2024-06-14
3357,543,347,8,8246.18,0.12,51.9,58105.01,PENDENTE,2025-02-19
3358,94,409,6,2182.96,0.2,78.67,10556.88,PAGO,2023-07-15
3359,924,490,8,6630.96,0.13,67.06,46218.54,ENVIADO,2023-01-02
3360,895,583,7,14530.12,0.26,103.43,75369.45,PAGO,2023-11-08
3361,32,1108,6,7070.57,0.29,66.48,30187.11,PAGO,2023-12-10
3362,136,66,5,13384.69,0.2,42.68,53581.44,ENVIADO,2024-11-08
3363,807,111,5,6561.77,0.12,17.43,28889.22,PAGO,2023-11-17
3364,888,169,3,5827.12,0.02,28.72,17160.45,ENVIADO,2025-02-23
3365,813,992,4,13795.38,0.03,86.02,53612.09,PAGO,10-21-2024
3366,85,765,5,9019.38,0.02,110.77,44305.73,PENDENTE,2023-08-18
3367,222,154,9,2723.47,0.27,19.56,17912.76,CANCELADO,2024-11-25
3368,602,526,1,7875.09,0.12,82.23,7012.31,ENVIADO,2022-10-18
3369,923,664,4,7004.27,0.19,46.32,22740.15,Pago,2024-02-17
3370,833,29,10,4467.81,0.16,146.31,37675.91,ENVIADO,2022-12-30
3371,275,778,5,5844.82,0.29,43.95,20793.06,CANCELADO,2025-04-14
3372,581,848,1,8841.59,0.03,21.2,8597.54,CANCELADO,2022-06-10
3373,522,286,1,4884.09,0.25,110.11,,PAGO,2022-04-21
3374,211,181,3,14460.45,0.13,76.61,37818.38,CANCELADO,2024-05-14
3375,652,225,2,11651.17,0.25,148.49,17625.25,ENVIADO,2024-09-12
3376,765,365,9,5155.96,0.05,96.94,44180.4,PAGO,2022-10-06
3377,901,82,3,5348.58,0.29,141.89,11534.37,PAGO,2022-09-19
3378,787,338,8,330.65,0.12,136.42,2464.2,CANCELADO,2023-06-04
3379,838,352,5,11047.2,0.28,55.62,39825.54,ENVIADO,2023-03-08
3380,43,134,5,2376.56,0.24,54.42,9085.35,PENDENTE,2022-07-23
3381,820,587,1,2901.8,0.1,105.1,2716.72,pago,2024-10-02
3382,621,159,7,4599.32,0.03,10.94,31240.32,pago,2024-06-09
3383,957,756,5,8545.23,0.15,63.03,-500,CANCELADO,2023-03-28
3384,1038,246,6,6222.43,0.06,56.66,35151.17,PAGO,2022-03-24
3385,144,184,3,14822.39,0.11,28.38,39604.16,PAGO,2023-08-20
3386,73,870,8,1765.71,0.25,131.03,10725.29,PAGO,2022-09-07
3387,197,582,1,11862.36,0.13,18.16,10338.41,PENDENTE,2022-09-06
3388,245,850,6,816.97,0.21,135.96,4008.4,CANCELADO,2022-11-13
3389,282,937,2,9922.33,0.28,95.18,14383.34,ENVIADO,2023-06-05
3390,1479,961,0,4185.23,0.21,52.7,6665.36,CANCELADO,2024-09-28
3391,18,777,8,3618.96,0.24,36.67,22039.95,PENDENTE,2022-10-17
3392,215,738,4,4043.19,0.01,57.92,16068.95,ENVIADO,2022/04/14
3393,613,89,2,7954.47,0.11,100.18,14259.14,PAGO,31/02/2025
3394,994,603,7,14457.55,,,73900.15,ENVIADO,2023-11-25
3395,101,970,4,1662.52,0.28,41.27,,CANCELADO,2022-02-03
3396,203,647,9,1332.84,0.15,110.09,10306.32,CANCELADO,2023-10-24
3397,1025,482,8,3759.06,0.25,78.2,R$500,PENDENTE,2024-08-26
3398,81,643,1,8019.36,0.26,33.1,5967.43,PAGO,2024-06-08
3399,308,119,9,6516.17,0.25,11.5,43995.65,PENDENTE,2022-06-28
3400,493,321,9,6472.97,0.07,88.69,54267.45,PENDENTE,2024-10-24
3401,418,593,2,7749.81,0.12,102.3,13741.97,ENVIADO,2023-07-27
3402,174,177,1,6252.4,0.25,89.49,4778.79,CANCELADO,99/99/9999
3403,796,472,6,6097.62,0.3,44.39,25654.39,PENDENTE,2022-06-24
3404,854,773,3,6620.97,0.3,141.01,14045.05,PENDENTE,2022-10-09
3405,514,81,9,1352.24,,22.04,R$500,PENDENTE,2024/06/13
3406,328,466,0,1600.16,0.19,19.29,-500,PENDENTE,2022-08-29
3407,561,603,1,3843.88,0.0,23.11,3866.99,PAGO,2025-04-03
3408,787,504,3,4013.17,0.07,72.76,11269.5,PAGO,2024-02-04
3409,651,559,4,3111.25,0.12,55.96,11007.56,ENVIADO,2022-09-01
3410,715,690,10,11313.12,0.26,120.37,83837.46,ENVIADO,2025-01-17
3411,139,387,7,6183.2,0.19,26.55,35085.29,PAGO,2024-10-25
3412,435,713,7,5339.21,0.28,120.78,27030.4,ENVIADO,2024-10-01
3413,220,709,9,254.8,0.27,54.53,1728.57,PENDENTE,2025-03-05
3414,479,791,5,10374.36,0.28,110.65,37458.35,CANCELADO,2023-06-20
3415,4,762,6,2348.04,0.29,149.3,R$500,PENDENTE,2024-11-06
3416,16,169,3,8834.57,0.25,56.71,19934.49,PAGO,2024-06-17
3417,1066,744,2,12491.38,0.2,119.72,20105.93,PAGO,2025-02-26
3418,318,915,8,65.73,0.16,134.56,576.27,CANCELADO,2025-04-14
3419,1316,207,7,5617.41,0.24,111.4,29996.02,ENVIADO,2023-01-01
3420,518,622,7,2476.01,0.2,17.95,13883.61,ENVIADO,2022-06-06
3421,122,476,2,128.72,0.24,110.21,-500,PAGO,2022-11-03
3422,249,108,9,8747.68,0.12,53.85,69335.48,ENVIADO,2023-06-10
3423,286,418,6,5475.93,0.1,122.92,29692.94,CANCELADO,2022-06-28
3424,421,416,4,372.13,0.06,37.97,1437.18,CANCELADO,2023-01-03
3425,325,868,dez,983.23,0.17,67.85,883.93,ENVIADO,2024-09-21
3426,102,842,4,3985.83,0.09,57.9,14566.32,PENDENTE,2023-12-10
3427,585,18,5,2961.1,0.11,115.96,13292.85,ENVIADO,2024-01-16
3428,926,210,3,13765.1,0.03,14.84,40071.28,PENDENTE,2024-11-23
3429,484,1025,1,10998.61,0.17,90.62,9219.47,PENDENTE,2023-05-15
3430,820,401,3,4781.11,0.3,28.77,10069.1,CANCELADO,2025-03-21
3431,144,524,4,58.94,0.01,34.25,267.65,PAGO,2024-04-28
3432,1318,506,8,6011.72,0.2,90.23,38565.24,CANCELADO,2025-03-03
3433,750,215,6,3109.75,0.27,44.61,13665.32,PAGO,2023-07-13
3434,933,709,1,8626.18,0.03,121.07,8488.46,PENDENTE,2023-08-18
3435,1268,165,2,6014.65,0.11,93.7,10799.78,ENVIADO,2023-04-18
3436,734,167,4,13595.09,0.29,45.31,38655.37,PAGO ,2023-05-30
3437,351,140,9,11672.27,0.28,85.81,75722.12,CANCELADO,2023/07/05
3438,470,601,5,10022.57,0.01,106.8,49718.52,PENDENTE,2023-07-23
3439,122,591,10,5548.29,0.28,115.49,40063.18,PAGO,2023-10-22
3440,29,934,7,6364.29,0.1,109.85,0,CANCELADO,2023-08-08
3441,488,169,5,7779.54,0.18,28.1,31924.21,ENVIADO,2025-01-30
3442,53,881,,12832.89,0.15,12.99,98184.6,PENDENTE,2023-12-31
3443,118,5,10,4120.68,0.04,98.93,0,PAGO,2022-12-10
3444,24,16,3,2557.24,0.18,139.43,6430.24,CANCELADO,2023-05-29
3445,173,442,1,3495.84,,51.95,2673.83,ENVIADO,2022-08-05
3446,51,918,7,8140.56,0.04,63.37,54767.93,CANCELADO,2022-08-28
3447,87,1494,3,2121.54,0.26,68.33,4778.15,PAGO,2022-07-30
3448,113,383,10,13472.96,0.07,51.4,125349.93,PAGO,2022-08-05
3449,617,590,7,7601.97,0.16,38.53,44738.11,ENVIADO,2022-06-02
3450,963,673,3,12145.61,0.22,89.38,28510.11,CANCELADO,2024-06-18
3451,671,509,1,686.12,0.3,94.03,R$500,CANCELADO,2022-11-01
3452,956,482,3,3045.89,0.0,57.38,9195.05,PAGO,2023-07-12
3453,555,478,1,5643.24,0.02,52.55,5582.93,CANCELADO,2022-08-23
3454,743,728,7,4892.12,0.17,26.46,28449.68,ENVIADO,25/06/2023
3455,1210,96,10,8211.33,0.27,125.61,60068.32,CANCELADO,2025-03-10
3456,322,83,9,9125.66,0.2,26.87,65731.62,CANCELADO,2023-05-04
3457,572,925,1,13389.73,0.27,47.76,9822.26,PAGO,23/05/2022
3458,427,601,6,6022.9,0.16,94.4,30449.82,PENDENTE,2024-03-08
3459,295,18,dez,10620.08,0.13,10.41,36968.29,PAGO,2025-03-24
3460,639,385,dez,1487.31,0.24,148.99,6931.12,CANCELADO,2024-12-27
3461,193,88,9,5477.51,0.25,70.85,37044.04,PENDENTE,2024-04-20
3462,527,750,2,128.24,0.19,121.63,329.38,ENVIADO,2022-03-23
3463,224,24,8,9419.79,0.16,74.99,63375.98,PAGO,2022-12-05
3464,475,429,2,13242.79,0.26,86.37,19685.7,PAGO,2022-05-06
3465,675,966,3,12071.05,0.1,72.13,32663.96,ENVIADO,2025-03-09
3466,818,1433,-5,8934.39,0.02,90.31,,CANCELADO,2023-09-30
3467,433,175,6,2187.21,0.03,58.91,12788.47,PAGO,2024-07-25
3468,400,761,7,7301.27,0.21,128.56,40504.58,ENVIADO,2022-01-19
3469,924,356,9,1004.2,0.3,,6375.3,ENVIADO,13/11/2024
3470,583,143,3,6903.62,0.23,68.58,16015.94,ENVIADO,2022-12-22
3471,352,344,9,1028.69,0.27,27.8,6786.29,PAGO,2022-06-18
3472,995,862,-1,1937.61,0.06,118.45,16510.63,ENVIADO,2024-08-22
3473,18,800,8,1426.49,0.28,148.48,mil,ENVIADO,2022-12-30
3474,961,757,9,13229.29,0.1,106.1,107263.35,CANCELADO,2022-11-04
3475,892,957,10,6236.07,0.11,82.93,55583.95,PAGO,2024-06-07
3476,566,731,9,714.26,0.0,81.67,6510.01,PAGO,2022-10-02
3477,772,377,0,2692.34,0.16,36.66,4559.79,CANCELADO,2024-01-19
3478,917,448,7,13920.51,0.23,62.75,75094.3,CANCELADO,2024-09-09
3479,126,648,8,5124.96,0.1,130.78,0,ENVIADO,2022-07-07
3480,395,319,4,14820.95,0.2,36.97,47464.01,PENDENTE,2022/05/15
3481,137,982,10,2442.14,0.23,11.22,18815.7,CANCELADO,15/09/2022
3482,746,1040,0,7489.98,0.23,,R$500,PAGO,2023-09-30
3483,1281,397,7,8031.95,0.12,58.5,49535.31,PENDENTE,2025-03-20
3484,756,615,1,2514.54,0.24,35.39,mil,ENVIADO,2024-08-26
3485,323,320,4,8585.24,0.29,143.7,24525.78,PENDENTE,2023-06-15
3486,596,721,2,14238.03,0.12,111.79,25170.72,CANCELADO,2023-07-10
3487,818,297,5,6822.4,0.24,121.51,26046.63,CANCELADO,2022-06-14
3488,182,121,0,6962.76,0.19,92.1,33931.11,PENDENTE,2024-06-21
3489,289,680,7,1746.64,0.23,39.62,9454.01,PAGO,2023-03-02
3490,859,987,1,12365.03,0.24,,9469.22,PENDENTE,2023-06-07
3491,405,165,1,10722.04,0.1,142.61,9792.45,PENDENTE,2024-11-24
3492,578,1121,2,7661.07,0.22,133.67,12084.94,Pago,2024-03-12
3493,355,97,2,3991.53,0.04,145.69,7809.43,PENDENTE,2024-08-04
3494,182,318,4,12273.96,0.25,144.17,36966.05,ENVIADO,2023-12-04
3495,36,72,5,3908.68,0.22,44.18,0,CANCELADO,2025-02-20
3496,81,132,1,14395.41,0.26,44.31,,PAGO,2022-12-04
3497,945,1409,2,12145.0,0.13,138.18,21270.48,PENDENTE,2024-02-14
3498,460,297,1,10261.5,0.01,11.0,10169.89,CANCELADO,2023-12-18
3499,1083,119,3,1379.47,0.11,138.33,3821.51,PENDENTE,31/02/2025
3500,650,337,7,4490.67,0.01,98.18,31218.52,ENVIADO,2023/01/05
3501,384,328,4,2457.62,0.12,145.67,8796.49,PAGO,2022-11-12
3502,947,611,-1,11980.9,0.0,145.38,60049.88,PENDENTE,2025-04-02
3503,747,847,9,9521.32,0.17,109.55,-500,PENDENTE,2024-12-21
3504,978,320,4,499.19,0.05,39.58,1936.5,PENDENTE,06-30-2024
3505,509,935,5,10587.64,0.27,16.31,38661.2,PAGO,2024-06-25
3506,1135,617,8,7115.82,0.17,,47377.31,CANCELADO,2022-12-16
3507,304,570,8,7850.25,0.19,53.16,,ENVIADO,2025-03-26
3508,868,805,2,4862.57,0.28,95.38,7097.48,Pago,2024-03-26
3509,289,1320,1,4636.13,0.14,66.53,4053.6,CANCELADO,2022-07-29
3510,671,830,10,2805.87,0.29,80.18,20001.86,PENDENTE,2024-06-29
3511,418,753,7,11454.55,0.13,58.09,69816.3,PAGO,2024-04-09
3512,378,602,6,14858.78,0.04,19.92,85606.49,PENDENTE,2022-12-21
3513,11,126,2,425.5,0.2,122.54,803.34,Pago,2022-07-03
3514,47,826,2,9711.29,0.24,75.44,14836.6,CANCELADO,2022-09-23
3515,513,58,3,11089.14,,55.1,31659.15,PAGO,2025-04-12
3516,530,660,6,6740.25,0.22,67.36,31611.73,PAGO,2023-10-15
3517,678,300,7,6097.25,0.18,28.42,35026.64,PAGO,2024-12-07
3518,1000,27,9,13193.49,0.28,43.72,85537.54,PAGO,2025-01-29
3519,916,670,1,10329.3,0.29,110.7,0,PENDENTE,2024-07-12
3520,430,709,3,9892.14,0.17,137.07,24768.5,PAGO,2023-06-25
3521,335,84,6,3531.86,0.15,94.78,18107.27,PENDENTE,2024-11-25
3522,981,700,1,226.57,0.19,93.17,276.69,CANCELADO,02-19-2023
3523,153,186,3,1831.73,0.15,24.49,4695.4,PENDENTE,2023-04-12
3524,148,231,5,3900.49,0.08,135.81,18078.06,CANCELADO,2025-01-14
3525,171,687,3,3234.92,0.29,27.77,6918.15,PAGO,2022-04-03
3526,97,785,9,6012.32,0.04,138.21,52084.65,PAGO,2023-06-17
3527,366,846,5,3875.18,0.04,76.93,18677.79,CANCELADO,2023-06-05
3528,180,674,6,9207.46,0.26,38.09,40919.21,CANCELADO,2023-04-01
3529,52,1487,1,6014.36,0.0,100.74,6115.1,CANCELADO,2024-11-05
3530,532,453,8,14325.44,0.22,137.64,89528.39,PAGO,2023-01-13
3531,741,953,10,13719.57,0.09,104.49,124952.58,ENVIADO,2024-12-10
3532,761,693,1,6932.03,0.19,31.66,5646.6,CANCELADO,2024-05-23
3533,461,734,4,13471.39,0.13,17.61,-500,ENVIADO,2024-07-20
3534,302,492,4,5538.23,0.01,68.61,22000.0,ENVIADO,2022-09-12
3535,1010,643,8,7800.1,0.25,109.63,46910.23,PAGO,2022-01-20
3536,230,310,2,13476.6,0.14,146.3,0,PENDENTE,2024-11-09
3537,959,11,4,11277.5,0.08,24.76,41525.96,CANCELADO,2025-02-02
3538,642,879,9,1642.75,0.18,79.81,12203.31,ENVIADO,99/99/9999
3539,147,929,9,3544.58,,102.79,24347.72,ENVIADO,2024-07-31
3540,933,202,1,11530.33,0.16,129.22,9814.7,ENVIADO,2023-06-10
3541,281,601,2,1817.61,0.11,15.92,3251.27,PAGO,2024-10-29
3542,1083,507,3,5075.2,0.09,129.6,13984.9,CANCELADO,2022-11-21
3543,353,863,0,7317.55,0.29,145.96,15732.34,PENDENTE,2025-01-15
3544,474,450,6,11923.47,,75.12,62315.63,ENVIADO,2023-11-10
3545,451,294,1,9214.05,0.24,42.52,7045.2,ENVIADO,2022-11-21
3546,579,96,8,7214.71,0.06,117.59,54372.21,PAGO,31/02/2025
3547,554,243,2,14880.07,0.16,147.26,,PENDENTE,2023-01-16
3548,751,528,2,9374.9,0.07,104.37,17541.68,CANCELADO,2023-08-03
3549,970,165,8,7790.04,0.15,93.96,53066.23,PAGO ,2022-02-18
3550,402,1396,7,6751.35,0.23,114.4,36504.18,PENDENTE,2024-07-16
3551,842,575,dez,4770.89,0.22,129.95,11293.83,PENDENTE,2024-10-21
3552,181,970,2,14139.76,0.27,40.42,20684.47,ENVIADO,2022-12-17
3553,333,775,2,9125.38,0.06,68.7,17224.41,CANCELADO,2022-02-27
3554,102,888,3,5335.44,0.21,18.17,0,ENVIADO,2024-03-24
3555,442,934,8,7705.82,0.01,146.01,61176.1,PENDENTE,2024-09-24
3556,912,699,9,14186.72,0.08,25.73,117491.77,CANCELADO,10-31-2023
3557,3,521,5,14878.53,0.22,59.04,58085.31,CANCELADO,2025-04-06
3558,711,259,1,14037.8,0.03,126.99,13743.66,CANCELADO,2024-08-25
3559,675,724,6,728.77,0.27,57.09,3249.1,CANCELADO,2023-08-08
3560,1296,829,6,13940.39,0.19,44.62,67794.92,ENVIADO,2024-06-23
3561,533,196,10,183.81,0.13,135.15,1734.3,PAGO,2024-07-29
3562,738,1205,-5,9266.8,,79.93,21764.24,CANCELADO,2024-02-23
3563,682,849,6,11216.92,0.08,52.11,61969.51,PENDENTE,2022-10-04
3564,240,999,6,13541.63,0.02,78.26,79703.04,PAGO,2023-12-19
3565,402,987,1,7129.11,0.2,121.16,5824.45,PAGO,2022-03-10
3566,844,270,6,5967.71,0.28,20.7,25801.21,,2024-09-23
3567,344,518,6,2933.89,0.14,94.15,15233.02,Pagoo,99/99/9999
3568,563,981,9,8314.25,0.09,52.38,68146.09,ENVIADO,2023-08-08
3569,946,699,8,369.75,0.01,117.79,3046.21,ENVIADO,2023-08-04
3570,737,1423,3,12806.04,0.21,53.14,30403.45,CANCELADO,2024-02-24
3571,411,910,10,8476.06,,17.96,83083.35,PAGO,2024-05-15
3572,789,285,7,605.28,0.29,66.26,3074.5,PENDENTE,2023-04-06
3573,92,270,10,3749.97,0.05,129.13,35753.84,ENVIADO,2024-05-29
3574,1011,1433,8,9165.97,,117.64,53646.9,ENVIADO,2024-03-28
3575,93,478,9,215.92,0.22,125.5,1641.26,ENVIADO,2024-09-22
3576,354,4,3,12956.83,0.18,51.3,31925.1,PENDENTE,2024-01-25
3577,336,600,3,14643.57,0.02,92.93,43145.03,PENDENTE,22/12/2024
3578,783,770,8,13242.98,0.01,71.39,0,PAGO,2024-09-25
3579,10,467,9,11390.51,0.28,23.32,73833.82,PENDENTE,2022-07-31
3580,294,74,1,12598.77,0.29,40.98,8986.11,PENDENTE,2023-01-24
3581,1416,691,4,14300.3,0.04,84.08,54997.23,CANCELADO,2023-12-30
3582,18,70,3,1014.43,0.18,122.36,2617.86,CANCELADO,2025-03-27
3583,967,1406,2,11610.52,0.12,48.02,20482.54,PAGO,2023-06-17
3584,790,953,dez,87.76,,116.57,mil,PENDENTE,2022-07-23
3585,7,1031,5,6120.59,0.15,76.01,26088.52,CANCELADO,2024-06-06
3586,530,393,3,2758.55,0.19,143.38,6846.66,ENVIADO,2023-03-16
3587,148,1005,4,10475.92,0.24,67.61,31914.41,CANCELADO,2024-12-10
3588,797,777,4,14205.89,0.19,90.61,46117.69,PAGO,2022-03-23
3589,201,715,1,10312.73,0.13,28.17,9000.25,PENDENTE,2022-11-16
3590,405,781,3,12994.37,0.1,69.59,35154.39,PENDENTE,31/02/2025
3591,263,435,8,5464.78,0.23,14.18,33677.22,PENDENTE,2022-05-07
3592,507,108,1,12214.8,,140.37,11866.58,PENDENTE,99/99/9999
3593,859,419,1,841.56,0.16,77.3,784.21,CANCELADO,2023-01-15
3594,451,400,9,5287.98,0.1,107.04,42939.68,,2023-03-07
3595,369,134,7,12374.4,0.09,49.1,78874.03,PENDENTE,2024-11-08
3596,999,282,10,8221.67,0.02,50.28,80622.65,PAGO,2022-12-29
3597,297,604,dez,7769.7,0.21,39.84,24592.09,CANCELADO,2024-09-16
3598,666,443,4,954.69,0.23,143.6,3084.05,ENVIADO,2022-05-19
3599,653,902,9,8558.35,0.07,13.99,71647.38,CANCELADO,2022-09-17
3600,1161,1203,-5,6135.35,0.14,26.02,21131.62,PAGO ,2025-01-21
3601,534,412,0,13096.85,0.27,22.1,95629.11,PAGO,2022-06-12
3602,904,425,9,3222.77,0.04,116.17,27960.9,Pago,2024-04-06
3603,494,428,10,177.35,0.08,56.72,1688.34,CANCELADO,2024-07-05
3604,1418,2,3,9998.69,0.05,108.88,28605.15,PAGO,2023-01-06
3605,37,1210,4,12911.76,0.15,88.92,43988.9,PENDENTE,2022-06-11
3606,1037,670,5,12609.67,0.12,,55600.47,,2024-10-10
3607,872,215,6,319.54,0.1,139.09,1864.61,PAGO,2025-03-28
3608,198,263,dez,3554.73,0.2,122.18,5809.75,ENVIADO,2022-09-24
3609,277,197,7,8233.95,0.03,22.34,55930.86,PENDENTE,2022-02-16
3610,452,783,9,12756.24,0.22,58.54,0,PAGO,2022-09-23
3611,56,434,7,13115.9,0.04,34.76,88173.61,PAGO,2024-04-10
3612,305,657,3,998.78,0.25,129.1,2376.36,PAGO,2024-11-28
3613,340,456,6,14963.12,0.06,42.07,84434.07,ENVIADO,2024-12-01
3614,522,860,-1,2504.71,0.27,128.82,7442.57,PAGO,2023-01-30
3615,261,504,2,3311.5,0.14,11.33,5707.11,PENDENTE,2022/04/03
3616,13,1116,3,3237.65,0.29,28.6,6924.79,PENDENTE,2024-01-06
3617,813,56,3,1472.71,0.2,67.59,3602.09,ENVIADO,2023-09-15
3618,621,591,8,8139.26,0.26,129.28,48313.7,PENDENTE,2024-03-09
3619,195,504,6,8731.49,0.26,31.86,38799.68,PENDENTE,2023-09-06
3620,525,830,1,9056.25,0.03,46.34,8830.9,CANCELADO,2025-03-21
3621,947,691,5,13259.97,0.28,70.01,47805.9,CANCELADO,2022-02-05
3622,823,232,6,1538.41,0.15,46.5,7892.39,PAGO,2023-11-17
3623,158,1291,4,12691.3,0.18,148.3,41775.76,PAGO,2022-12-10
3624,938,562,4,3467.55,0.28,46.15,10032.69,PENDENTE,2024-02-01
3625,869,630,2,12115.43,0.19,,19668.32,PAGO,2022-06-14
3626,705,676,9,6338.71,0.21,134.01,45202.24,ENVIADO,2022-05-10
3627,1000,100,7,9264.76,0.08,26.05,59691.1,ENVIADO,2022-04-27
3628,1385,234,10,8350.41,0.14,143.33,71956.86,CANCELADO,2022-09-06
3629,938,493,5,2546.75,0.02,28.34,12507.41,PENDENTE,31/07/2024
3630,51,762,4,5198.02,0.21,41.33,,Cancelado,2022-09-04
3631,987,155,9,9407.85,0.08,101.67,77998.67,CANCELADO,2022-04-18
3632,9,567,7,6573.05,0.25,,34556.11,CANCELADO,2022-04-05
3633,397,278,3,11189.18,0.16,41.11,28237.84,PAGO,2025-01-06
3634,429,290,9,10415.56,0.08,148.7,,ENVIADO,2022-10-27
3635,232,343,3,5882.53,0.21,120.7,14062.3,PAGO ,2024-08-19
3636,865,443,3,12564.53,0.15,79.65,-500,ENVIADO,2025-03-20
3637,1223,251,9,13055.36,0.19,66.69,95240.26,CANCELADO,2023-04-18
3638,1329,633,,11497.95,0.24,95.84,70003.38,Cancelado,2025-01-14
3639,705,758,7,14765.35,0.19,110.99,83830.52,ENVIADO,2024-12-31
3640,755,538,1,10124.39,0.14,75.42,R$500,PAGO,2023-05-30
3641,346,310,6,5680.07,0.13,40.95,29690.92,PENDENTE,2022-10-15
3642,1252,882,1,13581.49,0.29,35.63,9678.49,ENVIADO,2025-02-26
3643,755,221,8,10851.11,0.27,22.95,63393.43,ENVIADO,2023-12-12
3644,83,184,-1,1964.99,0.25,96.94,14834.37,CANCELADO,2022-01-15
3645,911,1496,1,13861.5,0.28,108.83,10089.11,ENVIADO,2025-04-02
3646,320,639,0,8199.58,0.04,70.57,31556.96,PENDENTE,2024-06-07
3647,766,786,4,14165.7,0.12,51.88,R$500,CANCELADO,2025-01-02
3648,114,661,2,195.07,0.21,95.34,403.55,ENVIADO,2024-10-30
3649,934,892,0,10713.2,0.16,91.33,54085.86,PAGO,2024-09-11
3650,152,745,3,9815.43,0.26,104.18,21894.43,CANCELADO,2023-07-02
3651,522,970,9,3067.7,0.23,47.72,21306.88,CANCELADO,2025-01-29
3652,767,512,1,2346.34,0.18,80.96,2004.96,CANCELADO,2023-05-07
3653,456,788,-1,10565.92,0.05,143.81,100520.05,ENVIADO,2023-02-21
3654,1281,386,3,6368.48,0.17,49.43,15906.95,PAGO,2024-08-18
3655,649,1088,8,10534.72,0.17,68.39,70018.93,PAGO,25/09/2023
3656,1177,745,3,5174.4,0.18,35.06,12764.08,PENDENTE,2024-10-31
3657,44,318,10,13643.18,0.28,125.39,R$500,PAGO,2024-08-30
3658,15,1269,5,1903.93,0.01,49.59,9474.04,PENDENTE,2022-11-26
3659,767,535,5,4447.49,0.07,105.02,20785.85,PAGO,2022-02-27
3660,846,220,6,8149.82,0.06,122.65,46087.63,PAGO,2024-11-06
3661,1050,836,9,3041.16,0.15,65.04,23329.91,PAGO,2024-10-27
3662,861,315,6,9971.5,0.14,50.09,51503.03,PAGO,2023-11-26
3663,84,513,2,5417.61,0.15,58.97,9268.91,CANCELADO,2022-05-10
3664,671,873,5,11608.89,0.13,37.42,50536.09,CANCELADO,2023-11-20
3665,565,350,1,12836.03,0.27,11.37,9381.67,PENDENTE,2024-07-10
3666,1097,218,3,14334.92,0.22,65.47,33609.18,PAGO,31/02/2025
3667,604,927,9,13936.67,0.08,10.78,115406.41,ENVIADO,2023-03-28
3668,875,951,8,12081.05,0.09,94.96,88045.0,ENVIADO,2023-10-19
3669,507,336,3,12261.85,,86.48,26572.08,PAGO,2022-10-03
3670,1024,506,6,12851.45,0.03,41.92,74837.36,ENVIADO,2024-02-01
3671,500,721,9,10843.16,0.26,138.14,0,CANCELADO,2025-04-13
3672,546,727,9,4468.33,0.12,42.55,35431.72,ENVIADO,2023-02-12
3673,880,840,3,105.75,0.11,21.27,R$500,PENDENTE,2022-01-23
3674,257,639,5,8337.73,0.11,89.4,37192.3,PENDENTE,2022-08-17
3675,1055,948,1,2158.83,0.01,147.24,2284.48,ENVIADO,2023-12-07
3676,585,480,9,11893.82,0.05,129.26,101821.42,CANCELADO,2023-06-19
3677,650,926,8,14587.43,0.27,12.95,85203.54,PENDENTE,2024-07-25
3678,596,906,6,10268.29,0.16,118.23,51870.41,CANCELADO,2022-10-19
3679,446,835,9,12255.99,0.06,137.67,103823.35,PENDENTE,2022-11-14
3680,494,63,dez,9151.73,0.07,133.4,42688.94,PAGO,2022-12-05
3681,745,254,-5,456.38,0.03,59.6,944.98,PENDENTE,2024-08-28
3682,652,793,5,13554.92,0.01,90.25,67187.1,PAGO,2023-02-18
3683,148,304,1,6108.44,0.27,111.12,4570.28,PENDENTE,2023-10-21
3684,774,842,7,2880.93,0.19,26.75,16361.62,ENVIADO,2023-05-31
3685,148,770,4,9293.02,0.13,60.49,32400.2,PENDENTE,2024-07-06
3686,674,464,5,5609.62,0.1,134.57,mil,PENDENTE,2024-04-30
3687,793,207,0,11340.72,0.07,25.71,63306.93,PAGO,2023-06-11
3688,1091,907,9,13851.04,0.12,30.89,109731.13,PENDENTE,2024-03-21
3689,1467,334,3,1508.58,0.0,44.6,4570.34,PENDENTE,2023-06-30
3690,628,708,7,4208.86,0.24,93.92,22485.06,CANCELADO,2023-08-20
3691,823,427,3,12469.93,0.14,21.35,32193.77,ENVIADO,2022-05-14
3692,423,397,8,3297.38,0.24,26.85,20074.92,PAGO ,2024-09-23
3693,183,25,5,5137.64,0.27,146.4,18898.79,ENVIADO,2022-11-04
3694,280,1239,10,6152.7,0.27,115.46,45030.17,PAGO,2024-08-28
3695,773,210,6,12959.0,0.07,35.92,72347.14,ENVIADO,2024-06-15
3696,758,689,2,13931.56,0.11,105.98,24904.16,PAGO,2022-03-17
3697,460,632,5,6860.27,0.2,131.88,27572.96,ENVIADO,2022-11-12
3698,720,994,10,14177.21,0.16,90.28,119178.84,ENVIADO,2024-07-16
3699,237,1405,7,5797.54,,,30059.19,PAGO,2023-02-05
3700,237,800,9,8614.15,0.03,74.32,mil,ENVIADO,2022-09-11
3701,179,383,,10599.08,0.12,46.54,0,ENVIADO,2024-06-06
3702,714,424,6,1405.45,0.21,60.32,6722.15,PENDENTE,2025-01-20
3703,206,1296,10,2649.97,0.3,104.3,18654.09,CANCELADO,2025-03-25
3704,459,456,dez,2528.88,0.06,54.11,R$500,PENDENTE,2024-06-06
3705,896,398,6,12101.06,0.18,67.8,59605.02,ENVIADO,01-12-2025
3706,901,732,2,10897.69,0.01,139.45,21716.88,PAGO,2023-05-27
3707,441,316,3,3273.32,0.05,44.75,9373.71,ENVIADO,2023-01-16
3708,112,152,1,2556.93,0.08,123.83,2476.21,PENDENTE,2023-11-06
3709,100,456,7,4806.09,0.21,88.47,,ENVIADO,2024-01-30
3710,503,157,1,14527.86,0.2,36.82,-500,CANCELADO,2024-12-18
3711,297,464,1,9003.71,0.17,149.73,7622.81,PAGO,2022-05-03
3712,593,61,8,1460.57,0.03,102.34,11436.36,CANCELADO,2025-01-08
3713,194,614,2,2150.74,0.24,121.44,3390.56,ENVIADO,2024-11-04
3714,639,350,4,10958.21,0.08,35.27,40361.48,ENVIADO,2023-02-20
3715,527,4,1,3806.75,0.03,103.48,3796.03,CANCELADO,2023-09-09
3716,9,1497,5,11489.32,0.28,123.97,41485.52,PENDENTE,2023-04-03
3717,498,537,2,9240.08,0.09,33.41,16850.36,PENDENTE,2023-10-11
3718,644,257,2,5013.89,0.13,73.9,8798.07,CANCELADO,2024-08-28
3719,718,409,-5,6947.52,0.01,55.85,13811.94,PENDENTE,2024-09-29
3720,58,401,10,12550.5,0.15,56.16,106735.41,PAGO,2023-10-18
3721,933,565,10,1994.78,0.18,38.3,16395.5,PAGO,2023-03-20
3722,527,420,1,7453.58,0.19,37.14,6074.54,ENVIADO,2022-10-26
3723,344,342,9,5766.92,0.19,43.88,42084.73,CANCELADO,2024-12-31
3724,835,430,6,10788.68,0.29,114.4,46074.18,PENDENTE,2022-09-13
3725,714,843,10,11399.83,0.06,65.68,107224.08,PENDENTE,07-04-2023
3726,623,151,9,10276.38,0.16,11.2,77700.63,CANCELADO,2023-08-17
3727,45,826,9,4866.57,0.08,82.47,40377.67,,2022-04-14
3728,594,804,9,7136.32,0.16,144.41,54094.99,ENVIADO,2022-03-21
3729,398,594,1,8574.86,0.11,,7684.68,ENVIADO,2024-08-10
3730,53,546,9,13186.72,0.1,12.8,106825.23,ENVIADO,2025-03-30
3731,240,554,5,1534.88,0.23,141.13,6050.42,CANCELADO,2024-12-01
3732,522,1089,5,11562.22,0.23,106.59,44621.14,CANCELADO,2023-09-09
3733,318,663,0,11293.87,0.0,104.82,101749.65,PENDENTE,2024-09-14
3734,595,867,8,3487.49,0.28,98.78,20186.72,PENDENTE,2022-04-27
3735,250,1082,,14112.79,0.24,11.27,32188.43,PENDENTE,2023-09-28
3736,1123,281,6,5482.46,0.01,31.89,32597.7,CANCELADO,2024-02-25
3737,917,625,9,11577.78,0.06,43.89,97991.91,PAGO,2025-04-07
3738,1388,611,1,10323.19,0.14,148.45,9026.39,PENDENTE,2024-09-02
3739,234,912,10,1958.4,0.24,74.62,14958.46,Cancelado,2024-11-25
3740,244,145,5,9493.16,0.19,126.8,38574.1,PENDENTE,2023-05-26
3741,262,886,10,10706.24,0.05,33.2,mil,CANCELADO,31/02/2025
3742,603,833,3,13673.57,0.08,61.93,37800.98,ENVIADO,2025-04-08
3743,284,990,4,9436.91,0.16,115.28,31823.3,CANCELADO,2024-08-31
3744,307,751,5,893.25,0.04,25.2,4312.8,CANCELADO,20/05/2023
3745,450,165,5,6956.28,0.12,64.17,30671.8,PENDENTE,2024-08-04
3746,386,389,10,11737.0,0.15,111.9,99876.4,PAGO,2022-12-27
3747,684,504,7,11560.34,0.29,24.84,57479.73,ENVIADO,2024-07-07
3748,615,865,,9887.65,0.25,80.7,37159.39,PAGO,2023-08-26
3749,573,436,8,12502.2,,55.31,94071.85,PAGO,2024-03-03
3750,402,631,4,9441.35,,119.87,29199.23,PENDENTE,31/02/2025
3751,514,432,5,6979.27,0.15,25.9,0,PAGO,2024-03-30
3752,250,690,9,1100.92,0.24,85.61,7615.9,PAGO,2022-11-30
3753,20,319,6,8183.32,0.17,68.18,40821.11,PAGO,2022-04-28
3754,324,808,,11204.39,0.28,112.57,16246.89,PENDENTE,2025-04-01
3755,669,516,2,5066.51,0.16,81.59,-500,PAGO,2022-11-26
3756,624,684,3,7879.44,0.26,46.02,17538.38,ENVIADO,2025-02-04
3757,784,958,6,14867.59,0.2,87.33,71451.76,ENVIADO,2024-03-06
3758,869,1151,5,4287.91,0.06,75.29,20228.47,CANCELADO,2024-03-21
3759,992,1210,2,1651.8,0.1,59.02,3032.26,ENVIADO,2024-05-26
3760,781,792,2,7075.7,0.16,104.65,11991.83,PAGO,2022-11-03
3761,510,749,3,14173.61,0.27,38.32,31078.53,PENDENTE,2022-08-05
3762,896,381,7,4728.35,0.17,106.98,27578.69,PAGO,2024-03-13
3763,281,109,5,5620.45,0.27,59.52,20574.16,ENVIADO,2024-05-18
3764,592,962,10,14848.94,0.19,84.12,0,ENVIADO,2023-03-18
3765,93,404,10,4275.26,0.18,38.86,35095.99,CANCELADO,2024-10-20
3766,810,862,2,10120.14,0.14,145.89,17552.53,CANCELADO,2022-08-21
3767,498,324,7,14260.26,0.25,49.64,-500,ENVIADO,2024-04-30
3768,430,946,8,2455.13,0.23,120.34,15243.94,ENVIADO,31/02/2025
3769,1065,530,dez,4582.63,0.13,80.02,12040.68,CANCELADO,2024-05-14
3770,654,309,8,12090.34,0.0,32.08,96754.8,PAGO,2024-02-22
3771,28,500,2,5280.9,0.0,,10661.39,ENVIADO,2024-11-08
3772,547,884,dez,9286.02,0.05,130.72,53061.03,ENVIADO,2023-09-19
3773,1471,279,3,9585.26,0.02,102.16,28282.82,PENDENTE,2022-05-19
3774,1339,288,7,6278.09,0.3,99.88,30862.52,PAGO,2024-06-07
3775,151,241,1,3993.12,,81.04,3235.6,PAGO,2024-04-12
3776,367,559,2,12478.85,0.13,67.08,21780.28,PAGO,2022-10-13
3777,879,22,6,386.92,0.17,63.33,1990.19,ENVIADO,2022-01-13
3778,772,572,3,3915.84,0.13,12.17,10232.51,ENVIADO,2024-01-26
3779,869,395,2,12470.36,0.18,,20487.41,ENVIADO,2024-02-27
3780,783,1285,3,12047.94,0.12,,31935.73,PAGO,2022-08-23
3781,866,537,9,3225.2,0.2,94.38,23315.82,PENDENTE,2022-01-21
3782,799,34,2,14383.28,0.11,18.6,25620.84,ENVIADO,2023-01-16
3783,111,161,9,5855.82,0.1,13.31,,PENDENTE,2022-11-23
3784,600,183,5,3836.93,0.26,13.83,14210.47,PENDENTE,2022-04-18
3785,1097,847,7,10520.57,0.08,85.65,67838.12,PENDENTE,2022-12-28
3786,815,1090,0,2573.51,0.11,113.04,18436.43,PAGO,2024-12-13
3787,114,205,6,3374.92,0.16,52.97,17062.57,PAGO,2023-04-03
3788,583,785,6,8715.08,0.09,13.6,47597.94,ENVIADO,2025-03-25
3789,631,551,2,13452.71,0.27,19.73,19660.69,ENVIADO,2024-09-28
3790,934,1403,8,2729.76,,31.15,18593.52,PENDENTE,2022-02-08
3791,988,942,10,1318.11,0.21,99.23,10512.3,PENDENTE,2022-07-05
3792,724,903,9,8919.56,0.07,77.45,74734.17,ENVIADO,2022-05-30
3793,966,997,,4553.68,0.26,81.05,mil,CANCELADO,2022-11-19
3794,898,468,1,9102.69,0.14,119.61,7947.92,CANCELADO,2022-05-20
3795,883,733,8,9413.9,0.08,85.2,69371.5,PENDENTE,2023-06-17
3796,180,1269,9,9795.61,0.29,121.0,62714.95,,2024-07-16
3797,333,250,2,5106.45,0.25,120.04,7779.71,PENDENTE,2023-11-25
3798,885,508,8,4972.33,0.28,116.2,28756.82,PAGO,18/08/2022
3799,813,438,3,1730.46,0.18,89.68,4346.61,PAGO,2023-12-08
3800,1139,398,5,9245.9,0.21,12.64,36533.94,PENDENTE,2022-02-21
3801,979,436,2,12755.18,0.28,11.91,18379.37,CANCELADO,2024-04-17
3802,945,476,2,9000.35,0.02,110.07,17750.76,ENVIADO,2023-12-24
3803,547,670,10,8408.13,0.05,48.25,79925.48,PAGO,2023-04-28
3804,71,925,7,11147.39,0.11,47.58,69495.82,PENDENTE,2024-10-14
3805,485,494,3,11406.08,0.09,139.36,31277.96,ENVIADO,2024-05-21
3806,289,952,-1,5403.45,0.07,93.88,30245.13,CANCELADO,2023-06-30
3807,314,1,7,5908.01,0.29,,29455.63,PAGO,2022-05-31
3808,685,856,-1,7350.5,0.03,36.57,-500,CANCELADO,2024-07-05
3809,1280,682,0,8063.02,0.2,67.12,25868.78,ENVIADO,2023-07-09
3810,707,424,10,5002.76,0.16,119.48,42142.66,CANCELADO,2022-03-15
3811,124,525,9,4543.82,0.14,51.06,35220.23,PENDENTE,2024-05-15
3812,869,910,1,14313.41,0.26,41.23,10633.15,PAGO,2025-02-17
3813,1233,588,,3733.2,0.24,55.15,5729.61,PAGO,2023-11-13
3814,250,925,4,547.38,0.08,90.74,2105.1,ENVIADO,2023-07-15
3815,160,626,6,3895.21,0.25,145.26,0,ENVIADO,2022-11-07
3816,668,181,6,3726.82,0.19,16.54,18128.89,PAGO,2022-07-03
3817,353,138,1,7331.77,0.22,24.3,5743.08,PAGO,2024/10/07
3818,786,707,4,9610.84,0.14,117.17,33178.46,ENVIADO,2022-12-05
3819,1250,549,5,6883.81,,64.18,24845.9,PENDENTE,2024-02-19
3820,232,383,9,1490.36,0.03,23.52,13034.36,ENVIADO,2023-11-18
3821,566,257,7,8456.44,0.08,48.1,54507.57,ENVIADO,2022-05-17
3822,299,1151,0,14754.52,0.23,55.9,11416.88,CANCELADO,12-16-2022
3823,764,112,-1,2067.81,0.06,92.89,15642.82,CANCELADO,2024-08-06
3824,525,487,4,4346.41,0.2,43.52,13952.03,PAGO,2024-10-23
3825,261,592,8,7719.84,0.25,60.38,46379.42,CANCELADO,2023-10-25
3826,634,585,6,1816.45,0.08,145.72,10172.52,,2024-11-15
3827,775,415,1,6404.28,0.08,,5918.58,ENVIADO,2025-03-31
3828,800,509,,10499.01,0.17,16.83,mil,CANCELADO,2023/12/13
3829,919,724,3,14535.41,0.18,58.16,35815.27,CANCELADO,2024-03-22
3830,932,1235,1,5344.48,0.25,43.21,4051.57,PENDENTE,11-27-2023
3831,439,590,4,5724.55,0.07,,21310.3,CANCELADO,2024/03/07
3832,193,929,5,9527.72,0.06,96.83,44877.11,ENVIADO,2023-10-24
3833,987,195,10,618.07,0.11,99.27,5600.09,PAGO,2022-11-15
3834,736,48,9,1882.91,0.2,149.79,13706.74,ENVIADO,2024-10-19
3835,573,616,dez,1429.09,0.17,66.41,10741.71,PENDENTE,2023-02-06
3836,1093,329,1,8969.18,,135.84,8566.87,CANCELADO,2023-09-17
3837,611,236,5,5661.51,0.19,94.19,23023.31,PENDENTE,2024-01-23
3838,13,93,6,11563.83,0.2,,0,ENVIADO,2022-10-05
3839,549,983,7,926.91,0.03,42.08,-500,ENVIADO,2024-02-11
3840,94,309,3,5805.18,0.13,51.42,R$500,PAGO,2022-04-20
3841,183,660,7,13405.17,0.19,38.41,76045.72,PENDENTE,2024-02-01
3842,1186,763,4,1371.58,0.15,91.78,4755.15,ENVIADO,2023-02-10
3843,1426,869,0,8209.21,0.18,96.47,33754.23,pago,2024-07-09
3844,811,29,7,14423.45,0.3,28.6,70703.51,CANCELADO,2024-10-23
3845,96,496,3,14937.32,0.15,117.71,38207.88,ENVIADO,2025-02-14
3846,870,979,2,3054.8,0.14,71.13,5325.39,PAGO,2022-11-09
3847,242,707,9,10324.03,,133.18,89332.8,PENDENTE,2023-02-05
3848,618,945,9,7159.4,0.07,138.95,60063.13,,2024-07-02
3849,237,285,5,13645.49,0.28,64.58,49188.34,PENDENTE,2022-07-21
3850,73,972,6,1924.09,0.05,20.36,10987.67,pago,2024-05-21
3851,746,575,9,6188.43,0.01,102.0,55240.91,PENDENTE,2022-12-20
3852,271,590,0,5436.72,0.01,21.2,26932.96,PAGO,2024-09-11
3853,524,102,5,1199.52,0.05,41.2,5738.92,PAGO,2024-06-23
3854,238,776,4,95.83,0.12,107.7,445.02,PAGO,2024-05-11
3855,996,992,6,5049.73,0.2,23.01,24261.71,ENVIADO,2022-07-10
3856,496,934,3,13201.52,0.05,104.54,37728.87,CANCELADO,2022-06-16
3857,812,1167,2,8217.61,0.0,,16491.9,CANCELADO,31/02/2025
3858,780,631,7,10404.51,0.21,92.77,57629.71,PENDENTE,2022-07-26
3859,906,1230,1,14647.59,0.2,83.28,11801.35,PAGO,2024-05-17
3860,444,484,1,10139.18,0.16,70.22,8587.13,CANCELADO,2022-10-26
3861,375,480,10,4497.71,0.02,,44209.34,CANCELADO,2022-07-03
3862,567,657,2,1225.57,0.2,117.62,2078.53,CANCELADO,2024-04-06
3863,464,1099,8,9889.61,0.21,63.29,62565.63,ENVIADO,2025-02-21
3864,670,798,7,8825.41,0.1,,55623.39,CANCELADO,12-13-2023
3865,173,750,5,13270.23,0.28,,47807.21,CANCELADO,2024-08-11
3866,845,53,5,59.17,0.12,107.88,368.23,CANCELADO,2023-02-20
3867,173,122,1,10869.53,0.16,60.35,9190.76,CANCELADO,2025-04-06
3868,373,961,10,7476.54,0.29,43.67,53127.1,,2024-11-23
3869,736,411,,12310.76,0.17,82.28,92043.66,PAGO,2025-04-11
3870,1138,930,4,6790.67,0.18,119.28,,PENDENTE,2025-03-30
3871,942,886,8,60.52,0.17,132.61,534.46,CANCELADO,2023-05-25
3872,1110,978,3,9317.1,0.07,,26024.69,CANCELADO,2023-06-24
3873,25,813,-5,7733.58,0.03,130.77,75146.5,PENDENTE,2022-03-27
3874,765,315,6,393.16,0.26,86.9,1832.53,PAGO,2024-10-07
3875,565,697,5,6256.12,0.13,86.55,27300.67,CANCELADO,2024-04-14
3876,473,96,8,4404.71,0.12,124.09,mil,CANCELADO,2022-02-22
3877,444,685,1,12160.87,0.05,99.15,11651.98,PAGO,2022-02-17
3878,836,410,10,9746.7,,,76091.48,CANCELADO,2022-05-19
3879,941,606,-5,4232.93,0.06,91.92,12028.78,ENVIADO,2022-09-10
3880,504,178,5,11874.1,0.23,137.04,45852.33,PAGO,2023-09-25
3881,146,18,dez,6654.84,0.28,112.41,19278.35,PAGO,2023-06-05
3882,94,102,5,390.55,0.2,118.27,1680.47,Pago,2023-01-28
3883,228,870,10,4393.86,0.14,129.08,R$500,PENDENTE,2023-10-07
3884,1436,834,2,6329.01,0.27,16.94,9257.29,CANCELADO,2024-01-15
3885,1047,939,7,3288.73,0.14,123.94,19922.09,ENVIADO,2023-07-14
3886,324,917,7,6919.52,0.13,63.02,42202.9,PAGO,2024-03-15
3887,783,804,5,13644.91,0.06,52.25,64183.33,CANCELADO,2023-08-11
3888,137,123,5,5998.64,0.0,49.77,30042.97,PENDENTE,2024-05-15
3889,782,300,7,8727.22,0.1,103.26,55084.75,Pagoo,2025-01-08
3890,262,94,1,8153.0,0.15,15.02,6945.07,PAGO,2023-03-06
3891,282,39,3,10884.62,0.18,51.77,26827.94,pago,2022-07-24
3892,776,715,2,5410.95,0.27,59.95,7959.94,PAGO,2024-06-06
3893,331,932,-1,5698.6,0.01,86.42,22652.88,PENDENTE,2024/03/23
3894,274,999,10,1834.34,0.17,125.25,15350.27,CANCELADO,2024-04-16
3895,974,183,7,1750.27,0.15,,10491.06,CANCELADO,2025-04-11
3896,950,473,4,1338.34,0.2,31.25,4313.94,ENVIADO,2024-02-17
3897,132,849,10,1686.66,0.06,107.23,15961.83,PAGO,2022-06-07
3898,299,430,2,10439.35,0.0,110.61,20989.31,PAGO,2022-02-27
3899,529,112,4,12757.79,0.06,42.98,48012.27,PAGO,2022-01-07
3900,359,396,6,8038.7,0.1,55.91,43464.89,PENDENTE,2023-02-11
3901,697,349,9,7307.53,0.0,57.33,65825.1,CANCELADO,2024-03-02
3902,255,397,7,6069.35,0.06,137.79,40074.11,ENVIADO,2023-11-16
3903,24,121,2,2740.11,0.09,128.68,5115.68,PENDENTE,2024-11-14
3904,791,153,9,13305.56,0.04,59.17,115019.21,CANCELADO,2023-09-17
3905,937,20,7,4223.1,0.02,43.56,29014.03,PENDENTE,2023-04-20
3906,794,46,7,8203.59,0.09,116.08,52372.95,PENDENTE,2024-05-14
3907,721,152,4,9310.39,0.18,91.94,30630.02,ENVIADO,2022-01-31
3908,680,125,9,6182.61,0.27,63.98,40683.73,ENVIADO,2023-08-27
3909,932,292,9,12516.48,0.27,74.48,82307.75,PAGO,2023-04-11
3910,318,696,8,7071.47,0.17,26.71,46981.27,PAGO,2025-02-13
3911,204,91,10,11791.77,0.03,100.89,114481.06,ENVIADO,2022-08-29
3912,520,867,1,3984.2,0.1,140.92,3726.7,ENVIADO,2023-09-19
3913,654,934,5,12165.74,0.28,144.11,43940.77,CANCELADO,07-28-2024
3914,1403,885,8,11459.7,,32.83,73374.91,CANCELADO,2024-11-19
3915,247,997,10,9451.89,0.13,148.08,82379.52,CANCELADO,2024-02-06
3916,33,375,6,7606.24,0.14,42.62,39290.82,CANCELADO,2024-01-04
3917,174,615,3,9178.61,0.14,14.66,23695.47,PENDENTE,2022-11-20
3918,330,302,9,10882.08,0.14,34.89,84262.19,ENVIADO,2023-05-04
3919,375,693,0,6850.12,0.25,69.98,20620.34,CANCELADO,2024-09-03
3920,194,136,10,13260.52,0.19,26.72,107436.93,ENVIADO,2023-02-25
3921,837,504,1,3566.75,0.0,67.93,3634.68,PAGO,2024-07-23
3922,515,265,1,5018.48,0.29,19.34,3582.46,PAGO,2024-07-02
3923,1192,908,7,888.1,0.07,51.18,5832.71,CANCELADO,2022-07-01
3924,604,603,5,10079.46,,72.29,39886.16,CANCELADO,2022-04-14
3925,709,485,2,9609.23,0.2,42.02,15416.79,CANCELADO,2022-03-03
3926,971,1118,9,12120.02,0.22,17.54,85100.08,PENDENTE,31/02/2025
3927,653,636,6,9540.43,0.25,27.27,42959.2,Cancelado,2025-02-01
3928,30,704,8,11775.16,,130.27,68897.2,ENVIADO,2022-01-21
3929,952,352,1,10678.79,0.09,59.67,9777.37,CANCELADO,2022-03-25
3930,21,280,4,13685.28,0.3,134.32,38453.1,CANCELADO,2022-11-17
3931,667,727,2,1019.49,0.28,21.05,1489.12,CANCELADO,2025-01-09
3932,336,969,3,7086.39,0.16,,17986.64,CANCELADO,2023-10-28
3933,523,645,5,6597.36,0.29,129.29,23549.92,PENDENTE,2023-06-02
3934,839,824,10,3839.92,0.07,74.81,35786.07,PENDENTE,31/02/2025
3935,1346,900,5,9841.24,0.25,138.89,-500,PAGO,2022-03-06
3936,804,922,0,10683.44,,107.31,mil,CANCELADO,2023-06-07
3937,899,236,3,5249.73,0.14,22.51,13566.81,PAGO ,2024-01-12
3938,696,1175,3,6042.12,0.27,83.55,13315.79,PAGO,2022-01-15
3939,525,556,9,9798.12,0.28,99.9,63591.72,CANCELADO,2024-05-29
3940,988,743,0,1191.18,0.23,88.92,3757.75,PAGO,2022-03-25
3941,981,483,8,3721.11,0.03,121.03,28996.84,PENDENTE,2023-03-03
3942,557,322,2,10425.51,0.1,19.52,18785.44,PENDENTE,2023-04-11
3943,792,638,9,8055.48,0.02,83.47,71132.8,PAGO,2023-10-26
3944,786,592,-1,13382.53,0.16,98.7,67546.65,ENVIADO,2024-09-06
3945,135,861,6,13323.87,0.18,63.49,65616.93,ENVIADO,2022-09-18
3946,30,370,8,1769.28,0.05,66.43,13512.96,PENDENTE,2024-09-05
3947,174,537,10,13040.15,0.2,47.18,104368.38,ENVIADO,2024-11-02
3948,340,1040,9,14575.39,0.18,132.28,107698.66,CANCELADO,2022-09-17
3949,620,334,4,4508.75,0.21,119.05,14366.7,CANCELADO,2023-08-20
3950,99,415,4,1394.18,0.22,110.27,4460.11,PAGO,2023-06-11
3951,1412,452,5,11971.69,0.04,114.8,57578.91,CANCELADO,2024-05-07
3952,7,771,3,10871.77,0.2,23.55,0,PENDENTE,2022-02-06
3953,575,964,8,13071.37,0.04,63.09,100451.21,ENVIADO,2022-05-08
3954,333,732,1,691.21,0.11,87.76,702.94,PENDENTE,2022-08-15
3955,67,737,10,14326.15,0.1,66.81,129002.16,ENVIADO,2022-10-15
3956,70,1113,7,3844.01,0.2,54.09,21580.55,CANCELADO,2025-02-09
3957,234,19,1,4569.45,0.29,43.85,3288.16,PENDENTE,2022-01-16
3958,807,1473,2,14035.64,0.15,,23923.77,PAGO,2025-03-18
3959,520,878,2,11898.61,0.03,95.73,23179.03,CANCELADO,01/01/2024
3960,567,74,9,7204.12,0.11,17.97,57722.97,pago,2024-03-03
3961,1418,966,0,14459.73,0.2,28.26,104138.32,PENDENTE,2025-01-23
3962,18,47,7,602.99,0.07,32.36,3957.82,ENVIADO,2024-01-23
3963,760,762,5,9658.77,0.01,92.64,47903.55,PENDENTE,2024-10-11
3964,599,307,2,2916.02,0.07,13.26,5437.06,CANCELADO,2023-10-26
3965,887,1047,5,12142.41,0.05,57.76,57734.21,ENVIADO,2022-08-11
3966,753,195,-1,181.64,0.13,123.0,755.11,ENVIADO,2024-08-19
3967,636,56,9,2722.54,0.29,142.34,17539.37,,99/99/9999
3968,563,1335,1,7620.43,0.18,39.86,6288.61,ENVIADO,2022-02-13
3969,880,777,9,2315.71,0.17,102.0,17400.35,ENVIADO,2023-01-03
3970,255,905,6,7592.22,0.17,60.73,37869.99,Pagoo,2025-02-13
3971,53,183,5,4269.94,0.08,32.19,19673.91,PAGO,2025-04-10
3972,792,484,1,13213.04,0.17,123.05,11089.87,PAGO,2022-07-05
3973,397,554,10,8260.28,0.25,39.0,61991.1,ENVIADO,2024-05-03
3974,738,971,2,4111.84,0.23,126.89,6459.12,PENDENTE,2022-12-19
3975,1472,224,5,5181.85,0.13,80.95,22622.0,CANCELADO,2023-09-19
3976,399,383,9,10018.05,,,64935.17,CANCELADO,2022-01-30
3977,171,1472,4,12397.34,0.1,127.44,44757.86,CANCELADO,2022-02-16
3978,309,296,4,6534.92,0.24,47.99,19914.15,Pago,2024-10-12
3979,451,766,6,6629.01,0.16,28.2,33438.41,ENVIADO,2023-04-25
3980,1240,227,7,5340.59,0.18,130.48,30785.47,ENVIADO,2024/07/23
3981,346,809,1,1670.8,0.29,125.05,1311.32,ENVIADO,2022-10-02
3982,499,717,5,9343.49,0.13,41.37,40685.55,PAGO,2022-09-08
3983,534,865,,14508.79,0.05,39.06,82739.16,CANCELADO,2024-05-07
3984,33,381,5,2034.1,0.22,22.28,7955.27,Cancelado,2024-11-09
3985,290,1258,8,12161.6,0.13,45.86,84690.6,PAGO,2023-02-01
3986,605,278,9,2559.61,0.16,116.99,19467.64,PAGO,2024-12-25
3987,826,542,7,9559.15,0.23,54.43,51578.25,ENVIADO,2023-01-14
3988,963,691,0,8940.05,0.06,132.62,67361.8,PENDENTE,2022-08-09
3989,277,960,3,12464.65,0.13,92.48,-500,ENVIADO,2022-06-21
3990,277,200,3,3668.33,0.17,133.47,9267.61,CANCELADO,2022-03-18
3991,290,154,2,12084.0,0.29,119.58,17278.86,,2024-04-11
3992,936,676,7,10313.45,0.17,125.17,60046.31,Cancelado,2024-10-08
3993,612,43,,7313.75,0.2,84.7,58594.7,PAGO,2022-01-27
3994,776,194,7,13192.21,0.08,80.99,85038.82,ENVIADO,2023-08-09
3995,949,330,7,10372.63,0.06,111.31,68363.22,CANCELADO,2024-10-22
3996,863,858,-1,11285.41,0.27,90.94,8329.29,PENDENTE,2024-07-16
3997,97,992,0,12970.45,0.26,49.8,48040.47,CANCELADO,2022-11-18
3998,888,304,1,11741.13,0.24,66.43,8989.69,PAGO,2022-12-27
3999,13,497,dez,1306.38,0.26,121.55,0,pago,2022-06-22
4000,866,747,4,6970.05,0.26,12.36,20643.71,CANCELADO,2023-10-31
4001,1353,643,10,2849.09,0.23,131.28,22069.27,PAGO,31/02/2025
4002,1063,104,1,7686.34,0.1,123.31,mil,PAGO,2024-11-08
4003,175,295,-1,3380.75,0.21,33.11,5374.69,PAGO,2023-03-22
4004,653,699,3,13896.71,0.16,,35159.41,CANCELADO,2022-06-23
4005,96,54,,9003.71,0.25,57.52,13563.08,PAGO,2023-08-24
4006,886,253,6,12613.15,0.21,96.66,59882.99,ENVIADO,2024-04-12
4007,681,109,10,12229.08,0.22,127.37,95514.19,PAGO,2022-06-10
4008,113,967,1,14086.9,0.29,104.4,R$500,PAGO,2022-02-22
4009,193,648,3,10588.94,0.06,117.34,29978.15,PENDENTE,2022-04-16
4010,653,323,7,5274.57,0.21,75.0,29243.37,CANCELADO,2023-07-10
4011,100,234,1,5235.37,0.17,28.28,4373.64,ENVIADO,99/99/9999
4012,436,888,9,7653.37,0.29,127.58,49032.61,PENDENTE,2025-01-17
4013,296,47,5,229.6,0.12,22.93,1033.17,PENDENTE,2022-12-06
4014,554,269,9,1743.07,0.23,67.05,12146.53,ENVIADO,2022-03-14
4015,761,445,5,9196.36,0.14,23.45,39567.8,CANCELADO,2023-04-07
4016,305,838,4,333.34,0.19,68.45,1148.47,PAGO,2024-10-27
4017,157,45,,6013.44,0.1,83.3,32555.88,PAGO,2025-04-10
4018,765,264,4,11648.36,0.23,142.03,36018.98,PENDENTE,2022-02-05
4019,287,1051,6,4070.23,0.18,35.56,20061.09,CANCELADO,2023-07-07
4020,189,860,9,3564.14,0.19,90.26,26072.84,ENVIADO,2023/03/26
4021,630,879,6,12357.2,0.1,89.46,66818.34,PENDENTE,2025-01-23
4022,173,519,2,220.66,0.22,57.1,401.33,CANCELADO,2024-02-20
4023,108,985,2,6522.31,0.27,,9584.26,CANCELADO,2023-01-31
4024,595,874,1,1201.02,0.12,51.34,1108.24,PAGO,2023-06-26
4025,1000,746,8,14963.13,0.1,143.7,107878.24,ENVIADO,2023-06-21
4026,673,403,2,12114.2,0.27,,17825.58,ENVIADO,2024-01-03
4027,402,118,8,1754.66,0.02,89.85,13846.38,ENVIADO,2022-11-13
4028,291,206,7,9017.05,0.05,137.2,60100.58,CANCELADO,2022-05-22
4029,221,229,4,6232.35,0.28,,17975.38,CANCELADO,2022-03-16
4030,954,561,2,6434.5,0.22,102.85,10140.67,PAGO,2024-11-13
4031,392,309,9,11830.67,0.15,10.87,90515.5,Cancelado,2024-02-09
4032,208,678,3,13223.49,0.04,119.21,38202.86,ENVIADO,2023-11-21
4033,429,1251,4,14999.97,0.02,137.81,58937.69,PENDENTE,2024-04-26
4034,457,423,2,14139.62,0.14,70.55,24390.7,PENDENTE,2024-03-19
4035,731,676,3,12268.96,0.08,138.09,34000.42,ENVIADO,2024-05-31
4036,1297,931,3,6351.84,0.09,83.54,17424.06,PENDENTE,2023-02-22
4037,780,18,8,14923.54,0.07,43.46,111074.6,PAGO,2024-12-27
4038,89,614,9,3004.79,0.2,18.05,21652.54,PAGO,05-11-2022
4039,14,967,9,12474.01,0.18,132.46,92190.65,CANCELADO,2022-07-20
4040,77,406,7,9546.2,0.3,23.68,46800.06,PAGO,2023-08-19
4041,806,21,9,8437.35,0.0,128.31,76064.46,CANCELADO,2022-04-20
4042,782,605,4,7535.4,0.02,40.17,29578.94,CANCELADO,2023-07-05
4043,939,555,10,368.64,0.26,71.27,2799.21,PAGO ,2023-12-24
4044,456,656,9,2573.09,0.09,112.68,21186.29,ENVIADO,2025-04-13
4045,901,92,8,3650.41,0.23,37.81,22524.34,PAGO,2022-05-03
4046,338,693,1,12625.38,0.07,38.6,11780.2,CANCELADO,2023-02-03
4047,982,458,2,11620.7,0.05,134.53,,ENVIADO,2022-09-30
4048,680,524,8,517.78,0.29,61.81,3002.8,PAGO,99/99/9999
4049,395,42,9,8619.1,0.14,46.94,66758.77,PAGO,2024-04-12
4050,116,1348,6,13182.63,0.19,69.6,-500,PENDENTE,31/02/2025
4051,1045,164,7,7566.07,,149.77,46227.14,PENDENTE,2022-03-31
4052,520,737,10,5164.46,0.16,11.24,43392.7,PENDENTE,2025-04-12
4053,833,67,5,11849.24,0.19,79.38,48068.8,ENVIADO,2024-05-27
4054,409,544,3,9243.81,0.02,13.69,27190.49,CANCELADO,2023-04-21
4055,1137,18,9,7782.84,0.05,104.13,66647.41,ENVIADO,2023-06-05
4056,49,596,5,3516.43,0.16,58.77,14827.78,PENDENTE,2022-01-14
4057,534,779,7,12340.46,0.27,14.01,63073.76,CANCELADO,2024-02-09
4058,781,978,,11756.79,0.29,130.64,58561.89,CANCELADO,2023-02-08
4059,222,802,9,9687.34,0.0,112.36,87298.42,ENVIADO,2024-10-11
4060,264,800,8,9785.82,0.24,87.57,59585.36,PENDENTE,2023-06-21
4061,294,560,1,8385.31,,90.05,7804.54,ENVIADO,2023-06-11
4062,1054,563,5,12687.19,0.12,112.65,55936.29,PAGO,2022-03-03
4063,422,199,3,6185.23,0.05,48.72,17676.63,ENVIADO,2025-01-16
4064,346,868,4,5041.54,0.17,68.67,0,PENDENTE,2023-07-22
4065,440,85,6,13200.43,0.14,90.92,68205.14,,2024-04-21
4066,708,163,8,11134.36,0.28,120.54,0,,05-07-2024
4067,203,232,10,7653.69,0.08,109.13,70523.08,CANCELADO,2025-01-11
4068,736,101,2,6401.68,0.1,64.68,11587.7,ENVIADO,2024-06-23
4069,123,394,4,1762.19,0.09,145.97,6560.34,PAGO,2022-07-11
4070,588,68,10,2487.78,0.07,110.09,0,,2023-04-06
4071,569,920,,11202.6,0.14,98.78,86806.9,PAGO,2023-09-06
4072,372,644,5,13855.41,0.05,79.35,65892.55,PAGO,2023-10-01
4073,661,218,10,12389.35,0.2,124.29,99239.09,ENVIADO,2023-09-13
4074,533,99,10,9541.61,0.09,88.68,86917.33,PAGO,2025-03-16
4075,96,324,8,14840.66,0.15,124.4,101040.89,PAGO,2023-10-04
4076,907,523,8,429.92,0.04,16.67,3318.46,PENDENTE,2022-11-07
4077,158,259,5,3299.08,0.12,31.46,mil,ENVIADO,10-11-2024
4078,451,995,1,6608.89,0.02,17.15,6493.86,PENDENTE,2024-11-05
4079,975,744,3,14750.42,0.23,73.44,34146.91,CANCELADO,2024-04-06
4080,705,65,8,12632.18,0.16,80.17,84968.42,ENVIADO,2022-10-12
4081,211,478,9,4024.49,0.15,74.81,30862.16,PAGO,2022-02-08
4082,499,724,2,11836.82,,16.24,18244.94,PAGO,2025-01-14
4083,961,1405,2,13895.15,0.09,128.54,25417.71,PENDENTE,2024-07-02
4084,1048,142,4,1677.73,0.26,48.51,R$500,PENDENTE,2022-09-21
4085,603,167,4,5828.1,0.02,23.15,22869.3,PENDENTE,2024-10-22
4086,135,515,2,1234.33,0.01,26.75,2470.72,PENDENTE,2024-05-27
4087,931,908,5,6710.36,0.28,130.63,24287.93,PENDENTE,2023-03-13
4088,808,504,3,2981.36,0.04,82.63,8668.95,ENVIADO,2022-04-12
4089,327,293,5,422.71,0.28,106.49,1628.25,PAGO,09-03-2024
4090,743,657,5,8766.38,0.28,48.84,31607.81,CANCELADO,2023-02-22
4091,938,11,1,4153.8,0.23,53.88,3252.31,PENDENTE,2022-12-07
4092,870,932,10,13111.1,0.06,30.61,123274.95,CANCELADO,2022-05-30
4093,1050,653,4,6256.76,0.05,132.53,23908.22,PAGO,2022-10-03
4094,934,18,dez,13843.16,,81.06,110964.77,CANCELADO,2025-02-09
4095,854,512,9,12159.01,0.13,41.17,R$500,PENDENTE,2022-08-17
4096,24,302,5,11656.42,0.18,148.12,47939.44,ENVIADO,2022-05-05
4097,1186,1395,3,6930.29,0.0,63.93,20854.8,PENDENTE,2024-06-21
4098,908,99,8,7254.25,0.22,10.85,45277.37,PAGO,2024-01-13
4099,298,331,2,6327.47,0.06,44.16,11939.8,PAGO,2024-07-21
4100,108,871,9,8231.95,0.17,29.22,61521.89,ENVIADO,2023-01-19
4101,703,199,1,10309.04,0.1,139.45,9417.59,PENDENTE,99/99/9999
4102,1334,955,3,2478.19,0.12,66.26,6608.68,CANCELADO,2022-06-18
4103,30,186,9,10527.78,0.21,34.86,mil,PENDENTE,19/02/2025
4104,355,110,3,2562.99,0.13,99.93,6789.33,PENDENTE,2024-05-18
4105,426,544,2,1929.12,0.01,106.69,-500,PENDENTE,2022-02-03
4106,538,539,9,9868.17,0.28,20.7,63966.44,CANCELADO,2022-09-19
4107,98,62,2,495.42,,48.19,801.23,,2024-08-03
4108,517,29,9,12056.41,,21.66,87912.89,PENDENTE,05/12/2023
4109,117,1000,3,13582.52,,117.11,35160.01,PENDENTE,99/99/9999
4110,604,97,-5,9085.12,0.07,137.56,42383.37,PAGO,2024-10-10
4111,420,66,1,8499.0,0.17,121.13,7175.3,ENVIADO,2023-01-14
4112,889,485,10,14708.64,0.22,59.55,114786.94,PAGO,2024-09-18
4113,365,1323,7,2887.87,0.19,140.21,16514.43,PAGO,2025-01-21
4114,462,487,2,7074.05,0.01,128.11,14134.73,Cancelado,2024-03-09
4115,35,292,3,11676.25,0.01,12.94,34691.4,,2024-08-14
4116,10,739,8,13967.27,0.2,88.58,,CANCELADO,2022-05-05
4117,305,989,9,1509.85,0.09,52.79,12418.46,CANCELADO,2022-07-16
4118,714,535,2,10724.38,0.07,133.22,20080.57,PENDENTE,2025-03-21
4119,872,633,3,6943.02,0.14,104.92,18017.91,PAGO,2022-04-30
4120,107,120,,12333.78,0.3,119.77,34654.35,PENDENTE,2025-03-16
4121,60,589,0,13841.26,,76.07,11979.55,CANCELADO,2022-02-23
4122,789,279,7,10577.73,0.2,10.52,59245.81,CANCELADO,2022-11-17
4123,1338,1453,10,6838.08,0.14,88.22,R$500,PAGO,2024-10-12
4124,140,1462,8,8559.86,0.13,42.07,59618.7,CANCELADO,2022-09-12
4125,540,1105,5,6732.59,0.08,62.18,31032.09,CANCELADO,2024-09-27
4126,353,935,7,5385.29,0.07,76.28,R$500,ENVIADO,2025-01-06
4127,57,84,3,535.72,0.22,120.42,1374.0,ENVIADO,2024-08-24
4128,730,831,8,4709.29,0.14,112.2,32512.12,ENVIADO,2023-05-17
4129,961,808,9,6735.4,0.22,109.13,47391.64,PAGO,2024-10-07
4130,81,234,6,12689.35,0.02,96.63,74710.01,PAGO,2024-12-12
4131,908,817,4,12055.87,0.25,146.87,36314.48,CANCELADO,2025-01-12
4132,201,625,2,12045.74,0.14,84.98,,CANCELADO,2023-03-01
4133,188,908,dez,7838.58,0.21,129.12,55861.42,PENDENTE,2023-10-04
4134,2,863,dez,12425.53,0.15,85.46,42332.26,CANCELADO,2023-04-23
4135,109,126,3,14463.82,0.24,91.92,33069.43,PENDENTE,2023-09-28
4136,507,486,7,673.57,0.07,13.12,4398.06,ENVIADO,2022-08-06
4137,143,791,7,5047.35,0.05,73.84,33638.72,CANCELADO,2025-01-14
4138,291,189,10,1276.45,0.02,125.58,12634.79,PAGO,2022-11-28
4139,566,747,8,6500.15,0.27,20.47,37981.35,PAGO,2022-06-20
4140,388,539,4,12044.08,0.26,134.09,35784.57,ENVIADO,2022-06-22
4141,659,79,4,14201.77,0.01,99.85,56338.86,ENVIADO,2025-02-21
4142,488,493,5,4459.7,0.06,144.05,21104.64,ENVIADO,2025-01-11
4143,162,468,7,656.33,0.02,112.35,4614.77,CANCELADO,2023-07-11
4144,662,969,9,2838.61,0.11,141.61,22878.88,CANCELADO,2023-07-10
4145,481,973,0,2495.03,0.01,42.47,4982.63,ENVIADO,2024-06-15
4146,494,991,6,2986.58,0.28,89.5,12991.53,CANCELADO,2022-08-28
4147,664,776,5,7700.76,0.08,125.64,35549.14,ENVIADO,14/07/2024
4148,433,1390,7,9037.26,0.16,47.14,53186.23,PAGO,2025-02-25
4149,575,131,3,5911.67,0.12,52.94,15659.75,ENVIADO,2023-12-13
4150,841,317,1,10481.25,0.0,73.6,10554.85,ENVIADO,2024/09/21
4151,246,199,9,7433.53,0.28,102.66,48271.93,PAGO,2025-02-07
4152,285,913,1,849.17,0.15,41.28,763.07,ENVIADO,2022-03-26
4153,647,871,4,4805.51,0.14,29.4,16560.35,ENVIADO,2022-11-02
4154,254,658,4,3304.94,0.22,32.2,10343.61,ENVIADO,2022-07-25
4155,911,947,6,7924.5,0.09,48.09,43315.86,PAGO,2025-03-22
4156,960,147,5,10978.89,0.26,29.92,40651.81,PENDENTE,2024-11-16
4157,234,153,1,11416.57,0.07,78.61,10696.02,ENVIADO,2024-12-28
4158,85,283,6,5167.52,0.23,93.17,23967.11,PENDENTE,2024-05-27
4159,168,812,4,3078.89,0.24,84.62,9444.45,ENVIADO,2025-01-13
4160,238,993,10,2954.54,0.27,25.0,21593.14,ENVIADO,2024-06-29
4161,860,454,1,5328.0,0.03,131.46,5299.62,CANCELADO,2024-03-20
4162,648,670,6,5064.76,0.04,56.93,29229.95,pago,2024-06-22
4163,1500,143,1,14023.39,0.19,27.93,11386.88,PAGO,2024-03-23
4164,1247,1319,9,10441.85,0.19,68.97,76190.06,ENVIADO,2023-10-03
4165,575,970,2,8650.98,0.19,116.57,,PENDENTE,99/99/9999
4166,251,150,8,5549.15,0.04,110.66,42728.13,PAGO,2023-05-12
4167,775,14,7,12556.6,0.23,38.22,67718.29,ENVIADO,2024-02-18
4168,699,783,2,14712.42,0.1,149.25,26631.61,PENDENTE,2023-01-28
4169,1008,1234,-1,7096.57,,,67509.27,CANCELADO,2023-01-24
4170,83,207,5,9302.08,0.07,133.34,43388.01,PENDENTE,2022-01-17
4171,900,754,5,2436.18,,124.59,9138.46,PENDENTE,2025-02-18
4172,971,1496,9,2587.84,0.04,114.57,22473.51,ENVIADO,2024-11-20
4173,1225,693,1,4236.99,0.2,31.62,3421.21,PENDENTE,2022-07-30
4174,52,618,5,5024.43,0.02,111.82,24731.53,PENDENTE,31/02/2025
4175,795,711,3,9662.3,0.1,77.46,26165.67,CANCELADO,2023-09-25
4176,943,266,9,3347.68,0.15,139.16,25748.91,Pago,2024-03-26
4177,732,1249,8,14192.71,0.24,109.6,86401.28,CANCELADO,2024-12-22
4178,214,615,2,6669.89,0.01,125.13,,PENDENTE,2023-03-04
4179,238,694,6,7956.06,0.04,48.3,45875.21,PAGO,2022-09-07
4180,282,976,3,2900.7,0.0,63.34,8765.44,PENDENTE,2024-01-02
4181,498,265,4,4540.87,0.04,85.8,17522.74,PENDENTE,2022-07-25
4182,422,268,7,6490.47,0.16,117.19,38281.15,PAGO,2024-07-01
4183,435,680,7,1735.68,0.08,143.94,11321.72,CANCELADO,2024-05-26
4184,942,444,6,8978.51,0.27,145.74,39471.61,CANCELADO,2025-01-20
4185,732,298,6,7027.84,0.07,51.29,0,PENDENTE,31/02/2025
4186,133,692,5,2609.48,0.23,142.79,10189.29,PAGO ,2024-08-31
4187,815,507,8,8593.59,0.06,16.11,64639.91,ENVIADO,2024-08-07
4188,19,740,1,9558.39,0.04,22.45,9198.5,CANCELADO,2022-01-21
4189,440,854,3,7293.26,0.17,17.11,18177.33,ENVIADO,2023-07-09
4190,444,144,10,11936.09,0.29,103.13,84849.37,CANCELADO,2024-09-02
4191,495,39,5,2480.98,0.2,120.04,10043.96,PAGO,2022-01-13
4192,350,278,6,858.99,0.19,38.72,4213.41,CANCELADO,2023-09-01
4193,970,199,0,6463.9,,31.64,18389.12,ENVIADO,2024-05-08
4194,1366,248,2,6526.84,0.18,,10775.93,PENDENTE,2022-05-13
4195,1334,588,4,14687.62,0.08,109.35,,ENVIADO,2022-12-21
4196,333,345,6,6693.0,0.09,118.98,36662.76,PAGO,2024-06-07
4197,238,426,dez,3999.35,0.17,22.33,13300.17,PENDENTE,2024-02-13
4198,331,813,3,8020.69,0.08,40.74,22177.84,CANCELADO,2024-05-01
4199,810,337,3,9540.04,0.12,,25211.59,CANCELADO,2025-03-15
4200,670,711,10,14672.44,0.01,12.3,145269.46,ENVIADO,2024-12-23
4201,1244,1210,5,13695.52,0.18,,56259.64,PAGO,2022-02-08
4202,116,696,10,11178.43,0.19,138.55,90683.83,PAGO,2022-06-18
4203,408,72,3,4669.83,0.12,56.51,12384.86,PAGO,2022-12-25
4204,112,806,5,2702.1,0.05,83.62,12918.59,PAGO,2023-07-16
4205,553,23,5,4013.32,0.11,137.14,17996.41,PENDENTE,2022-07-11
4206,274,128,2,2026.45,0.29,95.41,2972.97,ENVIADO,2022-12-11
4207,876,787,4,1380.38,0.07,106.3,,PENDENTE,2022-08-11
4208,679,242,-1,14325.98,0.05,33.26,122520.39,ENVIADO,2025-04-06
4209,646,747,1,3878.62,0.19,97.65,3239.33,PENDENTE,2022-02-05
4210,37,322,4,8746.53,0.26,53.39,25943.12,PENDENTE,2025-01-02
4211,535,943,9,4069.82,0.02,71.35,35967.16,PAGO,2022-01-13
4212,54,854,2,8006.61,0.26,18.52,11868.3,CANCELADO,31/02/2025
4213,177,863,9,13965.93,0.03,68.17,121990.74,CANCELADO,2022-03-07
4214,154,76,9,14031.32,0.17,148.32,R$500,PAGO,2022-04-13
4215,446,700,8,1257.51,0.02,28.87,9887.75,PAGO,2024-05-26
4216,76,553,7,8865.78,0.03,49.06,60247.71,PAGO,2023-08-28
4217,282,621,3,2368.47,0.17,67.78,5965.27,CANCELADO,06/08/2024
4218,96,851,1,12704.28,0.05,140.27,12209.34,ENVIADO,2022-08-25
4219,976,340,8,2493.66,0.01,47.15,mil,PENDENTE,2024-09-04
4220,497,175,6,12553.73,0.24,13.98,57258.99,Pago,2022-03-04
4221,995,619,2,2636.45,0.26,83.79,3985.74,PENDENTE,2023-10-31
4222,27,1352,8,13019.27,0.03,135.12,101164.66,CANCELADO,2024-02-11
4223,674,310,6,3762.99,0.22,130.65,17741.44,PAGO,2023-01-26
4224,239,401,4,6993.97,0.26,146.27,20848.42,PAGO,2024-07-21
4225,1355,554,4,3229.09,0.13,35.91,11273.14,CANCELADO,31/03/2023
4226,957,140,7,12994.96,0.29,95.27,64680.22,PAGO,2022-12-27
4227,359,135,10,1483.63,,38.38,13094.32,CANCELADO,2025-02-03
4228,839,959,7,7904.71,0.26,139.58,41085.98,PENDENTE,07-16-2023
4229,193,34,9,11024.48,0.27,110.94,72541.77,CANCELADO,2022-03-16
4230,153,859,,8582.33,0.03,102.81,33402.25,CANCELADO,2022-07-19
4231,950,522,4,2124.5,0.17,,7177.89,CANCELADO,31/02/2025
4232,592,884,10,3364.46,0.09,74.01,30690.6,PENDENTE,2022-01-05
4233,473,1300,2,14023.8,0.22,77.99,21955.12,PAGO,2024-04-08
4234,667,260,7,4373.01,0.16,142.94,25856.24,PENDENTE,2022-07-18
4235,892,221,6,4339.2,0.18,53.89,21402.75,PENDENTE,2025-01-03
4236,764,383,7,1184.96,,35.99,7252.4,CANCELADO,2024-03-01
4237,688,453,0,522.51,0.04,123.86,2631.91,ENVIADO,2022-02-15
4238,261,571,2,4793.87,0.21,32.36,7606.67,PENDENTE,2024-05-21
4239,847,245,3,551.92,0.02,131.87,1754.51,ENVIADO,2025-02-27
4240,888,82,2,11843.87,0.06,76.48,22342.96,ENVIADO,2024-06-02
4241,609,449,9,1027.26,0.05,63.15,8846.22,PAGO,2022-04-22
4242,955,166,2,14978.74,0.04,20.25,28779.43,PAGO,2024-04-05
4243,470,225,2,11936.31,0.14,126.42,20656.87,ENVIADO,2024-10-21
4244,10,332,5,8137.49,0.28,101.05,29396.01,PAGO,2023-07-08
4245,694,872,9,6854.35,0.03,108.16,59946.64,ENVIADO,2025-02-10
4246,996,747,3,10317.25,0.18,42.72,25423.16,ENVIADO,2023-06-29
4247,1004,70,-1,13646.76,0.04,122.84,26324.62,CANCELADO,2023-01-27
4248,817,574,4,14648.58,0.13,97.71,51074.77,ENVIADO,2024-07-10
4249,29,90,5,13867.78,,57.64,52061.82,ENVIADO,2024-04-11
4250,744,497,-5,6551.2,0.14,109.92,39548.14,Pago,2024-03-31
4251,934,798,1,10868.43,0.18,130.5,9042.61,PAGO,2022-06-05
4252,815,533,1,6045.74,,133.77,6058.6,PENDENTE,2022-10-29
4253,233,487,6,344.53,0.3,127.47,1574.5,ENVIADO,2023-01-09
4254,57,385,9,3085.57,0.14,57.02,23939.33,PAGO,2024-08-22
4255,67,45,6,5666.7,0.01,13.13,33673.33,PAGO,2025-01-04
4256,280,857,-5,4754.6,0.26,145.81,7182.62,PENDENTE,2025-03-18
4257,312,1145,2,8560.15,0.09,128.73,15708.2,PAGO,05-22-2024
4258,726,142,3,6416.71,0.29,56.33,13723.92,PAGO,2024-08-07
4259,674,67,5,7852.84,0.22,85.21,30711.29,PENDENTE,2022-08-27
4260,869,597,4,12276.71,0.11,75.01,43780.1,CANCELADO,2023-07-01
4261,486,823,2,8091.41,0.17,102.32,13534.06,PENDENTE,2023-10-13
4262,336,650,8,1532.93,0.06,14.42,11542.05,CANCELADO,2023-04-15
4263,220,644,3,10798.59,0.09,33.04,29513.19,PAGO,2022-01-08
4264,528,562,-5,11934.34,0.02,126.75,mil,CANCELADO,2022-11-06
4265,950,708,8,10065.89,0.03,48.21,78159.52,PAGO,2022-02-21
4266,259,951,10,10407.64,0.05,13.88,98886.46,CANCELADO,2022-07-12
4267,498,149,9,1628.18,0.04,,14106.72,CANCELADO,2023-07-03
4268,352,774,10,10563.7,0.22,117.7,82514.56,ENVIADO,2022-03-19
4269,355,421,3,7866.31,0.09,130.7,21605.73,PAGO,99/99/9999
4270,992,421,3,9230.99,0.07,111.36,25865.82,PAGO,2023-02-21
4271,1215,651,10,10296.5,,31.02,98877.42,CANCELADO,2024-07-04
4272,371,371,6,5798.31,0.3,36.38,24389.28,CANCELADO,2024-07-24
4273,384,1161,1,8701.74,0.04,111.7,8465.37,PENDENTE,2024-03-09
4274,860,416,3,10921.68,0.1,23.61,29512.15,pago,2023-07-20
4275,948,492,7,9974.46,0.22,87.52,54548.07,,05-16-2022
4276,919,577,10,11011.23,0.15,,93630.09,PENDENTE,2023-08-03
4277,95,450,2,9966.54,0.02,101.39,,CANCELADO,2023-07-30
4278,500,292,8,5635.64,0.13,66.31,39290.36,PENDENTE,2024-02-09
4279,668,702,4,3791.7,0.2,145.97,12279.41,Cancelado,2023-08-31
4280,233,852,1,5192.04,0.02,111.4,5199.6,CANCELADO,2024-04-12
4281,864,253,10,3730.79,0.02,123.03,36684.77,PENDENTE,2024-05-28
4282,248,116,8,11907.81,0.28,119.98,68708.97,PENDENTE,99/99/9999
4283,508,41,8,2868.97,0.19,61.92,18652.85,ENVIADO,2023-02-03
4284,303,103,3,3393.99,0.2,76.13,8221.71,CANCELADO,2022-11-15
4285,424,214,9,11639.27,0.02,14.0,102672.36,PAGO,2023-10-01
4286,283,59,4,2087.34,0.21,24.37,6620.36,,2023-01-11
4287,10,482,5,4136.91,0.2,51.1,16598.74,CANCELADO,2023-10-24
4288,119,776,3,11465.08,0.22,136.83,26965.12,PAGO,2025-04-01
4289,931,231,7,8139.19,0.13,19.28,49586.95,ENVIADO,2023-08-03
4290,43,64,1,4779.73,0.21,44.98,3820.97,PENDENTE,2022-11-15
4291,1490,650,5,11680.03,0.19,60.26,47364.38,CANCELADO,2023-01-11
4292,193,155,6,3004.55,0.14,100.39,15603.87,CANCELADO,2022-09-07
4293,933,294,7,2032.65,0.01,57.99,14144.25,PAGO,2023-03-27
4294,484,471,5,4117.11,0.19,58.92,16733.22,PAGO,2023-04-02
4295,825,546,4,2190.44,0.25,21.48,6592.8,ENVIADO,2024-05-09
4296,1407,94,10,6844.73,0.25,23.99,51359.46,CANCELADO,2022-10-17
4297,98,2,1,13545.23,0.09,,12455.63,CANCELADO,2022-03-17
4298,252,894,9,13189.79,0.02,140.54,0,PENDENTE,2023-05-10
4299,958,630,4,5786.91,0.23,90.22,17913.9,PAGO,2024-01-13
4300,571,537,6,790.24,0.27,31.04,3492.29,PENDENTE,2024-04-30
4301,374,191,4,13833.17,0.01,,54875.18,pago,99/99/9999
4302,292,47,8,5492.86,0.27,81.65,32159.95,,2023-11-16
4303,518,843,8,3094.61,0.02,,24320.91,ENVIADO,2023-01-24
4304,837,415,8,12338.14,0.17,15.48,81940.73,CANCELADO,2022-03-09
4305,198,345,8,7903.85,,37.58,44931.45,ENVIADO,2022-11-07
4306,640,378,4,5958.81,0.09,47.97,21738.04,PENDENTE,2024-02-16
4307,740,6,9,8710.13,,147.07,65995.65,PAGO,2024-09-01
4308,974,847,6,14410.22,0.24,126.89,65837.49,PAGO,2022-02-26
4309,198,53,9,8645.52,0.24,139.15,59274.51,pago,2023-05-27
4310,811,1362,6,13125.99,0.15,39.32,66981.87,ENVIADO,2023-07-10
4311,645,394,1,4393.95,0.21,84.32,3555.54,CANCELADO,2022-01-14
4312,1412,41,dez,4417.15,0.29,146.75,31508.51,PENDENTE,2022-06-22
4313,908,788,5,2467.16,0.12,149.65,11005.15,ENVIADO,2023-08-31
4314,79,63,8,8236.57,0.23,34.05,50771.32,PENDENTE,2023-03-28
4315,67,420,3,7249.0,0.09,24.11,19813.88,PENDENTE,2024-12-25
4316,691,243,2,6032.6,0.05,16.56,11478.5,CANCELADO,2022-09-01
4317,367,997,2,2950.11,0.15,55.81,5071.0,PAGO ,2024-09-06
4318,894,35,9,2962.27,0.2,125.69,21454.03,PENDENTE,31/02/2025
4319,806,267,3,10916.3,0.08,112.24,30241.23,PENDENTE,2023-01-22
4320,847,121,7,14689.51,0.25,17.21,77137.14,Pago,2023-08-21
4321,880,175,dez,5258.72,0.3,149.07,7511.28,PAGO,2022-12-12
4322,960,526,10,3763.35,0.04,48.59,36176.75,ENVIADO,2024-11-24
4323,398,182,2,10937.58,0.29,76.52,mil,ENVIADO,2023-03-24
4324,57,695,3,981.22,0.06,136.96,2904.0,CANCELADO,2023-10-21
4325,516,191,1,391.69,0.17,115.91,441.01,CANCELADO,2023-05-22
4326,3,640,3,3282.57,0.15,75.93,8446.48,ENVIADO,2024-06-22
4327,26,612,9,8532.79,0.11,131.38,68479.03,PAGO,2022-11-18
4328,384,1385,6,14944.91,,90.67,82586.57,PAGO,2023-09-25
4329,1067,850,0,1571.84,0.3,134.19,2334.77,ENVIADO,2024-08-23
4330,429,881,10,7055.37,0.15,37.13,60007.77,PENDENTE,2024-01-21
4331,320,591,1,8136.55,0.13,148.12,7226.92,PENDENTE,2022-11-09
4332,269,798,7,8816.86,0.07,123.4,57521.16,PENDENTE,2024-03-05
4333,201,54,10,2262.79,0.05,123.81,21620.32,PAGO,99/99/9999
4334,840,630,8,3591.76,0.06,97.54,27107.58,ENVIADO,2024-08-31
4335,240,630,1,2865.1,0.23,89.65,2295.78,CANCELADO,2022-03-18
4336,812,879,5,3448.44,0.17,137.55,14448.58,ENVIADO,2024-08-02
4337,564,836,10,7116.81,0.03,56.16,69089.22,ENVIADO,2024-01-24
4338,467,899,3,541.12,0.26,16.57,1217.86,ENVIADO,2023-07-14
4339,936,732,4,12631.69,0.05,24.33,48024.75,CANCELADO,2022-06-07
4340,380,227,1,14506.9,0.03,108.36,14180.05,PENDENTE,2024-10-14
4341,981,911,5,6824.65,0.0,89.34,34212.59,PENDENTE,2024-01-01
4342,693,356,6,5001.21,0.19,142.39,24448.27,Cancelado,2024-01-03
4343,329,703,6,5202.16,0.07,114.95,29143.0,ENVIADO,2022-01-20
4344,926,371,10,10771.38,0.07,96.69,100270.52,PENDENTE,2025-01-20
4345,100,762,8,956.38,0.12,78.15,6811.07,PENDENTE,2025-04-11
4346,864,952,6,11542.7,0.06,97.84,65198.67,CANCELADO,2022-05-08
4347,566,899,9,6969.5,0.0,131.62,62857.12,PENDENTE,2023-11-01
4348,939,337,1,9238.52,0.29,36.46,6595.81,PENDENTE,2025-02-06
4349,558,241,4,14504.25,0.06,105.13,54641.11,CANCELADO,2025-03-10
4350,1176,290,9,8053.06,0.1,96.11,65325.9,PAGO,2022-03-18
4351,401,301,8,591.57,0.24,77.04,R$500,PAGO,2022-10-16
4352,926,645,5,6654.89,,98.98,31376.96,PAGO,2022-08-21
4353,10,204,8,6459.09,0.0,47.85,51720.57,ENVIADO,2023-03-20
4354,517,54,3,7330.04,0.02,41.93,21592.25,PAGO,2023-05-26
4355,138,76,dez,3322.28,,81.14,5330.34,CANCELADO,2022-06-13
4356,596,330,8,2408.91,0.08,139.36,17868.94,PAGO,2022-03-21
4357,358,205,5,159.96,0.07,,823.38,PAGO,2024-08-22
4358,598,924,4,4068.84,0.12,20.01,14342.33,CANCELADO,2023-05-26
4359,630,385,-1,4767.82,0.17,89.11,11960.98,ENVIADO,2022-11-27
4360,933,424,4,13526.54,0.28,143.15,39099.59,CANCELADO,2024-12-12
4361,505,1161,2,457.01,0.11,51.73,865.21,Pago,2023-02-14
4362,668,799,dez,7112.15,0.24,22.83,32454.23,CANCELADO,2022-12-18
4363,728,982,-5,1282.93,0.0,75.28,12904.58,PAGO,2022-02-22
4364,767,1148,6,9781.46,0.06,17.06,55184.49,CANCELADO,2024-10-23
4365,50,78,4,6064.05,0.04,57.07,23343.02,ENVIADO,2023-10-24
4366,902,584,,2417.29,0.18,48.74,7977.45,ENVIADO,2023-12-01
4367,220,646,6,7404.28,0.19,138.26,36123.06,ENVIADO,2023-01-29
4368,219,179,10,3798.7,0.0,47.12,38034.12,CANCELADO,2022-03-08
4369,78,1312,9,1855.87,0.14,,14434.27,PAGO,2024-12-21
4370,125,719,10,6919.98,0.02,,67868.8,CANCELADO,2022-01-23
4371,503,167,-5,13753.2,0.17,13.79,22844.1,CANCELADO,2024-05-09
4372,832,801,9,7500.0,0.26,52.68,50002.68,ENVIADO,2024-05-11
4373,147,644,6,1943.07,0.07,23.37,10865.7,CANCELADO,2024-07-05
4374,244,808,9,3452.44,,137.43,30898.67,CANCELADO,2023-05-30
4375,585,497,10,1999.75,0.23,36.01,15434.09,PAGO,2023-04-16
4376,835,1093,3,7888.97,,95.07,16898.58,ENVIADO,99/99/9999
4377,295,112,1,12146.28,0.12,91.67,10780.4,PENDENTE,2024-09-18
4378,947,413,5,2197.94,0.13,56.85,9617.89,ENVIADO,2023-07-01
4379,229,406,10,1364.74,0.29,51.27,,PAGO,99/99/9999
4380,107,932,8,4505.16,0.1,28.33,32465.48,PAGO,2022-12-21
4381,1201,867,7,11601.05,,50.1,67452.2,PAGO,2023-04-04
4382,677,930,,9845.26,0.17,122.75,57323.71,PAGO,04/06/2022
4383,556,358,6,4087.8,0.11,77.88,21906.73,PAGO,2024-09-17
4384,496,298,10,13242.27,0.01,127.0,131225.47,PENDENTE,2022-02-20
4385,778,456,7,2281.0,0.28,106.28,11602.52,CANCELADO,2024-10-22
4386,178,975,2,14103.9,0.13,61.72,24602.51,CANCELADO,2023-02-22
4387,600,59,10,12493.17,0.26,121.82,92571.28,PENDENTE,2022-01-14
4388,929,19,,14943.78,0.1,131.22,80827.63,ENVIADO,2024-10-19
4389,774,445,7,11098.02,0.3,,54500.83,PAGO,2024-04-16
4390,332,867,1,2596.18,0.09,28.78,2391.3,ENVIADO,2024-01-04
4391,588,441,7,11343.59,0.1,21.29,71485.91,PENDENTE,2023-04-20
4392,715,583,7,6130.12,0.07,86.95,R$500,ENVIADO,2024-09-13
4393,1404,993,5,874.18,0.19,138.1,3678.53,PAGO,2022-06-27
4394,383,440,6,14558.1,0.24,34.85,66419.79,CANCELADO,2024-06-06
4395,942,1321,4,13520.42,0.17,91.63,44979.42,ENVIADO,2023-02-18
4396,1353,111,5,13708.4,0.07,114.08,63858.14,Pago,99/99/9999
4397,25,395,8,14237.83,0.07,68.49,105997.95,PAGO,2022-08-25
4398,545,752,,8770.18,0.2,76.88,35157.6,PENDENTE,31/02/2025
4399,434,741,7,7238.09,0.11,120.29,45213.59,PENDENTE,31/02/2025
4400,1228,645,5,6580.29,0.01,37.04,32609.48,CANCELADO,2022-07-05
4401,1235,781,,7208.28,0.25,85.03,32522.29,PENDENTE,2022-01-02
4402,544,1147,6,5122.59,0.28,66.03,22195.62,PENDENTE,99/99/9999
4403,470,34,0,4128.62,0.28,133.2,0,PENDENTE,2024-07-08
4404,23,47,6,6140.11,0.01,84.59,36556.84,CANCELADO,2022-08-05
4405,268,270,8,4238.08,0.19,111.18,27573.94,ENVIADO,2025-01-09
4406,353,202,9,9098.99,0.06,62.52,77039.98,PENDENTE,2024-08-06
4407,634,786,9,9686.53,0.12,75.64,76792.96,CANCELADO,2024-02-24
4408,828,34,9,4848.95,0.21,102.22,34578.25,CANCELADO,2024-12-12
4409,838,388,5,14990.78,0.28,82.99,54049.8,ENVIADO,2023-09-16
4410,5,161,3,12170.9,0.02,,35867.28,CANCELADO,2022-10-02
4411,178,744,8,3679.62,0.28,,21332.65,PAGO,2022-06-14
4412,483,748,10,2532.96,0.12,23.78,R$500,PENDENTE,2023-01-06
4413,754,199,7,7364.17,0.28,65.97,,PAGO,12-15-2022
4414,893,476,3,2684.25,0.12,143.63,7230.05,ENVIADO,2023-05-12
4415,286,929,1,9099.42,0.1,65.3,8254.78,CANCELADO,2022-11-08
4416,608,894,7,14666.88,0.29,124.73,73019.12,PAGO,2022-12-24
4417,899,28,1,2794.73,,76.14,2675.24,PENDENTE,2022-05-27
4418,470,686,4,10361.66,0.07,25.76,38571.14,ENVIADO,2023-12-21
4419,705,802,6,2383.35,0.23,105.37,11116.45,PENDENTE,2022-10-18
4420,1009,778,4,6767.82,0.28,114.02,19605.34,PAGO,2022-06-21
4421,871,233,4,8679.82,0.1,41.42,31288.77,pago,2024/12/16
4422,668,806,9,9195.75,0.19,51.95,67088.97,PAGO,2023-02-20
4423,573,756,1,5737.31,0.24,63.75,4424.11,PENDENTE,2023-03-10
4424,40,445,9,8206.12,0.22,79.46,57686.42,ENVIADO,2022-04-24
4425,214,845,5,9708.54,0.04,85.24,46686.23,PENDENTE,2023-02-13
4426,591,969,dez,11145.87,,110.06,103766.65,PENDENTE,2024-03-22
4427,985,398,6,13220.16,0.19,141.8,64391.78,ENVIADO,31/08/2022
4428,914,1012,7,14089.42,0.28,,71136.29,ENVIADO,2022-12-14
4429,893,429,3,6756.22,0.13,73.78,17707.51,CANCELADO,2022-06-10
4430,510,749,3,3539.85,0.15,35.91,9062.53,CANCELADO,2024-10-04
4431,439,334,2,8623.56,,105.38,15800.26,CANCELADO,2024-12-31
4432,496,572,10,4558.22,0.21,137.89,36147.83,PAGO,2024-12-20
4433,220,100,5,2904.89,0.2,110.14,0,PAGO,2023-08-17
4434,425,588,9,699.81,0.14,34.25,,CANCELADO,2022-03-17
4435,73,393,2,3753.19,0.2,141.53,6146.63,ENVIADO,2023-01-12
4436,960,413,10,7629.92,0.08,134.28,70329.54,CANCELADO,2023-10-01
4437,94,472,10,10951.96,0.29,,-500,CANCELADO,2023-09-26
4438,1341,373,4,5804.59,0.04,56.89,22346.52,PENDENTE,2022-07-13
4439,540,113,7,12046.41,0.24,52.24,64139.14,PAGO,2024-08-13
4440,525,699,6,1080.54,,50.76,4848.36,CANCELADO,2023-08-26
4441,741,822,3,7549.31,0.05,77.52,21593.05,ENVIADO,2023-08-05
4442,612,488,3,10067.6,0.16,44.49,25414.84,PENDENTE,2023-02-27
4443,361,595,10,11582.98,0.07,61.4,107783.11,ENVIADO,2024-06-18
4444,443,576,10,10024.68,,94.54,96331.47,ENVIADO,2024-01-01
4445,75,195,2,4869.72,0.08,,8996.55,CANCELADO,2023-07-19
4446,477,643,3,11824.74,0.04,59.64,34114.89,CANCELADO,2024-12-18
4447,256,691,4,10769.25,0.12,134.36,38042.12,PAGO,2024-01-17
4448,758,592,10,10306.2,0.15,125.78,87728.48,Pago,2024-07-19
4449,317,87,9,4236.83,0.25,29.94,28628.54,PENDENTE,2022-10-04
4450,416,602,8,2873.38,0.2,55.58,18445.21,ENVIADO,2022-07-08
4451,633,79,8,14718.66,0.08,89.08,108418.42,PAGO,2023-12-27
4452,271,879,8,781.31,0.21,,5006.12,ENVIADO,2022/09/22
4453,755,419,4,3503.72,0.12,46.26,12379.35,PENDENTE,2024-04-20
4454,21,750,dez,6100.86,0.16,137.09,51384.31,PAGO,2024-04-30
4455,156,954,1,4197.75,0.05,82.64,4070.5,PENDENTE,2024-09-12
4456,1000,657,5,2856.04,0.16,88.18,12083.55,PAGO,2023-11-10
4457,848,1313,10,9581.32,0.06,69.87,90134.28,PENDENTE,07-08-2023
4458,185,551,5,5186.57,0.25,81.61,19531.25,PAGO,2025-01-28
4459,959,850,9,1813.55,0.08,40.04,15056.23,ENVIADO,2024-06-25
4460,1279,366,9,8272.84,0.08,48.35,68547.47,PENDENTE,2022-08-03
4461,746,102,10,6123.09,0.21,118.76,48491.17,ENVIADO,2024-02-16
4462,529,688,3,13580.69,0.05,72.52,38777.49,CANCELADO,2023-01-05
4463,518,321,1,6768.11,0.13,99.09,5987.35,PENDENTE,2022-10-17
4464,90,908,6,12209.71,0.11,28.29,65228.14,ENVIADO,2024-07-03
4465,680,605,5,10951.46,0.25,101.67,41169.64,PAGO,2024-12-24
4466,964,980,9,852.03,0.05,35.36,7320.22,ENVIADO,2022-05-24
4467,947,627,3,945.15,0.03,110.85,2861.24,PAGO,2024-04-19
4468,150,495,4,7805.0,0.03,107.67,30391.07,CANCELADO,2023-04-09
4469,1308,336,7,7608.72,0.23,46.52,41057.52,ENVIADO,2022-09-24
4470,593,191,4,10843.15,0.08,120.38,mil,ENVIADO,2024-03-18
4471,646,677,7,6703.01,0.2,98.27,37635.13,ENVIADO,2024-02-29
4472,843,764,6,2882.16,0.17,13.29,14366.45,ENVIADO,2024-01-05
4473,900,30,6,5735.26,0.06,51.7,32398.57,ENVIADO,2023-08-19
4474,246,468,dez,921.24,0.09,,1810.64,PAGO,2024-07-30
4475,1260,1210,6,11665.9,0.29,32.53,49729.26,PENDENTE,2022-01-24
4476,69,409,4,10351.53,0.3,122.75,29107.03,PENDENTE,2024-06-14
4477,877,601,2,14619.69,0.1,135.51,26450.95,CANCELADO,2022-08-23
4478,1202,476,7,2789.84,0.24,43.21,14885.16,ENVIADO,2024-09-17
4479,1453,417,5,1108.25,0.04,138.79,5458.39,PENDENTE,2022-10-25
4480,31,920,3,9109.14,0.18,81.49,22489.97,ENVIADO,2024-09-30
4481,552,744,7,5822.16,,97.32,36776.93,PENDENTE,2024-09-12
4482,979,610,2,4467.76,0.28,43.16,6476.73,PENDENTE,2024-02-09
4483,895,993,1,13575.73,0.09,147.61,12501.52,PENDENTE,09-26-2024
4484,760,853,3,4464.01,0.15,19.01,11402.24,PENDENTE,2025-03-12
4485,19,549,2,8574.15,0.04,56.42,16518.79,ENVIADO,2023-01-16
4486,476,687,1,1264.69,0.18,45.69,1082.74,PAGO,2023-02-16
4487,889,475,1,14875.64,0.14,25.52,12818.57,PAGO,2023-03-21
4488,295,157,9,14521.67,0.13,133.86,113838.54,ENVIADO,2022-10-01
4489,655,887,8,5200.1,0.06,,39201.53,PENDENTE,2022-12-10
4490,495,626,3,5520.16,0.17,,13877.78,PAGO,2024-04-03
4491,1166,958,7,5320.67,0.02,146.55,36646.35,PAGO,2024-05-01
4492,31,365,7,12734.69,,77.7,62477.68,PENDENTE,10/01/2025
4493,927,751,7,14642.2,0.22,94.37,80040.78,ENVIADO,2024-12-15
4494,1339,897,2,8655.43,0.24,37.71,13193.96,Cancelado,2024-09-13
4495,335,204,6,7086.92,0.2,12.86,34030.08,ENVIADO,2023-12-21
4496,964,677,0,232.74,0.27,114.95,1134.35,PENDENTE,2023-04-06
4497,355,680,5,13198.34,0.06,37.56,62069.76,PAGO,2022-10-16
4498,1070,652,4,3707.32,0.0,65.99,14895.27,ENVIADO,2023-06-24
4499,922,1380,4,199.12,0.19,81.89,727.04,ENVIADO,2024-05-08
4500,493,541,5,5106.37,0.3,37.73,17910.02,PAGO,2022-05-31
4501,972,700,1,3004.1,,,2409.02,pago,2024-02-06
4502,965,806,2,5938.46,0.24,111.8,9138.26,PENDENTE,2024-04-24
4503,173,360,dez,212.14,0.08,101.03,881.71,PENDENTE,2024-07-11
4504,1367,476,1,1968.24,,114.3,1728.26,CANCELADO,2022-01-24
4505,810,590,7,5292.55,0.14,127.5,31988.65,PAGO,23/06/2024
4506,228,165,10,2193.11,0.17,51.75,18254.56,PENDENTE,2022-03-18
4507,1015,52,5,10985.19,0.05,56.32,52235.97,PENDENTE,2022-02-24
4508,789,464,6,2314.88,0.01,107.29,13857.68,PAGO,2023-06-29
4509,492,289,5,3480.47,0.26,,12888.72,ENVIADO,2024-02-22
4510,953,792,3,4893.09,0.14,44.19,12668.36,CANCELADO,2022-10-27
4511,1159,996,8,5449.19,0.12,142.36,0,CANCELADO,2022-11-28
4512,377,247,4,10814.68,0.14,82.02,37284.52,CANCELADO,2024-04-22
4513,514,1423,3,9887.77,0.23,30.8,22871.55,CANCELADO,2022-07-10
4514,377,361,10,12849.22,0.08,,118351.36,PAGO,2025-01-27
4515,564,561,9,4206.34,0.24,103.45,28874.82,Pagoo,2025/02/04
4516,643,399,4,10277.4,0.29,130.48,29318.3,ENVIADO,2024-07-11
4517,831,915,4,5083.4,0.1,21.76,18322.0,PAGO,2023-12-25
4518,272,947,5,5680.55,0.13,54.15,24764.54,ENVIADO,22/09/2023
4519,701,1500,7,467.92,0.19,73.73,2726.84,PAGO,2022-10-24
4520,149,970,6,10104.91,0.15,88.84,,CANCELADO,2025-01-13
4521,319,397,6,3946.94,0.21,35.24,18743.74,PENDENTE,2025-02-13
4522,749,123,8,10684.34,0.22,97.4,66767.68,ENVIADO,2024-09-16
4523,737,466,7,10628.05,0.18,105.88,61110.89,ENVIADO,2022-08-14
4524,931,83,9,9313.38,0.14,28.33,72113.89,ENVIADO,2023-06-20
4525,157,726,7,11517.91,0.13,39.64,70183.71,ENVIADO,31/02/2025
4526,137,48,3,14213.3,0.16,142.92,35960.44,CANCELADO,2022-07-02
4527,944,800,3,4209.9,0.18,112.6,10468.95,CANCELADO,2024-12-02
4528,871,876,5,14364.06,0.1,119.04,64757.31,ENVIADO,2022-09-17
4529,358,71,1,2915.39,0.21,20.48,2323.64,CANCELADO,2025-04-02
4530,530,253,6,12478.06,0.29,146.8,53303.34,ENVIADO,2023-08-20
4531,406,628,2,7400.46,0.25,16.52,11117.21,PENDENTE,2022-06-13
4532,108,1013,1,559.62,0.05,53.99,585.63,CANCELADO,2022-02-03
4533,794,36,10,4080.55,0.3,59.19,28623.04,ENVIADO,2023-01-10
4534,669,996,7,10432.82,0.03,67.06,70905.91,CANCELADO,2023-10-26
4535,397,6,7,13960.21,0.05,59.04,92894.44,PAGO,2024-12-18
4536,987,482,2,12159.81,0.02,107.32,23940.55,PAGO,2022-10-17
4537,501,764,1,6563.12,0.24,54.8,5042.77,PAGO,2023-07-26
4538,486,622,2,291.2,0.01,,,ENVIADO,31/02/2025
4539,264,290,1,8970.85,0.23,,7015.82,PENDENTE,2024/03/13
4540,1286,159,9,6224.58,0.1,78.39,50497.49,PENDENTE,2024-12-15
4541,859,133,6,8123.77,0.05,44.36,46349.85,ENVIADO,2022-07-25
4542,633,616,dez,8466.98,,116.46,70223.05,CANCELADO,2022-02-27
4543,413,128,5,90.76,0.08,70.06,0,PAGO,2022-04-27
4544,55,48,10,1631.79,,110.96,15123.43,CANCELADO,2024-08-05
4545,629,1216,4,10082.1,,45.99,mil,PENDENTE,2022-10-30
4546,215,566,3,2756.99,0.11,74.17,7435.33,PAGO,2022-05-13
4547,874,937,9,6675.33,0.01,96.34,59573.53,ENVIADO,2022-09-09
4548,11,525,5,12261.61,0.15,94.42,52206.26,ENVIADO,2023-12-26
4549,514,965,10,11428.47,0.29,,mil,PAGO,2023-09-04
4550,1494,210,-5,8122.37,0.03,129.07,71037.36,CANCELADO,2025-02-10
4551,1377,339,6,5976.71,0.08,138.3,33129.74,PAGO,2024-12-04
4552,203,192,6,7177.4,0.17,145.73,35889.18,ENVIADO,2023-01-25
4553,438,53,5,11402.21,,90.18,53680.57,CANCELADO,2025-02-21
4554,82,724,9,10921.69,0.07,36.1,91450.65,CANCELADO,2023-12-28
4555,162,964,3,8363.15,0.23,56.73,19375.61,PAGO,2024-06-10
4556,391,566,-1,2051.56,0.21,15.55,9739.94,PAGO,2023-09-16
4557,876,1451,5,7656.22,0.04,115.78,36865.64,CANCELADO,2024-06-27
4558,1184,226,10,7334.92,0.05,147.85,69829.59,PAGO,2023-06-29
4559,985,784,4,12641.59,0.1,120.54,45630.26,PAGO,31/02/2025
4560,720,498,10,8367.31,0.24,93.99,63685.55,ENVIADO,2023-02-16
4561,735,556,2,1861.33,0.09,86.48,3474.1,Pago,2022-05-06
4562,172,351,6,13935.37,0.14,31.35,71937.86,pago,2024-07-16
4563,252,954,6,4536.2,0.26,61.16,20201.89,ENVIADO,2025-01-17
4564,681,1275,7,14023.18,0.19,,79622.29,PAGO,2023-08-15
4565,267,551,2,8467.01,0.23,38.79,13077.99,CANCELADO,02/03/2022
4566,1494,494,10,13870.5,0.21,88.97,mil,PAGO,2022-06-05
4567,834,506,6,9177.13,0.14,49.46,47403.45,ENVIADO,2022-02-05
4568,1222,1184,8,288.54,0.29,115.36,1754.27,PENDENTE,2022-05-25
4569,164,750,6,8897.24,,29.49,39533.24,CANCELADO,2023-06-06
4570,73,1278,10,14137.81,0.02,78.38,138628.92,PAGO,2022-10-12
4571,641,467,5,3645.95,0.07,94.79,17048.46,PAGO,2024-04-20
4572,592,688,6,11985.85,0.22,79.25,0,PENDENTE,2023-01-25
4573,682,730,4,11828.85,0.01,17.03,0,PENDENTE,2025-02-12
4574,257,587,8,7726.88,0.25,72.57,46433.85,,2022-11-15
4575,538,423,3,131.62,0.1,115.93,-500,ENVIADO,2022-12-20
4576,1011,802,7,4375.45,0.18,116.91,25231.99,CANCELADO,2022-11-10
4577,113,409,10,13855.87,0.18,59.94,113678.07,CANCELADO,2025/03/22
4578,309,737,8,7901.31,0.25,95.25,47503.11,PAGO,2024-12-17
4579,455,894,dez,12673.52,,95.8,11121.76,PAGO,2024-02-05
4580,922,476,8,12907.7,0.1,26.13,92961.57,CANCELADO,2022-03-01
4581,331,314,8,7928.12,0.27,90.84,46391.06,PAGO,2023-09-22
4582,951,1099,9,335.32,0.22,30.31,2384.26,Pago,2023-09-11
4583,955,248,0,3678.91,0.23,25.28,8523.56,CANCELADO,31/02/2025
4584,73,707,9,4570.87,0.13,94.93,35884.84,PAGO,2023-05-22
4585,908,1231,1,13612.49,0.11,76.26,mil,PENDENTE,2024-10-26
4586,368,545,3,6087.9,0.28,120.32,13270.18,CANCELADO,2022-11-19
4587,691,1430,5,134.58,0.11,115.85,714.73,PAGO,2025-01-26
4588,167,520,1,9136.31,0.02,138.8,9092.38,ENVIADO,2022-08-25
4589,345,415,8,7790.91,0.29,88.54,44340.91,CANCELADO,2023-09-29
4590,859,387,6,6757.03,0.06,134.42,38244.07,PAGO,2023-03-18
4591,552,808,2,7595.98,0.0,23.27,15215.23,PENDENTE,2024-03-10
4592,822,458,2,10475.27,0.29,129.09,15003.97,PAGO,2023-06-22
4593,1271,329,5,11918.37,0.02,34.89,58434.9,PENDENTE,2024-04-10
4594,200,1424,1,13542.44,0.29,14.69,9629.82,PENDENTE,2022-11-16
4595,974,444,2,5279.81,0.08,31.18,9746.03,PENDENTE,2022-09-03
4596,520,222,2,14184.98,,33.99,21878.86,PAGO,2023-07-03
4597,379,316,4,14239.26,0.04,118.44,54797.2,CANCELADO,2022-10-04
4598,443,298,3,12246.5,0.15,101.73,31330.31,CANCELADO,2025-01-10
4599,409,1330,,2246.84,0.21,,17799.71,PAGO,2022-08-06
4600,502,35,5,326.17,0.21,79.5,1367.87,ENVIADO,2022-01-08
4601,512,939,4,8485.22,0.14,142.88,29332.04,PAGO,2024-07-13
4602,1207,406,8,6525.39,0.26,142.79,38773.1,CANCELADO,2023-10-02
4603,140,294,6,892.4,0.08,96.33,5022.38,CANCELADO,2022-08-07
4604,338,906,3,7412.09,0.12,142.71,19710.63,ENVIADO,2025-01-09
4605,932,187,2,1198.09,0.11,85.44,2218.04,CANCELADO,2024-05-03
4606,605,504,8,969.5,0.09,101.39,7159.35,CANCELADO,2023-01-10
4607,1070,190,9,13124.18,0.19,11.62,95686.89,ENVIADO,2022-08-29
4608,101,67,5,176.08,0.16,145.14,884.68,PENDENTE,2022-05-21
4609,385,962,dez,7093.63,0.14,36.82,18338.39,ENVIADO,2025-02-07
4610,957,160,-1,10424.99,0.24,118.92,79348.84,CANCELADO,2024-02-05
4611,242,822,9,3233.52,0.2,82.25,,ENVIADO,2022-07-28
4612,624,439,1,11916.2,0.09,100.45,10944.19,CANCELADO,2024-03-16
4613,970,607,10,3153.49,0.07,121.9,29449.36,CANCELADO,2023/07/08
4614,759,1447,8,14589.16,0.14,141.42,100514.84,Pago,2023-08-07
4615,946,263,1,7925.28,0.18,24.02,6522.75,CANCELADO,2022-11-27
4616,400,300,3,9736.89,0.21,145.49,23221.92,CANCELADO,2022-10-01
4617,965,938,2,9766.13,0.03,122.88,19069.17,ENVIADO,2025-03-11
4618,259,152,8,14649.36,0.27,137.06,85689.32,PENDENTE,15/08/2024
4619,614,649,4,5699.84,0.18,113.34,18808.82,PENDENTE,2024-04-15
4620,189,583,7,10701.47,0.17,58.28,62233.82,CANCELADO,2025-01-04
4621,915,282,1,4440.88,0.15,123.45,0,ENVIADO,2024-09-26
4622,723,261,1,9523.01,0.28,120.44,6977.01,CANCELADO,2025-03-26
4623,1065,546,,5728.19,0.1,66.92,46465.26,ENVIADO,2024-10-16
4624,383,705,10,5083.75,0.13,106.1,44334.72,PENDENTE,2023-08-12
4625,244,653,8,371.06,0.14,36.17,2589.06,PAGO,2023-01-22
4626,389,565,10,3475.3,0.04,64.79,33427.67,PENDENTE,2022-11-01
4627,179,820,6,7224.09,0.16,130.54,mil,PAGO,2024-12-14
4628,279,177,1,11613.98,0.0,97.78,11711.76,CANCELADO,2025-03-27
4629,220,347,1,6031.03,0.27,73.44,4476.09,ENVIADO,2023-11-27
4630,606,1250,9,1704.2,0.07,18.48,14282.63,CANCELADO,2023-09-24
4631,1317,147,5,9520.99,0.15,11.32,40475.53,,2024-02-06
4632,736,950,4,6302.18,0.02,142.14,24846.69,PAGO,2022-04-05
4633,191,239,10,5617.16,0.06,146.65,52947.95,ENVIADO,31/02/2025
4634,794,342,5,8345.19,0.03,51.26,40525.43,PAGO,2022-10-16
4635,650,173,5,13242.08,0.28,126.88,47798.37,ENVIADO,2022-06-25
4636,363,755,2,3464.38,0.02,108.38,6898.56,PAGO,2025-02-18
4637,650,900,5,1519.84,0.15,68.52,6527.84,CANCELADO,2025-04-15
4638,830,1277,3,466.78,0.02,135.22,1507.55,PAGO,2023-05-12
4639,869,957,10,10903.08,0.07,20.28,101418.92,PENDENTE,2023-07-25
4640,500,766,2,685.12,0.08,75.08,1335.7,PENDENTE,2022-01-14
4641,1315,837,2,6188.36,0.25,113.46,9396.0,PAGO,2024-06-13
4642,284,251,9,8829.11,,100.54,77178.67,CANCELADO,2022-05-11
4643,769,22,2,10031.17,0.13,68.74,17522.98,CANCELADO,2024-03-01
4644,89,76,4,3805.42,0.02,41.21,14958.46,PENDENTE,2022-11-17
4645,722,625,7,3648.2,0.27,76.96,18719.26,PENDENTE,2025-03-16
4646,326,914,dez,6668.6,0.27,146.77,14751.0,CANCELADO,2024-12-11
4647,42,13,3,9975.28,0.11,147.58,26781.58,ENVIADO,2024-05-15
4648,67,504,3,7272.29,0.15,109.0,18653.34,CANCELADO,2023-06-14
4649,1476,201,1,487.38,0.22,61.53,-500,PENDENTE,2023-09-26
4650,279,987,dez,5555.17,0.13,13.27,24178.26,CANCELADO,2022-02-08
4651,986,417,5,4683.23,0.26,,17347.28,PENDENTE,2023-07-23
4652,674,1159,9,4017.1,0.09,55.91,32955.96,PAGO,2023-02-06
4653,1169,595,5,4034.6,0.3,11.42,14132.52,ENVIADO,2023-06-12
4654,624,386,5,4536.04,0.29,31.4,16134.34,ENVIADO,2025-02-28
4655,830,465,10,3524.63,0.09,131.69,32205.82,PENDENTE,2022-06-23
4656,793,1235,7,519.32,,74.08,2945.92,CANCELADO,2024-07-29
4657,184,268,0,7363.74,,89.81,38086.71,ENVIADO,2022-04-16
4658,535,793,10,12865.7,0.21,77.01,101716.04,ENVIADO,2022-08-02
4659,738,843,6,6796.31,0.05,141.81,mil,PENDENTE,99/99/9999
4660,589,846,2,2057.96,0.04,53.52,mil,ENVIADO,2024-09-17
4661,524,359,8,2969.46,0.04,141.12,22946.57,ENVIADO,2023-04-24
4662,1268,744,1,9349.08,0.04,114.67,9089.79,ENVIADO,2023-08-15
4663,755,490,5,3641.64,0.03,84.31,17746.26,CANCELADO,2022-06-20
4664,63,146,2,7684.1,0.28,139.4,11204.5,ENVIADO,2022-07-01
4665,625,1074,9,5263.93,0.28,98.3,34208.57,PENDENTE,2024-07-08
4666,788,905,6,12245.69,0.0,99.03,0,PENDENTE,2024-04-29
4667,49,457,2,659.6,,13.09,1055.26,PENDENTE,2023-05-27
4668,313,230,4,10326.48,0.22,46.32,32264.94,PAGO,2022-12-19
4669,405,226,9,2496.09,0.09,137.12,20580.1,CANCELADO,2023-03-23
4670,741,755,1,8967.33,0.18,107.69,R$500,Pagoo,2022-05-23
4671,62,960,9,12420.34,0.12,125.77,98494.86,PAGO ,2023-02-16
4672,159,64,10,2576.31,0.07,62.09,24021.77,PAGO,2022-04-19
4673,427,270,9,13823.78,0.04,97.61,119535.07,ENVIADO,2023-06-29
4674,175,973,9,13796.97,0.13,117.48,0,PENDENTE,2022/04/21
4675,457,413,5,14527.08,0.24,113.52,55316.42,PENDENTE,2023-11-22
4676,1332,163,7,5941.38,0.29,145.32,29673.98,PAGO,2025-02-14
4677,20,173,3,8800.21,0.07,67.46,24620.05,PENDENTE,2023-10-02
4678,100,909,8,6277.47,0.2,96.37,40272.18,Pagoo,2022-03-04
4679,948,156,1,9911.27,0.28,69.33,7205.44,PAGO,2022-06-05
4680,133,397,10,4527.85,,102.12,40852.77,PAGO,2025-01-30
4681,928,151,2,11315.86,,111.27,16858.74,CANCELADO,2022-02-03
4682,510,302,10,3001.3,0.07,134.34,28046.43,CANCELADO,2022-02-22
4683,1106,971,4,3176.85,0.05,69.22,12141.25,CANCELADO,2024-10-22
4684,398,265,4,13591.5,0.15,120.58,46331.68,PAGO,2023-10-24
4685,251,821,1,9215.77,0.12,14.05,8123.93,CANCELADO,2023-04-29
4686,471,371,4,3286.58,0.18,107.17,10887.15,PENDENTE,2022-12-14
4687,696,643,4,14778.95,0.06,110.75,55679.6,PAGO,2022-11-25
4688,1403,511,2,9965.65,0.05,146.51,19081.24,ENVIADO,2025-01-25
4689,386,528,10,2576.41,0.22,80.04,20176.04,ENVIADO,2022-04-25
4690,1358,988,4,11991.98,0.26,111.44,35607.7,CANCELADO,2022-07-02
4691,181,1157,4,10481.3,0.16,20.64,35237.81,PAGO,2023-07-02
4692,87,652,1,14622.41,0.2,90.8,11788.73,CANCELADO,2024-10-29
4693,1000,36,9,1652.96,0.19,65.57,12115.65,CANCELADO,2023-10-15
4694,860,565,3,4369.55,0.13,29.05,11433.58,Pago,2022-09-05
4695,393,23,1,14961.49,0.13,52.25,13068.75,ENVIADO,2024-04-02
4696,458,350,6,12497.28,0.2,72.0,60058.94,PAGO,2022-07-07
4697,829,367,4,5042.6,0.04,94.94,19458.52,PENDENTE,2024-08-14
4698,791,256,8,9528.43,0.14,145.09,65700.69,PENDENTE,2024-12-09
4699,258,488,8,14616.34,0.17,51.92,97104.42,PENDENTE,2024-04-15
4700,417,710,3,9708.86,0.16,16.86,24483.19,CANCELADO,2022-01-12
4701,380,726,1,3370.89,,27.37,3094.88,ENVIADO,2022-05-10
4702,136,238,8,10951.5,0.05,75.64,83307.04,PENDENTE,2025-04-02
4703,63,635,6,4272.91,0.02,106.52,25231.23,ENVIADO,2022-09-01
4704,1146,345,2,9865.77,0.13,12.43,17178.87,PAGO,2022-04-07
4705,1463,483,1,11858.88,0.22,,9347.76,ENVIADO,2023-01-23
4706,369,159,8,4158.23,0.2,113.66,26726.33,PAGO,2022-09-03
4707,887,57,9,14717.56,0.26,,98078.2,ENVIADO,2024-06-18
4708,701,771,9,5801.51,0.25,89.77,39249.96,PENDENTE,2022-03-05
4709,769,575,3,5243.47,0.06,115.14,14901.73,PENDENTE,2022-01-17
4710,362,105,6,7001.52,0.03,125.95,40874.8,CANCELADO,2023-09-15
4711,376,704,1,6674.35,0.25,20.85,5026.61,ENVIADO,2024-03-29
4712,284,550,9,11730.07,0.1,51.84,95065.41,CANCELADO,2024-11-11
4713,957,497,4,6845.29,0.27,35.9,20024.15,PAGO,2024-09-11
4714,689,190,6,5449.38,0.09,87.49,29841.1,PAGO,31/02/2025
4715,252,891,10,10213.88,0.0,139.17,102277.97,CANCELADO,2022-01-01
4716,616,1273,7,10160.37,0.14,76.49,61241.92,PAGO ,2023/10/06
4717,559,969,9,11069.72,0.2,34.0,79735.98,ENVIADO,2023-08-18
4718,333,503,8,8910.8,0.22,40.97,55644.36,PENDENTE,2022-07-05
4719,906,38,2,12663.22,0.07,118.53,23672.12,PAGO,2022-05-11
4720,295,197,7,1490.6,0.15,55.86,8924.93,CANCELADO,2023-08-23
4721,724,809,7,9003.15,0.09,83.57,57433.64,PAGO,2024-08-24
4722,60,985,9,11062.25,0.3,64.94,0,CANCELADO,2022-03-11
4723,113,861,5,12846.55,0.02,148.79,63096.89,CANCELADO,2024-10-02
4724,587,153,3,9175.57,0.02,134.45,27110.63,PAGO,2022-12-23
4725,692,693,3,1784.18,0.26,70.71,0,ENVIADO,2022-11-02
4726,1273,805,2,10825.3,0.04,101.26,20885.84,PAGO,2024-10-18
4727,416,71,2,10472.79,0.26,,15512.76,PENDENTE,2024-09-16
4728,1230,420,5,5639.61,0.04,145.86,27215.99,PENDENTE,2023-10-16
4729,14,77,7,7615.32,0.08,72.03,49114.69,PAGO,2023-01-29
4730,550,834,8,4801.64,0.19,,mil,ENVIADO,2022-07-07
4731,425,78,6,4170.08,0.28,81.85,18096.6,PAGO,04-29-2022
4732,320,655,6,3167.3,0.17,25.49,15798.64,ENVIADO,2025-03-02
4733,962,204,7,12509.88,0.13,147.01,76332.18,pago,2024-02-22
4734,137,268,9,1135.05,0.24,99.11,R$500,CANCELADO,2023-03-12
4735,189,96,2,14593.38,0.03,86.48,28397.64,ENVIADO,2022-03-31
4736,328,944,5,13700.72,0.06,23.07,64416.45,PENDENTE,2023-01-11
4737,478,527,2,12259.21,0.1,134.87,22201.45,PAGO,2024-04-10
4738,473,165,4,13986.54,0.29,66.26,39788.03,PENDENTE,2023-08-15
4739,371,435,8,13337.22,0.18,20.0,87512.16,PENDENTE,2024-09-27
4740,40,124,-1,7276.75,0.03,55.66,63581.69,PENDENTE,2024-02-12
4741,701,932,4,11463.25,0.12,86.05,40436.69,CANCELADO,2022-03-17
4742,577,724,1,9621.45,0.28,74.51,7001.95,PAGO,2022-08-04
4743,172,583,1,12384.91,0.24,115.51,9528.04,PENDENTE,2022-10-12
4744,171,885,,11301.34,0.11,,20140.88,CANCELADO,2023-04-09
4745,853,97,5,13009.81,0.01,111.34,64509.9,PENDENTE,2022-06-29
4746,315,269,8,10853.28,0.28,45.21,62560.1,ENVIADO,2024-03-28
4747,583,124,7,466.17,0.13,89.64,2928.62,CANCELADO,2022-04-18
4748,428,251,6,4467.28,0.19,,21860.13,ENVIADO,2024-08-10
4749,911,1482,6,9676.25,0.15,138.24,49487.11,PENDENTE,2023-02-12
4750,983,550,6,1365.23,0.03,136.39,8082.03,CANCELADO,2022-12-22
4751,26,348,7,9995.18,0.0,107.16,70073.42,ENVIADO,2024-02-07
4752,212,996,9,2236.7,0.12,16.45,17731.11,PAGO,2023-03-30
4753,886,1488,2,342.15,0.19,86.27,640.55,PAGO,26/05/2023
4754,545,324,8,8355.12,0.26,32.28,49494.59,ENVIADO,2024-10-17
4755,536,998,7,743.4,0.11,66.95,4698.33,PAGO,2024-06-15
4756,453,249,3,9847.87,0.11,127.95,26421.76,PAGO ,2022-12-04
4757,185,537,7,1312.26,0.18,27.56,7559.93,ENVIADO,2024-08-21
4758,183,840,5,1586.43,0.3,,5665.23,ENVIADO,2024-11-12
4759,166,336,10,7883.68,0.27,106.76,57657.62,Pagoo,2022-12-15
4760,390,474,3,12103.59,0.3,29.19,25446.73,PENDENTE,2022-05-14
4761,59,609,10,14514.33,0.07,24.39,135007.66,ENVIADO,2024-11-13
4762,390,1256,6,3959.19,0.06,42.36,22372.19,ENVIADO,2024-08-12
4763,683,422,7,10029.26,0.26,24.17,51975.74,Pagoo,2023-12-20
4764,111,981,4,9826.57,0.23,137.95,30403.79,CANCELADO,2023-09-19
4765,1005,866,6,9491.44,0.0,115.91,57064.55,PENDENTE,2023-07-21
4766,85,331,7,4812.03,0.15,76.31,28707.89,PENDENTE,2025-01-16
4767,74,205,0,266.54,0.16,14.03,1805.18,PAGO,2024-06-02
4768,797,398,9,2523.74,0.21,,17965.11,ENVIADO,2023-09-04
4769,1,1335,1,9717.09,0.16,133.46,8295.82,PAGO,2022-01-17
4770,1028,549,9,7211.13,0.0,112.4,65012.57,CANCELADO,2023-12-17
4771,347,37,5,11619.06,0.21,92.86,45988.15,CANCELADO,31/02/2025
4772,924,269,4,5167.82,0.06,61.14,19492.14,Cancelado,2023-12-03
4773,832,492,5,4676.83,0.19,138.11,19079.27,CANCELADO,2024-09-09
4774,437,656,10,10391.09,0.13,112.02,90514.5,PAGO,2023-06-13
4775,964,375,0,9886.63,0.28,98.89,42809.13,CANCELADO,2025-04-14
4776,106,653,3,7917.58,0.13,,20685.76,PAGO,2024-05-24
4777,625,636,6,12341.95,0.09,33.72,67420.77,ENVIADO,2024-01-03
4778,600,1300,6,9777.53,0.08,48.47,54020.44,PAGO,2023-11-16
4779,878,1121,10,11600.72,0.19,111.55,94077.38,PAGO,2025-01-14
4780,235,199,9,14318.08,0.18,44.14,105711.57,CANCELADO,2023-03-25
4781,265,608,10,9707.09,0.0,57.48,97128.38,PAGO,99/99/9999
4782,711,580,6,13549.03,0.15,129.97,69230.02,ENVIADO,2024-02-10
4783,46,477,10,8324.22,0.02,127.25,81704.61,ENVIADO,2023-03-20
4784,517,498,3,3377.91,0.24,101.53,7803.16,Cancelado,2023-06-13
4785,499,370,0,10794.81,0.07,84.44,90437.0,CANCELADO,2024-08-05
4786,1389,540,8,11221.0,0.24,12.6,68236.28,PAGO,2024-08-07
4787,543,403,4,1950.45,0.19,121.7,6441.16,PAGO,2022-03-27
4788,623,518,5,10803.84,0.21,100.35,42775.52,PENDENTE,99/99/9999
4789,584,120,4,7721.38,,149.86,26402.55,CANCELADO,2023-05-30
4790,600,1436,10,3651.04,0.14,37.68,31436.62,ENVIADO,2023-08-06
4791,858,523,6,5781.13,0.06,121.34,32726.91,CANCELADO,2022-10-08
4792,54,989,6,271.87,0.09,124.17,1608.58,PENDENTE,2024-07-14
4793,382,13,10,2711.23,0.26,63.76,20126.86,PAGO ,2022-06-21
4794,262,89,9,13912.59,0.2,133.92,-500,PENDENTE,2025-03-30
4795,175,214,3,13969.14,0.18,80.68,34444.76,PENDENTE,2022-10-27
4796,667,1229,1,14474.75,0.25,123.8,10979.86,ENVIADO,2022-03-18
4797,106,237,6,10127.86,0.18,110.81,49939.88,PAGO,2023-12-13
4798,205,78,2,9828.79,0.11,29.63,17524.88,CANCELADO,2024-03-02
4799,351,25,6,6781.86,0.2,,32642.56,PAGO,2022-06-12
4800,813,1152,5,6766.12,0.25,62.33,25435.28,CANCELADO,2022-11-09
4801,1292,514,9,367.85,0.07,31.43,3110.33,PAGO ,2024-07-23
4802,709,844,9,6755.59,0.25,139.96,45740.19,ENVIADO,2024-06-05
4803,40,168,9,13430.31,0.13,131.97,105291.3,CANCELADO,2024-08-09
4804,110,674,8,2390.39,0.08,66.03,17659.3,PENDENTE,2023-06-01
4805,449,1048,1,7603.51,0.16,10.91,6397.86,ENVIADO,29/01/2022
4806,92,375,7,13842.14,0.25,42.96,,PENDENTE,2023-04-05
4807,531,104,3,3765.61,0.03,50.05,11007.98,PAGO,2022-08-22
4808,173,942,10,13940.31,0.2,24.33,111546.81,,2024-06-30
4809,8,930,10,2881.38,0.19,112.77,23451.95,ENVIADO,2022-09-09
4810,1407,1200,3,12949.25,0.13,146.83,33944.37,ENVIADO,2024-08-26
4811,925,766,1,7538.1,0.18,140.64,6321.88,PENDENTE,2024-10-13
4812,18,109,-1,8314.01,0.04,104.3,40011.55,ENVIADO,26/03/2024
4813,369,144,8,2612.87,0.2,79.85,16802.22,PAGO ,2022-12-19
4814,673,12,8,4465.6,0.12,110.03,31547.85,PAGO,2024-04-06
4815,1404,331,10,9640.86,0.08,46.24,88742.15,PAGO,2023-06-07
4816,501,271,3,13503.62,0.1,89.0,36548.77,PENDENTE,2024-07-28
4817,24,265,2,6552.72,0.24,38.04,9998.17,PAGO,2022-01-24
4818,405,505,1,12849.39,0.21,148.2,10299.22,PAGO,2022-03-05
4819,188,481,4,3484.46,0.1,88.15,0,PAGO,2025-01-14
4820,502,927,2,12008.98,0.14,42.51,20697.96,PAGO,2023-03-28
4821,833,877,9,13117.39,0.07,111.25,109903.8,PAGO ,2024-06-22
4822,562,971,4,173.66,0.21,13.95,562.72,CANCELADO,2024-12-03
4823,839,560,8,4773.33,0.19,113.16,31044.34,PAGO,2022-09-23
4824,89,335,8,3609.38,0.19,31.64,23420.42,PENDENTE,2024-10-27
4825,296,484,-5,14658.04,0.29,130.27,41759.1,ENVIADO,2022-12-20
4826,703,835,6,7188.02,0.19,24.44,34958.22,ENVIADO,2023-05-07
4827,10,170,7,13495.6,0.13,83.57,82271.77,ENVIADO,2024-06-08
4828,590,22,10,1041.0,0.14,49.45,9002.05,ENVIADO,2024-09-21
4829,1367,348,1,10251.06,0.05,107.12,9845.63,PAGO,2024-07-03
4830,523,1000,9,2665.98,,86.62,23360.63,PAGO,2022-08-12
4831,496,1293,5,11129.66,,,53456.59,PAGO,2024-08-07
4832,679,553,10,7579.31,0.04,12.71,72774.09,PAGO,2024-02-02
4833,367,603,9,11493.73,,100.3,98371.69,ENVIADO,2024-01-25
4834,372,72,8,3955.69,0.13,148.79,27680.39,CANCELADO,2024-06-02
4835,818,668,1,3275.69,0.11,47.28,2962.64,ENVIADO,31/02/2025
4836,35,253,1,6829.05,0.25,132.74,5254.53,ENVIADO,2023-04-23
4837,136,837,3,8830.28,0.29,95.13,18903.63,PENDENTE,2025-04-06
4838,72,179,4,6220.74,0.3,71.08,17489.15,Pago,2024-10-31
4839,891,1451,1,14051.56,0.19,86.85,11468.61,PAGO,2023-11-07
4840,349,392,dez,11472.87,0.05,27.93,87221.74,ENVIADO,2022-08-31
4841,954,686,2,2898.19,0.25,133.3,4480.59,ENVIADO,2023-07-21
4842,589,910,,12658.3,0.03,74.54,49188.74,PAGO,2022-11-15
4843,948,541,9,13940.01,0.17,131.19,104263.06,PAGO,2022-01-03
4844,35,76,4,8450.53,0.02,13.48,33139.56,ENVIADO,2022-12-23
4845,251,247,-1,8480.42,0.27,41.06,18613.18,PAGO,2022-03-25
4846,142,1138,5,1425.64,0.29,113.93,5174.95,ENVIADO,2022-02-21
4847,989,174,-5,253.82,,74.9,2054.7,PENDENTE,2024-06-05
4848,637,136,8,8274.93,0.25,96.58,49746.16,PENDENTE,2024-06-28
4849,77,765,3,5781.33,0.08,95.83,16052.3,CANCELADO,2023-04-10
4850,270,531,4,11417.27,0.16,141.11,38503.14,ENVIADO,2023-05-03
4851,572,760,6,4101.46,0.07,133.53,23019.68,ENVIADO,31/02/2025
4852,223,702,4,14604.16,0.19,96.12,47413.6,pago,2024-04-26
4853,207,531,9,9174.61,0.0,73.22,82644.71,CANCELADO,2023-08-18
4854,25,832,3,12253.74,0.0,32.21,36793.43,ENVIADO,2022-01-04
4855,501,30,3,7254.22,0.19,117.9,17745.65,PAGO,2022-07-02
4856,573,51,1,8518.96,0.05,88.27,8181.28,PAGO,2023-11-16
4857,298,1041,8,7566.07,0.25,69.56,45465.98,CANCELADO,2024-01-21
4858,228,523,8,759.84,0.14,91.36,5319.06,PENDENTE,2022-10-11
4859,233,481,2,10454.47,0.28,138.11,15192.55,ENVIADO,31/02/2025
4860,186,1055,5,7669.85,0.05,135.52,36567.31,ENVIADO,2022-05-05
4861,1140,27,7,6898.19,0.01,110.68,47915.14,PAGO,2024-01-30
4862,180,210,4,11622.49,0.15,20.47,39536.94,PENDENTE,2025-01-15
4863,116,371,-1,9878.61,0.13,131.98,17320.76,PAGO,2023-12-09
4864,343,844,8,2259.53,0.21,64.17,14344.4,PENDENTE,2024-03-17
4865,240,649,5,9959.3,0.17,74.84,41405.93,CANCELADO,2023-06-30
4866,754,29,6,10930.82,,98.46,60436.59,PENDENTE,2024-05-29
4867,432,98,dez,8382.16,0.23,51.9,6506.16,ENVIADO,2022-11-19
4868,511,963,5,3288.82,0.06,109.99,15567.44,CANCELADO,2025-02-12
4869,315,585,-1,10378.11,0.11,59.64,64715.27,PENDENTE,2022-05-13
4870,200,76,4,5354.0,0.04,52.37,R$500,Cancelado,2023-01-15
4871,646,421,3,1196.77,0.18,72.67,3016.72,ENVIADO,15/03/2024
4872,584,703,5,14566.71,0.27,24.4,53192.89,ENVIADO,2022-08-30
4873,870,779,6,642.1,,55.7,3291.88,ENVIADO,2022-08-26
4874,490,96,1,14659.31,0.14,75.14,12682.15,PENDENTE,22/07/2024
4875,203,429,7,14703.85,0.28,11.27,74118.67,CANCELADO,2024-05-27
4876,758,63,7,8590.03,0.26,143.42,44639.78,CANCELADO,2022-05-01
4877,105,386,2,5063.64,0.27,105.24,7498.15,PENDENTE,2022/01/14
4878,795,1426,3,13006.45,0.01,115.52,38744.68,PENDENTE,2022-05-17
4879,607,416,4,10341.37,0.12,67.09,36468.71,PAGO,2024-09-16
4880,392,152,3,9391.6,,146.39,0,PAGO,2022-11-23
4881,117,343,5,2063.79,0.18,,8569.57,PAGO,2022-06-25
4882,1073,691,5,13426.17,0.21,37.65,53071.02,PAGO,2022-12-03
4883,192,1100,10,14892.49,0.29,125.85,105862.53,ENVIADO,2025-03-19
4884,564,57,4,434.23,0.24,62.1,1382.16,ENVIADO,2023-10-18
4885,426,825,8,5779.15,0.02,47.23,45355.77,ENVIADO,2022-07-04
4886,497,137,1,5215.26,0.22,37.03,4104.93,PAGO,2022-06-12
4887,262,151,6,13802.06,0.24,99.85,63037.24,PENDENTE,2024-01-23
4888,1186,480,,2157.52,0.12,103.54,15292.48,CANCELADO,2023-09-27
4889,274,221,1,13727.21,0.08,93.27,mil,PENDENTE,2024-08-17
4890,529,728,10,12536.98,0.0,115.07,125484.87,Cancelado,2024-05-09
4891,776,1377,5,2154.89,0.11,135.57,9724.83,CANCELADO,2023-03-01
4892,681,1224,5,7599.17,0.2,118.33,30515.01,PENDENTE,2022-09-03
4893,345,269,9,2739.95,0.03,119.43,24039.19,CANCELADO,2024-08-31
4894,20,493,3,1753.33,0.26,123.89,4016.28,PAGO ,2023-04-01
4895,89,659,10,7032.09,0.25,65.04,52805.71,Pago,2024-06-29
4896,64,479,4,3608.15,0.28,40.44,,ENVIADO,2024-11-17
4897,684,597,9,10285.97,0.17,131.38,76967.58,PAGO,2022-03-28
4898,513,717,1,13326.49,0.07,32.45,12426.09,PENDENTE,2023-07-23
4899,539,402,1,6789.0,0.26,73.66,5097.52,ENVIADO,2024-10-27
4900,562,1366,-1,11677.59,0.15,107.68,49737.44,ENVIADO,2022-05-27
4901,877,916,2,3764.34,0.06,26.46,7103.42,CANCELADO,2024-08-29
4902,468,686,10,2997.23,0.15,29.41,25505.86,CANCELADO,2022-04-29
4903,31,358,5,4964.79,0.01,28.77,24604.48,PAGO,2025-02-17
4904,903,601,,3831.49,0.06,102.64,36118.65,PENDENTE,2023-03-11
4905,162,126,1,367.06,0.2,85.57,379.22,PAGO,2024-12-19
4906,418,716,3,3223.2,0.21,85.0,mil,PAGO,2023-09-25
4907,1242,404,9,10318.69,0.25,100.8,69751.96,CANCELADO,2022-04-24
4908,773,124,9,9279.79,0.16,129.35,70284.56,ENVIADO,2024-07-10
4909,519,671,7,5529.19,0.3,15.42,27108.45,PAGO ,2023-01-28
4910,384,218,5,1780.35,0.12,77.25,7910.79,PAGO,2024-01-04
4911,601,868,9,4637.07,0.21,44.26,33013.83,PENDENTE,2023-09-12
4912,956,736,2,9193.21,0.03,87.5,17922.33,ENVIADO,2023-06-14
4913,70,344,6,9032.12,0.05,58.6,51541.68,PAGO ,2022-03-14
4914,585,397,8,83.61,0.07,38.87,,PENDENTE,2024-12-20
4915,1496,495,9,10313.75,0.19,96.94,75284.18,PAGO,2023-12-30
4916,99,195,-1,8948.36,0.18,80.82,51444.41,PAGO,2023-07-05
4917,213,299,6,11775.34,0.21,18.85,55833.96,PAGO,2022-03-25
4918,330,272,10,8194.5,0.02,,80326.68,PAGO,2022-08-29
4919,115,307,8,1496.08,0.07,,11235.64,PENDENTE,2023-02-08
4920,628,973,7,12600.12,0.02,133.14,86569.96,PAGO,2025-02-05
4921,530,421,9,13185.87,0.02,72.23,116371.6,CANCELADO,2024-01-30
4922,615,381,7,9278.07,0.13,33.15,56536.6,ENVIADO,2024-02-04
4923,689,746,4,645.62,0.07,17.15,,CANCELADO,2024-06-18
4924,83,7,7,7751.6,0.25,96.91,40792.81,PENDENTE,11/06/2022
4925,730,32,10,4354.58,,141.69,38897.45,,2022-06-09
4926,992,296,9,1733.42,0.01,57.47,15502.24,ENVIADO,2022-12-20
4927,877,620,6,7982.35,0.09,43.94,43627.57,PENDENTE,2023-08-18
4928,539,892,3,2157.28,0.28,11.01,4670.73,PAGO,2024-04-19
4929,801,256,6,11994.89,0.04,84.66,69175.23,ENVIADO,2024-11-18
4930,962,709,1,7889.98,0.01,107.44,7918.52,PENDENTE,2022-03-30
4931,313,96,4,7028.61,0.26,128.38,20933.07,ENVIADO,2023-11-16
4932,659,1445,1,924.47,0.12,47.1,860.63,PAGO,2022-12-12
4933,109,775,3,5341.56,0.29,119.66,11497.18,PENDENTE,2024-04-17
4934,519,16,3,2520.71,0.29,88.76,5457.87,CANCELADO,2023-01-07
4935,109,312,-5,4764.54,,89.47,8284.48,PENDENTE,2024-04-08
4936,25,690,5,12453.47,0.22,78.02,48646.55,CANCELADO,2022-01-27
4937,82,237,7,13978.52,0.03,94.44,95008.59,PENDENTE,2023-03-27
4938,1420,525,10,7015.58,0.17,54.21,-500,CANCELADO,2022-01-22
4939,627,578,3,2604.88,0.28,104.13,5730.67,CANCELADO,2024-01-30
4940,607,325,8,2820.33,0.06,82.71,0,ENVIADO,2022-11-21
4941,388,701,8,11634.14,0.26,85.85,68959.96,PAGO,2025-03-11
4942,883,225,-1,1744.73,0.27,125.76,-500,PENDENTE,2023-05-21
4943,566,420,9,4491.81,0.12,68.33,35643.47,PAGO,2023-01-10
4944,942,84,10,235.25,0.06,137.72,2349.07,CANCELADO,2023-06-06
4945,1039,1227,,11297.86,0.08,29.27,72787.49,PENDENTE,2022-12-17
4946,910,1011,2,12983.96,0.03,144.02,25332.9,ENVIADO,2023-04-14
4947,573,594,3,2130.3,0.09,149.55,5965.27,CANCELADO,2024-10-08
4948,225,334,9,946.91,0.28,144.05,6280.03,PAGO,2024-04-26
4949,580,1167,3,1557.04,0.06,101.63,4492.48,CANCELADO,2024-10-28
4950,643,965,-1,11621.21,0.24,95.96,17760.2,CANCELADO,2024-11-12
4951,1300,720,1,10359.37,0.25,22.56,7792.09,PAGO,2022-05-06
4952,611,28,7,1775.8,0.12,23.78,10962.71,PAGO,2024-08-17
4953,893,603,7,7225.4,0.0,55.4,50633.2,ENVIADO,2025-01-08
4954,731,976,8,8024.79,0.26,18.45,,,2023-12-30
4955,679,325,7,6883.39,0.21,85.57,38150.72,ENVIADO,2022-07-11
4956,367,213,5,331.38,0.19,137.56,1479.65,ENVIADO,2025-03-13
4957,1240,422,9,6419.92,0.24,124.21,44036.46,PENDENTE,2024-10-12
4958,727,658,,4077.56,0.01,137.92,28395.41,PAGO,2024-01-27
4959,771,653,8,832.8,0.16,11.72,5608.14,ENVIADO,2022-01-29
4960,723,636,5,13806.37,0.28,13.44,49716.37,PENDENTE,2023-12-13
4961,253,383,8,1246.04,0.26,117.07,7493.63,ENVIADO,2023-10-04
4962,852,814,8,3497.91,0.11,21.93,mil,ENVIADO,2023-06-30
4963,151,279,4,4353.46,0.22,99.85,13682.65,ENVIADO,2024-12-07
4964,26,322,9,3495.42,0.13,91.81,27460.95,Cancelado,2024-11-30
4965,839,735,2,11242.29,0.18,97.34,18534.7,ENVIADO,2025-02-22
4966,1423,326,2,1151.86,0.25,20.81,1748.6,PENDENTE,2024-04-30
4967,790,202,7,11453.9,,42.12,68192.82,PAGO ,2025-01-24
4968,1099,325,3,5713.16,0.2,105.42,13817.0,CANCELADO,2024-11-20
4969,477,906,dez,7937.77,0.24,93.33,12158.74,PAGO,2024-05-25
4970,533,452,dez,428.22,0.02,40.08,459.74,CANCELADO,2024-07-01
4971,701,830,6,8904.08,0.25,63.47,40131.83,CANCELADO,2023-05-30
4972,268,251,1,1438.17,0.28,90.64,1126.12,PAGO,2023-12-27
4973,45,964,5,9712.64,0.01,13.94,48091.51,ENVIADO,2024-06-12
4974,477,112,4,5186.54,0.1,99.92,18771.46,PAGO,2022-10-22
4975,625,981,10,2293.9,0.05,52.56,21844.61,PAGO ,2023-12-09
4976,636,945,8,11570.27,0.02,59.81,90770.73,PAGO,2024-09-30
4977,683,29,1,1328.64,0.05,16.42,1278.63,PENDENTE,2023-03-30
4978,118,95,10,7669.87,0.13,,66772.29,PAGO,2023-12-01
4979,924,214,3,13170.1,0.0,81.51,mil,ENVIADO,2023-05-22
4980,423,1126,3,9057.29,0.27,131.15,19966.62,CANCELADO,2024-11-28
4981,158,63,10,3987.52,0.16,51.37,33546.54,ENVIADO,2025-04-13
4982,459,197,2,11980.55,,129.46,17621.06,PENDENTE,2023-03-31
4983,556,37,8,4139.1,0.16,58.07,0,PAGO,2023-10-12
4984,1071,656,8,3569.27,0.06,62.63,26903.54,CANCELADO,2024-09-28
4985,1009,430,1,5532.24,0.14,,4896.0,PENDENTE,2024-03-22
4986,887,173,6,11559.65,0.14,16.75,59664.54,PENDENTE,2024-02-08
4987,936,262,7,8522.79,0.27,43.08,43594.54,PAGO,31/02/2025
4988,1013,1182,3,11741.17,0.09,86.62,32140.01,ENVIADO,2022-10-01
4989,506,158,,2659.24,0.23,37.64,16418.56,ENVIADO,2022-10-26
4990,838,155,6,10185.86,0.17,53.03,50778.61,ENVIADO,2024-06-07
4991,1260,647,10,3769.08,0.03,43.3,36603.38,PAGO,2024-03-18
4992,784,111,9,2773.88,0.26,114.22,18588.26,ENVIADO,2023-11-15
4993,425,12,-1,9970.65,0.15,100.59,25525.75,ENVIADO,2023-04-08
4994,535,857,,12373.73,0.24,117.5,56541.71,CANCELADO,2023-04-02
4995,42,377,8,13166.55,0.11,,93842.46,CANCELADO,2022-05-18
4996,1360,382,,8972.13,0.28,82.09,58221.49,ENVIADO,2025-03-01
4997,381,477,5,8325.23,0.28,18.38,29989.21,ENVIADO,2022-11-14
4998,510,746,9,2178.26,0.08,12.18,18048.17,CANCELADO,2024-07-25
4999,169,517,2,5571.8,0.02,66.86,10987.59,PENDENTE,2022-03-12
5000,35,98,7,880.09,0.04,68.0,5982.2,CANCELADO,2024-03-10
5001,1009,372,9,12120.28,0.1,67.5,98241.77,CANCELADO,2023-02-08
5002,168,837,10,10129.09,0.02,83.98,99349.06,ENVIADO,2024-01-04
5003,595,1280,2,10542.81,0.16,148.58,mil,CANCELADO,2023-05-30
5004,409,25,3,11269.92,0.08,108.86,31213.84,PENDENTE,2024-04-22
5005,847,740,5,8134.09,0.01,13.1,40276.85,PAGO ,2022-02-21
5006,739,1453,2,14391.99,0.25,102.48,21690.47,Pago,2022-10-23
5007,523,1330,9,13627.19,0.21,,0,CANCELADO,2023-11-20
5008,88,502,3,7754.6,0.21,78.55,18456.95,ENVIADO,2022-01-10
5009,1060,1264,2,8003.09,0.21,39.58,12684.46,CANCELADO,2022-03-21
5010,764,755,4,5479.35,0.27,143.64,16143.34,ENVIADO,2024-02-27
5011,291,578,5,6650.28,0.2,138.6,26739.72,PAGO,2024-04-20
5012,265,399,7,5906.81,0.19,35.79,33527.4,ENVIADO,2024-02-22
5013,847,154,5,5569.69,0.19,80.88,22638.12,CANCELADO,2024-11-10
5014,338,178,5,475.54,0.1,47.19,2187.12,CANCELADO,2024-08-15
5015,244,819,9,504.05,0.06,73.06,4337.32,PENDENTE,2023-05-28
5016,7,982,-5,7938.87,0.19,14.1,38597.01,PAGO,2023-05-17
5017,479,426,4,4616.0,0.27,60.69,13539.41,PAGO,11-03-2022
5018,760,934,3,11139.97,0.22,65.67,26133.2,ENVIADO,2025-02-02
5019,12,172,-1,1705.06,0.02,146.27,R$500,PAGO,2022-12-04
5020,309,580,3,12070.18,0.19,96.85,-500,PAGO,2022-09-25
5021,47,1262,9,13978.88,0.18,17.9,103182.03,PENDENTE,2023-07-12
5022,93,701,2,7704.36,0.28,77.7,11171.98,PAGO,2023-01-24
5023,203,876,2,1727.27,0.18,63.31,2896.03,PAGO,2025-01-24
5024,934,351,8,5906.13,,114.89,43584.01,PENDENTE,2025-03-21
5025,935,56,5,5531.93,0.28,,19989.7,PENDENTE,2024-08-30
5026,580,775,1,12829.53,0.08,54.66,11857.83,PAGO,2024-07-26
5027,576,671,8,10898.51,0.16,73.55,0,CANCELADO,2024-11-16
5028,980,237,7,6330.33,0.1,96.48,39977.56,Pago,2023-12-01
5029,357,191,3,3216.14,0.29,92.96,6943.34,CANCELADO,2022-07-11
5030,344,44,,14447.83,0.17,120.16,96053.75,,2025-02-18
5031,43,939,1,3325.99,0.16,,2892.08,PENDENTE,2023-04-10
5032,577,981,7,12924.28,0.3,66.27,63395.24,CANCELADO,2024-05-29
5033,622,3,10,1713.12,0.05,21.1,16295.74,CANCELADO,2023-07-04
5034,3,6,8,14769.49,0.27,133.26,86387.08,PENDENTE,2022-04-22
5035,874,592,10,7360.56,,55.95,54524.09,Pagoo,2024/09/23
5036,906,108,3,10296.14,0.02,53.89,30324.54,CANCELADO,2023-03-07
5037,491,357,6,7996.05,0.18,27.56,39368.13,ENVIADO,2022-08-23
5038,302,852,7,4848.89,0.24,57.36,25853.45,Pagoo,2022-09-01
5039,978,1423,10,2148.99,0.05,28.13,20443.53,PENDENTE,2023-02-28
5040,779,121,-5,1694.64,0.08,139.67,12612.22,PAGO,2023-07-18
5041,675,887,1,2208.74,0.13,109.57,2031.17,PAGO,2023-07-29
5042,1170,738,,3391.99,0.08,148.07,28233.75,ENVIADO,2024-08-28
5043,143,421,4,10840.65,0.21,145.89,34402.34,CANCELADO,2022-01-28
5044,378,104,7,13811.92,0.23,114.52,-500,PENDENTE,2023-07-26
5045,428,90,8,13166.08,0.12,86.66,92775.86,PENDENTE,2022-05-02
5046,484,20,5,11778.97,0.23,63.81,45412.84,PAGO,2023-01-30
5047,195,696,2,7314.38,0.3,123.24,10363.37,PENDENTE,2024-07-30
5048,578,871,7,6829.58,0.29,103.07,34046.08,ENVIADO,2023-05-28
5049,749,347,7,368.43,0.29,139.7,1970.8,CANCELADO,2022-11-07
5050,188,237,5,2080.1,0.16,18.37,8754.79,CANCELADO,2023-01-03
5051,229,924,3,10669.78,0.13,84.93,27933.06,ENVIADO,2022-04-16
5052,806,726,4,13034.16,0.18,79.2,42831.24,PAGO,2023-06-09
5053,634,1389,6,1123.95,0.14,13.23,5812.81,CANCELADO,2023-05-27
5054,860,395,3,13854.52,0.13,11.93,36172.23,CANCELADO,2025-03-13
5055,424,374,3,12186.04,0.02,131.26,35958.22,PENDENTE,2024-11-10
5056,579,600,8,10301.69,0.07,112.91,76757.48,CANCELADO,2022-12-02
5057,946,421,2,12475.57,,123.26,19086.13,ENVIADO,2025-02-27
5058,635,663,2,10889.7,0.25,113.4,16447.95,PAGO,2022-11-27
5059,90,870,2,3992.5,0.01,92.57,7997.72,ENVIADO,2022-01-04
5060,300,629,9,2938.92,0.12,143.68,,ENVIADO,2023-12-01
5061,325,480,7,13014.62,0.16,75.99,76601.96,ENVIADO,2023-11-22
5062,312,134,2,14123.9,0.03,125.24,27525.61,PENDENTE,2024-02-14
5063,958,798,-1,10399.36,0.09,147.49,47464.58,CANCELADO,2025-02-26
5064,283,1004,6,10569.64,0.23,109.47,48941.21,PAGO,2023-12-21
5065,805,315,8,1475.18,0.15,92.87,10124.09,PAGO,2024-12-21
5066,484,735,1,2876.69,0.08,113.36,2759.91,PAGO,2024-10-11
5067,302,579,8,6303.11,0.09,18.03,45904.67,PAGO,2025-04-10
5068,536,369,1,12534.99,0.27,76.67,9227.21,PENDENTE,99/99/9999
5069,153,569,-5,10984.04,0.23,71.85,67733.54,CANCELADO,2023-08-19
5070,661,417,1,7240.66,0.06,12.43,6818.65,PENDENTE,2022-01-22
5071,32,986,1,11687.33,0.18,103.16,9686.77,CANCELADO,2023-06-24
5072,192,178,4,3195.47,0.13,68.32,11188.56,PENDENTE,2022-11-19
5073,886,338,3,8619.74,0.17,90.3,,PAGO,2025-02-20
5074,443,274,10,12001.64,0.22,123.26,93736.05,PENDENTE,03-15-2023
5075,310,348,9,10402.94,0.09,10.6,85210.68,ENVIADO,2024-05-10
5076,505,882,1,5004.4,0.21,23.62,3977.1,ENVIADO,2024-01-09
5077,53,483,2,3358.98,0.22,14.09,5254.1,PAGO,2024-05-02
5078,197,897,6,13549.52,0.02,21.24,79692.42,PENDENTE,2023-04-20
5079,72,1024,3,13329.73,0.19,115.69,32506.93,ENVIADO,2023-06-02
5080,32,224,4,3827.27,0.13,61.48,13380.38,CANCELADO,2024-05-19
5081,180,763,1,9376.24,0.3,127.07,6690.44,CANCELADO,2023-01-31
5082,1498,129,2,1122.61,0.06,138.87,2249.38,ENVIADO,2022-12-06
5083,702,19,5,7514.26,0.25,120.46,28298.94,PENDENTE,31/02/2025
5084,870,912,10,8346.04,0.25,34.88,62630.18,ENVIADO,2023-03-18
5085,420,975,9,12772.7,0.3,10.86,80478.87,PENDENTE,2022-10-06
5086,549,102,2,10194.93,0.29,126.44,,Pago,2024-08-09
5087,23,592,9,14036.33,,139.92,102464.77,PENDENTE,2023-02-06
5088,846,539,5,13144.25,0.14,108.5,56628.78,PAGO,2024-11-20
5089,410,314,dez,8920.11,0.14,79.66,15422.25,ENVIADO,2022-03-19
5090,464,854,9,10785.61,0.23,62.3,74806.58,CANCELADO,2022-09-04
5091,691,103,10,14139.37,0.19,120.47,114649.37,PAGO,2022-04-12
5092,938,785,7,6574.89,0.11,62.58,41024.14,,2024-10-04
5093,270,548,3,9298.38,0.29,60.45,19866.0,CANCELADO,2024-06-25
5094,876,955,4,7166.41,0.17,23.17,23815.65,PAGO,99/99/9999
5095,398,779,1,9371.32,0.06,11.17,8820.21,CANCELADO,2024-01-04
5096,784,722,3,13450.96,0.21,29.67,31908.45,ENVIADO,2024-04-08
5097,711,568,,7699.42,0.06,145.29,43570.02,CANCELADO,2024-01-27
5098,955,547,10,5523.42,0.1,93.72,49804.5,PAGO,2023-08-24
5099,128,79,2,888.92,0.22,58.57,1445.29,CANCELADO,2022-08-02
5100,314,166,7,10372.11,0.05,96.06,69070.59,ENVIADO,2022-01-15
5101,414,392,dez,9327.2,0.06,112.11,17647.25,ENVIADO,2024-07-08
5102,609,272,10,1463.39,,36.63,14670.53,ENVIADO,2022-02-26
5103,927,155,7,6274.23,0.14,139.66,37910.52,PENDENTE,2024/09/14
5104,91,222,4,2203.78,0.18,22.95,7251.35,PENDENTE,2022-04-08
5105,410,50,-5,2693.68,0.19,138.33,2320.21,PENDENTE,2023-06-09
5106,247,136,4,9501.44,0.13,98.0,33163.01,PENDENTE,2022-07-17
5107,476,383,5,10174.26,0.29,83.2,36201.82,ENVIADO,2023-08-06
5108,527,828,4,13595.7,0.08,95.67,50127.85,CANCELADO,2023-10-06
5109,870,349,10,11316.5,0.06,82.48,106457.58,PAGO,2024-05-02
5110,982,232,2,10777.14,0.19,93.21,17552.18,ENVIADO,2022-04-03
5111,477,89,6,1328.51,0.05,61.13,7633.64,PAGO,2022-01-31
5112,948,790,9,1033.31,0.22,95.69,7349.53,ENVIADO,2025-01-19
5113,63,377,9,2116.05,0.07,116.54,17827.88,PENDENTE,2022-04-29
5114,537,1097,3,4036.98,0.28,,8841.53,PENDENTE,2023-03-02
5115,1446,602,9,4867.31,0.28,128.06,31668.23,CANCELADO,2024-12-05
5116,732,564,dez,10086.17,0.26,127.61,22518.91,CANCELADO,2024-05-07
5117,595,102,9,11113.28,0.19,76.17,81091.98,PENDENTE,31/02/2025
5118,846,317,3,13379.35,0.04,94.65,38627.18,CANCELADO,2022-03-17
5119,207,899,8,2091.98,0.27,39.58,12256.74,PENDENTE,2023-07-10
5120,252,535,3,5514.51,0.11,71.75,14795.49,PAGO,2024-11-19
5121,693,70,2,9735.45,0.01,21.23,19297.42,CANCELADO,2023-03-28
5122,812,656,3,3780.32,0.2,19.49,9092.26,PAGO,2024-06-22
5123,521,472,6,6543.49,0.2,26.94,31435.69,PAGO,2023-08-30
5124,74,148,8,2076.12,,105.96,12396.59,ENVIADO,2023-02-10
5125,68,456,5,5255.74,0.18,149.0,21697.53,PENDENTE,99/99/9999
5126,762,396,8,13320.91,0.06,72.14,100245.38,PAGO,2024-03-17
5127,366,843,10,979.1,0.02,142.57,9737.75,PENDENTE,2022-08-21
5128,103,497,3,1330.86,0.18,137.49,3411.41,CANCELADO,2023-06-11
5129,146,637,1,13607.88,0.04,147.26,13210.82,ENVIADO,2022-11-09
5130,151,292,9,9602.02,0.08,133.6,79638.33,ENVIADO,2022-04-25
5131,262,816,9,199.83,0.11,113.81,1714.45,,2025-03-12
5132,166,815,4,2969.82,0.29,112.24,8546.53,PENDENTE,2022-11-08
5133,87,518,7,10691.04,0.3,115.56,52501.66,ENVIADO,2022-09-17
5134,971,66,4,9844.59,0.23,145.77,30467.11,PENDENTE,2022-01-19
5135,998,55,4,7710.3,0.05,130.21,29429.35,ENVIADO,2024-08-05
5136,242,467,1,14232.04,0.17,84.99,0,PAGO,2024-05-16
5137,592,578,10,9085.58,0.24,,69121.77,PAGO,2023-10-19
5138,139,889,2,6525.63,0.29,34.86,9301.25,ENVIADO,2023-10-02
5139,487,86,4,14668.11,0.08,82.73,54061.37,Pagoo,2023-01-06
5140,220,428,2,12670.48,0.2,23.41,20296.18,PAGO,2022-03-03
5141,881,46,10,3653.18,0.06,114.68,34454.57,ENVIADO,2024-01-30
5142,900,155,9,4837.91,0.2,21.74,34854.69,Pago,2023-04-28
5143,439,443,8,11924.45,0.28,15.69,68700.52,PENDENTE,2022-05-25
5144,909,534,10,10818.98,0.12,76.15,95283.17,CANCELADO,2024-09-02
5145,318,236,4,8071.2,0.14,131.6,27896.53,PAGO,2022-06-13
5146,432,748,9,14516.26,0.13,132.91,113795.23,PAGO,2024-02-12
5147,900,477,3,3010.29,0.08,81.73,8390.13,PAGO,2022-06-02
5148,30,920,4,13615.82,0.27,24.01,39782.2,PAGO,2022-12-14
5149,234,851,10,11917.52,0.1,90.62,0,PENDENTE,2022-11-07
5150,856,1030,1,6165.25,0.22,129.19,4938.09,PENDENTE,2022-01-03
5151,618,314,10,2098.34,0.01,147.53,20921.1,CANCELADO,2022-07-13
5152,765,1295,5,3384.47,0.11,131.79,15192.68,CANCELADO,2024-01-09
5153,606,731,1,3226.7,0.06,129.18,3162.28,ENVIADO,2023-08-26
5154,159,1440,4,2974.44,0.24,96.37,mil,ENVIADO,2022-01-19
5155,219,486,10,6325.52,0.11,142.48,56439.61,CANCELADO,2022-03-31
5156,962,452,9,2456.81,0.12,86.16,19544.1,ENVIADO,2023-06-02
5157,480,324,2,10071.35,,76.51,15384.96,ENVIADO,2025-02-19
5158,69,585,7,13164.78,0.25,46.38,69161.48,ENVIADO,31/02/2025
5159,878,1406,10,8946.54,0.11,21.76,79645.97,CANCELADO,2023-05-09
5160,967,421,7,8413.11,0.29,32.79,41845.95,PAGO,2024-09-23
5161,326,799,10,5531.94,0.06,90.13,52090.37,ENVIADO,2022-10-10
5162,364,995,7,6600.71,0.06,10.48,43443.15,PENDENTE,2024-09-04
5163,781,808,8,8686.91,0.21,80.72,54981.99,CANCELADO,2025-04-06
5164,595,498,2,11144.75,0.13,,19520.72,PENDENTE,2023-11-21
5165,912,703,2,12051.38,0.23,68.91,18628.04,PENDENTE,2024-06-10
5166,1117,428,2,6868.48,0.05,98.09,13148.2,Pago,2023-07-25
5167,80,844,0,2048.76,0.28,128.7,10454.45,CANCELADO,2022-11-04
5168,230,1331,6,6012.75,0.18,142.24,29724.97,Pagoo,2025-03-09
5169,699,515,5,5903.53,,56.27,24555.92,ENVIADO,2024-01-30
5170,473,1022,1,14468.0,0.25,122.71,10973.71,PAGO,2023-12-29
5171,382,533,5,7765.29,0.16,28.2,32642.42,PENDENTE,2024-08-14
5172,827,769,dez,13585.39,0.19,48.7,99086.19,PENDENTE,2025-01-06
5173,337,384,3,8472.56,,28.42,23412.69,ENVIADO,2025-02-21
5174,801,717,8,7964.97,0.23,86.61,49150.83,CANCELADO,2022-09-30
5175,751,507,8,5294.6,0.01,64.04,41997.27,PENDENTE,2022-09-12
5176,294,648,1,9180.61,,126.98,7287.86,CANCELADO,07/10/2024
5177,1428,529,6,3423.22,0.13,27.59,17896.8,CANCELADO,2024-03-26
5178,81,775,,10151.42,0.16,72.56,8599.75,PAGO,2022-12-07
5179,329,492,10,14199.38,0.26,87.17,105162.58,PAGO,2024-03-18
5180,886,659,5,713.66,,39.72,2573.21,CANCELADO,2022-09-29
5181,238,1206,9,2897.46,0.2,21.34,20883.05,CANCELADO,2024-04-14
5182,156,968,5,212.04,0.07,144.66,1130.65,CANCELADO,2024-12-02
5183,14,719,9,11044.6,0.11,103.04,88570.29,PENDENTE,2023-04-04
5184,170,966,10,7616.64,0.05,93.46,72451.54,CANCELADO,18/04/2022
5185,400,1498,10,4284.95,0.21,126.27,33977.38,ENVIADO,2022-10-27
5186,192,892,1,11037.53,0.11,64.77,0,ENVIADO,2022-01-20
5187,975,629,8,11178.97,0.24,15.31,67983.45,pago,2022-07-25
5188,651,577,,7218.9,0.1,33.26,65003.36,CANCELADO,2023-07-12
5189,682,382,2,13691.47,0.21,26.94,21659.46,PAGO,99/99/9999
5190,310,217,1,5522.64,0.28,52.43,4028.73,PAGO,2022-11-13
5191,315,840,1,3050.97,,13.65,2210.35,PAGO,2022-12-03
5192,701,849,5,158.76,0.21,43.07,670.17,PENDENTE,2025-03-21
5193,34,59,7,2061.45,0.18,19.38,11852.1,PENDENTE,12-27-2023
5194,1230,304,-1,11619.12,0.01,128.8,11631.73,PENDENTE,2022-10-17
5195,881,192,5,3926.12,0.07,72.94,18329.4,PENDENTE,2024-09-12
5196,980,992,5,7250.17,0.13,130.04,31668.28,ENVIADO,2022-09-26
5197,345,1121,6,487.7,0.15,81.44,2568.71,ENVIADO,2022-10-11
5198,668,700,8,10614.87,0.23,136.08,65523.68,PENDENTE,2025-01-08
5199,249,789,2,11840.72,0.02,104.5,23312.31,CANCELADO,2023-12-13
5200,203,362,2,6739.4,0.26,91.71,10066.02,PAGO,2023-09-15
5201,233,675,10,5595.98,0.2,134.49,44902.33,PENDENTE,2023-02-01
5202,232,233,4,5644.57,0.09,40.26,20586.49,CANCELADO,2023-01-20
5203,734,1006,4,10523.23,0.29,39.23,29925.2,CANCELADO,2022/03/19
5204,143,489,-5,5472.17,,126.13,23437.57,PENDENTE,2024-04-21
5205,265,615,4,13670.08,0.19,113.7,44404.76,PAGO,2023-08-21
5206,136,350,1,3935.14,0.02,66.1,3922.54,PAGO,2025-01-19
5207,247,987,1,6301.44,0.28,67.09,4604.13,ENVIADO,2023-06-06
5208,389,869,9,3570.11,0.03,63.17,31230.23,ENVIADO,2023-02-23
5209,778,197,1,8727.21,0.29,,6332.9,CANCELADO,2024-03-01
5210,935,544,2,8310.7,0.28,60.24,12027.65,PAGO,2023-06-30
5211,584,44,0,8314.67,0.19,141.6,60755.54,ENVIADO,2023-02-15
5212,391,347,-5,7081.03,0.11,92.26,44207.08,CANCELADO,2022-01-16
5213,311,295,7,14476.47,0.24,134.64,77149.46,CANCELADO,2025-01-20
5214,979,684,-5,6093.2,0.24,83.27,9344.93,CANCELADO,2023-01-07
5215,452,226,5,9082.35,0.22,142.85,35564.01,PAGO,2022-01-18
5216,68,956,6,13008.37,0.08,32.84,71839.04,PAGO,2024-08-23
5217,996,514,8,4334.58,0.21,59.19,27453.74,PAGO,2022-10-29
5218,382,928,dez,2868.98,0.2,91.41,18452.88,PENDENTE,2022-10-03
5219,386,319,10,9206.58,0.15,45.97,78301.9,CANCELADO,2024-11-25
5220,916,528,1,14978.43,,60.01,13091.24,ENVIADO,2024-07-09
5221,260,859,1,13788.21,0.0,97.38,13885.59,ENVIADO,02-28-2024
5222,788,528,-1,4055.51,0.03,27.78,35432.38,ENVIADO,2024-09-09
5223,848,948,8,7982.82,0.15,141.44,54424.62,CANCELADO,2023-04-17
5224,317,801,7,2358.87,0.01,69.62,16416.59,PAGO,2022-04-17
5225,914,511,7,8735.88,0.24,142.5,46617.38,PAGO,2024-06-17
5226,374,588,3,5136.44,0.13,97.45,13503.56,PAGO,2022-12-15
5227,790,1069,2,3602.04,0.04,68.75,6984.67,CANCELADO,2022-09-25
5228,975,645,1,2737.55,0.21,26.88,2189.54,ENVIADO,2025-03-29
5229,863,466,8,4314.54,0.18,103.29,-500,ENVIADO,2025-03-31
5230,685,957,3,1607.16,0.22,106.54,3867.29,CANCELADO,2024-07-06
5231,943,565,1,1932.31,0.06,29.65,1846.02,ENVIADO,03-24-2025
5232,32,650,1,4676.2,0.03,92.09,4628.0,PAGO,31/02/2025
5233,959,1228,1,1553.9,0.2,129.93,1373.05,CANCELADO,2022-09-03
5234,750,722,2,59.75,0.27,108.42,195.66,CANCELADO,2022-08-12
5235,1223,397,8,8899.55,0.2,105.84,57062.96,PENDENTE,2023-05-25
5236,999,396,2,10397.41,0.15,23.66,17699.26,PAGO,2022-09-12
5237,702,303,8,4066.6,0.02,88.89,31971.03,PENDENTE,2023-07-07
5238,1482,456,2,9449.94,0.16,117.16,15993.06,PENDENTE,2025-01-02
5239,623,947,1,4194.96,0.06,66.86,4010.12,PENDENTE,2023-08-11
5240,696,1484,9,5091.56,0.16,149.55,38641.74,PAGO,2022-09-02
5241,719,335,10,9982.8,0.13,123.16,86973.52,CANCELADO,2022-05-14
5242,501,119,3,3549.44,0.16,95.62,9040.21,ENVIADO,2022-12-29
5243,202,847,8,1893.52,0.21,144.63,12111.68,ENVIADO,2023-05-11
5244,103,17,9,10230.71,0.28,72.04,0,PENDENTE,2023-08-20
5245,590,384,4,5270.26,0.06,146.5,19962.68,PENDENTE,2023-08-22
5246,833,858,8,12273.29,0.25,47.17,73686.91,PENDENTE,2023-01-23
5247,267,418,10,2534.25,0.27,88.99,18589.01,PAGO,2022-05-03
5248,859,95,1,14422.97,0.15,100.69,12360.21,CANCELADO,2023-11-27
5249,841,998,7,10012.45,0.12,63.5,61740.19,PENDENTE,2022-07-01
5250,838,440,7,7269.69,0.04,38.52,48890.84,ENVIADO,2023-06-21
5251,365,678,5,10529.41,0.16,72.13,44295.65,ENVIADO,07-18-2022
5252,746,634,7,7586.23,0.19,96.68,43110.6,CANCELADO,2024-02-10
5253,873,827,6,2233.4,0.26,109.84,10026.14,PENDENTE,2023-03-12
5254,257,23,5,9286.61,0.22,93.51,36311.29,ENVIADO,31/02/2025
5255,247,671,5,7546.24,0.07,,35238.84,ENVIADO,2022-12-06
5256,852,362,4,14757.05,0.17,134.42,49127.83,ENVIADO,2023-07-01
5257,616,143,9,6064.16,,,43688.15,PAGO,2022-02-26
5258,427,669,,13918.9,0.12,10.16,49004.69,PAGO,2022-12-29
5259,137,574,6,5391.48,0.22,13.67,0,PENDENTE,2024-11-28
5260,556,753,6,4794.83,0.21,149.72,22877.21,PENDENTE,2023-12-27
5261,939,536,7,43.51,0.02,12.7,311.18,CANCELADO,2022-04-23
5262,368,163,4,11113.35,0.09,16.48,40469.07,Cancelado,2023-12-14
5263,101,359,0,6734.33,0.28,23.19,14569.34,ENVIADO,2024-05-05
5264,273,613,6,4521.0,0.15,79.02,23136.12,PENDENTE,2022-10-13
5265,535,796,1,12719.03,0.12,105.3,11298.05,ENVIADO,2024-03-22
5266,782,717,2,1744.53,0.04,127.66,3477.16,PENDENTE,2022-12-03
5267,639,526,4,10824.66,0.1,,39050.57,CANCELADO,2023-01-18
5268,541,1181,9,3534.39,0.25,,23971.62,CANCELADO,2022-12-05
5269,578,847,3,3313.58,0.08,122.25,R$500,ENVIADO,2022-10-31
5270,244,918,0,5742.48,0.24,,43791.49,PENDENTE,2023-04-26
5271,518,1224,6,6404.61,0.03,40.42,37315.25,Pago,2022-09-19
5272,853,447,7,3542.67,0.22,73.27,19416.25,ENVIADO,2023-09-01
5273,422,278,2,1896.49,0.13,13.91,3313.8,ENVIADO,2024-08-25
5274,237,443,5,11265.97,0.19,131.24,45758.42,CANCELADO,2024-08-30
5275,328,569,dez,9752.94,0.01,62.89,77306.17,ENVIADO,2024-01-30
5276,905,430,4,8040.01,0.22,41.66,25126.49,CANCELADO,2025-01-02
5277,961,712,5,9091.24,0.28,68.13,32796.59,CANCELADO,2024-02-01
5278,566,89,8,8882.31,0.27,37.04,51909.73,pago,2023-02-22
5279,1129,922,7,13160.75,0.28,96.8,66426.98,PAGO,2024-05-22
5280,667,511,5,8653.52,,121.39,39927.58,PAGO,2024-11-16
5281,779,842,2,12610.53,0.16,27.07,21212.76,CANCELADO,30/07/2023
5282,753,874,9,8419.49,0.09,103.32,69058.94,PAGO,2024-07-02
5283,180,697,3,10752.41,0.24,125.41,24640.9,CANCELADO,2023-12-12
5284,166,1443,8,10214.35,0.14,59.94,70334.67,ENVIADO,2022-10-20
5285,712,485,7,6132.38,0.09,92.58,39155.84,CANCELADO,02/11/2023
5286,647,692,6,8552.87,0.08,60.53,47272.37,PAGO,2022-08-01
5287,663,395,5,2863.96,0.1,75.71,12963.53,PAGO,2022-10-01
5288,368,915,6,10232.22,0.13,114.9,53527.09,ENVIADO,2024-01-15
5289,165,222,1,8344.7,0.12,105.56,7448.9,ENVIADO,2023-03-20
5290,256,292,3,10125.03,0.3,30.6,21293.16,PENDENTE,2024-09-14
5291,718,513,3,7920.14,0.08,143.87,22003.46,PAGO,99/99/9999
5292,2,899,9,11544.52,0.18,104.75,85303.31,PENDENTE,2023-06-21
5293,417,196,6,10017.22,0.18,35.41,49320.13,PENDENTE,2024-04-11
5294,273,209,3,12354.67,0.29,114.36,26429.81,ENVIADO,2022-07-01
5295,985,273,-5,14811.48,0.26,91.51,22012.5,PAGO,2023-01-15
5296,317,632,10,14197.71,0.05,115.7,134993.94,ENVIADO,2024-09-15
5297,587,129,2,1625.05,0.03,,3217.38,ENVIADO,2022-08-13
5298,137,985,dez,14411.55,0.17,52.65,119668.51,PAGO,2022-10-02
5299,129,259,8,1648.46,0.02,66.05,12989.98,ENVIADO,2022-06-14
5300,416,784,2,14774.75,0.14,74.69,25487.26,PENDENTE,2024-07-18
5301,196,582,6,2327.93,,67.35,13057.2,CANCELADO,2022-10-08
5302,846,1373,4,7876.46,0.26,120.98,23435.3,CANCELADO,2025-04-03
5303,928,983,1,14443.36,0.03,38.58,14048.64,PAGO,2024-08-25
5304,618,724,3,12248.4,0.27,60.24,26884.24,PAGO,2022-12-08
5305,573,618,3,10320.22,0.18,144.62,25532.36,CANCELADO,2022-12-23
5306,203,913,2,9691.73,0.01,131.93,19321.56,CANCELADO,2025-03-11
5307,527,647,8,9613.44,0.15,122.23,65493.62,ENVIADO,2024-02-25
5308,1465,154,8,1700.13,0.28,55.64,9848.39,PAGO,2025-01-26
5309,373,653,8,8877.92,0.13,43.36,61833.68,PENDENTE,2023-07-03
5310,545,23,2,1412.15,0.15,,2510.3,ENVIADO,2024-04-08
5311,669,350,8,5107.6,0.17,,33960.7,ENVIADO,2023-05-11
5312,729,142,3,5517.88,0.03,71.05,16128.08,CANCELADO,2022-04-29
5313,827,262,10,5313.72,0.21,28.39,42006.78,CANCELADO,2022-11-24
5314,371,702,9,5183.37,0.17,,38753.37,PENDENTE,2024-09-20
5315,156,838,-1,7095.59,0.28,89.2,51177.45,CANCELADO,2024-03-26
5316,794,253,6,4962.23,0.01,65.45,29541.1,ENVIADO,2022-08-25
5317,673,850,8,14258.3,0.01,75.79,113001.53,PENDENTE,2023-10-15
5318,942,422,3,9473.17,0.14,39.71,24480.49,CANCELADO,16/11/2022
5319,201,204,3,50.83,0.15,,251.99,ENVIADO,2022-08-17
5320,855,887,8,7454.63,0.03,22.37,57870.3,PAGO,2022-12-11
5321,927,401,6,9912.86,0.14,120.28,51270.64,PAGO,2022-12-02
5322,582,195,1,8275.89,0.28,122.45,6081.09,PENDENTE,2022-08-25
5323,625,284,3,308.94,0.26,72.31,758.16,CANCELADO,2023-02-21
5324,512,904,3,6413.91,0.04,132.74,18604.8,PENDENTE,2022/01/22
5325,513,866,5,12790.13,0.03,18.95,62051.08,,2022-02-25
5326,559,195,2,4718.27,0.07,88.99,8864.97,CANCELADO,2022-07-22
5327,592,673,2,13330.29,0.06,141.33,25202.28,PAGO,2023-06-22
5328,775,644,8,5968.97,0.09,141.69,,PAGO,2025-02-20
5329,635,1208,3,5482.27,0.07,98.94,15394.47,PAGO,2024-05-09
5330,129,367,7,11098.79,0.01,114.6,77029.21,ENVIADO,2022-06-17
5331,766,282,6,5044.98,0.24,140.73,23145.84,PENDENTE,2024-09-13
5332,543,1390,10,10248.58,0.27,88.28,74902.91,ENVIADO,2023-09-08
5333,986,533,9,867.82,0.01,26.52,7758.8,PAGO,2023-12-30
5334,1366,820,7,2948.32,0.12,121.27,18282.92,PAGO,2023-09-01
5335,1118,831,6,1987.95,0.26,114.8,8941.3,PENDENTE,2023-01-19
5336,331,206,5,12042.16,0.21,55.51,47622.04,PENDENTE,2024-04-05
5337,161,930,3,12097.86,0.21,41.43,28713.36,PENDENTE,2022-09-15
5338,408,377,8,1234.76,0.02,20.95,9701.47,ENVIADO,2023-10-07
5339,617,532,5,3420.89,0.23,14.81,13185.24,Cancelado,02-18-2025
5340,740,782,8,2198.38,0.27,117.56,12956.1,PAGO,2024-07-16
5341,3,186,4,6072.41,0.15,98.52,20744.71,ENVIADO,31/02/2025
5342,749,273,6,3052.46,0.21,44.06,14512.72,ENVIADO,2023-07-03
5343,226,361,10,905.5,0.17,81.85,-500,PAGO,2022-12-05
5344,10,865,5,4299.81,0.19,71.26,17485.49,CANCELADO,2023-06-17
5345,331,917,3,11677.02,0.25,105.72,26379.01,PENDENTE,2023-09-03
5346,65,1273,4,2730.97,0.1,122.42,9953.91,CANCELADO,2023-10-30
5347,879,713,-5,6229.85,0.18,108.48,40976.3,PAGO,2024-12-12
5348,130,913,5,3286.71,0.1,12.69,14802.89,PENDENTE,2024-03-23
5349,203,85,9,5496.55,0.05,49.15,47044.65,PENDENTE,2022-02-06
5350,565,383,6,9557.18,0.11,104.06,51139.4,ENVIADO,2024-06-17
5351,184,352,8,6246.33,0.04,138.42,48110.23,CANCELADO,2023-04-11
5352,1085,787,8,2591.43,0.23,15.44,15978.65,PENDENTE,07/01/2025
5353,495,745,8,1052.76,0.16,57.7,7132.25,PENDENTE,2023-11-18
5354,96,432,dez,14729.29,0.06,95.8,83169.0,PAGO,2022-11-05
5355,95,107,1,1669.19,0.24,123.68,1392.26,CANCELADO,2024-10-11
5356,945,279,4,4418.48,0.01,129.8,17626.98,PAGO ,2023-09-06
5357,1242,672,3,7119.98,0.2,44.7,17132.65,PENDENTE,2024-11-10
5358,9,791,5,7939.55,0.18,95.02,32647.18,ENVIADO,2025-04-03
5359,760,76,7,7937.96,0.13,79.48,48421.66,ENVIADO,2022-12-09
5360,672,266,10,12564.26,0.19,114.16,-500,PENDENTE,2022-01-31
5361,52,115,6,7324.43,0.22,51.28,34329.61,ENVIADO,2023-08-17
5362,1310,850,7,5706.85,0.28,52.02,28814.54,ENVIADO,2023-02-07
5363,526,1377,0,4036.43,0.29,20.03,14349.36,PAGO,2023-04-07
5364,535,331,9,11326.8,0.09,70.32,92836.81,PENDENTE,2023-11-16
5365,144,829,5,6024.44,0.21,71.53,23868.07,PENDENTE,2025-01-21
5366,717,246,7,12326.62,0.22,146.27,67449.62,PENDENTE,2022-01-19
5367,404,587,6,7625.82,0.22,131.38,35820.22,PENDENTE,2024-01-02
5368,306,427,1,5016.96,0.22,137.13,4050.36,CANCELADO,2023-05-10
5369,264,361,10,11520.13,0.04,59.99,110653.24,PENDENTE,2023-01-30
5370,275,835,dez,11877.4,0.18,40.56,58477.37,CANCELADO,2022-01-13
5371,331,100,7,454.25,0.15,53.53,2756.32,ENVIADO,2022-05-07
5372,333,720,dez,1331.91,0.16,28.39,6741.22,,2022-01-28
5373,914,946,3,4593.33,0.06,145.45,13098.64,CANCELADO,2025-02-04
5374,939,398,7,11861.69,0.28,30.93,59813.85,ENVIADO,31/02/2025
5375,294,946,10,12567.07,0.07,137.1,117010.85,PENDENTE,2022-06-30
5376,1317,283,8,10124.97,0.11,87.24,72177.03,PAGO,2022-04-22
5377,151,322,1,7410.28,,54.88,6279.52,PAGO,2024-06-03
5378,753,697,3,12509.21,0.2,119.39,30141.49,,2024-12-14
5379,407,315,9,8205.77,0.24,82.9,56210.37,PENDENTE,2025-03-06
5380,377,920,8,12875.39,0.28,14.8,74177.05,PAGO ,2024-02-20
5381,90,1304,7,4550.54,0.0,78.18,31931.96,ENVIADO,2024-11-08
5382,944,202,3,9699.19,0.24,125.15,22239.3,PAGO,2023-01-29
5383,136,524,7,11516.65,0.24,106.15,61374.73,CANCELADO,2023-04-09
5384,1247,200,3,12890.79,,33.39,37158.87,PAGO,2023-07-01
5385,578,659,10,4081.43,0.05,62.85,38836.43,ENVIADO,2024-04-28
5386,63,113,7,7752.68,0.21,106.73,42979.05,ENVIADO,2022-06-11
5387,917,590,6,1955.58,0.24,58.72,8976.16,CANCELADO,2023-06-10
5388,341,364,7,7756.24,0.04,55.91,52177.84,CANCELADO,99/99/9999
5389,688,479,8,626.48,0.02,,4999.5,ENVIADO,2024-05-19
5390,355,427,5,13181.57,0.1,78.91,59395.98,PAGO,2024-06-30
5391,125,1206,4,792.86,0.25,149.75,2528.33,ENVIADO,2022-07-23
5392,782,1356,4,8430.46,0.22,106.79,26409.83,CANCELADO,2022-03-16
5393,273,590,2,1508.88,0.24,16.65,mil,PENDENTE,2023-07-30
5394,643,816,2,13489.28,0.08,141.59,24961.87,PAGO,2022-01-03
5395,1259,1483,2,11922.18,0.2,47.65,19123.14,CANCELADO,2025-03-06
5396,955,271,9,7118.05,0.11,43.52,57059.1,ENVIADO,2023-05-13
5397,241,535,7,6410.5,0.09,89.96,40924.85,ENVIADO,2023-12-19
5398,768,977,10,10448.9,0.3,,73271.79,ENVIADO,2023-04-12
5399,565,754,2,924.53,0.24,92.91,1498.2,ENVIADO,17/09/2024
5400,270,494,5,11340.88,0.26,128.01,42089.27,PENDENTE,2022-09-09
5401,994,342,8,4877.26,0.06,72.75,36749.75,ENVIADO,2025-03-17
5402,918,754,8,8631.9,0.22,121.25,53984.31,PAGO,2022-02-08
5403,1026,65,7,12299.8,0.2,,68985.63,ENVIADO,2024-06-09
5404,21,798,7,3805.73,0.29,46.94,18961.42,pago,2022-08-01
5405,789,777,8,5521.18,0.21,80.59,34974.45,PAGO,2022-10-23
5406,523,371,6,2302.19,0.13,47.05,12064.48,PAGO,2022-08-22
5407,604,367,6,4091.06,0.09,55.47,22392.66,PAGO,2024-11-14
5408,74,776,8,12655.9,0.15,93.61,86153.73,CANCELADO,2022-08-04
5409,2,691,4,5319.21,0.06,88.71,20088.94,Cancelado,2025-03-06
5410,88,539,1,11722.09,0.01,84.42,11689.29,ENVIADO,2023-03-23
5411,326,52,2,509.67,0.06,,974.06,CANCELADO,2023-07-23
5412,988,837,9,9273.69,0.07,84.59,77705.38,CANCELADO,2022-11-22
5413,890,370,5,8382.51,0.17,59.67,34847.09,PAGO,2022-09-16
5414,225,535,7,8150.01,0.24,19.79,43377.84,ENVIADO,2023-10-19
5415,1081,986,2,2181.31,0.2,148.26,3638.36,ENVIADO,2023-09-30
5416,1090,655,8,3043.54,0.18,14.67,19980.29,Pago,2022-01-28
5417,288,925,,5870.15,0.07,49.3,5508.54,PAGO,2023-10-04
5418,365,217,,7798.26,0.13,149.2,6933.69,ENVIADO,2022-09-20
5419,623,10,4,14134.24,0.02,64.39,55470.61,ENVIADO,2023-01-08
5420,642,994,7,14828.81,0.08,146.08,95643.62,PENDENTE,2023-11-13
5421,720,853,3,6866.42,0.14,,17847.55,ENVIADO,2023-10-16
5422,364,727,10,2506.39,0.26,54.56,18601.85,PENDENTE,2023-01-10
5423,1443,1470,9,13400.31,0.16,76.41,101382.75,ENVIADO,2022-03-27
5424,612,983,1,13180.01,0.14,25.65,11360.46,Cancelado,2022-01-02
5425,49,940,7,4398.91,0.28,140.65,22311.16,PAGO,2022-07-03
5426,773,536,1,3854.89,0.19,115.14,3237.6,ENVIADO,2024-08-20
5427,6,306,5,6333.55,0.08,,mil,PENDENTE,2024-07-29
5428,581,546,1,8685.99,0.18,117.03,7239.54,ENVIADO,2023/03/01
5429,839,74,1,10675.91,0.16,109.9,9077.66,CANCELADO,2022-10-13
5430,544,1242,7,9737.2,0.18,122.84,56014.37,PAGO,2022-07-27
5431,297,628,9,13396.31,0.06,145.81,113478.59,PAGO,2023-10-20
5432,460,228,1,11152.75,0.27,72.67,8214.18,CANCELADO,2023-07-07
5433,10,1374,2,6204.63,0.18,149.18,10324.77,CANCELADO,2022-06-23
5434,136,647,5,3198.45,0.18,,13258.09,PENDENTE,2023-04-24
5435,369,167,5,6749.81,0.29,116.59,24078.42,PENDENTE,2024-11-28
5436,241,839,3,3047.63,0.24,121.23,7069.83,ENVIADO,2025-01-13
5437,498,1318,dez,6680.95,0.23,63.95,46362.93,PENDENTE,2022-05-12
5438,26,551,3,3551.11,0.19,19.92,8649.12,ENVIADO,2022-07-03
5439,305,81,7,3279.51,0.1,125.15,20786.06,ENVIADO,2023-08-10
5440,353,353,-1,13683.78,0.16,99.83,103549.21,ENVIADO,2023-04-27
5441,788,776,-5,8618.74,0.26,145.73,12901.47,CANCELADO,2024-10-15
5442,218,78,5,14744.8,0.26,140.46,54696.22,ENVIADO,2023/04/21
5443,47,268,8,5016.45,0.22,119.31,31421.96,PAGO,2022-07-19
5444,662,677,2,10313.57,0.1,59.97,18624.4,ENVIADO,2023-10-17
5445,412,274,5,11842.2,0.13,55.68,51569.25,PAGO,2022-02-14
5446,864,714,8,13380.51,,117.55,88964.14,PAGO,2023-04-25
5447,587,718,6,1645.81,0.18,49.37,8146.76,PENDENTE,2024-02-15
5448,631,655,3,4026.61,0.28,22.39,8719.87,ENVIADO,2023/06/15
5449,760,919,5,1789.86,0.18,57.8,7396.23,ENVIADO,2025-02-23
5450,322,105,8,8635.71,0.28,100.28,49841.97,PAGO,2023-07-29
5451,337,463,2,9557.4,0.07,129.05,17905.81,ENVIADO,2023-01-01
5452,238,3,7,88.13,0.24,121.46,590.31,ENVIADO,2023-03-02
5453,321,775,4,2576.3,0.3,56.62,7270.26,ENVIADO,2023-06-27
5454,822,423,5,1561.67,0.13,25.53,6818.79,ENVIADO,2023-07-17
5455,598,602,2,10361.67,0.21,46.37,16417.81,PENDENTE,2024-05-20
5456,1284,922,8,1805.58,0.22,95.91,11362.73,PENDENTE,31/02/2025
5457,381,416,8,2986.41,0.15,102.79,mil,ENVIADO,2023-01-16
5458,1157,212,4,11655.63,0.07,117.01,43475.95,PENDENTE,2024-06-16
5459,551,567,10,318.66,0.0,133.52,3320.12,PAGO,2023-03-07
5460,171,685,2,2545.16,0.17,48.35,4273.32,PENDENTE,2024-12-07
5461,353,73,6,14302.21,0.18,117.76,70484.63,ENVIADO,2024-05-07
5462,294,881,7,12371.44,0.2,143.58,69423.64,ENVIADO,2023-02-17
5463,366,163,8,1488.68,0.13,67.74,10428.95,ENVIADO,2022-05-07
5464,280,1480,7,9190.91,0.16,61.78,54104.33,ENVIADO,2024-12-17
5465,632,499,7,1832.26,0.11,87.88,11502.86,PENDENTE,99/99/9999
5466,461,883,2,7330.33,0.12,86.14,12987.52,pago,2024-05-19
5467,485,894,2,13836.52,0.08,25.98,25485.18,PAGO,2022-07-16
5468,236,369,8,14464.57,0.17,144.32,96189.06,Pagoo,2024-01-07
5469,6,291,7,12450.93,0.1,135.04,78575.9,PAGO,2023-11-03
5470,961,368,8,242.91,0.23,96.96,1593.29,PAGO ,2023-03-05
5471,1007,722,2,11368.84,0.21,45.37,18008.14,CANCELADO,2023-11-11
5472,669,162,2,14528.94,0.25,83.26,21876.67,CANCELADO,2025-03-12
5473,193,969,2,9909.19,0.12,48.46,17488.63,CANCELADO,2022-04-18
5474,990,958,4,2212.49,0.21,71.79,7063.26,PAGO,2024-05-21
5475,607,1195,7,10233.24,0.1,15.5,64484.91,ENVIADO,2022-04-17
5476,558,807,9,12869.78,0.27,74.64,84629.09,PAGO,2024-04-17
5477,403,39,3,120.42,0.22,,R$500,ENVIADO,2023-12-18
5478,462,901,1,6513.57,,88.41,4647.91,PAGO,2023-10-11
5479,303,67,1,8092.45,0.16,143.14,6940.8,ENVIADO,2025-01-31
5480,1495,584,5,4512.61,,84.23,17006.52,PAGO,2024-08-10
5481,537,843,6,6835.01,,129.53,0,PAGO,2022-09-27
5482,605,568,3,4980.12,0.23,142.79,11646.87,ENVIADO,2024-02-10
5483,1260,864,5,1075.29,0.0,131.25,5507.7,PENDENTE,2022-05-17
5484,522,223,8,12826.69,0.28,84.64,73966.37,PAGO,2024-03-20
5485,157,553,5,4665.26,0.09,18.53,21245.46,PAGO,2023-03-12
5486,1005,955,9,4494.93,0.03,55.5,39296.24,CANCELADO,2023-07-03
5487,519,586,4,2641.97,0.01,93.95,10556.15,PENDENTE,2024-04-13
5488,971,205,8,12897.88,0.14,128.98,88866.39,PENDENTE,2024-12-19
5489,891,401,3,11168.15,0.14,82.84,28896.67,ENVIADO,2023-10-01
5490,400,615,4,12663.64,,75.77,45664.87,PENDENTE,99/99/9999
5491,760,813,1,8523.22,0.17,148.22,7222.49,ENVIADO,2022-07-21
5492,310,596,8,7255.69,0.15,121.5,49460.19,PAGO ,2022-10-01
5493,243,917,1,4508.89,0.09,101.35,4204.44,PAGO,2023-12-25
5494,255,803,4,1554.81,0.27,84.95,4625.0,CANCELADO,2023-12-03
5495,842,684,4,8084.84,0.25,100.38,24354.9,ENVIADO,2024-10-07
5496,971,178,5,4238.53,0.26,,R$500,ENVIADO,2022-12-03
5497,1180,504,dez,7827.5,0.13,53.55,61342.88,PAGO,2024-08-31
5498,340,828,3,8510.49,0.11,117.67,22840.68,PAGO,2024-12-26
5499,163,508,6,10025.27,0.23,62.49,46379.24,CANCELADO,2022-07-30
5500,87,691,2,12468.46,0.05,25.21,23715.28,ENVIADO,2024-06-01
5501,181,870,3,689.55,0.03,47.63,2054.22,CANCELADO,2025-01-09
5502,211,477,5,70.01,0.19,101.63,385.17,ENVIADO,2023-11-21
5503,570,639,6,10942.58,0.19,60.26,53241.2,CANCELADO,2024-04-09
5504,214,492,2,577.14,0.24,136.57,1013.82,PAGO,2022-05-11
5505,799,144,10,1178.88,0.13,123.44,10379.7,PENDENTE,2023-06-04
5506,401,17,4,7820.91,0.17,27.13,25992.55,PAGO,2023-04-06
5507,460,622,3,1612.4,0.26,16.02,3595.55,CANCELADO,31/02/2025
5508,118,282,9,13104.55,,97.31,87373.61,PENDENTE,2024-01-13
5509,527,201,2,13468.25,0.01,31.02,26698.15,,2024-02-09
5510,424,1051,1,8114.66,,80.13,6166.12,ENVIADO,2022-08-19
5511,943,396,7,5138.25,0.22,17.75,28072.6,PAGO,2022-04-16
5512,274,158,10,14586.36,0.11,54.18,129872.78,CANCELADO,2023-06-03
5513,538,852,2,4251.71,0.0,147.72,8651.14,PENDENTE,2024-09-20
5514,819,412,7,2590.13,0.03,,17708.67,PAGO,2024-07-16
5515,888,621,1,2309.09,0.12,14.71,2046.71,PAGO,2024-04-06
5516,800,973,6,8963.64,0.24,126.55,41000.75,PENDENTE,2023-01-26
5517,116,603,7,14478.75,0.01,89.7,100427.44,ENVIADO,2025-03-30
5518,107,160,3,5553.76,0.1,57.69,15052.84,PENDENTE,2024-12-16
5519,98,1239,1,3867.57,0.22,25.29,3041.99,PENDENTE,2023-10-17
5520,917,831,1,10736.02,0.01,118.12,10746.78,PAGO,2024-11-06
5521,453,957,3,11551.41,0.16,61.63,29171.18,PAGO,2022-09-22
5522,673,1007,4,13356.47,0.23,115.36,41253.29,CANCELADO,2025-02-03
5523,317,65,7,5219.72,0.27,136.93,26809.7,ENVIADO,2023-05-18
5524,232,50,9,6043.41,0.19,97.3,44153.76,CANCELADO,2022-12-24
5525,244,28,7,12921.25,0.27,68.95,66096.54,ENVIADO,2023-03-24
5526,110,856,6,12958.78,0.15,122.04,-500,PENDENTE,2023-07-29
5527,203,513,4,2727.84,0.02,87.33,10780.46,PAGO,2024-08-02
5528,370,534,8,12840.51,0.17,100.98,85361.97,ENVIADO,2025-01-01
5529,974,70,1,5028.79,0.22,131.77,4054.23,PAGO,2022-01-12
5530,50,307,4,10922.63,0.03,114.09,42493.89,PENDENTE,99/99/9999
5531,256,981,4,11503.92,0.11,80.5,41034.46,PAGO,2024-04-26
5532,394,894,7,7662.16,0.02,110.88,52673.3,ENVIADO,2022-12-15
5533,1275,123,9,3724.03,0.25,107.51,25244.71,ENVIADO,2023-03-15
5534,964,549,5,11420.52,0.14,29.44,49137.68,PAGO,2023-11-23
5535,167,327,6,7444.64,0.18,77.19,36704.82,CANCELADO,2023-01-11
5536,1367,165,5,4222.84,0.1,83.15,19085.93,PAGO,2022-10-25
5537,664,999,2,12875.55,0.14,85.39,22231.34,ENVIADO,2025-02-16
5538,506,790,2,3829.91,0.17,133.78,R$500,PAGO,2022-01-07
5539,651,105,9,14901.26,0.08,104.26,123486.69,PENDENTE,2022-05-23
5540,647,486,dez,8690.86,0.04,25.1,50084.45,ENVIADO,2024-09-02
5541,1492,431,5,13687.07,0.01,72.21,67823.21,ENVIADO,2022-11-12
5542,161,527,6,9810.41,0.15,29.73,50062.82,ENVIADO,2023/11/29
5543,135,714,2,5793.14,0.17,34.26,9650.87,PENDENTE,2022-03-08
5544,29,392,2,9548.34,0.15,100.46,16332.64,PAGO,31/02/2025
5545,745,736,9,7297.31,0.29,,46674.09,PAGO,2023-05-15
5546,567,489,5,2723.38,0.04,79.03,13151.25,CANCELADO,2022-02-09
5547,313,948,9,7817.5,0.14,47.62,60555.07,ENVIADO,2022-12-20
5548,775,729,3,11372.89,0.01,95.52,33873.0,PAGO ,2023-01-08
5549,963,598,10,8828.93,0.25,,66360.62,ENVIADO,2024-11-01
5550,452,329,-1,5142.27,0.15,57.5,43766.8,ENVIADO,02-26-2022
5551,189,366,9,11457.29,0.27,92.81,75367.21,PAGO,2024-05-05
5552,750,542,4,5544.02,0.14,92.32,19163.75,PENDENTE,2023-08-23
5553,870,218,1,6727.46,0.03,143.76,6669.4,PENDENTE,2023-02-05
5554,75,816,8,11190.25,0.21,113.93,70836.31,ENVIADO,2024-02-15
5555,452,106,4,974.35,0.21,16.64,3095.59,ENVIADO,2024-12-30
5556,255,967,8,13370.43,0.05,,101659.44,CANCELADO,2022-03-13
5557,245,201,5,4574.5,0.2,61.84,18359.84,CANCELADO,2024-06-14
5558,360,942,2,4101.59,0.04,39.93,7914.98,CANCELADO,2023-03-30
5559,974,726,7,5721.71,0.26,20.58,29659.04,ENVIADO,10-18-2023
5560,645,609,8,12394.76,0.2,122.76,79449.22,CANCELADO,2022-03-01
5561,555,344,9,13961.93,0.07,129.13,-500,PAGO,2025-02-21
5562,305,345,7,3666.02,,99.25,22168.69,pago,2023-04-17
5563,931,644,2,6449.0,0.05,30.52,12283.62,ENVIADO,2024-06-23
5564,862,59,6,10432.88,0.25,21.12,46969.08,PENDENTE,2022-04-08
5565,231,637,4,3235.96,0.09,30.18,11809.07,PENDENTE,2024-01-12
5566,289,708,5,14582.23,0.07,38.07,67845.44,PAGO,2025-04-02
5567,418,20,6,2068.39,0.25,145.05,9452.81,PAGO,2022-10-21
5568,755,508,9,9089.37,0.28,139.13,59038.25,CANCELADO,2025-01-14
5569,522,943,10,6550.8,0.11,,58339.04,ENVIADO,2022-09-22
5570,799,364,8,9530.5,0.03,144.47,74101.15,ENVIADO,2022-05-03
5571,162,836,8,4264.21,0.12,112.99,30133.03,PENDENTE,2024-04-04
5572,201,775,10,10443.72,0.11,89.13,93038.24,PAGO,2023-10-06
5573,636,575,5,12247.97,0.18,74.17,50290.85,CANCELADO,2024-03-04
5574,294,783,9,5451.43,0.13,100.96,42785.66,Pago,2023-10-31
5575,681,389,5,903.75,0.06,102.47,4350.1,CANCELADO,2025-03-12
5576,327,93,5,11306.69,,73.7,46431.13,ENVIADO,2022-04-04
5577,394,459,2,13263.49,0.18,74.15,21826.27,CANCELADO,2025-01-28
5578,272,1344,8,13939.9,0.25,62.22,83701.62,CANCELADO,2024-07-15
5579,825,26,3,3788.19,0.2,129.56,9221.22,CANCELADO,2024-05-31
5580,372,661,4,5677.14,0.1,105.56,20543.26,ENVIADO,2022-04-11
5581,485,545,3,10105.42,0.28,,21973.52,PENDENTE,2023-06-25
5582,713,371,1,7219.99,0.2,34.44,5810.43,PENDENTE,2024-11-18
5583,257,1266,9,13150.02,0.01,61.91,117228.59,CANCELADO,2023-07-10
5584,1202,67,8,13253.3,0.26,121.16,78580.7,Pago,2023-10-10
5585,969,136,10,8648.11,0.29,30.69,61432.27,ENVIADO,31/02/2025
5586,256,754,10,12478.84,0.27,141.29,91236.82,PAGO,2022-04-26
5587,606,490,5,8873.45,0.07,58.37,41319.91,Pagoo,12-14-2023
5588,306,862,5,8100.11,0.12,111.72,35752.2,PENDENTE,2023-07-30
5589,159,927,10,12680.1,0.24,128.26,96497.02,CANCELADO,2024-09-10
5590,186,419,3,4704.59,0.09,41.23,12884.76,ENVIADO,2024-02-24
5591,371,99,-5,5251.82,0.02,131.25,25865.17,Pago,2022-08-12
5592,410,243,2,4025.03,,12.57,6935.62,PENDENTE,2023-10-15
5593,131,94,2,13580.89,,128.98,26204.29,PENDENTE,2024-08-19
5594,225,221,6,6310.3,0.14,127.46,32688.61,CANCELADO,2023-12-02
5595,769,605,7,10520.96,0.26,98.86,54597.43,ENVIADO,2023-01-08
5596,470,639,1,8197.65,0.07,101.81,7725.62,PENDENTE,2024-11-18
5597,876,755,6,13698.09,0.17,97.0,68313.49,ENVIADO,2023-12-02
5598,736,1498,10,12098.22,0.23,88.57,93244.86,PENDENTE,2024-06-17
5599,768,975,10,9133.32,0.13,22.5,79482.38,ENVIADO,2024-08-05
5600,278,961,1,13025.82,0.11,,11728.06,PENDENTE,2025-02-07
5601,333,332,5,4674.75,0.08,89.19,21593.04,PAGO,2022-10-20
5602,103,731,9,4770.03,0.26,56.66,31825.06,ENVIADO,2023-12-12
5603,841,858,10,5188.08,,54.69,-500,PAGO,2024-07-15
5604,113,179,7,9791.97,0.01,124.5,0,CANCELADO,2023-07-31
5605,261,1198,3,14695.39,0.12,119.65,38915.48,PENDENTE,2023-06-07
5606,373,322,5,11731.52,0.0,135.67,-500,ENVIADO,06/03/2025
5607,503,730,7,2172.68,0.27,143.96,11246.35,CANCELADO,2022-10-03
5608,374,174,6,2964.24,0.05,14.83,16911.0,PAGO,2022-04-17
5609,1051,956,2,14172.56,0.04,47.66,27258.98,ENVIADO,2024-09-23
5610,717,644,10,9740.02,0.05,65.66,92595.85,ENVIADO,2024-11-13
5611,823,326,5,2295.64,0.16,91.52,R$500,,2022-05-18
5612,845,4,1,1767.71,0.28,94.71,1367.46,CANCELADO,2024-08-26
5613,520,938,3,1315.37,0.27,75.31,2955.97,CANCELADO,2022/11/24
5614,275,432,5,13777.28,0.05,114.55,65556.63,CANCELADO,2022-10-07
5615,805,656,10,191.04,0.05,99.13,1914.01,ENVIADO,31/02/2025
5616,138,160,5,3772.34,0.28,49.14,13629.56,CANCELADO,2023-10-19
5617,225,26,6,143.68,0.18,92.35,799.26,PENDENTE,2024-02-01
5618,517,481,7,3987.34,,126.99,27759.26,CANCELADO,2022-10-08
5619,1445,739,0,164.85,0.23,100.74,1116.22,CANCELADO,2024-08-20
5620,528,858,7,1263.55,0.05,124.94,8527.55,PAGO,2022-06-21
5621,921,442,4,11499.17,0.07,118.06,42894.97,PENDENTE,2022-09-11
5622,795,785,7,11232.35,0.17,94.97,65354.92,CANCELADO,2024-12-29
5623,922,799,10,1185.64,0.29,79.1,8497.14,ENVIADO,2022-03-25
5624,635,629,6,7720.45,0.05,51.54,44058.1,PENDENTE,2022-06-08
5625,379,875,2,11792.25,0.12,84.78,20839.14,ENVIADO,2023-06-23
5626,971,912,3,6040.54,0.06,49.69,17084.01,CANCELADO,2022-08-04
5627,384,247,9,4471.86,0.01,125.49,39969.76,CANCELADO,2023-07-06
5628,222,127,2,3359.96,0.21,10.28,-500,CANCELADO,2022-09-25
5629,319,805,4,3519.95,0.0,10.81,R$500,ENVIADO,2023-02-06
5630,354,475,4,11011.61,0.09,104.07,40186.33,CANCELADO,2022-07-04
5631,1085,461,8,13896.52,0.14,70.33,95678.39,CANCELADO,2022-08-29
5632,359,1157,10,5645.98,,14.63,49699.25,CANCELADO,2025-03-31
5633,560,471,4,14308.41,0.16,145.59,48221.85,PENDENTE,2023-08-08
5634,203,730,2,10853.07,0.26,,16124.16,PENDENTE,2024-01-15
5635,467,633,8,3433.55,,115.66,21266.33,PENDENTE,2022-12-20
5636,270,133,2,1509.12,0.2,135.0,R$500,PENDENTE,2022-07-01
5637,871,839,2,14401.77,0.1,62.96,25986.15,PENDENTE,2023-01-27
5638,246,45,2,8740.02,0.24,138.36,13423.19,ENVIADO,2024-10-06
5639,396,105,3,6576.48,0.27,68.7,14471.19,PAGO,2025-03-24
5640,37,20,5,1291.42,0.29,121.76,4706.3,PAGO,2022-06-15
5641,462,280,6,1717.86,0.24,80.69,7914.13,PAGO,04-11-2024
5642,7,768,9,5015.72,0.14,77.56,38899.23,Cancelado,2022-09-18
5643,137,432,7,14836.33,0.1,94.29,93563.17,CANCELADO,2022-03-17
5644,453,827,9,11584.06,0.08,26.6,R$500,CANCELADO,2023-03-30
5645,338,445,9,10869.88,0.22,116.66,76423.22,PAGO,2022-06-09
5646,1012,316,,12982.34,0.03,82.56,75639.78,PENDENTE,2023-12-05
5647,229,791,3,1109.39,0.2,14.92,2677.46,PENDENTE,2024-01-25
5648,452,752,9,12937.74,0.08,67.33,107191.82,PENDENTE,2024-10-21
5649,492,533,3,3007.87,0.05,105.56,8677.99,CANCELADO,2022-03-23
5650,93,487,2,11805.82,0.11,147.25,21161.61,PAGO,2022-09-26
5651,673,975,4,10314.84,0.22,141.25,32323.55,CANCELADO,2022-09-17
5652,149,440,8,3885.39,0.1,31.38,28006.19,PAGO,2024-07-02
5653,224,78,2,6565.89,0.27,109.54,9695.74,pago,2024-08-21
5654,359,815,8,10720.11,0.21,48.78,67799.88,Pago,2025-04-10
5655,630,619,4,7693.59,0.12,60.89,27142.33,CANCELADO,2022-02-08
5656,551,336,0,13337.71,0.3,122.97,0,ENVIADO,2022-12-04
5657,601,671,-1,9412.59,0.27,40.52,61881.24,PAGO,2023-06-26
5658,45,394,3,1705.8,0.23,31.62,3972.02,PAGO,2024-10-11
5659,117,674,2,4821.48,0.05,27.24,9188.05,ENVIADO,2024-09-08
5660,366,742,6,12148.29,0.24,142.78,55538.98,ENVIADO,2024-01-02
5661,484,399,3,4516.67,0.17,93.21,11339.72,PENDENTE,2024-11-24
5662,41,167,7,2000.98,0.09,60.05,12806.29,CANCELADO,2024-05-29
5663,21,534,7,2580.48,0.06,121.98,mil,CANCELADO,2022-03-06
5664,343,390,3,8698.23,0.29,62.0,18589.23,CANCELADO,2022-09-02
5665,646,934,4,8333.95,0.15,117.04,28452.47,CANCELADO,2025-03-12
5666,506,754,7,6475.06,0.02,138.36,44557.27,ENVIADO,2024-01-20
5667,3,911,5,10621.95,0.15,75.74,45219.03,Pago,2022-01-25
5668,480,748,-1,4117.98,0.19,59.12,23408.07,Pagoo,2023-02-27
5669,1470,840,6,11195.81,0.1,88.04,60545.41,ENVIADO,2023-03-31
5670,340,1006,4,2292.85,0.21,129.34,,PENDENTE,2023-04-23
5671,944,651,5,11420.6,0.18,40.1,46864.56,ENVIADO,2023-01-21
5672,784,407,6,4396.78,0.15,45.08,R$500,PAGO,2022-06-23
5673,836,642,4,5335.71,,24.59,18166.0,CANCELADO,2022-03-23
5674,737,274,5,14718.77,0.17,19.54,61102.44,CANCELADO,2022-02-10
5675,324,280,5,9171.83,0.21,53.95,36282.68,CANCELADO,2024-01-25
5676,185,892,7,11802.59,0.08,13.6,76022.28,ENVIADO,2025-01-15
5677,403,697,7,6380.38,0.08,14.22,41103.87,PENDENTE,2024-03-08
5678,862,98,9,4450.44,0.02,74.15,39327.03,PAGO,2024-05-08
5679,496,247,-1,10521.09,0.15,,44749.57,PAGO,2024-09-13
5680,763,46,3,9586.29,0.23,100.12,22244.45,PAGO,2023-04-18
5681,963,425,3,8238.85,0.17,129.12,20643.86,Pago,2024-08-06
5682,143,425,10,3136.03,0.02,40.34,30773.43,pago,2022-09-20
5683,602,709,2,6255.11,0.06,107.91,11867.52,PAGO,2022-05-26
5684,240,126,1,13508.81,0.26,41.84,R$500,CANCELADO,2022-04-27
5685,216,523,1,7460.4,0.29,59.67,5356.55,CANCELADO,2025-02-14
5686,312,272,6,2174.27,0.09,61.12,11932.63,ENVIADO,2022-11-08
5687,528,306,-5,8079.87,0.11,143.09,36098.51,PAGO,2022-11-24
5688,133,240,4,3134.55,0.19,,-500,ENVIADO,2023-03-01
5689,752,327,9,555.61,0.22,114.45,4014.83,Pagoo,2022-11-18
5690,913,25,,12133.25,0.18,66.41,89609.8,CANCELADO,2023-01-28
5691,1308,991,8,6507.18,0.1,44.36,46896.06,PAGO,2022-05-03
5692,791,976,9,11419.45,0.24,46.74,78155.78,CANCELADO,2022-10-03
5693,219,60,5,661.62,0.26,27.83,2475.82,PAGO,2024-01-23
5694,465,636,-1,5019.3,0.16,107.71,42269.83,PAGO,2022-05-20
5695,200,274,8,252.37,0.04,65.83,2004.03,PENDENTE,2024-05-06
5696,97,486,7,9731.46,0.29,89.52,48454.88,PAGO,2023-11-08
5697,618,925,9,14304.77,0.15,67.54,109499.03,pago,2022-07-23
5698,428,734,4,3282.45,0.2,27.16,10531.0,ENVIADO,2025-03-25
5699,269,656,9,8723.51,0.28,123.64,56651.98,PAGO,2024-10-15
5700,384,635,2,12002.27,0.2,50.87,19254.5,PAGO,2023-08-04
5701,794,312,-1,14390.34,0.02,117.57,14220.1,PENDENTE,2024-03-21
5702,888,397,4,1032.28,0.14,118.79,3669.83,ENVIADO,2023-06-12
5703,246,643,1,14251.76,0.29,63.78,10182.53,PENDENTE,2023-09-25
5704,297,672,8,13010.42,0.01,53.33,103095.86,ENVIADO,2023-09-30
5705,870,152,9,9276.52,0.01,65.62,82719.41,ENVIADO,2024-05-30
5706,639,511,8,9699.46,,133.5,55226.43,PENDENTE,01-30-2025
5707,1314,201,2,14493.72,0.17,21.7,24081.28,PENDENTE,2024-03-30
5708,891,886,10,11026.16,0.13,35.0,95962.59,ENVIADO,2022-05-10
5709,687,886,7,7699.8,0.29,62.0,38330.01,PAGO,2025-01-21
5710,957,227,4,14429.28,0.19,65.62,46816.49,ENVIADO,2025-04-06
5711,150,960,10,7738.15,0.19,72.14,62751.16,ENVIADO,2023-05-18
5712,843,725,9,4174.22,0.01,54.22,37246.52,PAGO,2023-05-18
5713,1474,1038,1,7115.89,0.06,78.14,6767.08,PAGO,2022-04-15
5714,188,975,9,7871.51,0.0,37.64,-500,PAGO,2024-05-14
5715,158,233,7,5589.07,0.16,37.72,32901.45,CANCELADO,2024-01-28
5716,166,1477,8,13262.22,0.05,79.4,100872.27,CANCELADO,2022-07-28
5717,400,948,9,7100.61,0.27,106.38,46757.39,PENDENTE,2023-02-06
5718,363,945,dez,14588.75,0.22,95.39,102508.42,PENDENTE,2023-10-03
5719,976,566,0,6715.26,0.16,,33884.42,PENDENTE,2024-04-30
5720,335,1299,3,7568.42,0.2,112.77,18276.98,PAGO,2024-05-28
5721,887,664,9,8100.8,0.28,137.72,52630.9,PENDENTE,2023-03-07
5722,859,137,10,9712.61,,,71900.21,ENVIADO,2024-04-20
5723,148,837,4,13940.97,0.24,19.49,42400.04,ENVIADO,2023-08-20
5724,312,847,7,13937.43,,134.19,89891.24,PAGO ,2024-05-29
5725,895,907,,12052.05,0.25,,90505.59,CANCELADO,2023-03-11
5726,1141,666,1,8905.76,0.12,49.97,7887.04,PAGO,2024-01-02
5727,277,793,7,268.42,0.25,74.96,1484.16,PAGO,2024-09-23
5728,158,1229,3,8805.66,0.17,60.79,21986.88,ENVIADO,2023-11-22
5729,879,375,10,6237.95,0.08,26.48,57415.62,PAGO,2025-02-09
5730,935,322,7,9044.08,0.26,27.85,46876.18,ENVIADO,2023-11-05
5731,443,484,4,9729.08,0.11,122.87,34758.39,CANCELADO,2022-06-15
5732,750,729,-1,136.98,0.12,60.52,1265.94,ENVIADO,2022-02-28
5733,964,899,9,4092.81,0.18,68.27,30273.21,ENVIADO,31/02/2025
5734,611,573,dez,1316.14,0.05,18.18,3769.18,PAGO,2023-12-12
5735,942,350,2,9559.91,0.14,,16490.79,CANCELADO,2024-11-24
5736,174,229,5,12952.69,0.15,37.32,55086.25,CANCELADO,2022-07-14
5737,879,1288,5,4566.54,0.11,96.56,20417.66,ENVIADO,2022-11-24
5738,870,516,5,11676.8,0.07,119.0,54416.12,CANCELADO,2023-08-08
5739,560,70,9,10466.15,0.24,126.97,71715.44,PENDENTE,2024-08-04
5740,1294,28,-1,6281.1,0.0,78.13,56608.03,PENDENTE,2022-07-30
5741,911,685,6,14278.78,0.3,119.07,60089.95,PENDENTE,99/99/9999
5742,569,370,1,7815.8,0.08,48.66,7239.2,PENDENTE,2024-01-02
5743,479,53,7,4865.36,0.14,17.37,29306.84,PAGO,2025-02-05
5744,382,303,9,758.38,0.11,11.6,6086.22,PENDENTE,2023-11-12
5745,1426,23,8,13414.95,0.07,120.11,99927.34,CANCELADO,12-10-2024
5746,890,671,5,12588.84,0.22,81.78,49178.26,PENDENTE,99/99/9999
5747,884,998,9,11412.31,0.25,,77116.4,PENDENTE,2023-08-22
5748,565,709,2,4453.33,0.09,23.17,8128.23,ENVIADO,2022-03-26
5749,1011,311,10,5708.95,0.08,96.64,0,PENDENTE,2023-07-21
5750,144,597,0,1006.78,0.09,91.52,8337.05,PAGO,2022-12-29
5751,528,39,2,3370.78,0.07,28.68,6298.33,ENVIADO,2024-09-27
5752,209,1451,6,12698.86,0.13,143.12,66431.17,PAGO,2022-01-02
5753,54,549,9,4494.23,0.24,37.8,30778.33,CANCELADO,2024-03-04
5754,863,812,10,5359.33,0.07,85.61,49927.38,PENDENTE,2024-07-26
5755,960,819,1,11985.33,,62.33,10010.15,CANCELADO,18/03/2024
5756,150,131,6,14254.22,0.0,129.69,85655.01,ENVIADO,2022-10-01
5757,490,548,5,1184.67,0.16,142.83,5118.44,PENDENTE,2023-03-13
5758,431,363,8,11682.48,0.23,133.93,72098.01,PAGO,2023-08-26
5759,836,870,1,14674.79,0.2,94.65,11834.48,PAGO,2023-12-09
5760,715,854,8,9272.5,0.1,146.09,66908.09,ENVIADO,2022-07-09
5761,706,297,5,13553.26,0.05,98.66,64476.65,PAGO,2023-02-11
5762,321,893,2,10654.5,0.06,123.08,20153.54,PENDENTE,2024-09-04
5763,975,624,6,6229.65,0.05,123.51,35632.51,PENDENTE,31/02/2025
5764,286,400,8,6449.74,0.13,65.4,,PENDENTE,2023-12-08
5765,539,378,3,9389.43,0.29,48.52,20048.01,PAGO,31/02/2025
5766,534,963,-5,14116.07,0.01,114.93,28064.75,CANCELADO,2022-12-09
5767,409,121,2,13445.92,0.2,74.38,21587.85,PAGO,2022-07-31
5768,871,47,3,12224.58,0.04,111.08,35317.87,ENVIADO,2022-05-13
5769,511,321,dez,2775.91,0.28,80.79,2079.45,PENDENTE,2024-12-11
5770,751,809,8,12913.6,0.3,143.79,72459.95,CANCELADO,2022-09-09
5771,508,659,6,11711.27,0.08,124.19,64770.4,CANCELADO,26/12/2024
5772,598,785,2,1045.83,0.23,80.61,1691.19,CANCELADO,2023-05-17
5773,138,435,3,363.1,0.15,110.72,-500,CANCELADO,2023-02-16
5774,866,243,1,5665.28,0.13,15.67,4944.46,PENDENTE,2024-12-26
5775,1286,38,6,195.36,0.11,121.0,1164.22,PAGO ,2023-04-19
5776,546,635,5,12532.02,0.18,127.16,51508.44,ENVIADO,2023-07-26
5777,445,321,10,11582.97,0.11,140.2,103228.63,PAGO,2022-08-29
5778,585,142,4,11297.3,0.13,77.94,39392.54,Cancelado,2022-12-21
5779,676,973,2,13871.84,,114.64,24251.64,PAGO,99/99/9999
5780,542,151,1,13120.74,0.28,147.99,9594.92,ENVIADO,2023-06-02
5781,85,374,3,1226.82,0.13,106.14,3308.14,,2024-10-18
5782,233,29,1,5180.14,0.14,33.99,4488.91,ENVIADO,2024-04-04
5783,1247,572,2,141.49,0.13,42.06,288.25,CANCELADO,2023-05-21
5784,1485,874,4,8147.71,0.03,82.44,31695.55,PENDENTE,2022/12/24
5785,477,1254,10,3435.22,0.22,45.6,26840.32,ENVIADO,2024-12-13
5786,588,406,1,8411.16,0.27,95.46,6235.61,PAGO,2024-08-09
5787,649,1319,1,7360.34,0.29,120.39,5346.23,PENDENTE,2022-03-17
5788,363,876,,1876.02,0.25,37.39,14107.54,ENVIADO,2022-02-25
5789,95,782,9,12395.53,0.06,81.47,-500,PENDENTE,2025-01-23
5790,149,844,9,9508.1,0.2,11.54,68469.86,PENDENTE,2023-04-29
5791,105,780,3,4374.21,0.2,28.04,10526.14,CANCELADO,2023-06-06
5792,997,992,-1,9218.6,0.01,55.24,45687.31,ENVIADO,2023-11-26
5793,713,306,6,9803.69,0.11,122.13,52473.83,CANCELADO,2024-08-24
5794,247,391,-5,2875.05,0.17,37.45,14355.2,ENVIADO,2023-09-18
5795,590,724,2,14101.91,0.06,131.76,26643.35,PAGO,2023-08-22
5796,314,496,9,14277.01,0.13,48.46,111837.45,ENVIADO,2022-07-19
5797,516,630,2,7580.7,0.22,133.45,R$500,PENDENTE,2023-06-11
5798,33,134,2,4296.15,0.19,23.55,6983.31,Pago,2022-07-06
5799,804,327,5,834.11,0.27,118.17,3162.67,ENVIADO,2023-02-03
5800,175,1236,1,10780.34,0.13,40.49,9419.39,PAGO,2023-05-14
5801,936,435,2,14200.93,0.03,118.6,27668.4,ENVIADO,2022-07-13
5802,427,74,2,823.51,0.29,,1286.1,PAGO,2024-12-11
5803,411,97,5,10983.11,0.3,107.49,38548.38,PAGO,2024-10-31
5804,1488,325,1,3081.1,0.04,120.85,3078.71,CANCELADO,2023-04-14
5805,114,664,5,13714.21,0.12,110.34,60452.86,PENDENTE,99/99/9999
5806,1083,320,6,12678.26,0.29,105.32,54114.71,CANCELADO,2023-04-17
5807,836,873,1,14101.71,0.11,,12668.85,ENVIADO,2023-01-14
5808,689,162,6,2553.87,0.09,127.87,14072.0,ENVIADO,2024-09-16
5809,143,124,8,6530.75,0.28,73.74,37690.86,CANCELADO,2024-01-17
5810,955,144,1,4935.44,0.21,117.52,4016.52,ENVIADO,99/99/9999
5811,113,421,4,10805.85,0.25,11.25,32428.8,PENDENTE,2024-06-03
5812,440,682,9,7211.48,0.24,86.9,49413.42,PENDENTE,2024-10-22
5813,260,815,7,3006.65,0.17,103.09,,ENVIADO,2024-03-06
5814,119,510,9,2115.96,0.25,99.58,14382.31,CANCELADO,2022-07-26
5815,341,828,8,9949.03,0.17,67.32,66128.88,Pago,2023-11-08
5816,312,904,9,1514.59,0.14,35.35,11758.28,Cancelado,2022-02-05
5817,348,564,3,774.68,0.07,58.27,2219.63,CANCELADO,2022-04-04
5818,758,67,5,1076.49,0.11,80.31,4870.69,CANCELADO,2023-02-24
5819,638,479,10,11538.41,0.25,131.35,86669.43,Cancelado,2024-10-09
5820,843,1366,5,11272.03,0.01,25.32,55821.87,PAGO,2024-11-04
5821,535,28,5,10030.55,0.11,73.21,44709.16,ENVIADO,2023-07-06
5822,189,335,10,6576.51,0.17,45.02,54630.05,pago,2022-04-27
5823,485,564,5,4014.69,0.14,16.58,17279.75,CANCELADO,2022-03-10
5824,45,415,4,11763.52,0.12,19.91,R$500,PENDENTE,2022-09-01
5825,251,1488,8,1591.41,0.2,49.89,10234.91,ENVIADO,2024-10-15
5826,499,19,8,9032.43,0.02,118.17,70932.42,PAGO,2023-07-03
5827,84,1421,dez,200.46,0.15,49.2,1582.72,CANCELADO,2024-09-16
5828,335,74,4,9147.45,0.02,40.19,0,ENVIADO,2022-08-27
5829,655,132,5,6046.45,0.29,125.16,21590.06,PENDENTE,99/99/9999
5830,873,983,6,79.17,0.08,83.52,520.54,ENVIADO,2024-02-18
5831,975,743,10,6241.39,0.13,15.55,54315.64,ENVIADO,2022-12-08
5832,263,810,0,3227.7,0.03,109.7,28287.52,ENVIADO,2023-10-18
5833,872,744,5,6022.42,0.21,39.28,23827.84,ENVIADO,2023-07-18
5834,840,571,1,7023.07,0.18,,5907.3,ENVIADO,2022-11-10
5835,1422,679,7,5700.49,0.26,60.38,29588.92,ENVIADO,2024-09-16
5836,1354,937,0,6511.8,0.28,57.81,0,PENDENTE,07/06/2024
5837,456,70,4,12801.12,0.09,57.21,46653.29,CANCELADO,2022-06-15
5838,413,71,3,11209.7,0.1,94.33,30360.52,CANCELADO,2022-12-25
5839,393,39,4,5409.54,0.22,40.34,16918.1,PAGO,2024/06/02
5840,659,18,5,7867.31,0.09,77.11,0,PAGO,99/99/9999
5841,428,286,7,5660.81,0.05,88.79,37733.18,PAGO,2024-08-12
5842,114,309,2,6726.27,0.15,24.84,11459.5,PENDENTE,2024-06-08
5843,85,739,2,6909.25,0.02,79.12,13621.25,ENVIADO,2022-05-27
5844,459,173,5,11924.96,0.2,120.1,47819.94,ENVIADO,2022-06-16
5845,853,1297,3,3770.92,0.01,10.35,11209.98,PAGO,2024-07-31
5846,489,973,4,1077.42,0.04,90.12,R$500,PAGO,2022-10-24
5847,815,484,2,4669.24,0.12,13.42,8231.28,ENVIADO,2022-07-17
5848,806,1399,,9003.86,0.12,136.6,31830.19,PAGO,2022-05-16
5849,249,207,1,2885.37,0.23,11.98,2233.71,PENDENTE,2022-04-16
5850,687,354,5,11494.04,0.1,144.37,51867.55,CANCELADO,2023-08-25
5851,429,615,1,8671.25,0.03,82.69,8493.8,PAGO,2024-04-12
5852,162,274,9,11411.87,0.07,90.6,95607.95,PENDENTE,2024-10-03
5853,1010,715,2,11091.14,0.01,,22088.08,PENDENTE,2024-02-13
5854,414,1149,7,14677.74,0.17,,85398.56,PENDENTE,2024-10-31
5855,258,511,10,2694.72,0.03,149.05,26287.83,PENDENTE,2023-09-17
5856,555,104,6,11989.81,0.13,28.52,62615.33,PAGO,2024-02-19
5857,1381,863,5,10782.6,0.23,71.58,41584.59,Cancelado,2022-08-25
5858,826,645,4,7405.04,0.27,25.88,21648.6,PENDENTE,2024-04-22
5859,1354,15,8,14894.15,0.09,113.19,108542.6,PAGO,2022-11-28
5860,1295,410,,14101.43,0.22,97.82,77091.63,PENDENTE,2023-05-09
5861,169,940,5,7883.78,0.22,76.89,30823.63,PAGO,2024-03-08
5862,159,115,3,4543.68,0.17,98.8,11412.56,PENDENTE,2022-08-18
5863,329,606,5,13959.27,0.17,64.94,57995.91,ENVIADO,2022-02-04
5864,531,505,1,12120.15,0.24,130.09,9341.4,PAGO,2025-02-27
5865,755,792,8,1721.29,0.13,99.5,12079.68,PENDENTE,2023-10-20
5866,573,304,10,7406.48,0.21,112.81,58624.0,PENDENTE,2022-10-22
5867,405,490,7,3989.95,0.12,130.67,24708.76,ENVIADO,2023-05-18
5868,362,970,9,2174.28,0.21,138.96,15598.09,PENDENTE,2023-01-06
5869,217,698,6,8755.57,0.09,,47827.27,,2025-02-15
5870,1420,426,5,6666.27,0.18,103.92,mil,ENVIADO,2023-12-11
5871,41,22,3,13167.91,0.27,17.28,28855.0,CANCELADO,2022-06-20
5872,444,202,6,7388.94,0.05,83.23,42200.19,ENVIADO,2023-04-05
5873,560,815,3,1087.2,0.03,138.7,3302.45,PENDENTE,2024-06-21
5874,882,1386,-5,11099.88,0.25,114.53,75038.72,CANCELADO,2022-12-09
5875,411,609,1,10967.84,0.13,64.75,9606.77,CANCELADO,2024-01-02
5876,693,779,10,1948.36,0.11,118.45,0,ENVIADO,31/02/2025
5877,897,381,-5,14639.57,0.15,125.24,74787.05,PAGO,2024-11-10
5878,934,904,8,3788.93,0.08,134.56,28021.08,PENDENTE,2022-07-18
5879,103,721,10,10942.84,0.29,59.02,77753.18,CANCELADO,2024-06-09
5880,574,994,8,13080.36,0.06,51.39,98415.7,PAGO,99/99/9999
5881,1482,961,10,3370.58,0.27,87.55,-500,PENDENTE,2023-05-14
5882,1288,167,8,13233.01,0.02,133.14,103879.94,PAGO,2024-08-08
5883,200,779,9,14167.69,0.07,50.61,118634.18,PENDENTE,2025-01-17
5884,15,357,1,4805.53,,,3671.83,PENDENTE,2022-02-26
5885,317,904,1,11054.55,0.01,112.37,11056.37,CANCELADO,2022-04-24
5886,103,235,4,7821.89,0.14,122.47,27029.77,ENVIADO,2024-01-14
5887,408,844,6,8076.74,0.21,67.41,38351.16,ENVIADO,2024-11-16
5888,366,1329,5,4922.43,0.23,133.19,19084.55,CANCELADO,2023-12-19
5889,755,994,3,9499.76,0.12,45.53,25124.9,PENDENTE,2024-03-16
5890,1296,951,6,42.98,0.24,127.62,323.61,PENDENTE,2023-09-05
5891,828,231,4,2112.48,0.22,105.12,6696.06,PENDENTE,2022-01-11
5892,411,3,5,5309.83,0.24,94.55,20271.9,PENDENTE,2023-08-04
5893,176,432,6,11000.49,0.03,85.06,64107.91,,2023-11-24
5894,320,821,7,3528.23,0.14,95.14,21335.08,PAGO,2024-04-04
5895,86,476,8,2273.9,0.07,83.85,17001.67,PENDENTE,2022-07-12
5896,552,253,4,5735.66,0.21,94.67,18219.36,Cancelado,2023-09-12
5897,1493,409,7,1659.59,0.03,129.53,11398.15,ENVIADO,2022-07-14
5898,134,174,8,5512.74,0.03,91.99,42870.85,ENVIADO,2022-08-10
5899,630,1395,5,3530.48,0.15,55.17,15059.71,ENVIADO,2024-10-30
5900,695,521,4,7880.44,0.06,35.88,29666.33,PENDENTE,2025-04-09
5901,222,559,3,7604.5,0.14,,19697.95,ENVIADO,2023-06-13
5902,957,593,6,13251.56,0.01,124.93,78839.2,PAGO ,2022-02-25
5903,108,609,9,7519.6,0.16,142.62,56990.8,PAGO,2023-05-20
5904,608,278,7,6953.75,0.24,147.91,37141.86,PAGO,2023-02-06
5905,299,846,4,11554.72,0.0,96.67,46315.55,PENDENTE,2022-04-16
5906,445,577,2,2233.92,,88.42,3305.26,PAGO,2025-02-21
5907,165,617,7,9538.05,0.05,30.82,63458.85,PENDENTE,2024-08-25
5908,761,918,6,7160.16,0.23,108.88,33188.82,PENDENTE,2022-07-20
5909,869,350,3,1724.1,0.27,107.13,3882.91,PAGO,2023-05-17
5910,823,570,6,11089.22,0.08,111.77,61324.26,CANCELADO,2024-11-18
5911,123,578,8,13175.34,0.15,124.65,89716.96,PAGO,2022-11-15
5912,1332,539,2,8004.24,0.26,147.6,11993.88,PAGO,31/02/2025
5913,688,26,6,10280.22,0.3,78.51,43255.43,PAGO,99/99/9999
5914,295,251,0,2644.98,0.01,32.47,7888.06,ENVIADO,2023-05-20
5915,99,700,6,958.81,,44.81,4474.51,PENDENTE,2023-04-11
5916,973,234,5,10908.33,,19.92,50743.65,PENDENTE,2024-07-03
5917,601,338,5,802.31,0.08,102.17,3792.8,PENDENTE,2025-01-17
5918,107,533,9,13935.35,0.08,67.87,115452.57,CANCELADO,2023-01-26
5919,1002,151,9,1027.04,0.02,40.39,9098.88,PENDENTE,2022-05-25
5920,233,832,5,2214.3,0.2,99.12,8956.32,PAGO,2022-05-13
5921,346,19,8,9566.75,0.06,96.84,72038.8,ENVIADO,2025-03-02
5922,1490,456,2,4830.58,0.2,121.67,7850.6,ENVIADO,2023-09-16
5923,416,1183,10,11791.95,,70.69,107377.44,ENVIADO,2023-02-14
5924,931,70,4,4115.47,0.07,99.41,15408.96,ENVIADO,2023-10-02
5925,885,958,1,3232.9,0.12,51.7,2896.65,PENDENTE,08-10-2022
5926,1020,388,5,2278.1,0.29,36.1,8123.35,CANCELADO,2023-03-05
5927,246,819,5,6570.31,0.29,94.74,23419.34,PAGO,2024-09-17
5928,36,620,8,5903.78,0.06,141.93,44538.36,PENDENTE,2023-10-20
5929,939,307,5,10389.97,0.06,11.55,48844.41,PENDENTE,2024-08-27
5930,1084,1370,7,13643.32,0.25,,-500,PAGO,2024-08-31
5931,694,141,8,3901.12,0.16,143.14,26358.67,CANCELADO,2022-12-12
5932,187,753,6,10787.85,0.09,27.44,58929.1,pago,2024-12-02
5933,242,266,7,8546.48,0.18,62.7,49119.5,PENDENTE,2023-10-30
5934,431,78,6,8666.56,0.22,63.34,40622.84,Pagoo,31/02/2025
5935,933,53,3,6149.53,0.04,114.24,17824.89,PAGO,2022/02/06
5936,505,430,7,14437.2,0.2,143.75,mil,ENVIADO,2025/03/14
5937,169,221,4,5742.16,0.24,45.68,17501.85,PAGO,2025-04-06
5938,510,323,-5,7412.94,0.02,47.36,58164.81,PAGO,2022-01-18
5939,883,129,2,10440.13,0.16,39.47,17578.89,CANCELADO,2024-12-02
5940,616,62,5,4203.86,0.23,143.32,16328.18,PENDENTE,2024-04-17
5941,675,869,10,1807.49,0.09,143.9,16592.06,PAGO,2024-01-13
5942,719,193,6,3273.46,0.23,84.2,15207.59,ENVIADO,2022-04-28
5943,237,326,8,8976.93,0.25,67.24,53928.82,PAGO,2023-04-15
5944,477,946,6,8924.24,0.07,95.63,49892.89,ENVIADO,2023-02-08
5945,58,668,1,12046.54,0.13,131.9,10612.39,CANCELADO,2024-09-22
5946,69,173,7,7289.62,,17.7,44411.49,PAGO,2022-01-14
5947,256,687,3,6554.45,0.01,34.75,19501.47,CANCELADO,2025-02-23
5948,393,775,6,5919.43,0.26,,26324.5,CANCELADO,2022-06-07
5949,552,443,6,7388.5,0.3,70.42,31102.12,PAGO,2025-02-27
5950,340,980,6,4776.42,0.09,103.5,26182.75,PAGO ,2024-06-09
5951,595,341,3,5908.68,0.11,17.23,15793.41,PENDENTE,2022-01-04
5952,878,417,1,1609.55,0.1,71.55,1520.14,PAGO,2024-02-26
5953,692,149,,368.51,0.1,114.62,3431.21,PAGO,2022-01-29
5954,318,99,3,6082.81,0.22,14.65,14248.43,CANCELADO,2024-11-13
5955,40,845,2,2845.34,,51.78,5059.58,ENVIADO,2024-01-07
5956,962,99,3,10423.33,0.17,61.65,26015.74,CANCELADO,2024-10-28
5957,911,661,1,1752.94,0.21,,1426.66,ENVIADO,2024-06-19
5958,1176,996,4,11835.85,0.14,19.09,40734.41,PENDENTE,2023-10-11
5959,674,744,10,6774.42,0.3,109.82,47530.76,ENVIADO,2024-07-01
5960,1294,337,9,9432.26,0.09,139.98,77390.19,PENDENTE,2023-04-28
5961,931,869,9,1716.67,0.23,49.92,11946.44,PAGO,2023-11-07
5962,210,484,9,11399.79,0.19,145.2,83249.67,CANCELADO,2024/04/25
5963,444,1137,2,14692.67,0.03,133.55,28637.33,PAGO,2023-06-24
5964,516,282,8,2739.41,0.18,41.24,18011.77,ENVIADO,2022-09-08
5965,149,1331,7,3188.06,,71.4,R$500,PAGO,2024-07-22
5966,455,349,2,9853.82,0.27,20.88,14407.46,PENDENTE,2023-03-27
5967,1282,93,10,3021.41,0.24,21.91,22984.63,PENDENTE,2022-01-19
5968,681,504,10,5435.45,0.15,97.23,46298.56,ENVIADO,2022-04-15
5969,733,291,1,3678.71,0.26,141.9,2864.15,PENDENTE,31/02/2025
5970,133,811,10,2124.15,0.13,107.47,18587.58,PENDENTE,2022-11-12
5971,63,1131,3,1652.67,0.05,112.0,4822.11,PENDENTE,2022-02-21
5972,423,133,7,1078.18,0.28,119.59,5553.62,CANCELADO,2025-03-20
5973,1287,401,dez,5860.18,0.17,132.1,48771.59,PAGO,2022-06-19
5974,872,1437,5,779.57,0.14,46.36,3398.51,CANCELADO,2025-03-27
5975,885,450,4,6011.95,0.09,41.93,-500,CANCELADO,2022-01-06
5976,873,42,9,6330.61,0.24,21.03,43322.4,PAGO,2023/12/13
5977,171,90,9,4815.64,0.04,27.6,41634.73,CANCELADO,2024-05-17
5978,442,581,5,9654.65,0.0,72.6,48345.85,PENDENTE,2023-07-29
5979,691,401,9,8281.68,,116.09,53036.03,CANCELADO,2022-02-05
5980,1005,907,9,13348.6,0.28,121.63,86620.56,PENDENTE,2022-06-23
5981,292,325,1,4685.35,0.03,61.22,4606.01,,2025-02-14
5982,997,463,2,9143.14,0.19,68.93,14880.82,PENDENTE,2023-11-29
5983,531,80,4,11199.71,0.28,67.2,mil,CANCELADO,2023-10-28
5984,934,141,3,1586.2,0.1,66.73,4349.47,CANCELADO,2024-09-20
5985,467,334,7,2440.1,,50.32,13885.69,ENVIADO,2024-07-03
5986,839,345,9,3731.11,0.03,17.88,32590.47,CANCELADO,2022-07-06
5987,120,559,7,4896.52,0.16,22.05,28813.59,ENVIADO,2024-04-21
5988,730,113,4,927.2,0.01,,3714.89,ENVIADO,2022-09-30
5989,1326,647,10,5624.02,0.14,11.69,48378.26,ENVIADO,2022-06-28
5990,827,953,6,1615.6,0.26,95.44,7268.7,ENVIADO,2023-12-15
5991,560,157,4,7608.56,0.14,26.94,R$500,PAGO,2022-12-16
5992,622,155,7,14887.64,0.1,126.54,93918.67,PAGO,2024-08-29
5993,688,992,3,238.45,0.27,11.48,533.69,Pago,2023-01-20
5994,474,300,8,2318.56,0.25,109.64,14021.0,CANCELADO,2024-09-29
5995,1055,1259,1,12086.73,0.24,,9216.0,PAGO,2024-03-06
5996,992,717,9,3218.92,0.06,14.4,27246.46,PAGO,2022-05-05
5997,352,182,8,635.6,0.13,139.95,4563.73,CANCELADO,2025-02-01
5998,84,304,6,11156.61,0.15,41.71,56940.42,PENDENTE,2022-02-14
5999,979,209,8,12805.97,0.06,79.92,96380.81,CANCELADO,2022-06-15
6000,161,316,3,7814.06,,116.17,mil,CANCELADO,2022-04-12
6001,395,508,7,8892.71,0.03,41.07,0,CANCELADO,2022-01-19
6002,35,503,1,14488.05,0.29,83.48,10370.0,CANCELADO,2024-10-27
6003,755,943,8,12331.47,0.13,,85879.68,ENVIADO,2022-12-05
6004,364,418,7,2915.74,0.28,35.09,14730.42,CANCELADO,2025-02-19
6005,459,79,1,2161.76,0.22,47.67,1733.84,CANCELADO,2023-08-18
6006,37,126,4,5718.73,0.12,15.72,20145.65,Cancelado,2022-10-22
6007,963,879,,3232.09,0.13,31.02,25338.28,PAGO,2023-09-03
6008,518,596,6,812.04,0.1,19.6,4404.62,PAGO,2022-09-24
6009,210,901,3,7254.86,0.22,31.22,17007.59,ENVIADO,13/05/2023
6010,952,375,7,8639.77,0.14,147.32,52158.74,PAGO,2023-07-10
6011,395,478,5,10757.17,0.26,14.97,39816.5,Cancelado,2023-05-04
6012,460,71,8,6037.65,0.03,37.28,46889.44,CANCELADO,2025-04-13
6013,942,614,8,3279.79,0.17,102.3,21880.11,PAGO,2024-09-22
6014,1094,941,4,10622.23,0.15,42.71,36158.29,ENVIADO,2022-12-03
6015,917,131,2,235.39,0.23,73.84,436.34,ENVIADO,2023-09-05
6016,494,515,10,3834.58,0.12,71.29,33815.59,ENVIADO,2023-01-28
6017,727,385,3,2472.69,0.21,49.11,5909.39,PENDENTE,2022-01-16
6018,931,948,1,109.28,0.1,19.08,117.43,CANCELADO,2023-02-06
6019,293,51,4,11345.94,0.05,15.24,43129.81,Pagoo,2022-10-15
6020,590,555,4,11519.92,0.15,138.69,,CANCELADO,2022-10-16
6021,837,166,,8657.47,0.15,12.45,66242.1,CANCELADO,2022/08/29
6022,39,193,dez,8816.89,0.22,117.98,13872.33,CANCELADO,2023-11-15
6023,874,508,dez,9847.61,0.08,147.04,63565.65,CANCELADO,2023-09-04
6024,1194,54,8,6104.44,0.08,50.27,44978.95,PENDENTE,2022-10-18
6025,908,729,4,10999.99,0.15,147.49,37547.46,PAGO,2022-10-19
6026,593,112,9,2047.43,0.22,103.88,mil,PAGO,2022-12-05
6027,186,403,7,7452.64,0.2,24.78,41759.56,PENDENTE,2022-05-21
6028,457,1054,6,3898.39,0.07,73.52,21826.54,CANCELADO,2023-12-26
6029,1345,120,6,11509.56,0.14,73.75,59463.08,PENDENTE,2025-04-04
6030,930,77,1,10969.95,0.15,15.74,9340.2,,06/01/2025
6031,288,599,7,10443.09,0.12,47.91,64377.34,PENDENTE,2023-04-15
6032,213,815,5,1082.27,0.23,80.72,4247.46,ENVIADO,05-28-2023
6033,172,601,-5,9659.89,0.07,106.86,45025.35,CANCELADO,2023-01-24
6034,572,988,7,12720.3,0.04,,85523.83,ENVIADO,99/99/9999
6035,548,403,6,8659.48,0.11,52.17,46293.79,PENDENTE,2024-10-30
6036,448,121,8,4801.5,0.1,55.73,34626.53,ENVIADO,2022-07-28
6037,892,301,4,3965.81,0.3,,11137.28,PAGO,2022-09-22
6038,280,500,9,8339.27,,17.57,68316.19,PENDENTE,2023-11-03
6039,262,317,5,9184.05,0.18,112.78,37767.39,ENVIADO,2022/01/16
6040,142,761,3,12906.08,0.05,64.04,36846.37,ENVIADO,11/04/2023
6041,508,677,3,1748.97,0.03,32.93,5122.43,ENVIADO,06/06/2024
6042,645,307,1,10518.75,0.22,36.28,8240.91,PAGO,2024-11-05
6043,989,346,6,8249.7,0.15,108.36,R$500,ENVIADO,2024-10-13
6044,492,981,4,4302.27,0.14,11.4,14811.21,CANCELADO,2024-10-28
6045,1278,1136,1,11972.86,0.06,127.01,11381.5,PAGO,2022-04-16
6046,888,909,9,13205.51,0.29,125.66,84508.87,CANCELADO,2022-03-29
6047,495,111,8,4931.61,,,37552.75,CANCELADO,2023-01-14
6048,408,821,5,2368.97,0.2,32.44,9508.32,PAGO,2022-01-03
6049,192,513,9,58.16,0.09,52.52,528.85,PENDENTE,2022-11-20
6050,239,589,1,5951.31,0.09,131.26,5546.95,PENDENTE,2025-02-01
6051,487,832,1,10560.09,0.18,18.3,8677.57,ENVIADO,2024-03-18
6052,707,810,3,13230.25,0.03,80.32,38580.35,CANCELADO,2022-05-12
6053,142,241,6,7610.65,0.05,80.2,43460.9,ENVIADO,31/02/2025
6054,622,211,2,4292.01,0.04,85.08,8325.74,ENVIADO,2023-09-08
6055,610,235,6,5205.4,0.21,101.13,24774.73,ENVIADO,2023-03-01
6056,833,988,2,11817.23,0.05,13.43,22466.17,ENVIADO,2025-01-31
6057,455,74,1,1783.19,0.14,40.22,1573.76,PAGO,2024-01-27
6058,119,536,1,13197.23,0.18,71.93,,PAGO,2024-05-21
6059,823,461,3,14118.43,0.14,20.21,36445.76,PENDENTE,2022-10-20
6060,37,600,8,13709.5,0.02,22.77,107505.25,ENVIADO,2023-06-02
6061,230,796,7,10798.08,,115.85,72678.95,PENDENTE,2025-03-17
6062,173,901,5,2054.28,0.13,36.5,R$500,CANCELADO,2024-12-19
6063,544,463,2,4258.13,0.21,57.19,6785.04,PAGO,2023-07-04
6064,441,896,6,6504.51,0.17,53.7,32446.16,,2023-08-26
6065,413,110,,10608.2,0.27,76.42,23308.38,PAGO,2023-04-04
6066,241,831,6,3376.17,0.0,46.11,20303.13,ENVIADO,2023-10-07
6067,860,877,10,4082.75,0.05,79.88,38866.0,PAGO,2024-02-21
6068,808,114,9,3972.11,0.17,49.99,29721.65,ENVIADO,2023-10-10
6069,224,299,4,3316.29,0.09,76.49,12147.79,CANCELADO,2023/04/03
6070,147,647,8,6262.54,0.21,87.2,39666.45,PENDENTE,2025-02-15
6071,141,342,10,9113.57,0.16,52.53,76606.52,ENVIADO,2022-02-27
6072,518,825,1,13508.84,0.01,66.01,13439.76,PENDENTE,2022-09-21
6073,569,138,1,4955.57,0.26,17.25,3684.37,CANCELADO,2022-01-05
6074,904,934,4,14970.4,0.08,123.8,55214.87,ENVIADO,2022-11-15
6075,943,889,9,2929.33,0.21,14.91,20842.45,PENDENTE,2024-01-07
6076,643,604,9,9784.14,0.07,38.27,81931.52,ENVIADO,2023-03-20
6077,179,727,6,5537.98,0.17,16.48,27595.62,PENDENTE,99/99/9999
6078,399,506,8,4622.37,0.08,129.34,34149.98,Pagoo,2023-09-04
6079,998,891,-1,3166.17,0.04,137.72,24453.91,ENVIADO,2023-08-15
6080,293,264,6,793.98,0.09,25.09,4360.22,PAGO ,2025-03-28
6081,272,702,-5,11673.22,0.09,95.08,21340.34,PENDENTE,08-11-2023
6082,19,342,5,6421.01,0.26,102.77,23860.51,PAGO,2025-03-02
6083,740,151,10,8263.63,0.27,36.61,60361.11,PENDENTE,2024/11/08
6084,113,1221,10,9375.08,0.14,67.97,80693.66,PENDENTE,2022-09-10
6085,504,722,5,3732.03,0.05,121.5,17848.64,PENDENTE,2022-11-03
6086,248,20,5,7724.17,0.13,74.33,33674.47,PAGO,2023-09-03
6087,711,411,-5,3597.03,0.09,99.21,9919.1,PENDENTE,2023-07-20
6088,930,979,3,9071.81,0.16,27.65,22888.61,PENDENTE,2024-08-03
6089,926,980,,4795.07,0.04,135.12,9341.65,ENVIADO,2023-07-31
6090,1486,528,3,7435.75,0.18,19.33,18311.28,PAGO,2023/08/31
6091,373,374,3,12462.42,0.28,67.32,26986.15,PENDENTE,2023-08-29
6092,1162,947,1,8602.58,0.22,67.51,6777.52,ENVIADO,2023-09-13
6093,1246,526,10,14139.03,0.07,42.58,131535.56,PAGO,2024-05-02
6094,751,550,4,14058.7,0.15,76.74,47876.32,CANCELADO,2022-04-15
6095,996,255,8,6333.85,0.29,106.9,36083.17,PENDENTE,2022-05-07
6096,64,321,8,8948.56,0.07,124.42,66701.71,CANCELADO,2022-06-29
6097,841,501,10,13221.14,0.12,58.29,116404.32,PENDENTE,2023-06-01
6098,29,869,6,12098.99,0.04,62.41,69752.59,PENDENTE,2024-09-02
6099,107,1022,5,9780.5,0.21,132.66,-500,PENDENTE,2023-06-17
6100,431,193,6,4778.64,0.13,105.22,25049.72,CANCELADO,08-16-2023
6101,965,949,6,10802.15,0.03,21.25,62889.76,PENDENTE,2024-03-21
6102,279,4,9,519.9,0.29,48.98,3371.14,PAGO,2023-10-11
6103,41,971,1,9346.79,0.28,147.63,6877.32,CANCELADO,2024-05-06
6104,1491,424,6,14437.09,0.12,43.51,76271.35,ENVIADO,2024-05-09
6105,473,322,2,11095.35,0.21,116.96,17647.61,PAGO,2022-03-06
6106,959,970,3,11398.32,0.02,103.74,33614.8,ENVIADO,2023-02-13
6107,6,108,3,3135.63,0.02,109.3,9328.05,CANCELADO,2023-02-27
6108,786,22,7,4219.91,0.12,29.36,26024.01,,2022-08-20
6109,853,173,6,13341.12,0.19,21.57,64859.41,,99/99/9999
6110,316,64,7,10166.76,0.26,,,PENDENTE,31/02/2025
6111,829,326,2,1648.93,0.15,11.51,2814.69,CANCELADO,2025-04-15
6112,126,660,3,6399.22,0.3,46.95,13485.31,CANCELADO,2022-05-02
6113,880,495,-1,2571.54,0.08,33.7,23691.87,PENDENTE,07-11-2024
6114,597,470,2,10782.88,0.1,37.51,19446.69,PAGO,2024-12-26
6115,582,479,6,9842.23,0.19,39.49,47872.73,ENVIADO,31/10/2023
6116,877,756,8,4182.57,0.18,49.95,27487.61,PAGO,2023-12-01
6117,260,124,8,9304.54,0.06,34.85,,ENVIADO,2022-08-23
6118,522,612,1,13673.6,0.1,144.7,12450.94,Pagoo,2023-11-28
6119,400,191,6,12579.24,0.27,20.74,55117.81,PENDENTE,2022-06-04
6120,477,714,2,7837.78,0.07,114.34,14692.61,PAGO,2025-03-24
6121,436,885,1,712.83,0.28,81.36,594.6,PAGO,08-07-2022
6122,976,924,10,98.5,0.12,80.34,947.14,ENVIADO,2024-07-14
6123,1054,127,9,7241.29,0.16,85.28,54829.43,PENDENTE,31/02/2025
6124,1344,418,2,12086.28,0.04,30.62,23236.28,ENVIADO,2022-11-29
6125,630,882,9,11932.13,0.3,79.73,75252.15,PENDENTE,2022-04-08
6126,214,1110,6,4551.13,,122.99,25518.3,PAGO,2024-01-11
6127,509,330,2,14918.36,0.21,11.85,23582.86,PAGO,2024-04-21
6128,937,851,4,3215.93,0.12,61.15,11381.22,PAGO,2023-05-22
6129,831,1414,5,8443.47,0.19,106.67,34302.72,PAGO,2024-07-13
6130,286,103,9,6592.89,0.15,118.66,50554.27,ENVIADO,2022-01-12
6131,261,455,0,7320.52,0.11,20.49,39112.07,PAGO ,2024-10-28
6132,360,901,3,6739.87,0.14,30.02,17418.88,PAGO,2022-10-02
6133,168,1489,5,4253.5,0.08,83.21,19649.31,CANCELADO,2024-11-04
6134,736,447,10,121.22,0.06,,mil,ENVIADO,2025-01-23
6135,455,780,2,10868.04,0.06,74.72,20506.64,PENDENTE,28/02/2025
6136,703,1362,9,5616.94,0.13,56.35,44036.99,PAGO,2023-04-15
6137,1049,291,2,12255.41,0.1,89.24,22148.98,PAGO,2025-03-07
6138,59,598,9,7368.65,0.14,69.72,57103.07,PAGO,2022-10-24
6139,825,43,10,3661.66,0.14,121.95,31612.23,CANCELADO,2024-05-08
6140,572,309,1,5941.54,0.12,38.77,5267.33,CANCELADO,2024-10-14
6141,623,552,6,13287.1,0.0,102.45,79825.05,PENDENTE,2023-04-30
6142,153,231,2,4687.05,0.02,149.11,9335.73,PAGO,2024-05-20
6143,460,77,6,5524.39,0.11,,29557.85,PAGO,2023-12-05
6144,137,223,7,9594.07,0.29,52.81,47735.34,ENVIADO,2022-11-20
6145,109,118,9,2386.6,0.21,33.9,17002.63,PENDENTE,2024-06-27
6146,866,78,4,1147.71,0.04,72.87,4480.08,ENVIADO,2023-12-22
6147,228,360,2,9990.55,0.18,16.17,16400.67,PAGO,2023-09-06
6148,253,688,9,12033.34,,35.07,89924.12,PENDENTE,2024-05-13
6149,879,473,10,3827.22,0.06,54.94,36030.81,PAGO,2024-08-06
6150,831,995,6,7744.61,0.26,112.72,34498.79,CANCELADO,2025-03-15
6151,615,889,2,7006.82,0.15,80.62,11992.21,PENDENTE,2023-02-13
6152,30,413,7,572.26,0.27,57.69,2981.94,PENDENTE,2024-10-19
6153,575,27,6,11868.9,0.07,139.44,66367.9,ENVIADO,2022-11-03
6154,470,928,5,4682.6,0.2,95.0,18825.4,pago,2024-12-29
6155,464,677,9,1330.97,0.26,36.16,8900.42,CANCELADO,2024-07-01
6156,880,941,dez,1300.2,0.11,75.39,5861.28,CANCELADO,2023-04-11
6157,418,125,1,3707.41,0.13,87.11,3312.56,PAGO,2022-03-24
6158,213,251,2,14277.73,0.08,106.84,26377.86,ENVIADO,2024-03-13
6159,82,578,1,10719.68,0.14,90.44,9309.36,CANCELADO,31/02/2025
6160,583,457,8,10760.83,0.02,51.5,84416.41,CANCELADO,2023-04-20
6161,1417,669,2,838.8,0.23,,1344.48,CANCELADO,2022-08-14
6162,412,1487,5,2819.29,0.06,61.6,13312.26,PENDENTE,2023-09-08
6163,639,504,6,4311.04,0.15,145.88,22132.18,PENDENTE,2024-05-06
6164,152,274,4,7170.83,0.2,14.33,22960.99,PENDENTE,2025/04/09
6165,1170,257,5,12333.3,0.01,113.13,61162.96,Cancelado,2022-04-13
6166,645,272,7,12422.05,0.21,79.68,68773.62,CANCELADO,2024-03-05
6167,1037,882,7,7938.21,0.02,23.83,54479.95,ENVIADO,2023-02-15
6168,752,857,2,1273.82,0.22,11.4,1998.56,PENDENTE,2025-02-20
6169,382,950,8,1219.5,0.14,93.67,8483.83,PAGO,12-22-2024
6170,351,847,1,9447.15,0.04,103.31,9172.57,PAGO,2023-05-26
6171,159,854,3,3849.53,0.0,144.62,11693.21,PAGO,2023-01-20
6172,179,744,1,13295.12,0.26,19.97,9858.36,PAGO,2023-12-25
6173,850,447,2,8689.35,0.18,31.71,14282.24,CANCELADO,2022-05-17
6174,242,82,5,1482.64,0.02,97.51,7362.45,PENDENTE,2023-05-30
6175,700,693,6,11928.33,0.09,41.96,65170.64,ENVIADO,2022/01/18
6176,705,10,dez,14625.34,0.06,,123756.39,PENDENTE,2023-02-06
6177,907,299,6,6699.48,0.04,25.73,38614.73,PAGO,2023-04-07
6178,172,436,10,6799.08,0.02,126.32,66757.3,PENDENTE,2024-09-24
6179,665,336,8,12674.09,0.03,101.32,98452.26,PENDENTE,2024-08-23
6180,211,71,10,7926.85,0.09,65.97,72200.31,CANCELADO,2023-11-20
6181,343,778,5,5578.6,0.22,,21874.3,PENDENTE,2024-10-01
6182,35,473,-1,2218.18,0.01,12.7,6600.69,ENVIADO,2022-03-27
6183,852,702,9,11921.92,0.1,92.4,0,PAGO,2024-02-12
6184,247,787,10,12472.17,0.16,16.6,104782.83,PENDENTE,2022-07-09
6185,740,601,3,3419.35,,119.7,9044.2,PENDENTE,2022-09-07
6186,1487,263,1,7195.87,0.01,54.69,7178.6,PAGO,2023-06-28
6187,214,924,3,10337.11,0.26,,22961.93,PENDENTE,2022-07-31
6188,640,211,9,12561.54,0.16,137.74,95102.98,ENVIADO,2022-11-07
6189,701,73,3,13729.08,0.06,69.19,38785.2,ENVIADO,2023-08-06
6190,75,652,5,9702.75,0.08,71.25,44703.9,PAGO,2022-07-07
6191,873,314,,3960.69,0.24,118.08,12158.58,PENDENTE,2022-08-09
6192,939,157,9,11476.13,0.17,54.05,85780.74,PENDENTE,2023-09-11
6193,799,66,3,1813.18,0.25,138.29,4217.94,PAGO,2024-03-20
6194,558,679,3,8234.17,0.25,12.35,18539.23,PENDENTE,2024-02-29
6195,882,710,5,2476.84,0.02,50.44,12186.96,PENDENTE,2023-02-20
6196,88,610,4,3035.69,0.24,34.45,,PENDENTE,2025-02-05
6197,996,1256,1,9912.85,,54.49,7290.87,ENVIADO,2022-03-21
6198,148,117,5,4629.64,0.22,54.65,18110.25,PENDENTE,2024-08-26
6199,311,253,9,9983.67,0.02,51.01,88106.98,ENVIADO,2024-07-27
6200,1183,569,1,12610.91,0.01,103.03,12587.83,PENDENTE,2022-09-29
6201,887,1394,0,3887.54,0.13,85.14,30524.58,CANCELADO,2023-06-15
6202,601,1292,6,13544.27,0.18,60.12,66697.93,ENVIADO,2024-11-29
6203,621,274,1,11620.83,0.21,106.91,9287.37,PAGO,2023-10-23
6204,208,269,4,2323.32,0.1,129.0,8492.95,CANCELADO,2022-04-14
6205,171,831,10,9312.25,0.19,134.63,75563.86,PENDENTE,2024-02-02
6206,453,306,3,7759.77,0.01,137.22,23183.74,PAGO,2023-04-28
6207,1251,871,3,8015.21,0.15,15.34,20454.13,PENDENTE,2023-12-02
6208,783,594,5,13491.49,0.2,46.35,54012.31,PENDENTE,2024-11-09
6209,785,559,6,11073.35,0.01,136.91,65912.61,ENVIADO,2024-07-07
6210,536,243,8,12218.83,0.01,96.58,96869.71,PAGO,2022-12-24
6211,1472,232,-5,2098.77,0.05,39.29,19977.6,ENVIADO,2022-03-25
6212,871,579,1,14287.59,0.18,,11731.54,PAGO,2022-09-12
6213,665,1496,10,13242.98,0.29,68.57,94093.73,CANCELADO,2023-02-26
6214,462,103,2,3132.69,0.2,37.12,5049.42,PAGO,2024-05-15
6215,159,445,9,7563.17,0.26,144.48,50515.19,PENDENTE,2023-09-03
6216,124,114,3,3727.34,0.03,42.03,10888.59,PENDENTE,2024-07-23
6217,914,195,2,10834.14,0.02,85.9,21320.81,CANCELADO,2022-05-21
6218,451,379,9,2107.01,0.03,56.57,0,PAGO,2023-05-31
6219,273,204,7,8748.76,0.27,128.74,44834.9,CANCELADO,2022-06-25
6220,47,321,4,9855.99,0.13,143.97,34442.82,PAGO,2023-09-16
6221,625,436,9,5223.55,0.04,66.37,45197.84,CANCELADO,2023-04-16
6222,198,499,5,641.77,,106.33,3154.74,PENDENTE,2024-01-07
6223,146,273,5,4815.21,0.12,84.63,21271.55,ENVIADO,2024-03-15
6224,466,197,8,7695.01,0.27,67.39,45006.25,PENDENTE,01-15-2023
6225,238,791,3,14189.59,0.22,78.4,33282.04,PENDENTE,2025-03-19
6226,907,7,-5,5072.67,0.22,84.08,31737.54,ENVIADO,2024-04-26
6227,639,39,2,6258.2,0.05,20.66,11911.24,CANCELADO,2022-04-06
6228,1294,638,7,7990.34,0.26,100.0,41489.96,PAGO,2022-04-03
6229,414,95,dez,6567.48,0.11,,41032.1,CANCELADO,2023-12-27
6230,447,8,8,2699.61,0.27,102.39,15868.11,ENVIADO,2024-05-10
6231,905,890,2,12673.63,0.11,122.95,22682.01,PAGO,2024-07-03
6232,292,367,3,2532.86,0.02,47.6,7494.21,PAGO,2023/08/04
6233,748,298,5,1599.69,0.17,119.76,0,Cancelado,2024-03-11
6234,434,707,9,10202.13,0.25,35.29,68899.67,ENVIADO,2023-02-15
6235,489,830,7,8783.54,0.19,79.64,49882.31,CANCELADO,2022-11-14
6236,255,608,7,3497.71,0.04,131.45,23636.06,CANCELADO,2022-09-29
6237,515,204,8,14593.4,0.07,56.34,108631.24,PENDENTE,2023-10-05
6238,337,316,3,4880.27,0.24,58.38,11185.4,PENDENTE,2023-02-14
6239,572,915,8,6029.08,0.19,77.07,39145.51,PENDENTE,2024-03-10
6240,340,973,6,9967.47,0.06,,56328.32,PAGO,2024-05-20
6241,516,799,6,4355.22,0.08,90.01,24130.82,CANCELADO,2022-11-12
6242,633,869,6,13618.05,0.09,67.83,74422.38,PAGO,11-13-2023
6243,229,322,1,4697.57,0.1,117.07,4344.88,CANCELADO,06/09/2022
6244,748,209,6,12122.52,0.26,37.39,53861.38,CANCELADO,2023-05-08
6245,834,759,10,10355.48,0.07,58.58,96364.54,ENVIADO,2024-12-29
6246,1125,939,-1,8328.76,0.27,43.47,42603.43,ENVIADO,2024-05-30
6247,931,687,9,3780.62,0.01,133.08,33818.4,ENVIADO,2025-04-04
6248,215,793,2,10394.04,0.29,129.01,14888.55,CANCELADO,2022-07-29
6249,310,765,,10883.53,0.27,124.1,55738.94,CANCELADO,2024-07-01
6250,742,463,6,1357.49,0.05,53.77,7791.46,Pago,2024-04-15
6251,546,886,1,4578.53,0.13,73.39,4056.71,CANCELADO,99/99/9999
6252,57,99,1,3008.82,0.09,17.26,mil,ENVIADO,2022-10-13
6253,655,648,6,9815.41,0.22,41.36,45977.48,PAGO,2022-09-25
6254,664,536,2,1660.24,0.22,35.67,2625.64,CANCELADO,2024-07-21
6255,299,302,-1,5043.49,0.13,43.25,21982.43,ENVIADO,2024-05-11
6256,243,3,2,12129.11,0.09,50.51,22125.49,ENVIADO,2024-03-23
6257,1162,272,5,14151.26,0.21,84.3,55981.78,PAGO,2022-05-04
6258,801,471,2,6473.88,0.29,111.92,9304.83,ENVIADO,2024-08-25
6259,560,670,5,6742.16,0.29,148.29,24082.96,ENVIADO,2023-10-11
6260,728,155,3,4418.09,0.17,31.51,11032.55,PAGO,2022-08-24
6261,383,128,0,2866.57,0.27,23.73,8394.11,ENVIADO,2023-06-08
6262,813,481,5,14341.78,0.24,76.27,-500,PENDENTE,2022-06-05
6263,645,860,8,12030.06,0.14,25.87,82792.68,PAGO,2024-02-20
6264,884,810,1,11278.52,0.24,33.99,8605.67,CANCELADO,2024-03-25
6265,814,232,5,12366.37,0.05,29.97,58770.23,PENDENTE,2023-02-03
6266,1051,274,-1,14577.81,0.29,121.22,93273.43,PAGO,2023-09-27
6267,971,214,3,14928.77,0.21,18.56,35399.74,PAGO,2023-04-28
6268,798,767,-5,10789.5,0.11,58.92,48072.19,PENDENTE,04-16-2022
6269,858,824,10,71.81,,71.72,646.2,ENVIADO,2023-01-15
6270,841,13,4,6009.73,0.18,92.84,0,PENDENTE,2022-02-14
6271,880,53,3,1087.56,0.05,66.58,3166.13,PENDENTE,2022-05-08
6272,553,96,6,14112.95,,75.57,75438.72,CANCELADO,2022-02-11
6273,1444,703,8,6400.31,0.22,33.83,0,PAGO,2022-01-27
6274,521,826,6,13125.3,0.1,118.42,70995.04,PENDENTE,2023-08-15
6275,784,284,2,3586.56,0.19,88.86,5899.09,PENDENTE,2022-07-07
6276,502,139,3,13201.03,0.22,52.54,30942.95,ENVIADO,2023-10-04
6277,333,226,3,4067.76,0.22,63.82,9582.38,ENVIADO,2025-03-05
6278,346,262,1,9457.06,0.06,70.23,8959.87,PENDENTE,2022-02-04
6279,89,84,4,512.72,,148.51,1604.63,PENDENTE,2022-10-10
6280,795,878,7,6222.38,0.3,20.71,30510.37,PAGO,2024-02-17
6281,782,777,1,5906.87,0.23,86.53,4634.82,CANCELADO,2024-01-12
6282,496,611,6,7756.35,0.05,127.56,44338.76,ENVIADO,2024-08-29
6283,963,1,9,10113.91,0.14,92.79,78374.45,ENVIADO,2022-06-26
6284,810,108,7,4154.02,0.07,131.86,27174.53,ENVIADO,2025-03-22
6285,76,147,10,4945.43,0.03,69.54,48040.21,PAGO,2024-01-14
6286,104,347,3,5592.45,0.26,132.86,12548.1,CANCELADO,2024-06-07
6287,90,609,9,12601.84,0.16,136.32,95406.23,PAGO,31/02/2025
6288,872,33,4,1839.1,0.27,115.67,-500,PAGO,2022-01-07
6289,212,641,8,748.38,0.29,114.69,4365.49,PENDENTE,2022-10-10
6290,594,1028,9,3761.25,0.15,68.84,,ENVIADO,2023-01-10
6291,450,619,7,7436.52,0.28,63.39,37543.45,CANCELADO,2023-06-04
6292,145,782,,478.07,0.16,19.32,2027.21,ENVIADO,2022-08-20
6293,956,380,6,11952.33,0.09,20.59,65280.31,ENVIADO,2024-11-06
6294,830,902,8,4944.47,0.28,120.31,28600.46,PENDENTE,2022-10-01
6295,483,397,2,11592.53,0.21,10.97,18327.17,PENDENTE,2025-04-12
6296,317,217,2,2317.87,0.15,,4026.51,,2022-01-04
6297,552,457,9,5720.76,0.18,32.16,42251.37,PAGO,2022-07-23
6298,244,379,4,13387.8,0.08,46.12,49313.22,CANCELADO,2024-09-20
6299,740,631,,9350.83,0.09,108.43,8617.69,PENDENTE,2023-03-21
6300,726,834,0,1048.65,0.17,74.93,,CANCELADO,99/99/9999
6301,446,812,10,1609.6,0.29,55.05,11483.21,ENVIADO,2022-03-13
6302,872,546,7,8678.31,0.03,95.77,59021.49,PAGO,2024-03-26
6303,415,851,6,7350.19,0.28,116.74,31869.56,PENDENTE,31/02/2025
6304,958,601,4,9057.58,0.26,38.32,mil,ENVIADO,2022-05-24
6305,687,860,6,5805.32,0.11,70.69,31071.1,PAGO,2022-10-27
6306,134,1467,5,711.0,0.25,29.19,2695.44,ENVIADO,2024-03-12
6307,108,889,10,14824.04,0.25,61.13,111241.43,ENVIADO,2023-12-07
6308,867,164,5,3147.28,0.3,51.68,11067.16,ENVIADO,2023-12-06
6309,390,79,6,12440.33,0.08,42.24,68712.86,PENDENTE,2023-08-26
6310,1200,816,8,5344.45,0.28,87.71,30871.74,PAGO,2024-09-28
6311,721,130,2,852.95,0.13,108.7,1592.83,PENDENTE,11-21-2023
6312,1096,953,9,9686.54,0.03,78.7,84642.19,CANCELADO,2022-10-27
6313,374,751,10,10995.71,0.06,33.92,103393.59,PAGO,2022-09-30
6314,936,463,9,14856.03,0.29,146.77,95076.8,CANCELADO,2024-07-17
6315,435,202,10,8517.29,0.01,144.56,84465.73,PENDENTE,2024-07-11
6316,138,761,1,5886.36,0.03,37.28,5747.05,CANCELADO,25/11/2023
6317,922,297,6,3564.02,0.03,89.45,20832.05,PAGO,2023-03-14
6318,411,73,5,5508.06,0.02,34.04,27023.53,CANCELADO,2025-01-12
6319,48,622,6,2595.48,0.06,118.95,14757.46,PAGO,2022-11-15
6320,591,1271,4,10216.43,0.2,57.41,32749.99,PENDENTE,2024-12-11
6321,215,701,9,13168.57,0.06,143.37,111549.47,PENDENTE,99/99/9999
6322,582,492,5,4441.06,0.08,126.53,20555.41,PENDENTE,17/01/2025
6323,501,1059,10,6343.32,0.11,35.3,56490.85,CANCELADO,2024-03-18
6324,389,757,6,7839.61,0.15,119.49,40101.5,CANCELADO,2022-03-01
6325,610,1367,3,5959.06,0.19,129.38,14609.9,CANCELADO,2022-05-09
6326,121,148,10,12577.35,0.1,49.55,113245.7,PENDENTE,2023-06-07
6327,492,46,3,4321.39,0.02,,12763.99,ENVIADO,2023-06-23
6328,180,838,8,13232.08,0.02,129.23,-500,ENVIADO,2022-04-17
6329,1068,985,10,10575.85,0.06,12.94,99425.93,PENDENTE,99/99/9999
6330,286,472,7,11237.83,0.3,63.38,55128.75,PENDENTE,2025-01-10
6331,179,451,4,1843.32,,37.14,6525.63,ENVIADO,2023-03-18
6332,43,683,-5,7467.53,0.01,98.51,22277.07,PENDENTE,2024-03-07
6333,439,417,,6246.47,0.17,130.89,31238.31,PAGO,2024-07-22
6334,216,847,5,7132.97,0.16,61.02,,ENVIADO,2022-08-06
6335,235,25,4,10634.95,0.03,24.8,41288.41,CANCELADO,2024-03-17
6336,390,754,3,1282.44,0.08,64.94,3604.47,ENVIADO,2022-08-05
6337,491,1391,5,3643.19,0.27,67.31,13364.95,CANCELADO,2023-05-07
6338,670,183,,3678.31,0.21,38.1,14567.42,CANCELADO,2022-07-02
6339,862,811,10,9071.21,0.12,107.27,79933.92,PAGO,2023-01-24
6340,444,719,9,10671.58,0.04,67.29,92269.74,PENDENTE,12-12-2022
6341,807,383,6,5905.9,0.04,28.37,34046.35,CANCELADO,2024-12-12
6342,774,906,dez,13230.35,,147.97,83763.78,PAGO,2022-08-02
6343,602,605,5,13359.67,0.22,,52169.32,PAGO,2024-06-05
6344,877,14,7,8852.24,0.13,37.27,53947.41,PAGO,2022-07-10
6345,987,924,1,10766.32,0.22,42.0,8439.73,PAGO,2023-03-20
6346,735,222,8,2022.25,0.3,86.2,11410.8,ENVIADO,2022-06-29
6347,1467,286,5,691.98,0.18,39.95,2877.07,PAGO,2023-06-07
6348,294,398,4,4397.96,0.05,119.75,16832.0,PENDENTE,04-19-2023
6349,483,671,4,13656.28,0.04,120.27,52560.39,CANCELADO,2024-03-11
6350,1161,169,7,12144.61,,98.63,68958.57,PAGO,2024-12-27
6351,805,799,9,9235.21,0.18,121.42,68277.27,PAGO,2024-11-10
6352,1026,842,3,8786.4,0.21,101.57,20925.34,Pagoo,2023-08-09
6353,529,671,8,8255.18,0.18,127.07,54281.05,PENDENTE,2024-04-29
6354,681,931,5,114.22,,135.2,586.37,PAGO,2022-06-05
6355,294,996,7,8458.85,0.08,96.85,54571.84,ENVIADO,2023-12-03
6356,1133,646,1,12677.12,0.17,67.21,10589.22,CANCELADO,2023-05-05
6357,757,490,2,3517.36,0.08,43.85,6515.79,CANCELADO,2024-06-14
6358,490,365,3,10558.66,0.22,134.62,24841.88,ENVIADO,07/04/2024
6359,316,119,6,5053.75,0.16,116.06,25586.96,PAGO,01-13-2023
6360,547,255,dez,13414.58,0.3,145.48,37706.3,PENDENTE,2023-07-07
6361,625,14,10,2685.71,0.29,19.51,-500,PENDENTE,2022-05-31
6362,153,877,10,10818.41,0.21,74.84,0,CANCELADO,2022-05-31
6363,176,373,1,12360.34,,14.35,11509.47,PENDENTE,10/06/2024
6364,105,841,0,3691.56,0.25,45.35,2814.02,ENVIADO,2023-07-03
6365,492,569,-1,4572.74,0.2,41.03,18331.99,ENVIADO,2022-08-11
6366,530,75,4,4482.74,0.28,23.14,12933.43,PAGO,2024-03-04
6367,107,76,1,627.77,0.18,59.77,574.54,ENVIADO,2025-04-08
6368,502,830,2,6699.02,0.17,45.97,11166.34,ENVIADO,2022-01-17
6369,803,281,9,6473.07,0.11,137.78,51987.07,PAGO,2024-03-22
6370,803,174,5,13814.12,0.03,,67070.2,CANCELADO,2022-10-21
6371,373,841,1,3166.21,0.06,55.6,3031.84,,2022-12-05
6372,1404,524,7,7981.09,0.02,118.86,54869.14,PAGO,2024-02-16
6373,821,827,10,12444.16,0.15,41.35,105816.71,PENDENTE,2024-04-29
6374,693,1250,,11750.78,0.26,122.11,34904.42,PAGO,2024-08-20
6375,310,349,9,623.18,0.24,75.88,4338.43,CANCELADO,2025-04-11
6376,118,629,5,14769.68,0.27,67.54,53976.87,CANCELADO,2025-01-31
6377,6,37,2,6336.93,0.17,144.14,10663.44,PAGO,2022-12-08
6378,774,699,8,8142.49,0.29,17.06,46266.4,ENVIADO,2023-09-27
6379,390,83,4,5840.39,0.05,34.67,22228.15,PENDENTE,2022-06-03
6380,983,155,2,7409.27,0.15,57.06,12652.82,CANCELADO,2025-02-04
6381,359,600,10,12880.53,0.08,134.39,118635.27,PENDENTE,2023-02-14
6382,621,385,2,14391.54,0.21,62.12,22800.75,CANCELADO,31/02/2025
6383,542,433,7,14057.16,0.28,95.66,R$500,PAGO,2024-06-03
6384,53,837,5,355.14,0.01,108.6,1866.54,CANCELADO,2023-12-24
6385,236,961,1,158.79,0.08,16.41,162.5,PENDENTE,2023-04-11
6386,335,563,5,2809.24,,113.63,12333.82,ENVIADO,2022-05-22
6387,336,407,10,10861.01,0.16,23.8,91256.28,PENDENTE,2023-09-10
6388,813,716,8,926.22,0.14,88.52,6460.91,PENDENTE,2024-05-11
6389,356,45,8,9196.2,0.12,130.31,64871.56,PENDENTE,2022-04-05
6390,892,338,9,3252.71,0.05,147.57,27958.24,PENDENTE,2023-11-12
6391,959,538,8,2123.94,0.03,70.36,16552.13,CANCELADO,06-11-2023
6392,904,193,2,6602.87,0.22,114.49,10414.97,Pago,2024-09-21
6393,318,279,2,2134.89,0.09,51.75,3937.25,PENDENTE,2022-06-23
6394,400,21,4,13818.41,0.0,133.45,55407.09,PENDENTE,2024-07-30
6395,272,620,8,9604.9,0.01,,76207.76,ENVIADO,2022-03-13
6396,69,277,0,13011.97,0.15,145.32,44386.02,PAGO,2022-02-23
6397,617,1440,3,8861.58,0.27,88.23,19495.09,PAGO ,2023/11/04
6398,990,405,10,1387.72,0.13,108.39,12181.55,ENVIADO,2024-12-16
6399,15,1233,-1,1247.0,0.05,76.13,10737.98,CANCELADO,2023-05-16
6400,295,1091,7,6493.26,0.26,114.79,33749.88,ENVIADO,2024-02-22
6401,363,46,1,13194.8,0.14,110.31,11457.84,PAGO,2023-06-19
6402,209,79,3,11846.44,0.05,124.91,33887.26,PENDENTE,2024-05-29
6403,284,675,9,5900.29,0.18,142.68,43686.82,PAGO,12-07-2024
6404,321,1458,8,10344.71,0.22,22.17,64573.16,ENVIADO,2022-06-16
6405,675,207,10,12480.78,,132.59,91242.28,CANCELADO,2024-04-03
6406,271,876,9,11514.39,0.24,19.91,78778.34,PENDENTE,2024-10-01
6407,45,520,3,4800.97,0.27,37.32,10551.44,ENVIADO,2023-12-21
6408,792,218,9,11700.19,0.15,72.45,89578.9,ENVIADO,2024-05-19
6409,413,265,8,10960.06,0.28,31.79,63161.74,PENDENTE,2024-02-10
6410,783,866,9,8964.37,,137.46,67101.3,PAGO,2024-03-21
6411,209,253,8,920.12,0.19,124.37,6086.75,ENVIADO,2023-02-15
6412,154,1275,2,10705.73,0.12,117.11,0,PAGO,2023-06-25
6413,176,127,10,2537.49,0.22,126.17,19918.59,CANCELADO,2023-11-16
6414,156,559,5,10834.59,0.22,139.18,42394.08,PAGO,2024-02-02
6415,286,115,6,9125.24,0.0,59.36,54810.8,PENDENTE,2023-05-05
6416,714,980,6,14778.26,0.13,108.99,77251.51,PENDENTE,2024-03-24
6417,551,341,10,12769.2,0.24,102.42,R$500,PAGO,2022-01-20
6418,932,603,dez,11080.26,0.18,48.49,81820.81,Pagoo,2023-10-25
6419,257,900,5,11037.02,0.18,81.31,45333.09,PAGO,2024-03-27
6420,686,526,2,3877.73,0.29,127.12,5633.5,CANCELADO,2022-09-07
6421,446,86,6,9939.67,0.24,40.88,45365.78,PAGO,2022-04-08
6422,450,880,10,1116.54,0.24,134.16,8619.86,CANCELADO,2023-01-14
6423,955,186,-5,5765.35,0.05,61.12,32923.62,PENDENTE,2022-12-27
6424,513,502,,4880.24,0.21,141.21,11707.38,PENDENTE,10/11/2023
6425,194,193,4,8927.29,0.24,94.0,27232.96,PENDENTE,2022-06-16
6426,89,1113,8,824.12,,100.71,5770.66,Pago,2024-06-15
6427,138,327,7,2149.56,,16.38,13408.14,PAGO,2024-06-20
6428,485,52,4,1306.12,0.01,56.07,5228.31,ENVIADO,2022-10-21
6429,229,652,9,9811.01,0.29,130.61,62822.96,PENDENTE,2024-11-05
6430,940,688,6,10746.67,0.01,55.64,63890.86,CANCELADO,31/02/2025
6431,206,679,5,2219.39,0.08,145.45,10354.64,PENDENTE,2025-01-19
6432,905,58,9,14262.24,0.11,29.06,114269.6,ENVIADO,2022-08-27
6433,169,931,4,3097.56,0.05,46.08,11816.81,CANCELADO,2022-08-11
6434,1139,889,2,4931.09,0.14,77.95,8559.42,PENDENTE,2022-10-08
6435,591,933,7,6155.61,0.28,103.88,31128.15,PAGO,2025-01-30
6436,1025,536,9,1931.32,0.06,95.75,16434.72,ENVIADO,2022-11-25
6437,828,778,-5,2937.85,0.08,140.64,19060.39,ENVIADO,2023-02-02
6438,99,392,2,7356.82,0.04,61.01,14186.1,pago,2023-01-11
6439,699,962,10,7265.61,0.24,,55287.29,PENDENTE,2022-07-08
6440,443,1200,-1,2489.29,0.29,85.49,14224.66,PAGO,2025-01-20
6441,633,747,6,2164.49,0.25,97.66,9837.86,PAGO,2022-04-04
6442,95,741,9,6746.29,0.03,122.69,59017.8,PENDENTE,2024-12-08
6443,196,681,2,246.93,0.06,90.25,0,PENDENTE,2022-05-09
6444,1451,675,8,6712.55,0.15,42.8,45688.14,PENDENTE,2022-08-14
6445,225,903,2,5762.15,0.27,98.51,8511.25,PENDENTE,2024-04-02
6446,681,323,,12066.48,0.17,69.96,90206.57,PENDENTE,2022-09-02
6447,160,600,4,1195.37,0.26,81.29,3619.59,Cancelado,2022-08-10
6448,445,100,7,5924.3,0.06,44.95,R$500,CANCELADO,2024-05-07
6449,830,341,4,9756.13,,51.41,37514.95,CANCELADO,2022-09-10
6450,578,865,-1,3332.93,0.25,129.85,25126.82,PENDENTE,2023-07-13
6451,518,512,4,14238.14,0.15,145.48,48555.16,Pago,2023-10-22
6452,504,434,2,3431.92,0.22,88.05,5441.85,PAGO,31/02/2025
6453,277,592,3,10315.17,0.14,,26636.78,PENDENTE,2023-03-05
6454,189,219,dez,14536.79,0.14,50.56,12552.2,CANCELADO,2024-03-18
6455,118,837,4,3638.16,0.17,119.57,12198.26,CANCELADO,2023-01-19
6456,629,137,6,10026.59,0.11,35.31,53577.3,ENVIADO,2023-01-12
6457,584,368,2,7266.91,0.08,97.67,13468.78,PENDENTE,2023-03-05
6458,882,128,7,8130.37,0.13,127.28,49641.23,ENVIADO,2022-08-19
6459,750,808,-1,2617.18,0.21,148.23,8418.52,PAGO,2023-03-21
6460,698,239,2,6466.22,0.18,144.75,10749.35,PAGO,2022-06-04
6461,681,855,6,2328.4,0.14,,12092.83,ENVIADO,2022-01-02
6462,173,911,7,10877.22,0.08,24.9,mil,PENDENTE,2022-12-24
6463,200,421,8,319.69,0.28,143.21,-500,PENDENTE,2023-06-19
6464,64,944,8,10768.1,,33.75,72395.38,CANCELADO,2023-05-03
6465,741,640,10,5911.53,0.03,42.02,57383.86,PAGO,2022-11-05
6466,715,922,3,11967.85,,36.56,mil,PAGO,2024-12-31
6467,230,526,7,3912.23,0.19,96.02,22278.36,PAGO,2024-10-21
6468,702,400,1,9071.98,0.28,131.52,,PENDENTE,2022-08-01
6469,1,381,7,7254.65,0.1,46.14,45750.43,PENDENTE,2022-11-08
6470,636,449,7,8431.9,0.08,121.46,-500,Cancelado,2024-01-14
6471,819,963,2,13654.73,0.08,126.67,25251.37,ENVIADO,2022-02-25
6472,476,664,4,13323.44,0.03,34.72,51729.67,ENVIADO,2022-06-16
6473,776,626,3,496.45,0.26,,-500,ENVIADO,2024-02-07
6474,255,551,8,10362.45,0.17,126.68,68933.35,,2023-04-09
6475,521,682,1,3591.15,0.23,102.59,2867.78,PENDENTE,2023-11-27
6476,1460,646,1,4471.57,0.3,19.64,3149.74,PENDENTE,2022-02-19
6477,563,396,1,5796.94,0.27,138.42,4370.19,ENVIADO,2022-02-18
6478,831,854,3,8493.78,0.1,102.53,23035.74,Pagoo,2024-03-24
6479,864,911,2,13361.93,0.22,119.29,20963.9,ENVIADO,2022-10-16
6480,407,274,-1,5220.45,0.15,141.03,26765.32,PAGO,31/02/2025
6481,199,58,6,14711.25,0.2,52.17,70666.17,ENVIADO,2023-07-07
6482,736,198,10,6855.92,0.09,130.34,62519.21,ENVIADO,2023-03-26
6483,978,840,-1,2657.11,0.2,129.13,8631.88,ENVIADO,2022-11-27
6484,290,692,5,8786.89,0.25,125.24,33076.08,PENDENTE,2023-08-01
6485,333,765,8,3902.85,0.18,70.91,25673.61,PENDENTE,2023-07-24
6486,131,32,8,11226.68,0.11,11.57,79945.53,ENVIADO,2022-02-12
6487,684,2,5,2039.72,0.08,88.97,9471.68,Cancelado,2022-03-07
6488,953,373,1,6093.48,0.14,141.95,5382.34,PENDENTE,2024-06-11
6489,116,271,9,2233.98,0.02,140.03,19843.73,ENVIADO,2024-07-02
6490,569,884,2,9899.4,0.24,26.69,15073.78,PENDENTE,2024-12-31
6491,809,716,5,4411.11,0.16,73.16,18599.82,PENDENTE,2024-10-11
6492,892,568,2,13131.59,0.02,,0,CANCELADO,2024-04-14
6493,814,816,9,12089.11,0.3,20.82,76182.21,CANCELADO,2022-05-28
6494,1478,903,6,2724.66,0.16,39.16,13771.45,PENDENTE,11-02-2022
6495,70,720,8,3264.81,0.21,13.35,20646.95,PAGO,2022-03-26
6496,702,759,2,9140.55,0.0,146.57,18427.67,ENVIADO,2022-08-01
6497,672,264,8,2239.31,0.19,145.75,14656.48,PAGO,2024-10-27
6498,492,701,10,1243.33,0.09,139.0,11453.3,PAGO,2023-01-31
6499,20,432,3,12384.46,0.07,106.85,34659.49,PAGO,2024-04-30
6500,308,781,8,10517.67,0.04,112.67,80888.38,PENDENTE,2024-06-10
6501,610,204,10,893.7,0.13,140.23,7915.42,PENDENTE,2023-11-27
6502,695,390,2,728.76,0.23,131.86,,ENVIADO,2025-02-08
6503,552,1181,0,8252.46,0.11,32.07,44100.21,ENVIADO,2024-06-10
6504,61,613,6,13930.45,0.11,59.25,74447.85,ENVIADO,2023-03-18
6505,289,238,9,736.27,0.1,144.53,6108.32,PENDENTE,2023-09-17
6506,261,571,4,7834.59,0.06,148.6,29606.66,CANCELADO,2023-12-30
6507,861,302,4,14772.13,0.23,108.41,45606.57,PENDENTE,2024-11-14
6508,642,929,1,7702.0,0.17,98.84,6491.5,PENDENTE,10-16-2022
6509,668,96,10,14175.74,0.02,13.2,138935.45,CANCELADO,2024-09-08
6510,126,716,6,13911.36,0.18,65.86,68509.75,PAGO,2024-11-14
6511,216,644,6,9144.28,0.05,,52261.29,CANCELADO,2024-04-15
6512,619,649,6,5712.19,0.03,71.91,33316.86,ENVIADO,2025-02-26
6513,754,1431,5,1274.11,,102.84,5390.4,CANCELADO,2025-03-18
6514,291,692,9,4728.51,0.09,102.79,38829.29,pago,2022-06-29
6515,1313,510,5,11397.01,0.16,22.71,47890.15,CANCELADO,2024-05-06
6516,115,397,dez,8249.76,0.22,103.55,25842.8,PAGO,2025-02-02
6517,701,367,1,7600.7,0.24,148.6,5925.13,PENDENTE,2024-01-14
6518,165,353,7,12585.07,0.26,85.97,65276.63,PAGO,2022-06-03
6519,763,1118,4,12428.33,0.25,86.0,37370.99,ENVIADO,2022-04-26
6520,503,406,-1,5087.55,0.17,19.01,8464.34,PAGO,2023-03-16
6521,826,199,-5,12748.46,0.05,86.8,109086.13,CANCELADO,2023-06-20
6522,818,315,10,8855.96,0.19,74.45,71807.73,ENVIADO,2022-07-05
6523,496,805,8,12867.11,0.27,132.57,75276.49,CANCELADO,2025-03-11
6524,599,11,10,5568.53,0.09,50.69,50724.31,ENVIADO,2022-08-18
6525,1252,552,3,3442.9,0.22,37.08,8093.47,ENVIADO,2022-04-07
6526,389,659,9,9778.4,0.08,135.68,81100.83,ENVIADO,2022-11-15
6527,76,1244,10,11659.82,0.18,143.4,95753.92,PENDENTE,2024-05-09
6528,548,682,10,4724.26,,136.31,35095.83,CANCELADO,2024-08-27
6529,153,869,5,9913.64,0.04,,47692.38,PAGO,2022-12-02
6530,1,463,6,14857.31,0.0,,89190.01,ENVIADO,2024-01-03
6531,871,421,6,8507.13,0.27,111.77,37373.0,Pagoo,2025-03-31
6532,225,345,5,6984.48,0.09,83.2,31862.58,ENVIADO,2023-07-23
6533,81,827,3,9295.09,0.18,88.82,22954.74,PAGO,2022-10-03
6534,636,415,6,9111.86,0.14,68.84,0,PAGO,2024-02-26
6535,650,532,7,10432.42,0.21,42.82,57734.1,PENDENTE,2023-07-12
6536,935,808,2,3454.67,0.25,90.35,5272.36,PENDENTE,2024-12-18
6537,895,712,2,6084.7,0.3,79.15,8597.73,PAGO,2022-11-12
6538,1409,885,5,13025.29,0.24,59.71,49555.81,PENDENTE,2024-02-28
6539,153,913,6,9206.85,0.1,108.77,49825.76,ENVIADO,2024-06-21
6540,710,37,7,9201.97,0.2,48.22,51579.25,ENVIADO,2024-12-30
6541,736,137,10,969.82,0.25,112.67,7386.32,ENVIADO,2022-10-25
6542,400,298,1,9506.18,0.17,125.71,8015.84,PENDENTE,2022-11-20
6543,92,112,9,10253.66,0.15,128.79,78569.29,ENVIADO,2024-05-27
6544,500,306,dez,4440.27,0.1,142.88,40105.31,ENVIADO,2022-09-04
6545,219,535,2,1658.28,0.03,50.91,3267.97,PAGO,2024-01-29
6546,1240,215,1,10855.89,0.12,33.89,9587.07,CANCELADO,2022-07-15
6547,868,353,7,2209.21,0.26,127.5,0,CANCELADO,2025-03-21
6548,460,708,3,8110.89,0.23,63.53,18799.69,PENDENTE,2024-01-12
6549,412,181,3,8433.02,0.18,73.59,20818.82,CANCELADO,2023-07-02
6550,43,786,8,13973.3,0.07,113.09,104074.44,PENDENTE,2022-09-03
6551,1358,632,3,11215.59,,112.21,33086.04,PENDENTE,2022-07-24
6552,763,382,2,12362.15,0.18,47.12,20321.05,PAGO,2025-04-01
6553,413,173,7,3868.94,,104.39,24478.71,PENDENTE,2023-07-22
6554,538,148,8,14778.72,0.15,66.79,100562.09,CANCELADO,18/08/2023
6555,180,688,2,6525.49,0.0,65.65,13116.63,ENVIADO,2025-03-19
6556,814,1006,3,10835.07,,134.31,31989.42,ENVIADO,2023-01-15
6557,687,1333,6,1962.11,0.13,114.85,,PAGO,2025-02-23
6558,216,605,10,2927.78,0.09,138.15,26780.95,PENDENTE,2023-02-15
6559,340,1124,7,13315.39,0.07,127.83,86811.02,PENDENTE,2024-03-29
6560,1295,491,2,10342.71,0.09,64.96,R$500,CANCELADO,2024-10-02
6561,1078,763,6,1676.13,,97.98,8847.38,PENDENTE,2023-04-13
6562,78,140,3,11241.21,,63.52,32100.97,ENVIADO,2022-07-21
6563,603,91,8,378.61,0.14,62.0,2666.84,ENVIADO,2024-08-08
6564,494,990,7,7063.44,0.23,109.71,38181.65,CANCELADO,2022-01-07
6565,219,727,6,2954.71,0.05,38.43,16880.28,PENDENTE,2025-03-22
6566,258,921,9,2984.22,0.05,98.74,25613.82,PAGO,2023-01-06
6567,607,210,10,3791.7,0.26,63.57,28122.15,ENVIADO,2024-04-05
6568,1106,521,2,7416.43,0.16,76.51,12536.11,PAGO,2024-05-22
6569,492,977,10,5710.55,0.03,113.7,55506.03,PENDENTE,2023-05-07
6570,66,668,1,5912.17,0.07,100.08,5598.4,PAGO,12-02-2024
6571,904,137,1,14048.8,0.18,135.4,11655.42,ENVIADO,15/05/2024
6572,827,1131,3,4085.66,0.01,66.85,12201.26,ENVIADO,2023-03-25
6573,581,385,1,14005.76,0.19,76.51,11421.18,ENVIADO,2024-11-06
6574,376,1325,3,4739.39,0.0,112.43,14330.6,PAGO,2023-11-26
6575,926,1177,3,4548.82,0.15,17.2,11616.69,ENVIADO,07-08-2024
6576,626,644,2,12313.43,0.06,28.79,23178.04,ENVIADO,2025-04-01
6577,513,593,10,4767.64,0.1,50.16,42958.92,PAGO,2022-05-10
6578,811,287,8,8426.25,0.13,47.21,58693.91,PAGO,2022-07-07
6579,527,1259,5,814.38,0.28,39.06,2970.83,ENVIADO,2024-11-13
6580,358,228,6,4837.42,0.26,,21491.05,ENVIADO,99/99/9999
6581,877,1099,4,6508.76,0.16,34.77,21904.2,PENDENTE,2023-09-05
6582,892,634,2,6135.27,0.13,104.68,10780.05,ENVIADO,2024/09/23
6583,362,135,8,14889.8,0.04,68.39,0,PENDENTE,2023-08-10
6584,156,496,1,12955.87,0.21,31.7,10266.84,PENDENTE,2023-05-12
6585,690,751,3,8967.98,0.12,61.41,23736.88,ENVIADO,2025-03-08
6586,379,327,7,3429.37,0.23,123.84,18608.14,PENDENTE,2023-07-16
6587,829,27,6,14871.25,0.25,108.05,67028.68,PAGO,2023-10-19
6588,477,49,10,7649.01,0.19,43.64,62000.62,CANCELADO,2024-08-17
6589,37,827,2,7799.09,0.29,,11178.53,PENDENTE,12-16-2023
6590,630,477,2,1618.63,0.24,72.63,2532.95,PENDENTE,2024-10-08
6591,912,139,3,1253.22,0.08,121.28,3580.17,PENDENTE,2023-12-29
6592,654,106,3,8722.28,0.19,28.39,21223.53,ENVIADO,2022-07-27
6593,965,1021,5,1885.94,0.13,114.19,,CANCELADO,2023/12/11
6594,316,65,1,1703.78,0.22,70.22,1399.17,ENVIADO,2024-11-17
6595,279,641,7,5140.58,0.24,21.79,27369.68,PAGO,2024-01-30
6596,162,328,5,6996.39,0.14,135.63,30220.11,PAGO,2024-04-06
6597,829,175,6,12276.24,0.28,56.26,53089.62,PENDENTE,2023-09-15
6598,281,828,3,6959.61,0.15,106.3,17853.31,ENVIADO,2025-02-11
6599,182,601,2,12414.34,0.28,135.1,mil,ENVIADO,2023-06-10
6600,863,461,6,1092.64,0.03,,6476.69,ENVIADO,03-25-2023
6601,75,119,-1,5236.53,0.23,68.3,16196.81,ENVIADO,2022-01-19
6602,396,908,7,14541.95,0.07,65.8,94733.89,CANCELADO,2022-06-14
6603,243,880,10,7299.59,0.15,68.88,62115.39,PENDENTE,2024-12-30
6604,381,805,1,2428.73,0.09,67.95,2278.09,PAGO,2023-07-03
6605,730,911,2,4609.28,0.15,67.25,7903.03,PENDENTE,2024-02-03
6606,901,1333,6,6475.02,0.15,51.16,33073.76,ENVIADO,2022-07-26
6607,668,67,6,1011.14,0.18,51.24,5026.05,PENDENTE,99/99/9999
6608,564,215,7,2854.96,0.29,135.63,14324.78,Pago,31/02/2025
6609,724,828,10,11431.76,0.18,39.26,93779.69,CANCELADO,2023-12-27
6610,116,497,6,8050.31,,,38658.34,CANCELADO,2023-02-16
6611,62,925,7,13771.46,0.25,132.33,72432.5,PENDENTE,2023-03-31
6612,829,441,2,1672.79,0.15,107.41,2951.15,ENVIADO,2022-08-06
6613,990,532,8,1815.85,0.24,16.38,11056.75,ENVIADO,2022-06-24
6614,578,49,3,2547.37,0.28,44.44,5546.76,PAGO,2023-01-20
6615,227,432,3,1183.39,0.15,65.1,3082.74,ENVIADO,2023-04-21
6616,214,263,8,10601.9,0.17,139.84,70536.46,PENDENTE,2024-10-19
6617,64,1359,4,4836.63,,135.81,18321.54,PENDENTE,2024-11-18
6618,562,24,4,7142.62,0.12,,25152.81,PAGO,2025-04-03
6619,721,912,10,14187.73,0.17,25.14,117783.3,PAGO,2023-03-17
6620,622,574,6,11952.83,0.16,29.25,60271.51,PENDENTE,2024-04-11
6621,772,412,dez,1840.32,0.17,136.41,4718.81,PENDENTE,2023-12-17
6622,173,694,7,9164.72,0.14,145.99,55317.6,PENDENTE,2023-02-25
6623,207,962,5,8274.42,0.13,147.64,36141.37,ENVIADO,2023-07-31
6624,911,236,4,12899.25,0.15,21.53,43878.98,ENVIADO,2023-01-05
6625,835,64,6,9440.75,0.25,117.12,42600.5,PENDENTE,2023-03-30
6626,59,730,4,9457.35,0.19,145.42,30787.23,CANCELADO,2024-12-27
6627,735,780,6,13469.18,0.26,35.16,59838.32,CANCELADO,2022-04-16
6628,827,138,6,2228.39,0.15,125.07,11489.86,CANCELADO,2022-09-20
6629,367,408,4,6685.71,0.17,92.37,22288.93,CANCELADO,2022-01-12
6630,799,1065,7,5232.34,0.16,54.25,30820.41,PENDENTE,2023-03-25
6631,849,461,8,6348.96,0.17,42.77,42199.86,PAGO,21/07/2024
6632,371,591,4,1012.85,,50.71,3615.94,Cancelado,2022-03-04
6633,600,725,5,11225.71,0.1,35.78,50551.47,PAGO,2022-12-11
6634,168,354,2,7837.21,0.16,120.13,13286.64,CANCELADO,2023-01-04
6635,494,958,3,1226.32,0.13,94.4,mil,Cancelado,99/99/9999
6636,228,650,8,3132.9,0.01,102.09,24914.66,CANCELADO,2022-11-23
6637,732,1233,-1,8564.8,0.11,47.47,30538.16,,2024-06-25
6638,605,366,2,1991.31,0.23,133.77,3200.39,PENDENTE,06/04/2022
6639,349,23,8,7540.16,0.01,116.54,59834.61,CANCELADO,2024-10-27
6640,38,206,3,7619.93,0.04,112.89,22058.29,CANCELADO,2022-10-24
6641,934,393,9,3225.4,0.22,12.62,22654.93,CANCELADO,2023-05-30
6642,875,262,2,10595.06,0.3,21.48,14854.56,PENDENTE,2022-10-19
6643,743,566,10,13238.49,0.06,134.73,-500,ENVIADO,2022-10-17
6644,971,323,8,9066.5,0.15,142.98,61795.18,PAGO,2024-11-04
6645,914,713,10,3371.85,0.29,50.34,23990.47,ENVIADO,2023-01-11
6646,276,969,7,1915.16,0.22,73.14,10529.91,ENVIADO,2025-01-31
6647,924,864,7,13396.91,0.0,95.49,93873.86,ENVIADO,2023-05-28
6648,312,1482,2,6429.1,0.06,144.33,12231.04,PAGO,2023-08-02
6649,961,537,1,1529.35,0.09,81.98,1473.69,PENDENTE,2024-07-31
6650,1443,690,9,14836.7,0.15,114.06,113614.82,PENDENTE,2023-10-21
6651,956,421,1,5579.96,0.02,136.18,5604.54,PENDENTE,2023-02-01
6652,967,687,5,1800.14,0.17,91.38,7561.96,CANCELADO,2025-02-23
6653,339,791,8,3483.91,0.02,119.94,27433.79,ENVIADO,2024-04-09
6654,349,982,2,6494.67,0.12,,11448.8,,17/09/2022
6655,142,225,7,12286.12,0.16,143.55,72385.94,ENVIADO,2022-01-28
6656,907,392,1,11735.93,0.22,12.47,,PAGO,2025-04-14
6657,146,242,9,4703.78,0.26,35.24,31362.41,PAGO,2025-02-06
6658,995,757,5,14355.22,0.13,56.97,62502.18,ENVIADO,2023-09-12
6659,35,611,4,12204.0,0.13,53.73,42523.65,pago,2022-01-21
6660,786,298,1,9049.81,0.24,114.76,6992.62,CANCELADO,2023-02-19
6661,47,379,6,9204.23,0.25,85.08,41504.11,CANCELADO,2022-02-21
6662,476,1297,8,13821.44,0.08,89.92,101815.72,CANCELADO,2023-07-24
6663,56,702,8,4675.26,0.1,132.56,0,Cancelado,2023-03-08
6664,478,341,3,12007.68,0.17,50.61,29949.73,ENVIADO,2022-05-13
6665,740,328,2,13813.75,0.22,149.61,21699.06,CANCELADO,2025-03-28
6666,1007,1076,6,12298.23,0.12,58.58,64993.23,PENDENTE,2022-02-19
6667,283,843,-1,3222.9,0.2,73.54,23278.42,PAGO,2024-07-13
6668,327,412,6,8040.98,0.25,14.66,36199.07,PAGO,2022-11-30
6669,983,449,8,11841.08,0.07,79.79,88177.43,ENVIADO,2022-06-12
6670,809,212,6,2804.39,0.01,84.72,16742.8,ENVIADO,2024-01-25
6671,894,805,8,9012.57,0.13,31.55,62759.04,PAGO,2022-04-25
6672,387,90,5,7529.82,0.23,22.03,29011.84,PENDENTE,2022-01-29
6673,432,381,1,547.68,0.09,14.9,513.29,PENDENTE,2022-09-20
6674,728,126,5,311.36,0.03,31.42,1541.52,PAGO,2023-05-05
6675,1484,455,4,11739.96,0.05,58.74,44670.59,CANCELADO,2023-11-14
6676,99,126,10,6982.12,0.12,23.9,R$500,CANCELADO,2025-04-03
6677,215,518,7,2941.75,0.04,17.49,19786.05,CANCELADO,2023-01-07
6678,951,195,2,10989.42,0.13,123.32,0,CANCELADO,2022-04-22
6679,260,490,7,3297.55,0.22,73.71,18078.33,ENVIADO,2024-04-18
6680,799,235,0,12561.85,0.2,54.38,90499.7,ENVIADO,2023-07-20
6681,687,765,9,11454.22,0.16,53.88,86647.78,PAGO,2022/08/21
6682,990,1208,4,724.14,0.29,81.33,2137.89,PENDENTE,2022-02-08
6683,474,362,6,7975.51,0.21,102.53,37906.45,PENDENTE,2024-02-02
6684,767,935,6,8071.24,0.01,94.09,48037.26,PAGO,2022-11-28
6685,1185,874,6,1195.18,0.21,29.28,5694.43,PENDENTE,2023-04-23
6686,595,711,1,813.17,0.12,45.88,761.47,PAGO,2023-03-20
6687,24,877,4,14421.2,0.29,109.31,41065.52,PENDENTE,2023-01-04
6688,64,426,9,8671.58,0.13,15.69,67914.16,CANCELADO,2023-11-13
6689,119,180,1,9882.85,0.24,22.47,7533.44,ENVIADO,2023-10-22
6690,454,271,10,2513.88,0.04,11.06,24144.31,ENVIADO,2023-06-18
6691,391,907,7,7104.59,0.25,19.13,37318.23,ENVIADO,2024-09-15
6692,462,362,7,6849.78,0.23,48.19,36968.5,PAGO,2024-06-08
6693,483,34,1,9485.83,0.06,19.0,8935.68,PAGO,2023-04-09
6694,176,508,7,13944.36,0.21,102.45,77214.76,PAGO,2024-09-09
6695,614,438,4,8906.27,0.14,49.0,30686.57,PAGO,2023-05-01
6696,43,1414,6,678.68,0.26,68.23,3081.57,ENVIADO,2025-03-16
6697,686,1484,7,1090.95,0.28,130.43,5628.82,PAGO,2025-02-02
6698,744,119,7,6378.39,,14.08,37519.01,PENDENTE,2022-11-06
6699,310,586,8,10577.77,0.28,,61061.23,CANCELADO,2023-01-10
6700,392,958,1,2752.78,0.25,129.32,2193.91,PENDENTE,2022-09-10
6701,127,60,dez,3109.42,0.01,148.29,9383.27,PENDENTE,2023-01-30
6702,873,312,1,13773.04,,18.47,13240.59,PENDENTE,2022-06-30
6703,408,506,6,9589.86,0.07,29.31,53540.73,CANCELADO,2025-04-10
6704,483,884,0,13254.8,0.13,36.63,80758.36,PENDENTE,2022-07-06
6705,887,128,2,8756.55,0.17,81.59,14617.46,CANCELADO,12/03/2023
6706,3,543,5,9424.12,0.06,141.34,44434.7,,2024-08-13
6707,360,298,5,12405.99,0.04,146.7,R$500,PENDENTE,2024-01-06
6708,514,168,6,12926.55,0.11,48.33,69076.11,CANCELADO,2025-01-07
6709,891,499,-1,6825.8,0.13,48.67,41617.79,PAGO,2022-06-04
6710,901,290,,7740.22,0.08,19.2,64108.22,ENVIADO,2023-02-11
6711,385,1289,6,13972.11,0.08,119.63,77245.68,ENVIADO,2023-06-15
6712,657,696,2,9952.52,0.06,19.24,18729.98,pago,2022-12-03
6713,105,697,1,13214.58,0.03,26.83,,ENVIADO,2024-11-12
6714,837,389,9,2999.96,0.08,76.13,24915.8,ENVIADO,2024-08-14
6715,67,725,1,9406.25,0.13,148.19,8331.63,ENVIADO,2022-11-15
6716,485,657,7,8857.65,,149.09,48511.86,ENVIADO,2022-12-30
6717,426,760,6,7533.03,,48.68,38919.11,CANCELADO,18/07/2022
6718,141,1173,2,3502.01,0.13,110.94,6204.44,CANCELADO,2022-03-19
6719,310,1252,1,8580.91,0.2,11.73,6876.46,PENDENTE,31/02/2025
6720,47,789,10,6438.38,0.3,128.7,mil,PAGO,2024-06-28
6721,265,844,6,5480.3,0.17,106.5,27398.39,CANCELADO,2024-07-02
6722,110,180,3,6152.7,0.14,72.06,15946.03,PENDENTE,2023-07-21
6723,311,819,0,3633.81,0.16,31.84,30555.84,CANCELADO,2023-01-13
6724,814,640,6,5198.07,0.05,109.21,29738.21,PAGO,2023-02-10
6725,65,428,10,1434.05,0.1,87.12,12993.57,PAGO,2022-04-07
6726,378,323,6,12591.25,0.02,119.88,74156.43,PAGO,2025-02-17
6727,406,256,5,12585.51,0.26,65.89,46632.28,PAGO,2024-03-23
6728,427,89,9,10008.11,0.28,42.93,64895.48,PENDENTE,2025-03-21
6729,28,517,7,2701.42,0.13,79.28,16530.93,ENVIADO,2023-05-22
6730,440,35,1,5496.64,0.23,98.4,4330.81,CANCELADO,2024-12-21
6731,174,687,6,1546.64,0.24,138.44,7191.12,PENDENTE,2022-09-22
6732,616,866,1,10427.76,0.14,117.18,9085.05,ENVIADO,2022-03-26
6733,1409,607,1,9011.06,0.02,130.11,8960.95,CANCELADO,2023-10-19
6734,595,564,6,8498.58,,123.03,50094.68,CANCELADO,2023-08-07
6735,14,400,5,13780.24,0.17,113.8,57301.8,PAGO,2022-12-15
6736,1423,115,4,5871.05,0.18,103.85,19360.89,PAGO,2024-06-11
6737,414,789,9,7560.61,,99.33,64062.09,ENVIADO,2022-05-16
6738,1167,387,4,7474.53,0.02,74.38,29374.54,PAGO,2024-11-22
6739,906,772,5,5678.08,0.22,34.51,22179.02,PENDENTE,2024-03-04
6740,176,196,1,12594.21,,78.25,9397.97,ENVIADO,2022-11-26
6741,87,148,3,7046.79,,58.0,19507.14,PAGO,2022-12-29
6742,288,405,2,7042.44,0.22,112.08,11098.29,ENVIADO,2024-04-10
6743,742,346,5,5982.82,0.05,84.75,28503.14,ENVIADO,2024-01-15
6744,454,104,-1,9316.77,0.18,59.24,15338.74,ENVIADO,2023-07-19
6745,1367,785,3,2911.53,0.3,59.13,6173.34,PENDENTE,2024-08-10
6746,499,227,1,7187.26,0.1,47.98,6516.51,PAGO,2022-02-27
6747,199,559,2,453.07,0.29,110.63,R$500,CANCELADO,2022-12-06
6748,824,1421,7,4118.68,,33.49,24251.33,CANCELADO,2022-01-09
6749,182,231,9,9824.98,0.2,57.37,70797.23,PAGO,2023-08-14
6750,154,785,1,7478.22,0.27,21.21,5480.31,PENDENTE,2022-06-09
6751,615,337,10,6094.05,0.02,43.58,R$500,PENDENTE,31/02/2025
6752,352,20,1,4299.85,0.27,137.36,3276.25,PENDENTE,2023-08-31
6753,734,830,4,14356.3,0.16,126.37,48363.54,CANCELADO,2024-04-17
6754,706,479,2,10312.02,0.1,101.32,18662.96,PAGO,2023-07-15
6755,428,730,3,5954.12,0.04,33.3,17181.17,PAGO,2022-03-27
6756,645,483,7,3223.51,0.05,45.64,21481.98,CANCELADO,2024-04-19
6757,413,140,0,1271.29,0.06,82.94,7253.02,PENDENTE,2024-08-03
6758,610,380,10,2951.2,0.16,90.17,24880.25,ENVIADO,2025-04-03
6759,150,236,2,3916.84,0.18,61.57,6485.19,pago,2022-06-20
6760,554,227,3,9341.24,0.2,25.03,22444.01,PAGO,2022-05-22
6761,1189,487,6,360.94,0.23,86.99,1754.53,PENDENTE,2023-07-23
6762,661,1373,7,7195.15,,99.83,48451.24,ENVIADO,2023-01-07
6763,460,818,5,13686.57,0.06,,64399.09,PENDENTE,2022-03-14
6764,949,874,5,11073.64,0.24,123.68,42203.51,Pago,2022-06-02
6765,992,931,9,5503.47,,19.61,36177.41,ENVIADO,2022-05-27
6766,242,842,8,12080.61,0.28,148.93,69733.24,PAGO,2024-10-08
6767,808,407,8,4645.21,0.03,47.17,36094.0,ENVIADO,2022-05-01
6768,320,259,10,533.55,0.07,87.09,5049.1,ENVIADO,2022-06-16
6769,504,946,8,8115.67,0.28,102.29,0,PAGO,2024-09-15
6770,963,374,9,3124.97,0.22,29.52,21966.81,pago,2024-02-06
6771,36,845,3,5812.12,0.11,13.01,15531.37,PENDENTE,2025-01-11
6772,405,476,10,2019.8,0.25,115.37,15263.87,PAGO,2022-12-21
6773,337,416,4,12700.46,0.19,,0,PAGO,2024-07-02
6774,872,940,10,1421.5,0.24,89.86,10893.26,PENDENTE,2023-04-02
6775,566,535,4,1050.88,0.15,35.03,3608.02,PAGO,2024-11-22
6776,943,212,5,4600.16,0.09,84.42,21015.15,PENDENTE,2024-03-09
6777,504,124,4,12418.18,0.22,131.8,38876.52,PENDENTE,2023-06-25
6778,1002,950,4,8000.04,0.06,132.46,30212.61,CANCELADO,2024-08-19
6779,87,809,7,7533.16,0.08,73.52,48587.07,ENVIADO,2022-04-21
6780,430,250,,485.53,0.07,51.06,1405.69,PAGO,99/99/9999
6781,1308,647,10,11580.65,0.24,29.66,88042.6,PENDENTE,2023-05-03
6782,752,250,-5,12425.54,0.19,33.75,60421.87,ENVIADO,2023-04-25
6783,186,194,9,11518.18,,,75790.74,ENVIADO,2024-07-24
6784,51,444,3,13445.34,0.26,,29938.3,PAGO,2023-05-25
6785,367,91,8,12843.59,0.21,103.39,81274.88,PENDENTE,2022-12-12
6786,648,435,4,2107.47,0.21,147.68,6807.29,PAGO,2024-09-16
6787,385,797,4,12784.88,0.03,18.26,49623.59,CANCELADO,2023-06-29
6788,675,147,4,6620.85,0.19,134.7,21586.25,ENVIADO,2024-02-07
6789,1078,357,0,4553.86,0.22,46.77,14254.81,PAGO,2024-10-24
6790,739,1042,4,564.94,0.3,128.76,1710.59,PAGO,2024-07-26
6791,23,737,5,4809.55,0.28,61.81,17376.19,PENDENTE,2022-01-16
6792,1145,172,2,13878.2,0.06,45.07,26136.09,ENVIADO,2023-06-08
6793,283,800,8,4004.32,0.17,70.94,26659.62,CANCELADO,2022-09-01
6794,872,369,-5,1155.23,0.3,121.87,6591.16,ENVIADO,2022-10-17
6795,19,845,7,13360.36,0.27,123.36,68394.8,PAGO,2023-01-07
6796,16,1468,2,14971.73,0.15,46.71,25498.65,PAGO,03/10/2022
6797,1054,376,5,2737.92,0.07,11.99,12743.32,ENVIADO,2022-11-27
6798,36,623,1,11648.95,0.28,10.29,8397.53,PENDENTE,2025-03-08
6799,195,760,10,4439.65,0.03,102.25,43166.85,PAGO ,2022-08-11
6800,548,377,4,3224.97,0.02,104.74,12746.62,PAGO,2023-02-08
6801,106,9,1,12303.15,0.07,148.0,0,PENDENTE,2024-04-23
6802,93,441,3,2141.36,0.3,90.74,4587.6,ENVIADO,2023-06-30
6803,652,1439,9,323.1,0.24,132.51,2342.51,CANCELADO,2024-07-30
6804,615,1399,2,11151.48,0.05,134.86,21322.67,ENVIADO,2024-01-24
6805,796,157,6,6551.46,0.25,52.79,29534.36,PAGO,2022-02-23
6806,452,246,1,10880.56,,99.78,8369.01,PAGO,2024-11-24
6807,517,133,-5,4238.18,0.12,59.26,22436.85,CANCELADO,11-13-2022
6808,181,823,2,3447.41,0.02,76.64,0,CANCELADO,2023-03-19
6809,713,165,3,11063.32,0.08,139.11,30673.87,ENVIADO,2024-08-28
6810,506,639,3,7376.6,0.1,89.16,20005.98,CANCELADO,2024-06-09
6811,754,127,0,1079.98,0.13,46.77,7563.43,CANCELADO,2024-04-09
6812,671,522,10,4324.75,0.27,77.09,31647.76,PAGO,2024-07-28
6813,658,581,10,2989.86,0.13,25.47,26037.25,PENDENTE,2025-03-10
6814,554,948,8,3498.71,,20.02,21292.18,PAGO,2023-03-30
6815,484,581,2,7769.31,0.09,94.01,14234.15,PENDENTE,2022-09-09
6816,950,684,5,10290.84,0.17,143.42,42850.41,ENVIADO,2022-06-20
6817,654,859,6,4930.89,0.2,129.07,23797.34,ENVIADO,2025-01-22
6818,914,127,2,6361.58,0.1,131.11,11581.95,PENDENTE,2022-11-17
6819,205,802,3,3433.67,0.1,21.06,9291.97,CANCELADO,2023-03-09
6820,1029,796,3,175.62,0.24,27.07,427.48,CANCELADO,2024-07-23
6821,1008,499,8,4994.16,0.0,24.71,39977.99,PENDENTE,2023-08-19
6822,593,477,3,7372.42,0.11,137.85,-500,ENVIADO,2022-03-26
6823,803,546,5,14388.09,0.29,70.97,51148.69,CANCELADO,2025-01-23
6824,24,932,2,3041.71,0.18,57.45,5045.85,,2023-01-26
6825,118,21,3,11388.95,0.13,11.42,29736.58,PAGO,2022-03-25
6826,371,95,dez,8523.65,0.04,140.05,16505.46,ENVIADO,2024-08-20
6827,864,187,1,11295.1,0.15,110.11,9710.95,ENVIADO,2022-09-07
6828,239,664,9,7026.93,0.21,89.04,50050.51,ENVIADO,2023-03-13
6829,246,60,7,496.32,0.06,148.89,3414.68,ENVIADO,2024-08-13
6830,244,934,3,7278.45,0.21,35.21,17285.14,PAGO,2023-11-08
6831,581,1308,8,909.39,0.14,117.25,6373.85,CANCELADO,2024-01-03
6832,857,1093,5,6120.55,0.21,57.03,24233.2,PAGO,99/99/9999
6833,631,788,7,7242.62,0.03,96.44,,ENVIADO,2023-11-26
6834,751,1282,6,3277.03,0.25,140.57,14887.2,PENDENTE,2024-04-27
6835,833,600,6,13684.17,0.18,96.42,67422.54,PAGO,2023-10-12
6836,505,510,9,1233.74,0.22,,8726.28,Pago,2024-09-14
6837,178,533,dez,8844.31,0.15,94.18,15129.51,PENDENTE,2022-07-05
6838,313,554,dez,9948.99,0.01,97.08,78893.08,CANCELADO,2024-08-06
6839,958,519,5,11687.13,0.25,25.29,43852.03,PAGO,2025-02-22
6840,1024,765,2,7800.57,0.2,74.43,12555.34,ENVIADO,2023-10-19
6841,445,877,8,5762.92,0.2,44.63,36927.32,PAGO ,2025-03-19
6842,55,94,5,14341.41,0.03,33.72,69589.56,ENVIADO,24/10/2022
6843,268,777,5,13465.78,0.09,87.49,61356.79,PAGO,2022-12-21
6844,503,422,8,7136.65,0.15,14.58,48543.8,PENDENTE,2024-07-29
6845,888,317,7,13720.4,,16.13,,PAGO,2025-02-03
6846,194,753,7,8782.36,0.04,56.53,59073.99,PENDENTE,2022-01-23
6847,385,552,5,3461.05,0.26,139.34,12945.23,PAGO,2023-06-22
6848,377,480,4,4922.62,0.15,47.08,16783.99,,2022-09-27
6849,582,8,9,8525.33,0.18,39.54,62956.48,PAGO,2023-04-04
6850,57,884,10,8044.48,0.0,42.39,80487.19,CANCELADO,2023-06-08
6851,625,821,5,13220.79,0.23,102.53,51002.57,PENDENTE,2023-09-13
6852,591,456,6,1406.17,0.04,,8119.86,PENDENTE,2022-05-06
6853,866,1355,6,2559.95,0.3,85.59,10837.38,ENVIADO,2023-05-16
6854,1182,1101,9,12267.03,0.01,87.36,109386.6,ENVIADO,2024-05-11
6855,919,868,4,12096.78,0.12,120.26,42700.93,ENVIADO,2022-04-01
6856,416,478,6,9674.03,,39.78,48796.89,CANCELADO,2023-10-12
6857,59,59,dez,5318.92,0.17,81.29,44228.33,pago,2025-04-05
6858,71,596,2,12096.63,0.29,140.32,17317.53,PAGO,2024-04-13
6859,576,36,9,14517.25,0.12,144.68,115121.3,Pago,2024-04-13
6860,167,73,6,5978.84,0.01,137.94,35652.25,PAGO,2022-05-23
6861,635,650,8,13056.81,0.09,48.84,95102.42,PENDENTE,2024-11-20
6862,455,603,4,12312.44,,58.56,-500,CANCELADO,2024-02-14
6863,610,172,2,14976.91,0.04,18.07,28773.74,PAGO,2023-05-29
6864,911,533,8,7757.42,0.04,101.68,59678.67,PENDENTE,2023-03-06
6865,963,196,1,13852.92,0.12,73.34,12263.91,CANCELADO,2024-03-04
6866,102,750,2,5649.44,0.26,127.35,8488.52,PAGO,2024-07-10
6867,800,395,5,14820.26,0.12,50.79,65259.93,ENVIADO,2024-09-19
6868,358,864,,6526.75,0.18,89.53,42905.01,CANCELADO,31/03/2025
6869,396,93,3,12304.26,0.12,82.96,32566.21,PENDENTE,31/02/2025
6870,454,638,4,12920.67,0.11,37.56,46035.15,ENVIADO,2023-11-09
6871,122,887,1,14249.3,0.03,70.66,13892.48,PAGO,2022-12-29
6872,617,935,4,6932.13,0.04,143.69,26763.07,PENDENTE,2022-12-04
6873,1167,424,dez,5916.17,0.02,144.1,17537.64,ENVIADO,2022-09-30
6874,954,162,5,5199.78,0.16,65.53,-500,PENDENTE,2023-04-30
6875,345,687,4,10457.76,0.24,61.19,0,PENDENTE,2023-04-16
6876,648,184,5,11307.24,0.24,,43023.34,PENDENTE,2025-04-14
6877,559,986,6,14102.16,0.27,49.39,61816.85,PAGO,2025-02-01
6878,332,259,3,6025.4,0.23,12.74,13931.41,ENVIADO,2023-11-15
6879,91,429,9,11292.1,0.09,107.96,92590.26,PAGO,2024-02-02
6880,138,1386,6,3960.67,0.05,42.66,22618.48,ENVIADO,2025-01-26
6881,815,467,8,12600.04,0.23,43.03,77659.28,ENVIADO,2023-12-10
6882,701,454,1,8252.75,0.12,50.59,7313.01,Cancelado,2023-05-12
6883,210,735,6,13629.96,0.2,135.06,65558.87,ENVIADO,2022-07-05
6884,834,494,7,6943.95,0.15,95.84,41412.34,PAGO,2022-05-24
6885,608,34,7,3560.32,0.08,74.3,23002.76,PAGO,2023-03-22
6886,656,735,3,12438.63,0.26,50.23,27663.99,ENVIADO,2024-04-14
6887,966,949,8,4762.25,0.0,,38173.04,CANCELADO,2023-08-06
6888,917,113,5,1606.12,0.12,,0,Pagoo,2023-11-02
6889,198,157,2,1455.38,0.05,149.8,2915.02,PENDENTE,2023-02-20
6890,610,732,4,9233.01,0.04,120.89,35575.65,PAGO,2023-01-30
6891,572,969,5,1733.24,0.29,138.07,6291.07,PENDENTE,2024-04-07
6892,114,494,2,10084.26,0.04,32.99,19394.77,PENDENTE,2024-08-10
6893,311,689,10,2044.44,0.14,97.6,,ENVIADO,2023-09-18
6894,140,380,7,4908.08,0.04,14.43,32996.73,PENDENTE,2023-08-06
6895,472,1491,9,7604.57,0.26,12.02,50658.46,ENVIADO,2022-07-29
6896,637,79,9,2261.1,0.06,84.72,19213.63,PAGO,2022-02-16
6897,795,789,10,4864.74,0.27,79.2,35591.8,PAGO,2024-11-14
6898,514,763,8,4117.83,0.03,76.0,32030.36,PAGO,2024-04-07
6899,630,609,5,14462.48,0.1,44.2,65125.36,ENVIADO,2022-10-16
6900,707,772,1,13184.45,0.14,77.09,11415.72,PENDENTE,2023-09-07
6901,497,134,2,541.57,0.16,65.12,R$500,CANCELADO,2023-03-10
6902,321,213,2,13365.75,0.18,52.45,21972.28,CANCELADO,2022-09-09
6903,110,617,2,5030.77,0.16,108.13,,CANCELADO,2022-09-10
6904,267,124,10,6910.76,0.09,71.08,62959.0,CANCELADO,2022-06-30
6905,1207,146,3,6889.18,0.15,91.95,-500,PAGO,2022-03-31
6906,343,104,2,9276.53,0.13,122.38,16263.54,PAGO,2025-03-22
6907,302,40,1,4578.68,0.26,80.95,3469.17,CANCELADO,2022-10-05
6908,211,658,3,6400.25,,70.44,15047.03,PAGO,2024-09-07
6909,357,444,4,2347.99,0.03,12.45,9122.65,PENDENTE,2024-03-23
6910,110,277,10,11054.65,0.06,71.77,103985.48,PAGO,2024-07-30
6911,900,495,2,7411.13,,126.73,11836.32,PAGO,2022-01-29
6912,774,395,6,13406.43,0.03,15.3,78040.72,CANCELADO,2024-05-05
6913,828,669,6,12035.51,0.24,,54965.54,PENDENTE,2024-11-22
6914,419,971,4,8756.59,0.01,135.73,34811.83,PENDENTE,2024-09-27
6915,1249,713,,6363.56,0.09,108.54,46435.26,ENVIADO,2023-10-13
6916,249,800,3,547.35,0.23,34.88,1299.26,PAGO,2023-07-16
6917,940,680,6,8102.13,0.03,58.09,47212.49,ENVIADO,2023-07-12
6918,883,190,5,4896.62,0.24,54.06,18661.22,PAGO ,2023-04-02
6919,267,528,4,2666.45,0.19,56.18,,PAGO,2023/09/08
6920,812,711,8,1308.03,0.17,69.09,8754.41,PAGO,2024-10-02
6921,810,864,6,2021.31,0.01,36.8,12043.38,PENDENTE,2024-05-15
6922,754,955,1,9588.96,0.26,77.93,7173.76,CANCELADO,2024-08-09
6923,154,239,6,2984.91,0.07,112.57,16768.37,CANCELADO,2025-03-14
6924,196,559,8,6073.84,0.02,43.32,47662.23,CANCELADO,2022-11-07
6925,210,994,10,12647.17,0.06,91.84,118975.24,CANCELADO,2023-04-10
6926,1122,400,6,7395.13,0.12,77.09,39123.38,PAGO,2025-01-14
6927,406,20,5,9747.59,,89.62,43953.78,ENVIADO,2023-11-07
6928,603,464,7,11300.4,0.28,134.32,57088.34,PAGO,2022-03-17
6929,813,860,10,10758.3,0.14,74.33,92595.71,CANCELADO,2024-10-24
6930,427,58,4,8598.67,0.26,72.19,25524.25,ENVIADO,2024-03-24
6931,817,591,7,14000.42,0.28,131.35,70693.47,PAGO,2022-04-30
6932,999,717,8,4749.97,0.27,74.46,27814.28,ENVIADO,2023-06-24
6933,26,494,4,11697.5,0.2,67.19,-500,CANCELADO,2025-01-21
6934,267,761,5,1086.2,0.23,133.74,4315.61,ENVIADO,2022-10-02
6935,285,196,10,7241.14,0.05,105.66,68896.49,PENDENTE,2023-05-12
6936,83,527,5,4355.19,0.29,63.27,R$500,CANCELADO,2022-04-04
6937,577,956,7,8867.02,0.08,67.98,57171.59,ENVIADO,2025-01-04
6938,790,29,5,14683.15,0.29,137.56,52262.74,CANCELADO,2023-11-09
6939,603,679,6,4046.69,0.1,89.77,21941.9,PENDENTE,2023-07-24
6940,569,207,10,1980.53,0.29,117.26,14179.02,ENVIADO,2023-10-10
6941,775,1178,4,10696.83,0.11,53.46,38134.17,ENVIADO,2023-12-13
6942,128,177,9,541.98,0.03,110.38,4841.87,CANCELADO,2024-05-01
6943,485,378,8,4151.08,0.19,90.99,26989.99,pago,2022-10-20
6944,176,144,10,942.18,0.1,61.95,mil,PAGO,2023-03-08
6945,459,254,3,7552.16,0.09,83.24,20700.64,PAGO,2023-11-03
6946,352,271,3,3587.47,0.22,75.87,8470.55,PENDENTE,2022-08-26
6947,406,816,2,11237.98,0.09,141.72,20594.84,PENDENTE,2023-12-24
6948,53,191,7,4235.22,0.04,124.32,28585.0,PENDENTE,2023-04-08
6949,386,51,3,538.22,0.29,10.08,1156.49,CANCELADO,2025-01-18
6950,479,1382,10,9118.25,,46.4,74816.05,PAGO,11-10-2023
6951,975,726,10,1577.96,0.18,18.66,12957.93,PENDENTE,2024-08-22
6952,259,274,2,12265.66,0.17,43.63,20404.63,ENVIADO,2022-05-22
6953,750,980,10,2661.14,0.04,82.12,25629.06,PAGO,2022-03-28
6954,97,42,4,2928.22,0.17,128.82,9850.51,CANCELADO,2023-04-22
6955,414,270,3,12953.45,0.22,105.04,30416.11,ENVIADO,2022-06-22
6956,958,36,9,13962.5,0.08,72.45,115681.95,PENDENTE,2024-06-15
6957,687,812,5,14128.24,0.15,114.49,60159.51,PAGO,2024-08-15
6958,346,906,5,5653.03,0.2,11.72,22623.84,PENDENTE,31/02/2025
6959,702,636,8,10501.85,0.27,118.22,61449.02,ENVIADO,2023-05-28
6960,1412,186,9,595.92,0.1,35.24,4862.19,CANCELADO,2024-08-03
6961,719,884,4,8104.0,0.24,,24683.95,CANCELADO,2023-12-25
6962,97,164,6,9295.77,0.08,27.15,51339.8,PENDENTE,2024-09-19
6963,424,84,2,13787.48,0.3,73.63,19376.1,ENVIADO,2025-02-02
6964,224,222,10,8429.13,0.03,118.09,81880.65,ENVIADO,2023-06-06
6965,246,814,5,1857.44,0.17,144.04,7852.42,PENDENTE,99/99/9999
6966,710,752,10,2680.87,0.3,17.29,18783.38,CANCELADO,2024-02-11
6967,552,1288,4,8796.02,0.07,26.4,32747.59,PAGO,2022-02-28
6968,685,455,7,8930.64,0.16,105.31,52617.47,PAGO,2024-05-18
6969,332,480,7,2337.03,0.15,31.21,13936.54,PAGO,2023-11-05
6970,1081,350,1,9686.31,0.01,,9628.54,CANCELADO,2024-01-23
6971,385,1306,5,13217.09,0.01,140.1,65564.7,CANCELADO,2024-06-19
6972,582,482,9,7654.08,0.14,124.62,59367.2,ENVIADO,2024-02-03
6973,706,489,7,3303.03,0.18,,18998.89,ENVIADO,2023-09-16
6974,902,401,5,9082.11,0.17,55.71,37746.47,ENVIADO,2024-05-05
6975,626,159,2,176.24,0.05,96.9,431.76,ENVIADO,2022-01-29
6976,343,225,7,9396.58,0.24,94.5,50084.31,PENDENTE,2023-03-06
6977,367,952,5,4797.1,0.09,19.16,21845.97,PAGO,2022-03-08
6978,732,1228,-5,858.75,0.22,75.21,745.04,PENDENTE,2025-04-05
6979,288,437,10,5491.45,0.13,44.47,47820.08,ENVIADO,2023-06-27
6980,19,674,3,4421.71,0.18,90.51,10967.92,PAGO,2024-10-22
6981,972,180,3,4391.15,0.27,128.91,mil,PAGO,2025-01-23
6982,297,276,1,9908.96,0.29,21.92,7057.28,PAGO,2022-12-06
6983,69,483,4,11391.63,0.06,46.81,42879.34,CANCELADO,2024-07-19
6984,178,497,1,7982.82,0.01,52.4,7955.39,PENDENTE,2023-04-17
6985,58,258,-5,11100.9,0.17,52.82,9266.57,PAGO,2024-02-08
6986,209,353,2,6911.46,0.22,35.1,10816.98,CANCELADO,2022-09-08
6987,730,545,4,11592.22,0.23,21.55,R$500,PENDENTE,2023-06-12
6988,575,278,4,5391.3,0.2,79.54,mil,ENVIADO,2022-08-10
6989,883,664,3,7774.37,0.19,77.55,18969.27,ENVIADO,2024-07-13
6990,322,889,3,5773.62,0.14,18.53,14914.47,PAGO,2023-01-14
6991,263,86,6,11592.62,0.17,114.31,57845.56,PAGO,2022-08-04
6992,23,305,4,825.33,0.08,128.28,3165.49,PENDENTE,2024-03-05
6993,1386,620,2,6655.99,0.3,120.33,9438.72,PENDENTE,2025-03-01
6994,820,481,5,6566.86,0.03,54.84,31904.11,PAGO,2023-03-24
6995,600,619,3,11811.64,0.14,19.23,30493.26,PAGO,2023-04-06
6996,304,40,9,9141.27,0.27,118.11,60176.25,PENDENTE,99/99/9999
6997,139,811,3,4158.81,0.01,110.14,12461.81,CANCELADO,99/99/9999
6998,774,905,4,14817.09,0.16,142.38,49927.8,PENDENTE,2023-09-23
6999,239,229,9,2018.51,0.28,49.47,,ENVIADO,2022-08-23
7000,1406,534,-5,380.55,0.03,130.61,2345.41,PAGO ,2024-02-06
7001,334,567,2,9400.58,,46.29,R$500,CANCELADO,2024-09-25
7002,909,142,5,5245.13,0.21,87.25,20805.51,PAGO,2023-07-31
7003,596,315,4,8776.15,0.15,130.54,29969.45,PAGO,2023-03-22
7004,14,897,8,7227.83,0.05,138.31,55069.82,ENVIADO,2022-09-21
7005,1346,1310,8,13722.33,,99.56,89020.26,ENVIADO,2024-10-23
7006,246,288,10,8047.39,0.15,48.14,68450.96,CANCELADO,2023-08-03
7007,736,735,0,12401.04,,83.52,106732.46,CANCELADO,2024-02-14
7008,264,88,10,9287.75,0.12,99.09,81831.29,PAGO,2022-04-12
7009,492,9,2,7173.63,0.02,81.45,14141.76,pago,2025-01-24
7010,85,606,8,2823.6,0.12,95.3,19973.44,CANCELADO,2024-02-08
7011,629,983,4,3301.38,0.29,52.92,R$500,PAGO,2025-03-30
7012,971,678,1,7943.12,0.02,60.65,7844.91,PENDENTE,31/03/2023
7013,959,787,10,10401.63,,142.14,,PAGO,2022-07-07
7014,676,926,10,639.68,0.24,52.83,4914.4,CANCELADO,2023-10-22
7015,527,82,6,8987.63,0.1,71.7,48604.9,PAGO,2023-05-31
7016,443,811,7,10844.2,0.16,,R$500,PAGO,2024-10-23
7017,717,1111,-5,8609.5,0.27,115.29,50394.77,ENVIADO,2024-05-11
7018,396,96,2,3472.14,0.29,82.36,5012.8,Pagoo,2022-05-11
7019,756,894,8,6659.91,0.1,81.38,48032.73,PAGO,2023-03-14
7020,418,595,6,11935.35,0.06,139.59,67454.96,PENDENTE,2022-08-12
7021,15,20,3,13223.95,0.14,89.49,34207.28,ENVIADO,99/99/9999
7022,1256,831,10,13129.51,,113.37,93332.89,PAGO,2023-06-05
7023,96,44,dez,8783.21,0.24,58.49,40109.93,PAGO,2022-08-03
7024,519,1239,10,8884.67,0.27,,64887.25,PAGO,2023-11-12
7025,321,352,2,3778.81,0.01,37.63,7519.67,ENVIADO,2024-09-09
7026,152,140,8,13352.44,,118.35,96255.92,CANCELADO,2023-02-03
7027,260,107,3,9718.65,0.27,25.36,21309.2,CANCELADO,2023-10-21
7028,325,230,1,11340.74,0.06,121.76,,PAGO,2023-04-03
7029,930,845,5,14926.91,0.25,88.53,56064.44,PAGO,2024-12-10
7030,817,471,6,14214.43,0.28,,61480.93,,2022-04-03
7031,4,883,1,12265.06,0.19,146.41,10081.11,PENDENTE,2024-09-08
7032,680,669,1,3145.26,,73.29,2715.31,CANCELADO,2024-01-28
7033,180,648,,7409.86,0.05,10.99,R$500,PAGO,2024-09-23
7034,465,898,9,3943.77,0.19,54.19,28804.27,ENVIADO,13/11/2024
7035,363,487,3,13214.56,0.23,99.11,30624.74,ENVIADO,2023-10-14
7036,618,836,5,2065.54,0.11,19.44,9211.09,PENDENTE,2025-01-27
7037,718,593,4,6773.25,0.04,59.3,26068.58,ENVIADO,2023-02-01
7038,162,718,4,5897.39,0.12,60.34,20819.15,ENVIADO,2024-11-19
7039,387,871,2,3779.04,0.18,48.41,6246.04,Pagoo,2024-01-26
7040,114,548,6,610.94,0.07,35.92,3444.97,ENVIADO,2022-06-11
7041,624,1000,9,9721.89,0.05,22.47,83144.63,PAGO,2024-05-09
7042,721,889,,11650.16,0.05,15.76,77489.32,PAGO,2022/09/18
7043,734,328,1,5470.92,0.03,109.35,5416.14,Pago,2024-01-21
7044,309,958,-5,11790.03,0.06,104.58,22269.84,ENVIADO,2023-12-12
7045,957,317,2,6616.46,0.28,50.14,9577.84,Pago,2022-12-27
7046,587,695,1,11986.61,0.21,117.49,9586.91,PAGO,2024-08-18
7047,30,60,3,12228.72,0.16,58.63,30875.0,PAGO,2022-08-19
7048,5,253,4,2054.37,0.14,134.15,7201.18,CANCELADO,2022-10-12
7049,33,643,10,6756.48,0.04,26.15,64888.36,ENVIADO,2023-04-17
7050,68,186,7,12728.65,0.05,66.58,,PENDENTE,2025-01-06
7051,1061,993,3,6559.24,0.12,62.44,17378.83,ENVIADO,2022-12-03
7052,729,598,3,7965.57,0.3,131.37,16859.07,PAGO,2022-03-09
7053,227,513,10,2453.09,0.24,79.82,18723.3,CANCELADO,2023-11-14
7054,1296,977,10,1660.83,0.07,93.42,15539.14,ENVIADO,2024-08-04
7055,628,37,10,11389.32,0.03,,110556.9,CANCELADO,2023-02-27
7056,411,230,4,12927.47,0.03,101.42,50260.0,ENVIADO,2024-12-21
7057,374,36,2,13241.37,0.05,68.4,25227.0,PAGO,2022-12-25
7058,890,667,2,7277.44,0.23,95.98,11303.24,CANCELADO,2023-11-18
7059,700,56,10,8196.14,0.03,119.17,79621.73,CANCELADO,2022-02-17
7060,470,976,8,13656.77,0.26,96.92,-500,PENDENTE,2024-10-11
7061,35,365,9,8359.4,0.15,118.21,64067.62,CANCELADO,2024-09-21
7062,377,1152,5,1474.78,0.22,36.07,5787.71,PENDENTE,2023/05/25
7063,415,68,2,13496.76,0.05,30.15,25673.99,PAGO,2024-08-13
7064,1320,424,6,14691.93,0.1,86.48,79422.9,PAGO,02-01-2022
7065,209,782,5,1337.42,0.06,38.09,6323.96,PAGO,2023-04-11
7066,917,1360,4,7266.27,0.0,139.03,29204.11,CANCELADO,2023-10-18
7067,712,505,7,8707.96,0.02,124.18,59860.79,PAGO,2022-08-10
7068,81,177,10,7617.69,0.15,63.33,64813.69,CANCELADO,2023-08-03
7069,166,170,1,10511.81,0.19,84.09,8598.66,CANCELADO,2024-07-09
7070,1025,342,1,7963.42,0.04,45.54,7690.42,Pagoo,2023-02-01
7071,1251,572,9,7046.01,0.0,125.32,63539.41,CANCELADO,2022-05-07
7072,143,820,1,12008.34,0.21,67.62,9554.21,CANCELADO,2023-08-26
7073,396,540,5,7317.15,0.24,138.32,27943.49,PAGO,2022-04-28
7074,526,678,9,3077.63,0.05,113.35,26427.09,CANCELADO,2024-10-23
7075,533,911,10,9319.44,0.03,138.53,90537.1,ENVIADO,2022-02-16
7076,806,116,-5,3745.52,0.01,45.68,37126.33,ENVIADO,2022-08-23
7077,728,284,8,6167.44,0.16,32.98,-500,ENVIADO,2022-01-09
7078,312,227,5,4992.58,0.2,149.61,20119.93,CANCELADO,2022-05-24
7079,680,241,4,9723.69,0.22,147.62,30485.53,CANCELADO,2023-10-13
7080,306,955,9,3263.4,0.09,51.41,26778.66,PAGO,2023-05-16
7081,760,742,4,906.73,0.14,137.53,3256.68,Pagoo,2024-09-02
7082,853,829,6,10536.22,0.1,73.64,56969.23,PAGO,2022-11-16
7083,157,354,10,12840.28,0.19,57.16,104063.43,PENDENTE,2024-05-07
7084,1007,504,8,5613.72,0.17,90.13,37365.23,PAGO,2022-07-23
7085,853,1403,dez,4195.09,0.13,75.62,11024.8,ENVIADO,2022-01-22
7086,1192,644,1,6941.59,0.15,67.1,5967.45,PENDENTE,2023-06-24
7087,959,58,10,1700.52,0.08,33.28,R$500,PAGO,2024-03-01
7088,786,934,1,4143.33,0.12,37.22,3683.35,PAGO,2022-01-10
7089,270,512,9,4882.46,0.17,25.94,36497.92,PENDENTE,2022-08-07
7090,413,126,3,3197.61,0.13,78.97,8424.73,CANCELADO,2025-03-14
7091,599,347,9,13362.04,0.06,98.87,113141.73,CANCELADO,2023-08-06
7092,883,17,6,10244.95,0.11,60.13,54768.16,CANCELADO,2024-10-25
7093,212,901,8,5079.18,0.17,54.02,33779.78,PAGO,2023-06-17
7094,47,1221,8,2607.48,0.18,107.93,17213.0,ENVIADO,2023-05-17
7095,539,849,10,13880.95,0.24,86.35,105581.57,PAGO ,2024-09-19
7096,382,300,1,1349.06,0.14,65.56,1225.75,PAGO,2023-05-12
7097,588,341,10,6034.38,0.2,119.7,48394.74,ENVIADO,2024-07-02
7098,437,114,7,12441.29,0.03,61.8,84538.16,PENDENTE,2023-06-03
7099,383,936,7,6952.17,0.03,12.04,47217.27,PAGO,99/99/9999
7100,707,844,2,5772.85,0.08,99.68,10721.72,PAGO,2024-12-06
7101,84,30,3,6472.97,0.05,62.78,0,PAGO,2023-01-11
7102,302,244,2,11845.65,0.07,28.26,22061.17,PENDENTE,2024-03-24
7103,310,483,7,11752.86,0.17,73.23,68357.35,Pago,2023-07-14
7104,94,470,7,14276.33,0.13,,87071.15,ENVIADO,2022-11-17
7105,1277,1310,8,2343.17,0.24,84.97,14331.44,PENDENTE,2024-06-01
7106,570,117,,12319.59,0.04,109.64,71070.48,ENVIADO,2024-12-01
7107,785,429,6,10013.2,0.21,120.32,47582.89,PAGO,2025-03-27
7108,757,578,2,14907.91,0.03,130.83,29052.18,PAGO,2025-03-18
7109,236,749,1,5558.37,0.02,92.72,5539.92,ENVIADO,2024-10-22
7110,100,263,2,2229.86,0.09,,4089.44,PAGO,2023-07-04
7111,275,354,7,6034.33,0.28,140.22,30553.24,Pago,2022-09-26
7112,485,96,1,12626.93,0.29,93.6,9058.72,PAGO,31/02/2025
7113,584,108,5,14159.74,0.12,72.1,62374.96,CANCELADO,2024-07-07
7114,978,1500,8,2362.66,0.01,24.35,,PENDENTE,2024-10-21
7115,759,269,10,5955.63,0.01,46.92,59007.66,PAGO,2024-09-20
7116,116,685,7,3680.65,0.29,29.11,18321.94,ENVIADO,2023-07-24
7117,212,435,5,5071.88,0.2,19.84,20307.36,CANCELADO,2025-02-03
7118,124,138,5,6777.15,0.11,14.72,30173.04,Pago,2022-01-01
7119,1006,433,5,12237.3,0.24,145.15,46646.89,ENVIADO,2023-03-23
7120,803,885,3,12911.82,,27.25,,PAGO,2024-07-21
7121,645,850,7,10962.32,0.15,45.49,mil,PAGO,2022-03-24
7122,807,665,2,13781.29,0.27,131.5,20252.18,CANCELADO,2024-01-16
7123,940,365,5,2064.69,0.12,149.34,9233.98,ENVIADO,2022-12-21
7124,597,948,5,5125.89,0.24,99.93,19578.31,ENVIADO,2022-09-20
7125,562,781,8,5174.24,0.2,127.09,33242.23,PENDENTE,2023-03-05
7126,1070,819,10,14444.82,0.11,147.73,,CANCELADO,2025-03-28
7127,504,870,,1251.05,0.29,68.98,3621.96,CANCELADO,2022-08-27
7128,584,282,8,4606.7,,29.34,27301.0,PENDENTE,12-18-2022
7129,975,666,8,7201.43,0.12,18.5,50716.57,PAGO,2022-06-23
7130,279,840,4,5675.81,0.02,142.36,22391.54,ENVIADO,2024-06-06
7131,129,341,7,11113.32,0.23,123.84,60024.63,ENVIADO,2023-12-26
7132,209,901,2,14304.63,,,28078.09,PENDENTE,2022-10-17
7133,1317,742,5,1920.95,0.22,149.86,7641.56,CANCELADO,2023-06-26
7134,384,642,5,2672.88,0.26,66.64,9956.3,PENDENTE,2024-06-25
7135,566,577,6,14918.86,0.13,89.93,77966.38,Pago,2023-11-23
7136,788,247,7,5002.51,0.27,45.17,25608.0,ENVIADO,2023-08-29
7137,686,228,5,1564.42,0.24,46.18,5990.98,PENDENTE,2023-02-22
7138,249,670,2,12338.33,0.24,129.22,18883.48,CANCELADO,2022-11-06
7139,35,95,,6671.29,0.14,47.92,34471.78,Cancelado,99/99/9999
7140,811,3,8,14366.71,0.15,86.45,97780.08,ENVIADO,2025-03-18
7141,949,897,1,12383.02,0.22,127.18,9785.94,ENVIADO,2024-06-10
7142,1036,930,,7722.96,0.08,31.02,63977.13,ENVIADO,2024-07-06
7143,160,240,0,5580.46,0.02,18.31,0,PENDENTE,2024-04-28
7144,951,699,4,1531.72,0.23,115.39,4833.09,PAGO,2025/03/24
7145,296,293,9,3251.42,0.12,109.63,25860.88,PAGO ,2022-05-16
7146,470,1408,3,4427.95,0.23,141.41,10369.97,PAGO,2024-09-20
7147,805,504,10,10435.29,0.08,148.84,0,CANCELADO,2022-05-31
7148,254,1412,9,1748.16,0.24,101.44,12058.85,ENVIADO,2023-08-23
7149,347,968,10,9596.6,0.24,20.68,72954.84,CANCELADO,2022-11-25
7150,237,189,8,4630.85,0.11,133.34,33104.99,,2024-05-24
7151,58,990,9,11654.48,0.21,16.16,82879.51,PENDENTE,2024-12-17
7152,549,835,6,12360.86,0.04,82.28,71280.83,ENVIADO,2022-11-17
7153,584,916,5,722.43,0.25,141.09,2850.2,CANCELADO,2022-08-13
7154,1002,521,10,13577.58,0.13,96.45,118221.4,CANCELADO,2023-05-05
7155,639,947,7,3409.19,0.06,119.24,22551.71,PAGO,2024-06-18
7156,274,50,10,6837.72,0.13,75.06,59563.22,CANCELADO,99/99/9999
7157,162,389,3,12148.08,0.3,80.63,25591.6,CANCELADO,2024-09-14
7158,977,692,6,10117.21,0.09,17.67,55257.64,CANCELADO,2022-07-22
7159,786,900,2,6427.39,0.22,112.02,10138.75,ENVIADO,2022-05-05
7160,131,274,3,10197.86,,80.01,27614.23,CANCELADO,2025-02-03
7161,134,540,6,10706.23,0.05,44.15,61069.66,ENVIADO,2024-09-12
7162,1162,404,10,7724.94,0.18,29.82,63374.33,PENDENTE,2024-12-14
7163,221,223,9,14235.01,0.06,118.85,120547.03,ENVIADO,2024-03-11
7164,640,594,10,14268.19,0.16,40.48,119893.28,ENVIADO,2022-01-11
7165,538,335,8,6846.63,0.24,131.26,41758.77,PAGO,2022-12-29
7166,336,614,9,9364.73,,117.51,75129.0,ENVIADO,22/05/2024
7167,355,734,5,13853.17,0.27,61.14,50625.21,PENDENTE,2022-10-13
7168,32,511,5,2207.79,0.04,55.55,10652.94,ENVIADO,2022-04-05
7169,291,917,1,11732.17,0.28,20.38,8467.54,CANCELADO,2022-10-03
7170,315,321,dez,14023.34,0.03,48.65,40856.57,PENDENTE,2024-05-07
7171,560,332,7,10530.4,0.05,11.8,70038.96,PENDENTE,2024-02-23
7172,426,364,10,5639.68,0.13,53.92,49119.14,PAGO,2023-07-05
7173,39,1163,2,10311.31,0.08,82.98,19055.79,PENDENTE,2023-04-11
7174,573,227,5,8330.77,0.03,91.27,40495.5,PAGO,2022-09-07
7175,550,909,6,6296.65,0.23,45.87,29136.39,PENDENTE,2023-09-23
7176,158,911,-1,10479.23,0.27,51.13,68899.67,PENDENTE,2022-09-06
7177,698,1175,8,7045.67,0.29,104.21,40123.62,ENVIADO,2022-09-30
7178,697,480,10,3055.14,0.25,,22982.55,PENDENTE,2024/04/10
7179,873,765,2,8206.46,0.07,82.19,15346.21,CANCELADO,2023-01-03
7180,603,90,10,7799.94,0.28,139.65,56299.22,PAGO,2023-01-05
7181,865,848,4,6189.24,0.04,19.11,23785.79,ENVIADO,2024-07-21
7182,568,647,8,14413.28,0.21,89.71,91181.64,PENDENTE,2024-06-17
7183,813,821,4,13892.26,0.22,40.54,43384.39,PENDENTE,2023-08-04
7184,1348,838,-1,12341.44,0.13,146.14,53831.4,PENDENTE,2022-07-05
7185,101,140,5,7902.06,0.3,148.02,mil,ENVIADO,2024-10-15
7186,1278,549,7,14200.16,0.28,52.27,71621.08,PAGO,2023-02-25
7187,94,1393,6,12807.71,0.19,103.02,62348.49,CANCELADO,2023-02-08
7188,22,520,9,7837.17,,79.91,R$500,PENDENTE,2024-07-07
7189,1410,691,3,20.79,0.22,127.85,176.5,ENVIADO,2023-11-08
7190,311,60,6,2909.18,0.18,15.26,14328.43,ENVIADO,2024-11-07
7191,288,658,4,4335.79,0.28,36.74,12523.82,PENDENTE,2023-10-19
7192,938,911,7,10612.94,,104.01,72165.87,Pago,2024-06-10
7193,579,785,6,8846.84,0.03,80.26,51568.87,PAGO,2024-10-04
7194,45,52,7,6028.19,0.24,146.13,32216.1,PENDENTE,99/99/9999
7195,124,126,2,11167.66,0.12,96.48,,ENVIADO,2023-10-15
7196,982,42,6,9554.53,0.15,,48822.33,PAGO,2022-02-21
7197,55,799,2,9568.87,0.07,63.74,17861.84,PENDENTE,2022-04-05
7198,424,249,7,6282.26,0.29,20.72,31243.55,PENDENTE,2024-05-19
7199,454,570,3,873.64,0.03,128.04,2670.33,ENVIADO,2024-06-19
7200,466,154,5,1784.59,0.19,36.42,7264.01,ENVIADO,2022-11-01
7201,639,182,4,7149.37,0.29,33.98,20338.19,ENVIADO,2023-07-31
7202,618,75,4,2488.24,0.24,144.56,7708.81,ENVIADO,2024-03-14
7203,469,1279,1,1724.99,0.13,33.83,1534.57,PAGO,2024-06-07
7204,730,512,7,7565.09,0.15,147.44,45159.73,ENVIADO,2022-06-11
7205,177,642,2,10183.03,0.28,103.26,14766.82,PENDENTE,2024-01-31
7206,904,324,4,14427.65,0.23,,R$500,PAGO,2023-09-20
7207,595,285,8,9875.21,0.19,123.56,64114.92,ENVIADO,2025-01-23
7208,359,935,5,9036.04,0.19,108.83,36704.79,CANCELADO,2023-07-04
7209,237,922,10,397.28,0.21,121.07,3259.58,PENDENTE,2023-08-18
7210,524,638,8,1127.42,0.09,123.98,8331.6,CANCELADO,2023-01-07
7211,380,476,2,7729.86,0.25,62.73,11657.52,ENVIADO,2023-08-25
7212,887,853,9,5602.55,0.22,36.46,39366.36,PENDENTE,2024-08-02
7213,507,193,1,4832.73,0.13,36.97,4241.45,,2022-09-06
7214,980,245,-1,14623.96,0.17,78.14,97181.23,PAGO,2022-10-22
7215,712,9,10,270.38,0.28,99.08,2045.82,CANCELADO,2023-03-11
7216,774,76,8,7000.69,0.02,119.8,55005.21,CANCELADO,2025-01-23
7217,336,1088,8,3333.61,0.07,26.25,24828.31,PAGO,2024-12-24
7218,898,266,2,6193.27,0.18,23.54,10180.5,PAGO,2023-05-17
7219,575,646,5,1363.25,0.2,141.64,5594.64,ENVIADO,2023-05-12
7220,1402,541,0,6742.04,0.1,141.89,48684.58,PAGO,2025-01-02
7221,375,944,1,7249.72,0.06,93.1,6907.84,,2024-01-14
7222,342,647,5,14148.79,0.21,59.96,55947.68,CANCELADO,2022-06-14
7223,632,551,8,11238.65,0.26,62.25,66595.06,ENVIADO,2025-02-07
7224,704,670,8,7107.7,0.04,35.03,54622.17,PENDENTE,2024-09-04
7225,25,490,1,8821.54,0.11,114.43,7965.6,PAGO,2025-02-03
7226,688,584,7,12960.6,0.03,113.95,-500,PENDENTE,2022-09-04
7227,903,1299,6,11687.75,0.24,81.43,53377.57,PAGO,2022-08-10
7228,785,453,6,13556.61,0.06,103.17,76562.45,CANCELADO,2023-12-08
7229,716,103,9,3313.1,0.27,142.48,21909.55,CANCELADO,2024-11-30
7230,344,760,5,4382.78,0.29,30.62,15589.49,CANCELADO,03-17-2023
7231,809,16,10,10745.01,0.19,44.1,87078.68,CANCELADO,2024-01-29
7232,617,1386,6,3077.04,0.08,117.96,17103.22,PENDENTE,2022-10-04
7233,245,311,9,14917.66,0.07,13.53,124874.34,PENDENTE,2025-02-03
7234,1235,471,1,5952.45,0.28,16.75,4302.51,CANCELADO,2025-02-10
7235,13,730,3,14176.47,0.29,53.79,30249.67,CANCELADO,2024-12-20
7236,1076,163,10,8935.19,0.28,12.48,64345.85,PENDENTE,99/99/9999
7237,340,765,-5,14687.91,0.08,22.59,27048.34,PAGO,2024-10-27
7238,759,569,,14047.34,0.15,44.93,83626.6,PENDENTE,2023-10-02
7239,532,506,2,9675.83,0.06,104.29,18294.85,CANCELADO,2024-02-09
7240,459,484,3,6910.54,0.05,93.9,19788.94,ENVIADO,2024-10-29
7241,18,385,8,2303.19,0.01,16.8,18258.06,PENDENTE,2023-06-08
7242,898,1135,3,10964.25,0.03,83.71,31989.68,ENVIADO,2023-01-27
7243,208,546,-1,4097.08,0.18,97.42,26974.26,ENVIADO,2022-05-15
7244,267,153,10,3333.23,0.07,130.98,31130.02,PAGO,2024-07-14
7245,349,1446,5,11423.11,0.13,83.13,49773.66,PENDENTE,2022-01-23
7246,730,406,7,6323.56,0.21,115.9,35085.19,PENDENTE,2022-11-18
7247,823,643,2,14848.86,0.28,113.62,21495.98,ENVIADO,2024-04-25
7248,620,533,2,7738.01,0.1,108.19,14036.61,CANCELADO,2023-09-02
7249,605,732,1,7874.68,0.2,76.45,6376.19,ENVIADO,2024-11-06
7250,242,21,,2858.24,0.11,34.15,25472.49,CANCELADO,2023-03-17
7251,501,1266,9,10731.85,0.21,132.53,76435.98,PENDENTE,2024-10-14
7252,740,1446,2,10407.11,0.2,108.77,16760.15,PAGO,2023-01-16
7253,9,1038,4,1925.22,0.23,25.25,5954.93,PAGO,2024-09-02
7254,473,470,2,8738.69,0.19,53.94,14210.62,CANCELADO,2024-01-11
7255,982,321,10,14830.75,0.1,115.17,133591.92,ENVIADO,2025-04-14
7256,225,747,7,7674.67,0.05,81.25,51117.81,PAGO,99/99/9999
7257,582,269,1,5014.17,0.26,67.11,3777.6,CANCELADO,2022-05-24
7258,923,788,4,5473.92,0.25,125.66,16547.42,ENVIADO,2023-10-30
7259,857,906,9,13626.59,0.15,48.73,104292.14,PENDENTE,2024-09-14
7260,617,94,6,1849.21,0.03,53.05,10815.45,PENDENTE,2023-08-22
7261,781,194,2,7182.81,0.16,10.37,-500,PAGO,2022-08-31
7262,65,458,3,528.96,,147.23,1448.47,PAGO,2023-04-17
7263,1215,755,6,2801.14,0.13,81.74,14703.69,PAGO,2023-10-20
7264,792,586,3,3652.93,0.04,91.02,10611.46,PAGO,2022-02-27
7265,307,79,9,13170.09,0.21,11.41,93650.75,PENDENTE,2023-02-14
7266,882,439,4,89.81,0.09,114.91,441.82,CANCELADO,99/99/9999
7267,7,502,2,5144.85,0.08,11.53,9478.05,CANCELADO,2022-01-22
7268,891,1191,3,237.63,0.25,119.72,654.39,,2022-03-09
7269,251,393,7,8111.28,0.27,35.84,41484.48,ENVIADO,2022-10-27
7270,375,785,7,1457.6,0.28,99.32,7445.62,ENVIADO,2025-01-18
7271,884,850,7,13577.93,0.19,21.23,77008.09,CANCELADO,2024-08-11
7272,308,746,8,792.79,0.06,27.72,5989.5,ENVIADO,2023-07-25
7273,860,565,4,5956.49,0.28,121.98,17276.67,CANCELADO,2023-05-25
7274,603,212,9,8882.4,0.19,108.78,64861.48,CANCELADO,31/02/2025
7275,44,272,10,6864.96,0.2,66.47,54986.15,PAGO,2024-10-30
7276,270,925,3,13008.27,0.23,115.11,30164.21,PENDENTE,2024-08-20
7277,1200,824,6,5610.51,0.2,14.84,26945.29,ENVIADO,2023-04-12
7278,857,1052,1,13865.23,0.19,59.08,11289.92,PENDENTE,2024-12-28
7279,338,875,5,5800.16,0.1,30.23,26130.95,CANCELADO,2025-03-30
7280,952,44,2,13825.3,0.1,121.3,25006.84,ENVIADO,2023-02-21
7281,165,476,10,4381.08,0.18,133.05,0,CANCELADO,2023-02-09
7282,815,375,4,9113.97,0.26,72.54,27049.89,ENVIADO,2022-12-11
7283,890,590,5,14887.01,0.18,134.79,61171.53,ENVIADO,2023-03-27
7284,378,26,,12058.63,0.29,28.75,59960.14,PAGO,2022-08-12
7285,816,710,8,1086.85,0.3,,6203.0,Pagoo,2022-07-26
7286,934,599,1,4951.57,0.28,18.37,3583.5,PENDENTE,2022-06-02
7287,357,656,,12874.62,0.17,56.46,-500,CANCELADO,2023-08-12
7288,1351,148,4,10964.59,0.25,110.96,33004.73,CANCELADO,2022-12-09
7289,1267,331,7,3058.44,0.14,57.4,18469.21,PAGO,2023-09-05
7290,147,618,9,8230.25,0.1,137.66,66802.69,CANCELADO,2024-10-13
7291,1345,102,10,11049.1,0.24,71.67,R$500,ENVIADO,2023-11-21
7292,545,332,10,9871.31,0.25,86.78,74121.6,PENDENTE,2022-05-28
7293,722,699,5,2930.02,0.29,134.73,10536.3,ENVIADO,2022-12-25
7294,226,608,2,10253.05,0.12,,18119.48,PAGO,2024-10-07
7295,290,1308,9,7204.54,0.19,123.77,52644.87,CANCELADO,2022-09-29
7296,116,143,10,13466.55,0.17,36.42,111808.78,PENDENTE,2024-07-23
7297,267,54,2,13832.01,0.29,71.27,19712.72,CANCELADO,2024-05-05
7298,93,862,4,5223.73,0.18,42.24,mil,ENVIADO,2023-06-19
7299,899,468,7,13525.02,0.08,75.84,87176.97,PAGO,2022-08-09
7300,574,522,10,6738.81,0.13,85.72,58713.37,ENVIADO,2022-12-18
7301,1305,391,8,6881.55,0.1,17.08,-500,CANCELADO,2023-06-10
7302,206,695,9,14229.19,0.26,67.51,94833.92,PAGO,2024-02-13
7303,394,1397,9,7938.73,0.16,147.66,60164.46,PAGO,2022-11-18
7304,984,763,10,6094.97,0.17,126.73,50714.98,PENDENTE,2023-05-12
7305,11,352,10,12892.08,0.02,19.98,126362.36,PAGO,2022-06-24
7306,643,278,-1,1286.04,0.2,144.45,0,CANCELADO,2023-07-05
7307,389,856,4,6347.87,0.19,131.45,20698.55,PENDENTE,2024-12-05
7308,313,1273,3,5088.72,,131.32,14634.17,PAGO,2023-07-05
7309,937,678,10,14970.17,0.14,89.27,128832.73,ENVIADO,2024-10-21
7310,800,1352,3,11496.92,0.25,115.41,25983.48,PENDENTE,2022-11-12
7311,41,1426,8,2123.13,0.06,81.12,16047.06,ENVIADO,2023-04-07
7312,251,1461,6,10578.21,0.23,123.14,48994.47,ENVIADO,2023-10-10
7313,35,519,4,5073.92,0.22,102.79,15933.42,CANCELADO,2025-01-07
7314,848,348,7,364.82,0.16,46.6,2191.74,CANCELADO,2024-11-28
7315,404,404,7,4310.63,0.06,49.74,28413.69,ENVIADO,2024-02-09
7316,430,288,2,3469.01,0.14,115.49,6082.19,PENDENTE,31/02/2025
7317,336,964,6,9228.97,0.24,78.79,42162.89,PENDENTE,2025-02-14
7318,608,523,9,14109.74,0.07,92.91,118191.43,ENVIADO,2023-05-15
7319,35,309,2,12482.9,0.21,131.59,19854.57,Cancelado,2023-09-10
7320,363,494,4,8488.16,0.19,41.27,27542.91,CANCELADO,2023-04-02
7321,721,306,9,11563.24,0.03,37.29,100984.38,PAGO,2025/01/18
7322,396,568,7,12547.51,0.1,38.79,79088.1,ENVIADO,2022-09-17
7323,1381,221,6,5697.6,0.13,144.51,29885.98,ENVIADO,2025-03-03
7324,512,194,5,7572.73,,37.71,36386.81,PAGO,2022-11-20
7325,739,932,9,2708.1,0.02,71.29,23956.73,PENDENTE,31/02/2025
7326,239,1134,7,10938.76,0.12,67.49,67450.25,PAGO,2023-08-28
7327,24,1260,10,9933.59,0.11,32.0,88440.95,ENVIADO,2022-10-12
7328,390,80,4,14035.25,0.07,21.62,52232.75,PENDENTE,2024-08-14
7329,168,299,10,14998.5,0.24,77.44,114066.04,ENVIADO,2023-10-06
7330,677,447,5,1241.89,0.28,22.63,4493.43,PAGO,2023-05-17
7331,483,37,4,675.84,0.1,40.71,2473.73,PAGO,2022-01-28
7332,318,12,-5,14825.31,0.19,48.98,48082.98,PENDENTE,2022-02-16
7333,481,1469,4,2635.37,0.21,122.28,8450.05,ENVIADO,2024-10-10
7334,926,991,3,2639.1,0.14,112.01,6920.89,PAGO,2022-10-14
7335,252,151,10,5524.74,0.17,141.09,45996.43,PENDENTE,99/99/9999
7336,898,884,10,13038.35,0.15,60.64,110886.61,PENDENTE,99/99/9999
7337,328,334,1,3172.37,0.24,107.06,2518.06,ENVIADO,2022-11-11
7338,102,490,2,9605.13,,108.59,18166.23,PENDENTE,2023-02-27
7339,483,1435,8,2757.19,0.15,49.92,18798.81,PENDENTE,2023-07-17
7340,866,904,5,3564.61,0.14,85.47,15413.29,PAGO,2022-02-26
7341,277,638,4,8387.84,,91.61,33307.46,ENVIADO,2022-01-31
7342,1319,261,2,10407.39,0.19,,16922.81,PAGO,2022-07-19
7343,125,331,9,9287.54,0.18,142.07,68684.12,PENDENTE,2023-11-16
7344,1338,397,10,13204.9,0.05,20.93,125467.48,CANCELADO,2022-02-27
7345,123,916,1,3532.37,0.18,37.5,2934.04,ENVIADO,2024-06-01
7346,240,913,6,10364.29,0.01,54.07,61617.95,ENVIADO,2024-06-17
7347,59,288,5,9291.14,0.29,89.67,33073.22,PENDENTE,2022-09-17
7348,557,703,0,10327.45,0.29,138.11,73463.0,Cancelado,2024-01-03
7349,886,274,6,6967.72,0.12,131.16,36920.72,CANCELADO,2025-03-15
7350,275,601,3,690.52,0.14,82.04,1863.58,pago,31/02/2025
7351,267,96,9,6291.83,0.07,73.02,52735.64,ENVIADO,2022-02-08
7352,866,10,1,13344.0,0.23,93.52,,PENDENTE,2022-09-09
7353,473,587,3,2546.67,0.0,79.79,7719.8,CANCELADO,11-25-2022
7354,256,851,7,13789.85,0.04,48.72,92716.51,CANCELADO,31/02/2025
7355,559,861,7,7769.04,0.25,35.16,40822.62,CANCELADO,2022-06-07
7356,139,131,2,10286.16,0.13,134.38,18032.3,CANCELADO,2022-02-21
7357,935,500,2,7907.18,0.23,83.93,12260.99,PENDENTE,2025-01-05
7358,854,544,1,2514.48,0.12,127.59,2340.33,CANCELADO,2024-12-09
7359,510,296,3,13963.19,0.29,46.47,29788.06,PENDENTE,2023-01-05
7360,1158,266,10,9002.09,0.09,45.34,81964.36,ENVIADO,2024-05-12
7361,247,798,10,211.69,0.15,97.81,1897.17,PAGO,2022-03-19
7362,1201,4,4,88.78,0.29,21.65,273.79,ENVIADO,2025-03-16
7363,1280,1484,2,6505.15,0.12,75.32,11524.38,ENVIADO,2023-09-13
7364,802,856,3,8164.34,0.04,36.5,23549.8,CANCELADO,2022-10-21
7365,800,518,0,1899.68,0.11,95.09,5167.24,PENDENTE,2022-08-26
7366,122,771,,9775.2,0.25,30.99,R$500,PAGO,2023-03-02
7367,205,52,7,8162.2,0.11,57.69,50908.2,ENVIADO,2022-11-08
7368,32,908,2,1884.95,0.05,51.06,3632.46,PENDENTE,2023-08-09
7369,1279,779,3,8108.95,,97.48,17369.54,ENVIADO,2022-05-04
7370,181,341,8,5558.16,0.28,14.1,32029.1,CANCELADO,2022-10-26
7371,539,303,9,1789.57,0.05,114.29,15415.11,ENVIADO,2022-12-31
7372,143,1189,8,14336.85,0.18,60.54,94110.28,PENDENTE,2023-11-02
7373,1,670,10,11860.47,0.1,31.35,106775.58,PENDENTE,2022-01-05
7374,751,431,3,4897.19,0.25,79.73,11098.41,PAGO,2024-01-22
7375,1386,826,7,5654.44,0.13,71.02,34506.56,ENVIADO,2022-11-12
7376,314,136,1,11753.06,0.06,27.85,11075.73,CANCELADO,2023/08/13
7377,911,743,8,2270.25,0.04,29.1,17464.62,PAGO,2025-01-02
7378,377,62,5,9849.49,0.18,101.89,R$500,ENVIADO,2022-12-22
7379,573,322,8,9505.8,0.18,33.61,62391.66,PAGO,2022-03-20
7380,422,367,4,10264.36,0.16,65.37,34553.62,CANCELADO,2023-12-27
7381,63,468,5,13909.22,0.03,118.11,67577.83,PENDENTE,2023-12-31
7382,125,591,7,7151.17,0.15,,42679.54,CANCELADO,2023-03-29
7383,546,987,8,5055.45,0.1,11.29,36410.53,ENVIADO,2024-06-18
7384,487,945,2,13684.48,0.18,147.79,22590.34,ENVIADO,2024-10-14
7385,891,127,6,13440.42,0.13,44.23,70203.22,PAGO,2024-08-21
7386,395,764,3,9068.88,0.11,11.24,24225.15,CANCELADO,2022-07-21
7387,991,959,9,14663.0,0.22,112.14,103046.4,CANCELADO,2022-09-16
7388,352,268,-5,6981.31,0.01,92.37,13915.36,PENDENTE,2023/05/21
7389,201,956,2,9315.53,0.2,118.42,15023.27,ENVIADO,2022-08-31
7390,1473,491,8,9002.01,0.01,107.83,71403.75,CANCELADO,2024-06-13
7391,973,541,1,6001.07,0.04,72.83,5833.86,ENVIADO,2024-06-05
7392,134,832,0,1173.57,0.25,77.2,957.38,PENDENTE,2024-11-10
7393,211,49,0,1526.5,0.08,85.42,11320.46,ENVIADO,2024-07-14
7394,971,1017,3,651.94,0.19,92.74,1676.95,PAGO,2024-09-01
7395,355,263,7,3142.74,0.0,,22050.85,CANCELADO,2023-06-14
7396,23,654,9,11355.18,0.19,143.62,-500,CANCELADO,2024-06-05
7397,570,1088,7,14187.28,0.23,13.08,76482.52,ENVIADO,2022-10-08
7398,407,486,6,3100.43,0.27,53.53,13633.41,PAGO,2022-05-29
7399,499,305,3,14769.25,0.17,,36792.71,ENVIADO,2025-03-27
7400,966,284,1,8405.03,0.27,125.63,6261.3,PAGO,2024-10-30
7401,303,878,2,6867.97,0.04,74.67,13261.17,PAGO,02/10/2023
7402,639,491,4,1478.37,0.02,,5818.37,PENDENTE,2023-01-21
7403,328,762,4,4548.93,0.05,149.08,17435.01,PENDENTE,2024-12-01
7404,952,165,9,10166.69,0.13,28.7,79633.88,PENDENTE,2024-08-20
7405,266,569,2,3151.55,0.09,11.57,5747.39,CANCELADO,31/02/2025
7406,1150,766,1,1440.63,0.29,62.75,1085.6,PAGO,2023-08-10
7407,310,606,dez,14154.69,0.17,99.55,35344.73,PAGO,12-13-2022
7408,776,80,10,9296.88,0.19,45.93,75350.66,PAGO,2023-09-20
7409,923,384,10,10451.2,0.26,83.27,77422.15,CANCELADO,2024-12-27
7410,6,491,7,13290.68,0.12,16.46,81887.05,PENDENTE,31/02/2025
7411,1188,605,6,14859.44,0.12,117.17,78575.01,CANCELADO,2025-03-26
7412,981,560,1,5766.33,0.12,109.11,5183.48,PAGO,2022-07-09
7413,129,344,1,5681.2,0.21,10.71,4498.86,PAGO,2023-09-29
7414,199,609,7,14389.77,0.08,109.21,92779.33,PAGO,2023-05-18
7415,152,793,7,10209.31,0.15,45.35,60790.74,pago,2022-06-25
7416,713,347,1,9558.19,,139.03,7690.0,Pago,2022-04-10
7417,713,443,10,3769.07,0.07,36.54,35088.89,PAGO,2025-02-27
7418,302,877,1,9319.88,0.09,83.86,8564.95,PENDENTE,2025-02-14
7419,234,52,,3343.71,0.03,100.92,13074.51,PAGO,2024-04-12
7420,283,909,,2665.52,0.27,102.61,17615.08,CANCELADO,2024-03-05
7421,585,220,4,9160.08,0.28,53.53,26434.56,PAGO,2022-08-29
7422,907,1485,4,8397.36,0.14,81.72,28968.64,ENVIADO,2023-07-06
7423,1039,77,5,7781.83,0.17,70.22,32364.81,ENVIADO,2025-04-07
7424,978,916,7,6196.48,0.2,106.27,34806.56,PENDENTE,2023-12-06
7425,907,689,5,4412.24,0.14,,19101.11,CANCELADO,2024-08-10
7426,169,644,3,3725.31,0.03,41.44,10882.09,CANCELADO,2025-01-12
7427,307,311,10,14606.9,,42.74,119819.32,ENVIADO,2023-03-12
7428,930,457,4,9789.04,0.26,146.23,29121.79,CANCELADO,2024-03-14
7429,38,781,4,11645.97,0.04,84.4,44804.92,CANCELADO,2023-09-18
7430,624,79,3,10269.05,0.15,14.44,26200.52,ENVIADO,2022-09-11
7431,1432,231,-1,3829.91,0.22,110.02,15046.67,PAGO,2024-07-05
7432,91,486,3,13744.76,0.18,17.13,33829.24,PENDENTE,2023-12-05
7433,897,828,7,13527.84,,,82423.45,ENVIADO,2023-08-18
7434,674,65,7,9959.0,0.18,63.7,57228.36,ENVIADO,2024-05-19
7435,975,450,10,7110.48,0.24,24.64,54064.29,CANCELADO,2022-06-08
7436,577,190,1,9113.31,0.09,51.2,8344.31,PAGO,31/02/2025
7437,850,324,5,1504.75,0.23,133.04,5926.33,ENVIADO,2024-01-09
7438,530,395,6,1590.84,0.17,130.62,8053.0,PENDENTE,2022-01-01
7439,208,332,,735.42,0.02,72.56,2955.41,ENVIADO,11-23-2022
7440,11,1173,9,12242.04,0.11,25.9,98084.64,ENVIADO,2023-08-27
7441,5,408,8,10712.24,0.07,59.95,79759.02,ENVIADO,2022-08-15
7442,300,712,1,5350.62,0.12,50.15,4758.7,CANCELADO,2024-01-12
7443,255,907,6,5301.87,0.17,123.31,26526.62,PAGO,2024-11-15
7444,812,1167,5,12586.75,0.13,106.33,54858.69,CANCELADO,2025-03-14
7445,871,769,1,14910.05,0.19,130.6,12207.74,PENDENTE,2025-01-17
7446,1194,653,5,451.91,0.02,80.39,2294.75,CANCELADO,2024-10-28
7447,1364,814,8,7194.36,0.23,101.68,44418.94,Pago,2022-07-02
7448,236,994,-1,9223.41,0.27,87.07,,ENVIADO,2022-12-05
7449,492,842,7,12850.4,0.2,142.52,72104.76,PAGO,2023-07-19
7450,900,714,7,1219.15,0.29,105.65,mil,ENVIADO,2024-08-05
7451,866,996,4,7191.44,0.14,,24885.13,CANCELADO,2024-11-12
7452,954,4,3,108.2,0.04,100.28,411.9,ENVIADO,99/99/9999
7453,336,449,-5,6966.13,,,45890.38,PAGO,2023-12-17
7454,1354,795,4,10495.63,0.22,119.53,32865.9,CANCELADO,2023-05-04
7455,413,1039,2,940.05,0.03,116.61,1940.31,PENDENTE,2022-06-11
7456,335,741,6,9829.55,0.11,112.21,52602.01,PAGO,2024-03-27
7457,441,104,3,9343.68,0.22,90.08,21954.29,CANCELADO,2023-11-01
7458,611,436,6,9592.21,0.23,51.33,44367.34,Pagoo,2024-07-05
7459,479,510,,9044.62,0.04,91.6,17457.27,ENVIADO,2024-03-06
7460,1233,654,9,13758.57,0.17,19.87,102796.39,CANCELADO,2024-01-28
7461,104,55,6,12691.43,0.29,67.51,54133.0,PENDENTE,2022-02-26
7462,69,577,3,14985.06,0.2,79.6,36043.74,ENVIADO,2023-03-31
7463,547,490,7,14014.75,0.21,39.74,R$500,ENVIADO,2024-06-27
7464,341,52,4,9734.98,0.27,131.15,28557.29,ENVIADO,2022-11-13
7465,311,734,1,2167.36,0.26,139.16,1743.01,PENDENTE,2022-03-18
7466,116,983,5,14474.26,0.18,13.03,59357.5,PENDENTE,2024-05-09
7467,969,387,10,5749.63,0.04,96.62,55293.07,ENVIADO,2024-12-30
7468,425,851,0,10540.65,0.25,93.51,23809.97,ENVIADO,2023-04-28
7469,282,234,5,9455.54,0.03,33.12,45892.49,PAGO,2025-01-29
7470,469,84,1,8771.26,0.21,117.85,7047.15,PENDENTE,2024-07-26
7471,468,639,2,4946.75,0.22,120.7,7837.63,ENVIADO,2024-01-27
7472,1053,184,6,14626.13,0.13,19.19,76367.59,PENDENTE,2024-09-03
7473,254,965,9,3089.91,0.23,128.37,21541.45,CANCELADO,2022-06-29
7474,67,418,8,8796.15,0.24,59.69,53540.28,PENDENTE,2023-08-16
7475,428,450,5,455.98,0.02,48.45,2282.75,PAGO,2022-09-29
7476,277,1114,8,14168.99,0.28,95.81,81709.19,CANCELADO,2022-12-23
7477,728,236,5,11089.99,0.16,35.89,46613.85,PENDENTE,2024-11-29
7478,3,426,4,6442.32,0.25,122.89,19449.85,ENVIADO,2024-09-23
7479,414,984,1,7091.25,0.3,111.13,5075.01,PENDENTE,2022-07-17
7480,947,522,dez,12161.61,0.02,91.18,119274.96,PAGO,2022-07-16
7481,719,1128,10,5709.53,0.09,17.66,51974.38,PENDENTE,2022-02-27
7482,918,812,3,12405.87,0.11,41.09,33164.76,ENVIADO,2023-09-23
7483,818,482,2,10900.82,0.04,110.38,mil,Cancelado,31/02/2025
7484,160,764,8,3917.37,0.19,68.17,25452.73,PENDENTE,2022-03-03
7485,87,209,9,3587.82,0.07,55.42,30085.47,PENDENTE,2024-01-24
7486,745,889,0,476.0,0.01,,2420.97,PAGO,2025-03-21
7487,858,948,1,11322.59,0.27,,8291.42,PAGO,2024-09-10
7488,635,891,2,7586.73,0.14,49.13,13098.31,CANCELADO,2022-06-14
7489,527,18,,13245.62,0.22,33.41,51691.33,ENVIADO,2022-07-31
7490,803,884,4,6390.26,0.24,55.47,19481.86,PENDENTE,2022-03-23
7491,518,1151,3,6918.22,0.09,131.88,19018.62,CANCELADO,2022-06-04
7492,519,269,5,2060.51,0.27,47.69,7568.55,PAGO,2023-10-13
7493,599,233,9,7773.77,0.12,148.35,61716.61,PENDENTE,2025-01-26
7494,934,650,5,658.47,,87.47,3215.2,ENVIADO,2025-02-06
7495,456,293,6,3129.56,,48.41,14319.2,PENDENTE,99/99/9999
7496,957,390,-1,7045.82,0.09,67.8,64184.76,PAGO,2022-07-06
7497,919,865,10,3706.8,0.12,43.51,32663.35,CANCELADO,2023-05-27
7498,15,558,-1,13371.37,0.25,44.18,80272.4,PENDENTE,12-28-2023
7499,637,869,10,7027.05,0.13,22.19,61157.53,CANCELADO,2024-03-30
7500,924,485,1,5460.42,0.24,97.64,4247.56,ENVIADO,31/02/2025
7501,899,150,7,14756.03,0.29,135.98,73473.45,ENVIADO,2023-08-23
7502,293,173,5,11909.52,0.11,41.09,53038.45,ENVIADO,23/12/2023
7503,646,409,8,6896.4,0.24,101.9,42032.01,CANCELADO,2023-02-17
7504,719,990,3,1368.47,0.18,26.19,3392.63,CANCELADO,2022-05-25
7505,826,435,1,6708.07,0.21,45.68,5345.06,PAGO,2024-04-25
7506,611,688,3,54.69,0.02,96.73,R$500,CANCELADO,2025/01/26
7507,585,56,-5,12604.72,0.07,122.09,-500,PAGO,2023-02-20
7508,424,728,3,7362.43,0.09,45.06,20144.49,pago,2024-02-27
7509,100,1130,3,3762.97,0.28,15.2,8143.22,PAGO,2025-02-14
7510,269,250,9,10228.5,,20.2,89315.0,ENVIADO,2024-02-02
7511,939,434,10,5648.18,0.01,51.21,55968.19,ENVIADO,2024-03-03
7512,240,964,-1,12381.71,0.14,129.59,21426.13,CANCELADO,2022-12-07
7513,662,947,8,14350.13,0.05,142.6,109203.59,PAGO,2023-01-06
7514,562,454,1,2941.65,0.06,117.15,2882.3,ENVIADO,06-07-2024
7515,804,102,5,737.79,0.29,141.62,mil,PENDENTE,2023-04-21
7516,554,358,7,9906.57,0.07,104.08,64595.85,ENVIADO,2024-10-15
7517,893,796,6,8119.52,0.0,41.99,48759.11,ENVIADO,2022-10-12
7518,347,985,5,3725.26,0.17,41.66,15501.49,PENDENTE,2023-02-16
7519,641,196,10,10412.91,0.02,58.59,102105.11,PENDENTE,2025-02-16
7520,20,620,7,12042.66,0.16,125.51,70936.35,CANCELADO,2022-01-26
7521,253,568,7,13448.44,0.19,141.44,76394.09,CANCELADO,31/02/2025
7522,197,929,7,4068.67,0.14,122.34,24615.73,,2023-08-13
7523,123,17,9,14981.93,0.11,136.73,120141.99,PAGO,2025-02-16
7524,568,911,5,11170.99,0.17,132.63,46492.24,CANCELADO,2022-05-07
7525,418,269,10,3253.63,0.25,122.06,24524.29,CANCELADO,2024-12-06
7526,730,726,6,12496.95,0.09,109.77,68343.12,PENDENTE,2022-04-02
7527,270,655,10,5299.2,0.22,129.05,41462.81,pago,2023-07-23
7528,560,991,dez,9218.98,0.01,147.77,45781.72,PENDENTE,99/99/9999
7529,917,742,0,13795.1,0.2,113.54,22185.7,PENDENTE,2023-07-04
7530,1360,133,2,11500.23,0.14,120.65,19901.05,PAGO,2022-10-31
7531,832,295,6,12493.55,0.07,105.38,69819.39,Cancelado,2023-02-06
7532,300,284,5,14885.0,0.15,,63389.65,CANCELADO,2023-09-24
7533,606,732,6,8920.42,0.22,26.62,41774.19,Pago,2022-04-19
7534,911,172,3,5567.98,0.1,,15166.03,CANCELADO,2024-01-27
7535,715,385,8,10711.06,0.25,31.08,64297.44,PAGO,2024-03-22
7536,838,544,1,6918.81,0.07,52.72,6487.21,PENDENTE,2023-12-28
7537,708,634,10,4110.21,0.22,15.33,32074.97,PENDENTE,20/01/2023
7538,332,21,7,8255.74,0.05,131.51,55032.18,CANCELADO,2024-08-16
7539,227,396,1,1029.56,0.14,29.1,914.52,CANCELADO,2024-08-13
7540,1121,725,10,5789.05,0.0,101.1,57991.6,CANCELADO,2023-08-01
7541,586,1190,10,14660.28,0.05,143.32,139415.98,PENDENTE,2024-07-16
7542,357,832,2,10355.75,0.16,108.44,17506.1,CANCELADO,2022-08-22
7543,477,595,5,4750.74,0.09,143.02,21758.89,ENVIADO,2023-12-17
7544,120,248,6,8748.72,0.2,52.58,42046.44,,2022-07-04
7545,461,513,5,2673.19,0.27,127.01,9884.15,ENVIADO,2022-08-29
7546,399,114,4,9371.94,0.21,,29742.53,ENVIADO,2022-01-22
7547,675,689,7,1384.89,0.17,93.31,8139.52,PENDENTE,2023-01-04
7548,613,842,3,11272.36,0.01,147.11,33626.02,CANCELADO,09-11-2023
7549,921,345,4,10158.96,0.02,101.61,39924.73,ENVIADO,2023-07-02
7550,908,689,7,3799.31,0.3,117.75,18734.37,ENVIADO,2024-01-31
7551,1281,1269,5,1929.75,0.02,41.17,0,ENVIADO,2024-10-09
7552,834,590,3,13653.91,0.24,116.6,31247.51,ENVIADO,2023-02-04
7553,423,219,0,5537.92,0.19,123.93,9095.36,ENVIADO,2025-03-29
7554,686,471,5,12100.49,0.27,129.99,44296.78,PENDENTE,2022-12-21
7555,576,13,6,10056.73,0.1,99.54,54405.88,CANCELADO,2023-05-10
7556,455,582,7,1913.05,0.15,108.26,11490.91,PENDENTE,2022-12-23
7557,391,764,8,8101.02,0.15,129.15,-500,CANCELADO,2023-08-15
7558,298,253,10,5579.79,0.22,,43549.63,PENDENTE,2022-05-07
7559,1380,373,9,11595.34,0.27,127.14,76308.52,PENDENTE,2022-02-23
7560,235,529,5,6975.8,0.11,46.72,31089.03,PENDENTE,2023-10-29
7561,183,524,3,14369.5,,25.83,41409.99,PENDENTE,2023-05-07
7562,571,362,10,3319.59,,47.85,24280.86,CANCELADO,2023-08-03
7563,444,993,8,13638.57,,34.81,106961.2,CANCELADO,2023-01-31
7564,615,510,2,5298.47,0.15,63.36,9070.76,PAGO,99/99/9999
7565,599,249,8,5605.12,0.2,82.74,35955.51,PENDENTE,2024-03-11
7566,653,990,9,827.2,0.2,148.24,6104.08,PAGO,2023-03-11
7567,96,774,2,11068.83,0.06,138.55,20947.95,CANCELADO,2022-05-08
7568,696,150,8,3715.89,,50.93,23238.08,PENDENTE,2025-04-05
7569,722,656,6,11075.35,0.11,54.48,59196.85,CANCELADO,2023-10-08
7570,569,401,-1,6586.67,0.12,96.79,23281.87,PAGO,2023-02-24
7571,191,879,3,157.93,0.24,,408.31,CANCELADO,2022-06-25
7572,554,257,3,13567.12,0.27,91.69,29803.68,PAGO,2024-08-22
7573,520,213,5,12106.77,0.07,131.27,56427.75,PENDENTE,2025/01/09
7574,57,857,3,9770.24,0.08,109.03,27074.89,CANCELADO,2025-01-16
7575,514,824,5,12562.08,0.08,81.04,0,ENVIADO,04-29-2023
7576,343,301,10,10691.35,0.28,139.07,77116.79,ENVIADO,2025-01-17
7577,73,300,6,12245.51,0.19,132.75,59645.93,PAGO,2022-12-26
7578,758,374,2,3386.49,0.22,54.49,5337.41,CANCELADO,2024-01-11
7579,585,816,8,5950.53,0.28,132.73,34407.78,PAGO,2023-10-09
7580,66,420,3,1888.29,,106.66,4808.5,PENDENTE,2022-08-04
7581,59,239,5,5769.57,0.1,28.8,25991.86,ENVIADO,2022-07-25
7582,1125,1038,4,13439.48,0.26,107.19,39888.05,CANCELADO,2023-09-09
7583,552,949,4,6626.79,0.25,123.74,20004.11,ENVIADO,31/02/2025
7584,731,837,5,4523.94,0.16,67.23,19067.78,PENDENTE,2024-05-29
7585,951,732,9,9421.19,,43.37,74659.19,Pagoo,2022-04-18
7586,987,233,7,2217.56,0.07,148.87,14585.19,PENDENTE,2023-01-30
7587,331,603,10,1206.37,0.14,89.74,10464.52,PENDENTE,2024-09-14
7588,1382,71,4,968.12,0.09,83.67,3607.63,PAGO,2023-05-27
7589,231,1067,10,4170.43,0.11,23.64,37140.47,PAGO,2025-03-08
7590,403,319,9,1148.72,0.0,10.06,10348.54,CANCELADO,2022-12-23
7591,1478,851,5,672.34,0.04,126.9,3354.13,CANCELADO,2023-08-24
7592,752,604,8,9484.92,0.17,95.71,63075.58,ENVIADO,2022-08-22
7593,955,1169,2,1361.33,0.04,111.38,2725.13,CANCELADO,2022-11-25
7594,7,275,7,5518.45,0.2,60.07,30963.39,PENDENTE,2022-09-06
7595,384,1268,10,11174.62,0.13,86.57,97305.76,ENVIADO,2024-12-22
7596,1156,381,4,610.4,0.29,115.73,1849.27,CANCELADO,2022-03-10
7597,149,309,7,6247.6,0.07,112.01,40783.89,CANCELADO,2023-09-17
7598,715,202,9,9382.46,0.23,143.93,65164.38,CANCELADO,2023-09-22
7599,217,281,1,701.77,0.0,80.05,,PAGO,2022-04-11
7600,57,416,3,6776.79,0.22,,15969.55,ENVIADO,2025-03-09
7601,730,583,10,14271.98,0.26,31.97,105644.62,CANCELADO,2023-08-31
7602,401,873,3,7500.9,0.14,97.78,,PAGO,2022-05-09
7603,16,563,7,7823.48,0.01,103.4,54320.12,PENDENTE,2022-03-09
7604,853,701,1,3304.41,0.09,41.31,3048.32,PENDENTE,2022-03-10
7605,840,607,9,5204.64,0.27,90.24,34284.72,PENDENTE,2023-01-18
7606,937,147,5,11325.35,,80.26,46514.2,Cancelado,2023-11-29
7607,813,573,dez,2606.92,0.06,64.6,2515.1,PAGO,2022-11-01
7608,682,900,10,12428.22,0.14,39.68,106922.37,pago,2022-12-27
7609,296,28,6,7926.96,0.07,26.52,44258.96,CANCELADO,2024-04-11
7610,392,1476,6,12126.0,0.03,107.08,70680.4,ENVIADO,2023-01-22
7611,980,339,9,12327.27,0.21,99.35,87746.24,PAGO ,30/01/2024
7612,1155,351,2,10982.31,0.19,,17812.49,CANCELADO,03/12/2022
7613,1192,560,0,1749.57,0.08,15.07,0,PENDENTE,2022-10-01
7614,800,304,5,1224.27,0.09,57.04,5627.47,PENDENTE,2024-05-02
7615,802,734,8,5844.87,0.25,67.62,35136.84,PENDENTE,2022-07-29
7616,398,1199,dez,4090.3,0.08,113.74,3876.82,PAGO,2023-01-14
7617,249,5,5,14156.57,0.25,31.52,53118.66,ENVIADO,2022-04-07
7618,551,187,2,99.93,0.3,15.78,155.68,PENDENTE,2022-07-05
7619,128,761,-5,7192.38,0.15,107.98,24562.07,CANCELADO,2023-12-01
7620,554,119,2,5715.57,0.29,128.59,8244.7,PAGO,2024-01-10
7621,365,738,6,2103.04,0.26,36.68,9374.18,CANCELADO,2023-06-02
7622,576,321,3,3792.56,0.04,126.59,11049.16,PENDENTE,2023-03-18
7623,91,278,6,5195.16,0.21,149.46,24774.52,PAGO,2025-02-07
7624,451,801,-5,14705.61,0.11,132.32,131012.25,CANCELADO,2024-07-26
7625,630,325,0,2041.72,0.3,113.59,11547.22,ENVIADO,2025-01-17
7626,567,667,3,5438.48,0.14,97.91,14129.19,ENVIADO,2022-07-15
7627,682,992,8,12307.37,0.22,116.33,76914.32,PENDENTE,2022-01-20
7628,1087,887,10,1806.06,0.23,18.38,13925.04,ENVIADO,2023-07-24
7629,251,213,6,315.36,0.05,134.66,1932.21,ENVIADO,2023-01-21
7630,229,523,2,8071.53,0.18,39.29,13276.6,PAGO,99/99/9999
7631,745,413,7,5988.55,0.22,48.6,32746.08,PENDENTE,10-16-2022
7632,936,692,6,11746.48,0.16,80.76,59283.02,ENVIADO,2024-07-24
7633,513,476,8,2343.18,0.11,75.92,16759.36,ENVIADO,2024-11-22
7634,557,911,9,328.58,0.2,98.39,2464.17,CANCELADO,2022-07-06
7635,310,237,7,10263.46,0.23,40.7,55360.75,PAGO,99/99/9999
7636,37,1182,1,4031.11,0.22,66.06,3210.33,PAGO,2024-06-06
7637,643,489,7,3684.27,0.28,36.84,18605.56,PAGO,2022-01-06
7638,1091,692,10,13238.22,0.14,32.17,113880.86,CANCELADO,2022-12-12
7639,22,18,10,874.24,0.03,44.25,8524.38,ENVIADO,2023-02-20
7640,268,709,dez,12853.81,0.01,135.59,63761.95,PAGO,2022-07-28
7641,310,490,5,10494.58,,85.1,0,Pago,2023-10-15
7642,749,719,5,2934.19,0.23,29.87,11326.5,PENDENTE,2022-08-02
7643,16,316,2,21.22,0.04,126.1,166.84,PENDENTE,2022-03-18
7644,563,944,3,13056.58,0.18,17.83,32137.02,ENVIADO,2024-06-15
7645,197,713,4,6550.27,0.17,,21789.9,PAGO,2022-04-17
7646,717,175,1,8592.21,0.06,143.36,mil,PENDENTE,2024-09-26
7647,1377,549,7,1919.3,0.03,134.67,13166.72,ENVIADO,2023-01-20
7648,851,377,6,7563.58,0.28,46.37,32721.04,pago,99/99/9999
7649,504,464,1,2373.11,0.16,100.72,2094.13,PAGO,31/02/2025
7650,1238,376,1,78.98,0.05,83.72,158.75,PENDENTE,2025-01-23
7651,854,493,2,11494.96,0.04,93.64,22163.96,PENDENTE,2023-03-27
7652,332,424,3,878.27,0.02,14.36,2596.47,ENVIADO,2023-11-30
7653,648,86,7,4036.73,0.23,122.3,21880.27,ENVIADO,2024-08-24
7654,558,299,5,2685.3,0.14,125.21,mil,CANCELADO,2025-01-31
7655,127,280,7,9238.99,0.08,95.78,59594.88,CANCELADO,2023-04-04
7656,137,60,4,14441.82,0.27,108.92,42279.03,CANCELADO,2025-03-18
7657,458,182,4,9245.58,0.12,118.88,-500,ENVIADO,2023-10-02
7658,620,562,2,12635.5,0.14,,21747.62,ENVIADO,2022-10-12
7659,893,825,7,11451.59,,60.88,78618.79,PENDENTE,2022-09-23
7660,958,242,7,3838.25,0.22,120.41,21077.26,PENDENTE,2024-04-27
7661,942,1316,1,5113.13,0.03,81.43,5041.17,PAGO,2022-07-04
7662,151,700,6,12526.35,0.1,69.58,67711.87,Pago,2022-05-21
7663,809,1121,9,2326.17,0.2,45.65,16794.07,Pago,2022-08-01
7664,107,1408,1,11773.23,0.2,128.9,9547.48,CANCELADO,2023-09-12
7665,450,667,6,12294.26,,25.31,64201.35,PAGO,2022-04-10
7666,794,100,10,7298.34,0.25,54.09,54791.64,Pago,2024-12-05
7667,152,352,3,14090.52,0.11,50.17,37671.86,PAGO,2023-08-26
7668,614,235,2,12441.79,0.08,78.1,22970.99,PAGO,2022-12-09
7669,668,807,2,10626.59,0.12,28.3,18731.1,CANCELADO,2023-03-29
7670,269,258,8,5431.48,0.03,56.41,42204.69,CANCELADO,2023-04-13
7671,146,696,1,10279.54,0.07,130.42,9690.39,PAGO,2024-05-19
7672,955,839,9,7709.71,0.01,36.35,68729.87,CANCELADO,2025-02-13
7673,683,563,1,3382.04,0.04,63.75,3310.51,ENVIADO,31/02/2025
7674,617,93,6,12122.24,0.09,94.73,mil,Pago,2023-02-10
7675,394,894,1,3260.47,0.27,23.37,2403.51,CANCELADO,2024-03-01
7676,442,845,5,9942.82,0.06,98.18,46829.43,PAGO,2022-03-04
7677,666,131,2,12085.91,0.22,97.95,18951.97,CANCELADO,2022/10/15
7678,700,935,-5,11416.93,0.07,14.51,74338.72,ENVIADO,2022-10-18
7679,538,534,7,1932.03,0.06,56.44,12769.2,CANCELADO,2024-05-27
7680,974,922,2,2909.17,0.01,14.47,5774.63,PENDENTE,2024-01-22
7681,16,555,4,2133.04,0.15,,7311.28,CANCELADO,2024-05-12
7682,71,283,8,4744.55,0.27,129.92,27838.09,ENVIADO,2022-04-28
7683,973,923,10,218.83,0.17,148.18,1964.47,ENVIADO,2024-11-05
7684,403,318,,1438.23,0.02,24.52,11300.24,PAGO,2023-06-19
7685,957,583,2,12641.59,0.13,123.46,22119.83,PAGO ,2024-02-25
7686,1258,913,10,9858.17,0.17,69.86,81892.67,CANCELADO,2022-10-07
7687,930,62,7,8993.13,0.3,62.3,44128.64,ENVIADO,2022-03-04
7688,844,645,9,14061.06,0.15,25.23,,PAGO,2022-05-25
7689,14,571,8,4623.08,0.12,82.96,32629.44,PAGO,2024-04-18
7690,801,932,10,9979.93,0.13,97.05,86922.44,ENVIADO,2023-04-22
7691,647,801,8,8539.64,0.3,59.46,47881.44,PENDENTE,2022-08-28
7692,1058,838,5,14650.68,0.13,110.86,63841.32,PENDENTE,2024-03-20
7693,237,375,5,14787.98,0.22,104.96,57778.08,PAGO,2022-03-11
7694,1322,438,10,11610.82,0.29,57.88,82494.7,ENVIADO,2024-03-15
7695,765,275,,11230.7,0.06,59.53,95071.25,CANCELADO,2023-11-30
7696,825,592,0,10314.04,0.06,104.54,77666.12,PENDENTE,2022-01-14
7697,85,505,10,9843.38,0.3,130.94,69034.6,pago,2023-04-12
7698,243,396,9,11615.51,0.04,120.45,100478.46,CANCELADO,2024-01-25
7699,189,887,8,10090.28,0.16,65.18,67871.86,ENVIADO,2024-03-30
7700,63,217,7,9930.31,0.0,15.87,69528.04,PAGO,2025-01-14
7701,715,994,5,11297.07,0.25,141.34,42505.35,ENVIADO,2022-04-18
7702,488,877,0,7407.24,0.14,,6463.7,ENVIADO,2024-02-10
7703,10,559,6,14263.0,0.17,143.88,71173.62,PENDENTE,2023-08-24
7704,514,755,4,10814.27,0.07,61.45,40290.53,ENVIADO,2024-12-19
7705,855,525,5,3587.89,0.11,76.21,16042.32,PENDENTE,2023-10-27
7706,583,1140,6,6919.05,0.27,40.85,30346.29,CANCELADO,2022-08-14
7707,485,285,10,7141.66,,41.04,60745.15,ENVIADO,2024-12-08
7708,1049,342,7,12675.03,0.22,87.96,-500,CANCELADO,2025-03-08
7709,1076,545,10,13955.3,0.12,85.79,122892.43,ENVIADO,2024-07-15
7710,120,773,,8853.9,0.23,74.19,54614.21,ENVIADO,2023-03-08
7711,538,488,6,5133.72,0.11,76.25,27490.31,PAGO,2023-08-21
7712,739,266,2,12531.35,0.06,100.97,23659.91,ENVIADO,2023-04-07
7713,1166,901,2,8286.86,0.22,40.01,12967.51,PENDENTE,2022-11-21
7714,998,548,2,8034.66,0.26,,11904.02,CANCELADO,2023-06-10
7715,359,917,3,7305.59,0.28,133.88,0,PAGO,2024-06-05
7716,21,599,1,11519.54,0.16,85.96,9762.37,PAGO,2025-01-01
7717,961,887,10,3388.58,0.16,113.27,28577.34,Cancelado,2024-02-23
7718,81,845,5,2730.2,0.01,149.12,13663.61,PAGO,2022-03-13
7719,856,423,9,2201.27,0.04,120.4,19139.37,PAGO,2022-01-31
7720,974,267,6,5931.61,0.22,145.45,27905.38,CANCELADO,2023-08-21
7721,275,783,2,2995.5,0.03,62.74,5874.01,CANCELADO,2022-07-02
7722,40,197,5,9154.34,0.15,61.73,,Pagoo,2025-04-03
7723,999,826,10,14250.84,0.23,10.42,109741.89,CANCELADO,2023-09-03
7724,240,454,8,3046.88,0.26,71.01,18108.54,PENDENTE,2024-08-01
7725,373,781,9,8257.84,0.12,148.44,65550.53,CANCELADO,2024-03-12
7726,530,95,10,12557.94,0.14,50.41,108048.69,CANCELADO,2023-07-14
7727,267,5,10,9647.95,0.19,28.89,mil,PAGO,2022-05-09
7728,404,620,3,3727.4,0.28,,R$500,PENDENTE,2024-11-25
7729,142,399,4,14763.37,0.16,114.81,49719.73,ENVIADO,2024-09-04
7730,641,193,10,5150.55,0.1,72.61,46427.56,CANCELADO,2023-12-11
7731,194,156,9,4515.37,0.11,77.2,36245.31,PAGO,2025-01-17
7732,825,633,10,10096.03,0.07,107.04,94000.12,PENDENTE,2022-04-02
7733,239,245,5,862.85,0.24,123.33,3402.16,PENDENTE,2023/10/27
7734,686,963,6,5377.44,0.19,38.9,26173.26,CANCELADO,2024-05-27
7735,332,1479,8,1136.38,0.21,65.28,7247.2,PENDENTE,2023-07-06
7736,316,222,10,14895.49,0.11,26.59,132596.45,PENDENTE,08-06-2022
7737,92,494,2,4168.66,0.27,61.7,6147.94,ENVIADO,2024-06-02
7738,698,450,5,6654.14,,79.12,29690.04,ENVIADO,2023-05-28
7739,767,694,8,3073.22,0.17,53.22,20459.4,ENVIADO,2024-07-31
7740,292,292,7,3778.87,0.21,65.86,20963.01,ENVIADO,2022-08-28
7741,295,984,1,4152.71,0.12,68.58,3722.96,ENVIADO,31/02/2025
7742,931,625,8,7079.21,0.12,28.81,49866.45,PENDENTE,2022-11-12
7743,84,239,8,13484.16,0.07,51.94,100374.09,PAGO,2024-02-25
7744,899,898,8,654.93,0.14,125.95,4631.87,CANCELADO,2023-12-16
7745,35,1213,10,8541.17,0.06,99.0,80386.0,PENDENTE,2025-02-09
7746,517,666,2,12337.97,0.13,49.11,-500,PENDENTE,2024-12-23
7747,701,845,0,14769.75,0.14,27.95,-500,ENVIADO,2024-11-03
7748,263,4,10,5803.62,0.17,60.61,48230.66,PAGO,2022-05-03
7749,206,343,6,8071.65,0.25,69.3,36391.72,ENVIADO,2023-06-22
7750,829,769,dez,7686.3,0.1,,55411.93,ENVIADO,2022-03-10
7751,159,993,9,14927.55,0.07,20.83,124964.42,ENVIADO,99/99/9999
7752,179,526,3,9024.01,0.1,,24389.02,PAGO,2022-07-22
7753,547,1000,7,3217.03,0.22,135.83,17700.81,PAGO,18/03/2025
7754,31,1088,4,7497.66,0.19,57.86,24350.28,PAGO,2023-01-10
7755,846,230,10,8203.54,0.21,85.17,64893.14,ENVIADO,05/12/2024
7756,768,395,2,8303.93,0.04,29.11,15972.66,CANCELADO,2023-11-06
7757,777,513,2,13175.49,0.27,141.74,19377.96,ENVIADO,2022-07-31
7758,291,950,1,3759.27,0.13,17.98,3288.54,PAGO,2022-01-03
7759,794,755,5,13901.93,0.08,,64062.56,PENDENTE,2022-11-29
7760,549,214,7,9682.09,0.16,42.04,56972.73,CANCELADO,2023-12-31
7761,985,415,9,2004.53,0.07,83.11,16861.03,PENDENTE,2023-01-20
7762,125,365,7,2969.93,0.08,148.91,19275.26,Cancelado,2022-11-03
7763,550,882,6,6613.73,0.29,31.21,28205.7,CANCELADO,2022-06-18
7764,858,564,6,6646.42,0.13,73.52,34767.83,PAGO,2023-06-17
7765,468,120,3,4659.65,0.16,36.57,11778.89,PAGO,05/05/2023
7766,420,544,3,2374.33,0.13,142.52,0,CANCELADO,2023-12-11
7767,162,315,10,9104.4,0.19,130.3,73875.94,ENVIADO,2024-04-20
7768,797,660,5,6214.11,0.28,97.53,22468.33,PENDENTE,2024-09-04
7769,4,389,5,8654.53,0.03,29.3,42003.77,pago,2023-09-19
7770,652,766,4,9078.3,0.16,98.34,30601.43,,2022-12-28
7771,491,835,-5,1111.83,0.26,117.54,R$500,PENDENTE,2025-02-26
7772,514,730,7,6246.2,0.11,112.92,39026.75,PENDENTE,2022-03-05
7773,405,751,7,14954.77,0.1,44.45,94259.5,PAGO,2022-09-28
7774,92,869,6,14168.89,0.18,55.78,R$500,PAGO,2023-07-05
7775,469,1488,1,7512.2,0.2,61.67,R$500,PAGO,2022-11-19
7776,49,873,1,12587.92,0.22,143.87,9962.45,CANCELADO,2022-06-02
7777,925,448,8,4981.13,0.11,39.65,35505.3,PAGO,2025-01-31
7778,439,166,7,10876.38,0.15,60.73,64775.19,ENVIADO,2023-08-05
7779,531,16,9,9797.47,0.24,26.29,67040.98,PENDENTE,2025-02-13
7780,844,829,7,7714.09,0.16,,45401.94,CANCELADO,99/99/9999
7781,224,286,-1,7147.02,0.3,135.5,10141.33,PENDENTE,2023-04-17
7782,782,470,9,6695.86,0.22,127.13,47132.07,CANCELADO,2024-04-04
7783,538,619,7,329.4,0.25,76.96,1806.31,CANCELADO,2024-05-28
7784,730,121,1,10273.4,0.03,101.23,10066.43,CANCELADO,2023-08-31
7785,647,763,1,4788.19,0.05,39.86,4588.64,CANCELADO,11-03-2023
7786,604,518,-5,9851.24,0.05,49.39,56201.46,ENVIADO,2022-05-11
7787,14,651,10,12570.08,0.27,139.6,91901.18,ENVIADO,2022-09-27
7788,747,756,4,10464.27,0.29,135.78,29854.31,ENVIADO,2023-10-15
7789,1063,794,4,475.92,0.15,141.0,1759.13,PAGO,2022-01-11
7790,49,762,2,5663.11,0.01,93.9,11306.86,pago,2022-08-22
7791,527,1403,-1,6431.77,0.27,78.72,23554.68,PENDENTE,2025-03-29
7792,320,134,6,13889.31,0.19,68.02,67570.07,ENVIADO,2024-06-08
7793,546,933,2,4524.77,0.3,21.55,6356.23,PAGO,2022-07-01
7794,731,372,9,7205.28,,136.46,63038.55,CANCELADO,2025-01-19
7795,373,152,2,14204.15,0.09,77.01,25928.56,ENVIADO,2022-01-22
7796,960,239,6,12262.55,0.26,121.82,54567.54,PAGO,2023-04-07
7797,40,69,9,5060.21,0.11,33.48,40565.76,CANCELADO,2025-01-13
7798,252,884,8,11881.5,0.06,88.35,89437.23,PAGO ,2023-01-23
7799,346,879,-5,8822.17,0.11,132.37,39391.03,CANCELADO,2024-08-15
7800,168,1347,4,10948.47,0.13,66.3,38166.98,ENVIADO,2023-07-28
7801,363,13,7,6558.77,0.25,105.15,34538.69,,2023-09-20
7802,368,359,4,6696.56,0.21,11.35,21172.48,ENVIADO,2023-03-19
7803,688,686,10,11706.75,0.03,16.41,113571.88,CANCELADO,2023-08-15
7804,93,360,7,7748.38,0.18,24.96,44500.66,CANCELADO,2024-12-25
7805,804,541,-1,8243.02,0.06,18.38,0,ENVIADO,2022-05-20
7806,309,151,9,6629.97,0.13,,51963.34,PENDENTE,2025-03-21
7807,343,1221,9,11005.97,0.08,21.49,91150.92,CANCELADO,2023-05-21
7808,244,578,2,7700.72,0.09,50.0,14065.31,CANCELADO,2024-07-14
7809,749,658,10,12419.49,,143.5,97015.52,PENDENTE,2022-11-11
7810,339,680,-5,14807.82,0.26,65.36,98685.44,PAGO,2022-09-04
7811,759,117,4,2486.67,0.28,98.5,7260.11,PENDENTE,2023-12-25
7812,828,788,5,2766.83,0.28,84.8,10045.39,PAGO,2023-09-07
7813,1208,580,8,637.64,0.05,85.55,4931.61,PENDENTE,2024-11-01
7814,104,248,7,5045.18,0.26,16.61,26150.64,PENDENTE,2023-12-18
7815,788,885,9,642.39,0.25,91.52,4427.65,ENVIADO,2023-01-16
7816,37,974,-1,12652.66,0.2,134.95,91234.1,CANCELADO,2024-06-08
7817,831,179,7,5014.43,0.05,50.04,33396.0,PAGO,2024-09-11
7818,595,1263,10,13207.66,0.09,44.02,120233.73,ENVIADO,2022-03-01
7819,778,425,2,7312.8,0.2,91.99,11792.47,CANCELADO,2025-04-10
7820,306,1056,10,9407.05,0.25,111.56,70664.43,ENVIADO,2024-03-12
7821,552,775,9,7053.96,0.09,88.19,57860.12,ENVIADO,2023-08-05
7822,204,815,1,369.88,0.25,46.95,324.36,ENVIADO,2022-08-12
7823,235,418,3,12735.58,0.18,134.9,31464.43,CANCELADO,2022-10-04
7824,473,581,6,5786.4,0.24,48.38,26434.36,PENDENTE,2023-06-07
7825,376,466,5,8758.86,0.18,10.97,35922.3,PAGO,2023-04-18
7826,448,991,-5,3872.31,0.3,136.01,16399.71,CANCELADO,2023-04-26
7827,701,597,8,7575.39,0.28,102.23,43736.48,PENDENTE,2024-03-17
7828,435,472,4,9908.65,,,32588.85,PENDENTE,2023-10-06
7829,167,542,3,9136.65,0.1,18.97,24687.92,ENVIADO,2023-05-09
7830,624,454,-1,4242.07,0.2,96.32,20458.26,Pagoo,2022-07-13
7831,775,146,6,3577.55,0.27,140.65,15810.32,PENDENTE,05-25-2024
7832,798,975,0,5644.64,0.01,134.83,mil,PAGO,2024-02-08
7833,950,384,1,5055.05,0.28,129.21,3768.85,PAGO,2022-07-01
7834,918,970,dez,4268.67,0.28,102.41,3175.85,PAGO,2022-08-29
7835,994,514,0,5956.89,0.1,108.49,53720.5,PAGO,2022-03-18
7836,431,127,9,602.13,0.19,119.45,4508.98,ENVIADO,2023-06-18
7837,553,634,2,6748.8,0.02,78.38,13306.03,PENDENTE,13/02/2025
7838,323,690,7,4471.12,0.02,123.32,30795.2,PAGO,2022-12-09
7839,819,733,8,11423.05,0.03,114.12,,ENVIADO,2024-01-02
7840,398,946,1,6996.03,0.16,25.66,5902.33,PAGO,2023-06-10
7841,445,985,1,4180.17,0.26,96.18,3189.51,ENVIADO,2023-12-09
7842,570,447,4,7581.09,0.15,144.51,mil,PENDENTE,2024-08-31
7843,158,397,10,12861.16,0.18,73.0,105534.51,ENVIADO,2025-02-02
7844,394,150,5,11064.59,0.05,37.25,52594.05,PAGO,2024-12-08
7845,678,246,7,12276.02,0.29,101.21,61113.03,CANCELADO,2022-03-01
7846,783,92,5,6955.99,0.07,51.94,32397.29,CANCELADO,2023-06-24
7847,752,130,1,10265.72,0.05,105.36,9857.79,PAGO,2022-04-15
7848,243,681,4,2435.37,0.21,142.88,7838.65,ENVIADO,2022-06-09
7849,363,306,9,12658.99,0.17,149.73,,PENDENTE,2023-11-12
7850,212,936,3,4035.87,0.05,119.23,11621.46,PENDENTE,2024-05-17
7851,1261,680,,7392.36,0.03,82.53,64617.83,PAGO,2023-08-04
7852,352,679,3,10503.49,0.06,140.98,29760.82,PENDENTE,2024-08-16
7853,868,528,0,3739.84,0.1,132.37,30425.07,CANCELADO,2022-07-09
7854,719,903,1,4228.45,,109.57,3280.91,PAGO,2023-02-14
7855,898,920,5,10863.65,0.27,99.86,39752.18,CANCELADO,2025-03-21
7856,310,136,1,9696.95,0.23,98.49,7565.14,PENDENTE,2023-12-22
7857,919,98,9,13227.71,0.03,,115578.35,PAGO,2024-01-10
7858,770,696,7,4498.17,0.25,15.83,23631.22,ENVIADO,2022-08-18
7859,352,62,5,11837.32,0.15,46.71,50355.32,PAGO,2022-07-16
7860,961,263,4,2570.83,0.06,12.2,9678.52,PENDENTE,2022-02-16
7861,698,926,9,13345.55,0.06,126.27,113029.62,pago,2024-11-26
7862,719,575,3,4058.32,0.24,65.92,9318.89,PAGO,2024-07-15
7863,142,1499,4,9301.94,0.08,132.59,34363.73,CANCELADO,2022-08-23
7864,434,591,2,11459.89,0.03,61.22,22293.41,PAGO,2023-01-29
7865,201,138,2,6594.8,0.23,118.72,-500,PAGO,2025-03-30
7866,779,272,10,184.94,0.13,106.59,1715.57,CANCELADO,2024/04/04
7867,305,141,10,6526.04,0.05,84.07,62081.45,PENDENTE,2022-07-18
7868,583,363,9,12324.04,0.19,12.31,89854.56,Cancelado,2024-12-17
7869,462,702,7,5119.46,0.0,37.61,35873.83,PENDENTE,04-18-2023
7870,27,121,9,10669.59,0.01,73.96,95140.01,CANCELADO,2024-03-03
7871,484,839,10,12038.18,0.04,38.24,R$500,CANCELADO,2022-09-11
7872,385,659,1,14512.63,0.14,29.12,,PENDENTE,2022-11-28
7873,876,409,3,7826.9,,93.34,20991.16,PAGO,2023-01-30
7874,1224,854,5,7262.24,0.29,77.7,25858.65,PENDENTE,2022-03-24
7875,452,709,6,3291.87,0.1,137.51,0,CANCELADO,2022-01-20
7876,786,864,9,1575.39,0.11,142.66,12761.53,Pago,2023-11-02
7877,504,1259,dez,13575.17,0.26,14.81,10060.44,PAGO,2023-10-24
7878,730,1371,2,1993.05,0.26,133.78,3083.49,CANCELADO,2023-12-31
7879,520,48,10,1411.93,0.28,64.17,10230.07,ENVIADO,2023-09-10
7880,995,793,2,14916.02,0.27,14.07,21791.46,PAGO,99/99/9999
7881,858,23,4,3006.89,0.15,42.03,10265.46,ENVIADO,2022-05-27
7882,1206,626,5,8988.64,0.25,131.25,33838.65,ENVIADO,2022-01-12
7883,1112,1374,3,6588.14,0.28,16.6,14246.98,PAGO,2024-11-19
7884,871,19,7,6962.68,0.23,,37589.92,PAGO,2024-01-05
7885,527,38,3,8822.17,0.15,141.77,22638.3,PAGO,2025-02-24
7886,458,399,3,13776.57,0.29,105.66,29449.75,PAGO,2022-11-19
7887,495,930,9,8550.67,0.12,58.56,67779.87,PAGO,2025-02-17
7888,102,813,7,195.76,0.06,52.87,1340.97,PAGO,2023-05-24
7889,366,1353,10,6611.54,0.26,80.74,49006.14,ENVIADO,2023-10-16
7890,203,1334,4,456.81,0.08,40.1,1721.16,ENVIADO,2022/08/01
7891,515,741,6,6140.58,0.29,111.77,26270.64,PAGO,2022-06-17
7892,433,766,3,12142.4,0.0,46.74,36473.94,ENVIADO,2023-10-24
7893,458,278,4,3702.27,0.17,14.53,12306.07,PAGO,2024-11-21
7894,919,123,1,7149.73,0.25,52.77,5415.07,CANCELADO,2023-03-30
7895,997,483,-1,13942.45,0.07,23.21,77822.08,ENVIADO,2023-08-07
7896,27,654,7,5066.71,0.03,17.02,34419.98,CANCELADO,2022-11-04
7897,577,876,4,10816.68,0.03,63.63,42032.35,ENVIADO,2022-05-13
7898,147,215,4,6363.88,0.28,34.73,18362.7,PENDENTE,2023-05-22
7899,75,898,7,7515.5,0.15,,44748.62,PAGO,2024-08-12
7900,159,14,7,12014.18,0.03,117.94,81694.22,ENVIADO,2024-08-02
7901,686,456,10,2926.62,0.06,118.76,mil,CANCELADO,2025/03/24
7902,836,567,5,5288.69,0.05,70.93,25192.21,ENVIADO,2022-09-25
7903,61,442,2,4683.37,0.06,126.01,8930.75,Pago,08-26-2022
7904,48,259,1,7388.13,0.12,81.36,6582.91,ENVIADO,2024/01/30
7905,221,357,8,14953.43,0.09,26.77,108887.74,CANCELADO,2024-06-11
7906,1201,710,10,9115.86,0.08,109.27,83975.18,ENVIADO,07-27-2023
7907,1241,267,3,5035.29,0.14,40.99,13032.04,CANCELADO,2022-09-24
7908,120,491,6,905.86,0.25,102.52,4178.89,CANCELADO,2025-02-15
7909,408,771,4,9180.96,0.15,63.06,31278.32,ENVIADO,2022-02-01
7910,557,736,9,6882.69,0.28,51.16,-500,CANCELADO,2023-08-14
7911,750,132,8,10880.66,0.01,39.81,86214.64,CANCELADO,2023-12-04
7912,691,1256,0,501.14,0.08,114.31,2419.55,pago,2023-08-11
7913,758,248,2,10442.89,0.24,121.14,15994.33,CANCELADO,2022-03-05
7914,81,366,9,10998.01,0.13,70.1,86184.52,PENDENTE,2022-08-07
7915,413,710,8,414.73,0.1,99.09,3085.15,PENDENTE,2024-04-09
7916,1471,910,4,1363.77,,104.78,4905.25,ENVIADO,2022-12-12
7917,525,519,6,12419.75,0.14,132.92,64218.83,PENDENTE,2022-05-14
7918,155,1354,8,7021.32,0.0,119.23,56289.79,CANCELADO,2023/03/06
7919,271,371,8,8648.7,0.19,51.88,56095.46,PENDENTE,2024-06-13
7920,268,29,9,6562.93,0.16,90.06,49705.81,CANCELADO,2025-01-18
7921,948,208,3,13565.51,0.12,126.07,35939.02,CANCELADO,2022-07-24
7922,25,412,10,3531.2,0.14,,30449.09,ENVIADO,2025-03-18
7923,73,1226,10,11286.52,0.01,54.55,111791.1,pago,2024-11-15
7924,356,731,8,1389.63,0.0,72.54,11189.58,ENVIADO,2023-04-26
7925,701,120,10,9320.81,0.14,73.74,80232.71,PENDENTE,2023-01-22
7926,614,935,,3685.44,0.23,52.28,8565.65,PENDENTE,2022-01-25
7927,560,971,2,10962.74,0.09,,20034.16,PENDENTE,2023-07-05
7928,933,599,6,8061.96,0.14,147.85,41747.56,,2024-10-15
7929,645,1470,4,1734.77,0.04,120.72,6782.24,PAGO,2024-07-08
7930,670,55,9,14602.66,0.13,62.2,114401.03,PAGO,2022-04-21
7931,75,95,6,1060.22,0.09,28.22,,CANCELADO,2022-04-14
7932,122,50,10,12419.09,0.17,,103167.72,ENVIADO,2022-04-24
7933,38,604,5,12124.38,0.27,130.78,44384.77,CANCELADO,2025-01-16
7934,506,205,5,12584.21,0.05,139.5,59914.5,ENVIADO,2024-11-21
7935,534,510,2,3855.88,0.17,13.18,6413.94,PAGO,2023-03-02
7936,73,235,dez,5426.02,0.22,87.6,21249.08,ENVIADO,2024-06-02
7937,273,718,dez,6387.28,0.27,75.11,37376.83,PAGO,2023-10-07
7938,443,912,10,470.4,0.26,34.6,3515.56,ENVIADO,2023-12-16
7939,181,863,2,2642.07,0.02,120.0,5298.46,PENDENTE,2024-09-23
7940,596,763,2,10023.38,0.11,36.27,17877.89,ENVIADO,2023-05-30
7941,1289,635,dez,14310.19,0.12,41.56,50413.43,ENVIADO,2023-09-24
7942,770,417,1,14072.52,0.02,108.12,13899.19,PENDENTE,2023-03-03
7943,1144,569,10,14820.4,0.1,122.87,133506.47,PAGO,11-07-2022
7944,931,112,-5,14652.28,0.08,138.21,-500,CANCELADO,2024-10-31
7945,2,1007,7,3851.4,,28.16,23483.19,ENVIADO,2023-08-02
7946,553,792,9,13573.67,0.19,21.99,98974.04,ENVIADO,2024-06-21
7947,958,451,9,12214.03,0.25,26.79,82471.49,PAGO,2023-03-01
7948,770,100,3,12190.68,0.2,63.72,29321.35,CANCELADO,2024-12-29
7949,1036,652,3,6517.86,0.06,149.27,18529.64,ENVIADO,2022-06-23
7950,277,272,1,14484.79,0.25,118.86,10982.45,PENDENTE,2024-07-31
7951,1219,171,10,4369.52,0.06,70.28,41143.77,CANCELADO,2022-03-15
7952,780,934,5,9723.6,0.15,60.05,41385.35,PENDENTE,2022-10-01
7953,858,99,9,5610.83,0.17,38.43,41951.33,PENDENTE,2022-02-18
7954,583,702,-1,7497.4,0.26,62.68,5610.76,PAGO ,2024-02-13
7955,818,636,1,6595.38,0.29,,4703.89,PAGO ,2022-02-20
7956,504,680,6,11191.05,0.16,,56479.46,PAGO,2023-05-29
7957,230,741,9,3307.31,0.26,37.89,22064.57,PENDENTE,2024-10-10
7958,347,700,7,14110.13,,146.62,73237.09,PENDENTE,2023-11-11
7959,194,659,10,4340.99,0.19,,35186.33,PAGO,2024-11-26
7960,474,552,6,13927.38,0.16,115.82,70309.82,PAGO,04-25-2023
7961,213,277,9,120.78,,79.75,0,ENVIADO,2025-01-28
7962,447,472,7,10029.94,0.18,40.37,mil,PENDENTE,2022-04-09
7963,82,363,2,7248.18,0.26,47.13,10774.44,PENDENTE,2022-03-02
7964,1465,289,10,3033.41,0.25,33.93,0,ENVIADO,2022-10-17
7965,500,270,1,818.9,0.13,21.51,733.95,PENDENTE,2023-08-02
7966,171,560,1,3628.06,0.21,23.32,mil,CANCELADO,2025-01-08
7967,470,101,3,9907.19,0.15,33.42,25296.75,CANCELADO,2024-07-08
7968,72,42,,3596.2,0.2,44.52,5798.44,ENVIADO,2022-05-12
7969,323,607,1,3304.62,0.11,146.6,R$500,PENDENTE,2022-10-19
7970,524,310,4,10268.19,0.06,85.86,38694.25,PAGO,2022-09-05
7971,168,472,10,2439.28,0.23,52.07,18834.53,CANCELADO,2024-08-01
7972,252,615,dez,5002.45,0.09,29.89,45552.18,CANCELADO,2024-02-16
7973,149,171,4,1768.68,0.26,15.32,5250.61,PAGO ,2022-09-03
7974,527,91,2,331.74,0.29,40.16,511.23,PENDENTE,2023-03-21
7975,91,198,3,1097.88,0.04,143.94,3305.83,Pagoo,2022-05-26
7976,688,78,7,13806.56,0.08,137.15,89051.4,ENVIADO,2023-03-12
7977,314,540,9,11653.35,0.25,88.2,78748.31,PAGO,2023-10-23
7978,528,15,9,12303.36,,18.06,-500,Pago,2024-05-28
7979,690,777,5,5064.63,0.21,45.55,20050.84,CANCELADO,2024-02-19
7980,680,951,3,14655.89,0.09,71.42,40082.0,PAGO,2023-04-15
7981,27,177,5,9752.63,0.06,27.23,45864.59,ENVIADO,2023-04-18
7982,573,318,2,5208.73,0.24,108.01,8025.28,ENVIADO,2024-03-06
7983,979,897,4,4531.24,0.13,142.99,15911.71,ENVIADO,2023-07-14
7984,638,786,-5,3341.12,0.18,80.19,21997.94,PAGO,2023-09-16
7985,440,307,9,6930.29,0.17,111.38,51880.65,CANCELADO,2024-12-25
7986,128,214,8,10413.68,0.07,107.65,77585.43,PENDENTE,2022-03-10
7987,12,827,10,13985.23,0.14,128.15,120401.13,CANCELADO,2022-08-06
7988,665,368,6,13373.96,0.04,35.11,77069.12,ENVIADO,2022-09-24
7989,435,754,7,2133.91,0.11,59.54,13353.8,CANCELADO,2023-10-20
7990,566,763,4,11633.65,0.12,116.96,41067.41,PENDENTE,2023-04-04
7991,413,807,9,192.66,0.2,22.2,1409.35,CANCELADO,2025-02-27
7992,823,228,dez,12574.37,0.04,39.08,60396.06,CANCELADO,2025-01-01
7993,991,821,-5,7429.48,0.2,121.52,23895.86,CANCELADO,2024-07-07
7994,346,916,10,1562.65,0.04,19.02,15020.46,PAGO,2022-06-21
7995,292,240,1,53.0,,117.38,165.08,PENDENTE,2024-08-17
7996,513,935,6,11870.2,0.15,139.26,60677.28,PENDENTE,2023-12-14
7997,19,845,5,257.61,0.01,91.29,1366.46,PAGO,2022-12-05
7998,814,752,7,5298.34,0.04,84.23,35689.07,ENVIADO,2024-02-01
7999,52,451,9,2964.13,0.23,84.4,20625.82,ENVIADO,2022-05-27
8000,362,222,2,7938.37,0.25,,11979.4,PAGO,2023-03-07
8001,766,1229,-5,14911.45,0.05,15.51,42513.14,ENVIADO,2023-02-01
8002,23,436,7,2897.45,0.18,84.3,16715.66,PAGO,2022-03-24
8003,748,137,7,8301.18,0.07,27.08,R$500,ENVIADO,2022-10-29
8004,491,799,2,3955.92,0.14,56.74,6860.92,ENVIADO,2024-04-20
8005,239,991,4,6365.65,0.13,39.29,22191.75,PENDENTE,2022-08-24
8006,887,1497,5,1340.08,0.27,115.01,5006.3,CANCELADO,2024-12-20
8007,803,412,-1,4453.35,0.0,86.79,4540.14,PENDENTE,2024-10-14
8008,591,1220,7,13409.49,0.23,57.58,72334.73,ENVIADO,2022-05-07
8009,605,780,1,6534.73,0.21,84.77,5247.21,CANCELADO,2024/11/10
8010,1399,825,2,7659.85,0.01,90.22,15256.72,PAGO,2022-06-03
8011,510,980,-1,2795.17,0.23,134.35,8743.47,PAGO,2024-04-02
8012,375,1138,2,13007.97,0.17,29.41,21622.64,PAGO,2023-08-26
8013,478,902,5,13981.83,0.2,142.79,56070.11,PAGO,2023-10-12
8014,626,914,6,2070.18,0.13,134.59,,CANCELADO,2022-10-25
8015,286,1168,5,12243.63,0.07,55.62,56988.5,CANCELADO,2022-12-18
8016,136,212,4,13927.34,0.08,86.24,51338.85,ENVIADO,2024-11-21
8017,31,653,10,14980.07,0.09,134.13,136452.77,ENVIADO,2024-10-13
8018,1432,463,3,13174.95,0.08,61.4,36424.26,PENDENTE,2025-01-29
8019,1211,545,9,9696.63,0.05,39.22,82945.41,PENDENTE,2024-11-22
8020,528,254,8,8513.64,0.18,80.41,55929.89,CANCELADO,2022-11-20
8021,839,58,dez,386.07,0.25,122.34,1859.65,ENVIADO,2022-02-17
8022,288,233,1,14305.85,0.05,145.13,13735.69,PAGO ,2023-05-25
8023,786,129,8,6841.42,0.06,139.91,51587.39,PENDENTE,2022-04-29
8024,436,818,1,7122.05,0.22,61.11,5616.31,CANCELADO,2023-07-10
8025,363,733,1,13395.34,0.27,,0,CANCELADO,2022-01-30
8026,688,543,1,2120.05,0.02,23.45,2101.1,PAGO,12-26-2024
8027,856,477,,9048.01,0.14,66.08,54535.1,ENVIADO,2022-08-05
8028,422,174,10,4019.15,0.28,37.89,28975.77,ENVIADO,2024-02-07
8029,3,808,2,3218.69,0.09,125.12,5983.14,CANCELADO,2025-02-06
8030,884,420,2,610.76,0.06,16.26,1164.49,CANCELADO,2022-01-10
8031,514,349,9,13034.45,0.12,82.46,103315.3,CANCELADO,2022-08-12
8032,59,400,6,13437.95,0.21,69.92,63765.8,CANCELADO,2023-05-09
8033,982,584,7,14413.58,0.22,115.84,78813.99,Cancelado,2022-11-20
8034,283,713,9,2960.13,0.0,142.74,26783.91,PENDENTE,2022-06-06
8035,875,555,9,5954.77,0.07,41.29,49882.71,ENVIADO,2022-12-05
8036,693,375,10,2717.69,0.21,46.75,21516.5,PENDENTE,2022-11-18
8037,509,835,4,11968.64,0.26,28.36,35455.53,CANCELADO,2023-05-17
8038,602,18,7,1366.89,0.06,135.05,R$500,PENDENTE,2022-09-15
8039,958,436,4,14849.9,0.15,42.76,50532.42,PAGO,2024-10-17
8040,914,53,10,9009.33,0.02,77.92,88369.35,ENVIADO,2025-01-04
8041,1311,223,4,11205.42,0.14,143.44,38690.08,CANCELADO,2024-06-01
8042,1317,81,2,12367.37,0.13,12.24,21531.46,CANCELADO,2023-01-30
8043,396,779,10,13738.55,0.14,74.82,118226.35,PENDENTE,2023-04-16
8044,878,343,6,887.55,0.2,44.04,4304.28,CANCELADO,2022-01-07
8045,613,244,1,1381.34,0.21,132.44,0,PENDENTE,2022-05-02
8046,986,1127,8,4783.06,0.26,137.06,28452.78,CANCELADO,2024-11-23
8047,924,800,9,13720.51,0.14,17.79,106214.54,PAGO,2024-11-27
8048,1490,53,8,14213.81,0.14,36.55,97827.56,ENVIADO,2023-12-05
8049,227,779,7,4451.24,0.28,35.99,22470.24,CANCELADO,2023-11-29
8050,602,744,6,7932.65,0.17,130.69,39635.29,ENVIADO,2023-11-12
8051,542,155,6,1838.2,0.27,42.81,8094.13,PENDENTE,2024/05/20
8052,893,826,1,5630.69,0.23,56.6,4392.23,CANCELADO,2024-06-23
8053,1000,955,9,14512.24,0.15,79.86,111098.5,PENDENTE,2024-01-19
8054,561,311,5,181.68,0.18,65.7,810.59,ENVIADO,31/02/2025
8055,627,683,10,10420.61,0.22,24.63,81305.39,CANCELADO,2023-10-17
8056,301,675,7,3483.12,,48.89,20042.0,ENVIADO,2024-11-09
8057,416,189,10,7280.93,0.1,84.93,65613.3,ENVIADO,2023-11-17
8058,301,596,10,1910.49,0.3,64.0,13437.43,CANCELADO,2025-03-02
8059,933,506,4,14257.72,0.24,125.96,43469.43,PAGO,2023-04-18
8060,572,262,5,7785.57,0.21,59.28,30812.28,PENDENTE,99/99/9999
8061,538,870,6,12827.61,0.03,114.75,74771.44,PENDENTE,2022-03-28
8062,538,5,10,1210.26,0.12,90.75,10741.04,PENDENTE,2024-04-25
8063,1322,774,10,11883.1,0.16,128.3,99946.34,PAGO,2024-09-11
8064,488,751,9,5700.17,0.23,141.37,39643.55,CANCELADO,2022-02-13
8065,778,181,2,4247.51,0.21,108.42,6819.49,ENVIADO,2024-01-28
8066,533,337,9,2577.62,0.11,95.12,20741.86,PENDENTE,2025-01-25
8067,555,531,10,6264.13,0.03,53.14,60815.2,PENDENTE,05/01/2025
8068,589,662,6,13940.48,0.14,16.77,71949.65,ENVIADO,2024-01-21
8069,1261,222,2,13340.44,0.04,136.39,25750.03,Pagoo,2024-03-11
8070,128,862,8,13028.06,0.11,78.74,92838.53,ENVIADO,2023-05-05
8071,667,1402,3,5034.63,,92.1,11873.13,ENVIADO,2023-06-30
8072,144,1458,4,2926.8,0.06,63.25,11068.02,PAGO,2024-03-21
8073,464,988,-5,64.93,0.14,139.01,250.69,ENVIADO,2023-08-02
8074,762,625,-5,7881.84,0.09,97.53,50304.85,PAGO,2023-03-03
8075,52,601,7,4729.88,0.02,77.34,32524.32,ENVIADO,2023-11-29
8076,177,941,5,10082.4,0.22,145.49,39466.85,ENVIADO,2022-11-13
8077,841,370,3,5483.27,0.02,30.75,16151.56,Pagoo,2022-11-13
8078,957,863,2,8031.84,0.14,95.67,13910.43,PENDENTE,2023-12-31
8079,1320,1348,4,4184.68,0.28,147.59,12199.47,ENVIADO,2024-02-10
8080,178,702,1,3689.16,0.05,33.87,3538.57,ENVIADO,2024-12-05
8081,805,897,8,8608.71,0.02,95.53,67587.82,PENDENTE,2022-11-13
8082,485,330,1,14474.61,0.18,27.11,11896.29,CANCELADO,2024-12-05
8083,238,455,8,3916.49,0.27,103.27,22975.57,PAGO,2023-02-08
8084,1464,1270,5,4086.31,0.01,139.59,20366.82,PENDENTE,2023-12-23
8085,1233,720,3,14250.19,0.04,132.76,-500,CANCELADO,2022/03/21
8086,255,228,2,11584.7,0.06,14.87,21794.11,CANCELADO,2024-12-27
8087,183,577,8,7658.96,0.1,,55274.16,ENVIADO,2022-04-15
8088,485,344,1,10807.98,0.16,26.03,9104.73,PAGO,2022-04-30
8089,404,961,0,13823.36,,84.28,32016.24,CANCELADO,2024-04-26
8090,226,951,3,7418.02,0.1,145.22,20173.87,ENVIADO,2024-12-07
8091,281,137,5,3237.63,0.12,,mil,PAGO,2024-07-27
8092,1290,1497,4,6627.75,0.28,60.74,19148.66,ENVIADO,2024-04-14
8093,133,514,5,9720.87,0.12,71.3,42843.13,PENDENTE,2022-10-05
8094,389,175,6,7341.3,0.3,125.83,30959.29,PAGO,2022-03-08
8095,309,311,6,8214.8,0.26,23.15,36496.86,ENVIADO,2022-02-12
8096,368,956,10,10765.93,0.09,54.93,98024.89,CANCELADO,2022-02-11
8097,1210,765,8,11387.58,0.12,136.69,80305.25,PAGO,2023-07-29
8098,565,517,,8867.88,0.18,,21894.31,CANCELADO,2022-01-16
8099,506,724,3,13622.87,0.19,75.09,33178.66,PAGO,2023-07-11
8100,895,432,1,776.23,0.19,57.75,686.5,PAGO,2023-12-02
8101,245,49,9,4909.23,0.3,122.23,31050.38,CANCELADO,2024-08-19
8102,507,694,10,13118.08,0.07,101.31,122099.45,ENVIADO,2024-04-24
8103,1083,444,9,3844.89,0.21,79.25,27416.42,PENDENTE,2024-08-09
8104,708,265,8,2532.26,0.17,32.46,,CANCELADO,2023-01-26
8105,765,1500,6,14426.25,0.24,129.18,mil,PENDENTE,2024-11-21
8106,752,364,8,13274.95,0.12,143.48,93599.13,ENVIADO,99/99/9999
8107,882,943,4,9538.72,0.06,109.4,35974.99,PAGO,2022-09-29
8108,650,211,7,9892.34,0.13,,60321.93,PAGO,2023-07-10
8109,183,276,8,13855.06,0.17,146.22,0,ENVIADO,2022-11-25
8110,453,1139,,241.38,,18.8,226.39,PENDENTE,2024-01-15
8111,468,586,5,4808.12,0.28,51.21,17360.44,PAGO,2023-06-28
8112,484,967,7,12718.7,0.15,48.91,75725.18,PAGO,2022-07-31
8113,114,247,1,6310.37,0.09,26.34,5768.78,PAGO ,2024-03-03
8114,108,903,4,5578.74,0.09,,20431.58,ENVIADO,2023-05-20
8115,1030,591,3,14915.02,0.15,77.94,38111.24,CANCELADO,2023-07-11
8116,953,372,7,10414.27,0.1,128.78,65738.68,CANCELADO,2023-11-07
8117,703,809,6,6695.12,0.12,48.52,35398.75,CANCELADO,2023-01-21
8118,746,116,7,5777.82,0.04,20.17,38847.12,ENVIADO,11-17-2024
8119,1362,92,6,10433.39,0.21,18.79,49473.06,PENDENTE,2025-03-22
8120,185,267,6,14261.67,0.13,85.75,74531.67,CANCELADO,2023-06-05
8121,52,116,10,2377.55,0.29,121.44,17002.04,ENVIADO,2023-01-25
8122,184,633,3,14613.46,0.11,14.25,39032.19,PAGO,2022-11-28
8123,981,773,5,4894.57,0.0,23.0,24495.85,PAGO,2024-07-22
8124,743,950,1,276.33,0.05,85.83,348.34,ENVIADO,2024-07-27
8125,791,589,5,14217.75,0.1,82.55,64062.43,PENDENTE,2023-10-24
8126,169,584,3,7484.35,0.07,145.38,21026.72,CANCELADO,2022-09-30
8127,719,948,9,5248.12,0.03,24.93,45841.02,PENDENTE,2025/01/26
8128,222,42,,14207.99,0.27,44.03,93390.52,PAGO,2024-07-04
8129,708,395,4,11555.59,0.23,99.57,35690.79,ENVIADO,2022-10-15
8130,367,1280,5,1174.69,0.2,47.64,4746.4,PAGO,2022-08-14
8131,1108,49,8,9079.57,0.16,128.62,61143.33,PAGO,2023-07-17
8132,110,865,1,9211.67,0.25,54.26,6963.01,PAGO,2022-03-26
8133,653,22,9,4735.57,0.11,46.15,37978.07,CANCELADO,2024-03-24
8134,528,85,4,10383.65,0.22,95.06,32492.05,CANCELADO,2023-09-24
8135,685,217,2,7141.58,0.01,36.34,mil,CANCELADO,2022-12-25
8136,831,578,2,8683.1,0.2,148.19,14041.15,PAGO,2023-10-18
8137,489,902,3,99.23,0.12,35.46,297.43,pago,2023-06-12
8138,167,529,6,1100.53,0.05,118.39,6391.41,CANCELADO,2024-04-20
8139,297,1455,5,10299.96,0.08,35.15,47414.97,ENVIADO,12-30-2024
8140,792,247,,9571.04,0.19,77.67,23335.3,ENVIADO,2024-12-10
8141,223,791,6,11962.78,0.12,141.16,63304.64,ENVIADO,2024-11-01
8142,732,582,3,6407.27,0.17,43.21,15997.31,PAGO,2022-09-03
8143,128,372,3,14640.97,0.26,28.77,32531.72,CANCELADO,2024-04-25
8144,60,636,2,7951.02,0.08,69.47,14699.35,PENDENTE,2023-01-01
8145,897,403,9,12769.29,0.28,129.42,82874.42,PAGO,2023-07-06
8146,276,790,5,4296.13,0.16,,18151.28,PENDENTE,2022/09/21
8147,71,1351,8,5825.38,0.05,35.76,R$500,ENVIADO,2024-08-28
8148,966,57,6,2115.64,0.25,49.66,9570.04,PENDENTE,2023-12-09
8149,87,549,10,2871.94,0.07,80.67,26789.71,ENVIADO,2022-02-04
8150,412,431,2,14993.86,0.1,10.8,26999.75,PAGO,2022-12-01
8151,257,823,9,6606.11,0.14,56.91,51188.2,ENVIADO,2024-07-03
8152,335,266,2,11591.05,0.02,14.11,22732.57,PENDENTE,2024-05-14
8153,702,641,7,10702.77,0.05,40.38,71213.8,ENVIADO,2025-02-23
8154,1312,707,10,7694.87,0.13,138.69,67084.06,PENDENTE,2024-04-13
8155,818,940,8,13294.78,0.22,128.28,83087.71,CANCELADO,2023-07-26
8156,286,91,9,9345.34,0.11,80.17,74936.34,CANCELADO,2022-09-17
8157,590,315,5,13406.06,0.06,,,PENDENTE,2023-12-30
8158,857,594,dez,1512.73,0.01,123.83,0,CANCELADO,2022-01-10
8159,465,908,5,12692.56,0.02,95.27,62288.81,PENDENTE,2024-11-13
8160,8,198,7,8429.77,0.2,135.95,47342.66,CANCELADO,2022-05-03
8161,418,605,2,6704.57,0.21,71.21,10664.43,CANCELADO,2022-03-04
8162,67,1242,,9119.4,0.03,110.57,79722.93,PENDENTE,2024-07-16
8163,1007,1449,4,10891.26,0.06,104.56,41055.7,PAGO,2024-06-12
8164,809,251,2,182.01,0.3,60.29,315.1,CANCELADO,99/99/9999
8165,210,429,4,13022.22,0.15,133.66,44409.21,PENDENTE,2024-06-23
8166,76,334,3,4707.27,0.13,115.88,12401.85,CANCELADO,2023-05-20
8167,599,9,6,11134.47,0.05,63.04,63529.52,ENVIADO,2023-01-29
8168,1111,412,2,9175.45,,149.44,mil,PAGO ,2023-12-25
8169,544,543,7,5250.69,0.3,67.12,25795.5,PAGO,2024-01-17
8170,1488,928,8,8674.46,0.01,140.35,68842.07,ENVIADO,2022-12-11
8171,402,675,10,14054.01,0.23,130.01,-500,CANCELADO,2022-03-24
8172,288,359,7,3602.53,0.28,107.23,18263.98,ENVIADO,2022-06-07
8173,543,1224,8,14192.43,0.16,30.87,95404.0,ENVIADO,2023-08-20
8174,115,637,7,9054.13,0.15,109.02,53981.09,PAGO,2022-12-11
8175,269,385,9,5546.21,0.2,27.17,39959.88,PAGO,2024-06-25
8176,310,89,4,14560.31,0.11,34.26,51868.96,ENVIADO,2022-04-25
8177,642,983,8,2235.56,,67.87,16521.59,PAGO,2022-05-22
8178,391,795,-1,14410.75,0.26,69.65,10733.6,Pago,2023-08-17
8179,772,457,10,2127.59,0.06,62.31,20061.66,PAGO,2023-07-30
8180,18,253,7,7066.83,0.12,131.17,43662.84,PENDENTE,2023-11-11
8181,1431,197,2,10235.75,,60.62,19099.11,ENVIADO,2023-07-31
8182,982,1006,10,11637.36,0.1,109.63,104845.87,ENVIADO,2022-10-31
8183,991,61,3,9036.38,0.15,41.92,23084.69,ENVIADO,2023-12-22
8184,741,522,5,8754.26,0.28,87.88,31603.22,CANCELADO,2023-10-14
8185,740,1471,2,2179.53,0.01,127.98,4443.45,PAGO ,2023-01-25
8186,269,846,3,9067.2,0.23,97.65,21042.88,PENDENTE,2024-06-19
8187,377,901,9,6446.31,0.1,20.79,52235.9,ENVIADO,2022-06-16
8188,834,559,10,14193.29,0.09,98.75,129257.69,CANCELADO,2023-12-02
8189,277,587,8,4993.68,0.15,77.38,34034.4,PENDENTE,2023-12-10
8190,1119,503,10,14772.53,0.13,52.2,128573.21,PENDENTE,2023-10-10
8191,165,210,5,7758.97,0.3,20.64,27177.03,CANCELADO,2023-08-15
8192,884,195,10,8032.96,0.01,83.39,79609.69,PENDENTE,2022-10-19
8193,75,541,7,10150.22,0.3,108.93,49845.01,PAGO,2023-11-28
8194,194,851,9,1547.47,0.1,91.65,12626.16,CANCELADO,2024-09-11
8195,903,1486,9,10046.8,0.23,20.65,69644.97,CANCELADO,2022-02-07
8196,804,123,2,13426.21,,112.31,22399.82,PENDENTE,2022/02/14
8197,718,944,1,5518.01,0.01,16.16,mil,CANCELADO,2022-07-30
8198,904,813,6,4629.9,0.19,108.27,22609.58,ENVIADO,2025-02-01
8199,323,28,5,6158.06,0.28,50.6,22219.62,PAGO,2024-03-02
8200,326,393,7,7311.27,0.16,84.49,43074.76,PAGO,2023-12-27
8201,515,822,7,4768.61,0.23,30.16,-500,PAGO,2023-10-10
8202,512,948,4,1922.74,0.09,100.78,7099.55,ENVIADO,2023-10-19
8203,50,186,10,419.07,0.06,105.96,4045.22,ENVIADO,2022-03-24
8204,275,6,4,12712.28,0.23,35.62,39189.44,CANCELADO,2023-02-27
8205,39,121,9,2430.36,0.27,100.51,16067.98,PENDENTE,99/99/9999
8206,772,895,9,5784.18,0.21,77.79,41203.31,CANCELADO,31/02/2025
8207,367,794,1,14211.61,0.07,38.06,13254.86,PENDENTE,2024-09-07
8208,945,314,5,2821.6,0.12,45.31,12460.35,PAGO,2024-03-17
8209,251,969,2,10478.58,0.1,131.29,18992.73,PENDENTE,2023-05-23
8210,967,335,2,11622.78,0.16,147.85,19674.12,PENDENTE,2024-08-08
8211,656,62,8,1916.34,0.03,127.88,14998.68,PAGO,05-01-2023
8212,184,871,10,725.44,0.19,,5992.36,ENVIADO,2023-07-21
8213,765,907,1,8546.72,0.07,51.23,7999.68,PAGO,2025-02-05
8214,846,218,3,7773.13,0.1,119.54,21106.99,CANCELADO,2022-07-07
8215,432,641,2,2827.58,0.28,94.07,4165.79,PENDENTE,2023-02-05
8216,455,870,10,5126.23,0.06,15.64,48202.2,PAGO,2024-01-23
8217,785,132,6,2478.65,0.17,,12449.24,PAGO,2022-10-06
8218,1151,956,4,9666.69,0.14,61.22,33314.63,ENVIADO,2023-12-31
8219,491,38,3,3034.15,0.18,122.44,7586.45,PENDENTE,2023-10-29
8220,1108,305,1,10864.66,0.09,84.97,9971.81,PAGO,2023-02-12
8221,9,345,8,7628.82,0.15,73.14,51949.12,CANCELADO,2022-06-01
8222,66,709,-5,4702.13,0.29,135.75,6812.77,PAGO,2023-07-03
8223,563,715,2,12362.39,0.05,,23604.0,CANCELADO,2023-10-29
8224,888,375,6,11139.69,0.23,67.13,51532.5,PENDENTE,2024-03-17
8225,522,355,5,293.32,0.15,137.96,1384.57,ENVIADO,2023-10-11
8226,805,985,9,577.49,0.15,123.88,4541.68,ENVIADO,2023-05-21
8227,640,70,2,3989.03,,11.65,6394.1,ENVIADO,2023-07-23
8228,1456,76,5,893.97,0.12,139.07,-500,ENVIADO,2022-02-11
8229,503,165,8,7338.59,0.2,79.89,47046.87,CANCELADO,2022-01-29
8230,16,566,10,12484.64,0.03,128.03,121229.04,CANCELADO,2022-09-18
8231,960,642,8,9749.19,0.02,139.66,76573.31,Pago,2024-08-17
8232,694,309,3,11095.99,0.13,77.81,29038.34,PAGO,2022-12-13
8233,459,502,4,4291.48,0.11,47.27,15324.94,PAGO ,2024-02-15
8234,1177,310,9,9386.37,0.11,16.47,mil,PAGO,05-26-2022
8235,415,572,1,10391.71,0.16,88.03,8817.07,PENDENTE,2023-10-26
8236,318,95,10,13810.82,0.01,108.28,136835.4,ENVIADO,2023-06-08
8237,841,861,3,6912.09,0.05,48.93,19748.39,PENDENTE,2022-01-08
8238,116,22,1,11823.61,0.12,125.63,10530.41,ENVIADO,2023-04-15
8239,127,1,6,12103.95,0.23,30.76,55951.01,CANCELADO,2022-07-17
8240,188,964,2,9764.33,0.11,56.46,17436.97,PENDENTE,2023-03-22
8241,404,605,4,12033.07,0.08,23.26,44304.96,ENVIADO,2023-03-11
8242,21,280,1,6743.25,0.2,98.58,5493.18,CANCELADO,2022-10-23
8243,98,736,2,3707.93,0.12,136.67,6662.63,PAGO,2024-04-26
8244,333,381,1,3089.21,0.25,49.41,2366.32,CANCELADO,2022-10-06
8245,1012,509,9,11529.05,0.29,141.87,-500,PAGO,2023-04-15
8246,966,993,8,13973.44,0.18,17.25,91683.02,ENVIADO,2022-10-24
8247,357,244,5,9683.56,0.15,110.36,41265.49,PENDENTE,2023-09-29
8248,508,816,7,9575.96,0.08,106.66,61775.84,PAGO,02-07-2024
8249,446,420,7,9490.64,0.16,122.84,55927.8,PENDENTE,2022-05-14
8250,1060,390,4,1751.2,0.07,,6627.79,ENVIADO,2023-03-24
8251,55,361,7,11058.44,0.2,,61987.08,PAGO,2022-07-05
8252,345,356,dez,2595.4,0.01,136.4,25830.86,PENDENTE,2024-08-26
8253,18,750,,12926.72,0.29,33.55,45923.41,ENVIADO,2022-09-11
8254,513,87,7,4579.81,0.07,88.44,29903.0,PAGO,2023-01-08
8255,1479,316,,6133.66,0.16,146.1,25907.47,CANCELADO,2023-04-15
8256,635,764,7,10724.94,0.02,84.13,73657.22,CANCELADO,2024-06-20
8257,764,480,8,1790.57,0.24,75.15,10961.82,PAGO,2025-03-11
8258,805,700,9,12352.02,0.14,43.24,95647.87,ENVIADO,2023-12-23
8259,209,269,9,10332.17,0.27,96.9,,CANCELADO,2022-10-16
8260,1049,659,7,7521.98,0.05,123.74,,ENVIADO,2024-02-22
8261,674,1463,5,3124.6,0.09,124.4,14341.33,PENDENTE,2023-12-07
8262,503,494,3,12924.58,0.15,44.68,33002.36,ENVIADO,2022-05-26
8263,284,685,1,10337.77,0.26,112.11,7762.06,PENDENTE,2023-05-02
8264,339,262,5,7900.25,0.02,54.5,38765.72,PENDENTE,2023-10-15
8265,781,584,6,7156.79,0.18,31.33,35242.74,ENVIADO,2023-10-13
8266,632,987,5,4579.64,0.25,105.5,17279.15,CANCELADO,2024-01-06
8267,283,67,4,12487.88,0.23,47.64,38510.31,PAGO,2022-04-08
8268,256,479,6,9987.81,0.15,112.8,51050.63,ENVIADO,2023-07-02
8269,594,903,8,5413.43,0.29,148.52,30896.8,PENDENTE,2024-10-14
8270,289,579,5,9141.74,0.12,106.09,-500,PENDENTE,2023-04-24
8271,979,179,9,12646.74,0.07,79.28,105932.49,CANCELADO,2024-08-14
8272,240,34,8,6037.31,0.22,102.22,37775.03,Pago,2024-06-07
8273,711,42,7,8768.12,0.01,76.68,60839.75,ENVIADO,2024-04-16
8274,713,715,1,14198.39,0.06,62.42,13408.91,CANCELADO,2023-02-18
8275,873,418,1,13628.68,0.24,15.42,10373.22,CANCELADO,2024-02-04
8276,328,317,4,6395.94,0.29,16.9,18181.37,PENDENTE,2023-10-19
8277,197,387,2,2141.32,0.03,33.07,4187.23,PAGO,2024-09-29
8278,232,844,4,13562.63,0.25,118.91,40806.8,PAGO,2024-01-04
8279,330,258,8,11197.45,0.03,,87032.08,CANCELADO,07-17-2022
8280,912,28,0,13360.2,0.12,93.68,105906.46,PAGO,2023-05-07
8281,302,126,6,1536.36,0.15,108.12,7943.56,ENVIADO,2022-09-17
8282,529,756,3,1647.26,0.25,98.25,3804.59,CANCELADO,2022-11-11
8283,275,280,-5,913.53,0.05,71.11,3542.52,PENDENTE,2023-07-21
8284,485,634,4,13234.88,0.25,79.82,39784.46,CANCELADO,2025-03-14
8285,622,1070,8,14630.49,0.23,90.01,90213.83,PENDENTE,2022-09-22
8286,353,751,5,1536.48,0.06,102.26,7323.72,ENVIADO,18/11/2022
8287,166,1260,6,13818.16,0.01,143.46,82223.33,,2022-04-06
8288,308,12,5,6093.12,0.23,38.11,23496.62,Pagoo,2023-08-18
8289,852,762,2,3766.81,0.24,,5872.51,CANCELADO,2024-08-17
8290,435,775,6,2984.63,0.1,105.9,16222.9,ENVIADO,2024-02-11
8291,602,819,6,1912.96,0.0,127.6,11605.36,ENVIADO,2022-08-08
8292,661,411,10,9734.06,0.18,50.72,79870.01,ENVIADO,2024-04-07
8293,61,743,9,10874.59,0.24,57.69,74439.89,PAGO,2022-03-15
8294,961,402,9,11058.74,0.29,120.74,70786.09,PAGO,2024-11-01
8295,534,1259,4,8199.91,0.07,146.28,30649.95,ENVIADO,2024-03-26
8296,83,181,5,14457.97,0.07,44.32,67273.88,ENVIADO,2023-06-20
8297,548,111,6,6794.2,0.24,48.56,31030.11,ENVIADO,2024-03-23
8298,730,114,2,12337.6,0.1,96.33,22304.01,,2022-04-08
8299,418,857,9,6161.09,0.09,61.51,50520.84,CANCELADO,18/02/2024
8300,504,1328,7,7178.44,0.22,134.95,39329.23,PAGO,2022-02-17
8301,108,1296,2,10858.93,,130.22,21848.08,CANCELADO,01-25-2022
8302,932,825,6,4039.32,0.07,64.12,22603.53,PENDENTE,2024-05-26
8303,470,935,10,9380.82,0.3,42.22,-500,ENVIADO,2022-10-03
8304,258,393,3,4432.93,0.03,61.84,12961.67,CANCELADO,2024-08-11
8305,1085,756,4,11610.12,0.03,16.63,45063.9,ENVIADO,2023-11-19
8306,474,665,7,1280.25,0.25,135.61,6856.92,PAGO,2024-10-15
8307,927,1492,1,7098.68,0.08,43.68,6574.47,ENVIADO,2024-11-16
8308,655,166,3,7674.39,0.06,114.88,21756.66,PAGO ,2024-12-02
8309,618,374,5,1978.92,0.02,65.58,9762.29,PAGO,15/01/2023
8310,29,46,,11162.41,0.08,41.07,20579.9,CANCELADO,2023-02-12
8311,87,978,2,11687.95,0.29,67.87,16664.76,PENDENTE,2023-10-09
8312,614,4,7,9780.96,0.06,21.72,64380.44,PENDENTE,2024-08-01
8313,995,158,-5,5465.49,0.02,119.81,53681.61,CANCELADO,2022-12-17
8314,967,593,9,6035.3,0.09,103.84,,PENDENTE,2022-05-27
8315,990,526,6,9210.35,,11.99,52510.99,PENDENTE,2025-02-09
8316,629,998,2,7068.94,0.23,145.03,11031.2,PAGO,2024-06-04
8317,900,1050,9,8008.84,0.01,136.49,71495.25,ENVIADO,2024-06-24
8318,807,888,2,631.83,0.01,100.41,1351.43,CANCELADO,99/99/9999
8319,709,913,3,3710.84,0.09,28.48,10159.07,ENVIADO,2024-05-18
8320,427,795,5,5468.11,0.01,138.45,27205.59,PENDENTE,2022-02-07
8321,745,741,8,1924.05,0.09,25.88,14032.96,PAGO,2025-04-06
8322,471,432,6,888.89,0.27,53.95,3947.29,Pago,2023-02-02
8323,477,615,dez,9783.66,0.09,126.16,44641.81,ENVIADO,2022-01-09
8324,401,241,6,7305.0,,31.63,32465.83,ENVIADO,2023-10-10
8325,658,72,5,14295.56,0.06,66.37,67255.5,ENVIADO,2024-11-12
8326,846,936,7,12845.63,0.24,84.97,68423.72,ENVIADO,2022-08-29
8327,1427,31,6,9932.3,0.13,58.4,51905.01,PENDENTE,2024-08-09
8328,515,507,2,14791.98,0.2,124.66,23791.83,PAGO,2022-04-23
8329,614,1233,2,6899.32,,20.32,9955.34,PENDENTE,2025-01-19
8330,603,1146,,8918.44,0.15,28.6,37931.97,PAGO,2024-10-09
8331,764,130,1,7368.24,0.15,141.27,6404.27,ENVIADO,2022-11-04
8332,1496,278,9,6488.13,0.13,133.3,50935.36,PENDENTE,2024-08-22
8333,93,398,10,6290.69,0.26,86.73,R$500,PAGO,2022-10-12
8334,807,366,5,3846.77,0.12,108.86,17034.65,PENDENTE,2022-05-18
8335,508,27,10,8354.59,0.17,57.95,69401.05,PENDENTE,2022-01-20
8336,53,377,3,11948.27,0.16,66.49,30176.13,PAGO,2022-08-22
8337,720,914,8,8732.54,0.23,53.81,53846.26,ENVIADO,2022-02-01
8338,253,103,5,7962.54,0.3,14.92,27883.81,CANCELADO,2022-07-11
8339,365,622,8,2992.12,0.16,65.83,20172.88,Pagoo,2025-04-03
8340,564,984,8,2712.04,0.14,79.77,18738.61,PENDENTE,2022-01-08
8341,502,729,7,8928.03,0.05,78.32,59449.72,ENVIADO,2022-09-19
8342,681,335,8,205.77,0.17,35.5,1401.81,PAGO,2023-01-25
8343,953,136,6,9020.78,0.23,60.52,41736.52,PAGO,2022-12-14
8344,620,962,6,14481.85,0.13,136.85,75732.11,pago,2024-10-20
8345,629,847,8,13907.12,0.23,109.61,85777.47,PENDENTE,2022-05-24
8346,437,420,7,13563.81,0.05,,90249.07,CANCELADO,2024-06-09
8347,470,195,4,6162.83,0.23,65.09,19046.61,ENVIADO,2024-09-16
8348,649,275,10,13278.86,0.25,101.11,99692.56,ENVIADO,31/02/2025
8349,980,90,,2636.17,0.11,149.62,4842.0,PAGO,2022-04-27
8350,46,482,1,1937.48,0.24,136.44,1608.92,PENDENTE,2022-02-21
8351,275,872,2,13161.01,0.17,64.96,21912.24,PAGO,04/02/2024
8352,579,108,6,14954.23,0.29,13.55,-500,PENDENTE,2023-11-06
8353,618,290,4,8240.68,0.11,124.48,29461.3,PENDENTE,05-15-2023
8354,64,1361,8,202.26,,73.48,1222.32,PAGO,2024-06-17
8355,201,787,5,14719.13,0.19,,-500,CANCELADO,31/02/2025
8356,291,1034,9,8598.47,0.23,106.54,59693.94,ENVIADO,2023-10-19
8357,853,532,5,4989.02,0.21,,19748.87,CANCELADO,2025-01-11
8358,56,21,10,3675.82,0.21,26.86,29065.84,ENVIADO,2024-04-14
8359,228,443,3,7789.14,0.17,88.34,19483.3,PENDENTE,2022-11-10
8360,509,340,5,10838.65,0.12,131.3,47821.36,PENDENTE,2023-11-27
8361,902,9,9,5995.06,0.28,47.09,38895.08,ENVIADO,2024-10-18
8362,106,156,2,1534.79,0.19,21.34,2507.7,PAGO,2022-05-08
8363,723,634,1,4618.41,0.04,62.3,4495.97,ENVIADO,2022-06-29
8364,802,630,8,2112.52,0.2,70.53,13590.66,PENDENTE,2022-08-19
8365,844,44,6,14168.21,0.23,61.95,0,PENDENTE,2024-01-13
8366,855,441,3,7528.93,0.0,135.29,22722.08,ENVIADO,2023-01-06
8367,463,82,8,733.43,0.2,146.62,4840.57,CANCELADO,2023-06-04
8368,341,487,9,1763.32,0.28,72.56,11498.87,ENVIADO,31/02/2025
8369,797,479,10,12497.71,0.26,87.5,92570.55,PENDENTE,2024-04-08
8370,619,572,6,14053.95,0.0,44.06,84367.76,CANCELADO,2023-02-25
8371,644,1122,6,1892.83,,36.7,8327.3,PENDENTE,2023-04-20
8372,30,769,4,7414.59,0.1,33.88,26726.4,PAGO,2024-12-19
8373,115,879,5,239.26,0.12,147.11,1199.85,PAGO,2024-05-07
8374,173,350,10,7715.18,0.17,55.25,64091.24,pago,2022-07-06
8375,779,720,10,10121.34,0.24,22.76,76944.94,CANCELADO,99/99/9999
8376,485,69,7,7256.15,0.07,100.13,47337.67,PENDENTE,2023-09-24
8377,881,185,4,4250.47,0.29,108.8,12180.13,ENVIADO,2022-10-12
8378,708,390,7,1186.4,0.02,85.27,8223.97,PENDENTE,2024-06-26
8379,965,124,2,3924.32,0.19,38.36,6395.76,PAGO,2023-04-27
8380,647,496,8,13175.5,0.0,86.13,105490.13,ENVIADO,2024-09-11
8381,635,993,3,135.25,0.13,10.78,363.78,ENVIADO,2023-12-18
8382,367,575,8,517.66,0.28,47.15,3028.87,ENVIADO,2023-01-08
8383,906,354,,667.46,0.11,37.37,5977.76,ENVIADO,2024-12-09
8384,802,226,2,8358.61,0.11,140.92,15019.25,CANCELADO,2024-05-17
8385,669,918,6,13805.02,0.2,99.08,mil,PAGO,2023-12-07
8386,60,940,-1,1002.94,,92.4,7815.04,PAGO,2022-06-23
8387,677,329,4,175.32,0.09,26.72,664.88,ENVIADO,2023-03-18
8388,254,917,8,9511.8,0.09,103.64,69349.54,CANCELADO,2022-11-24
8389,910,1355,2,3360.36,0.19,110.61,5554.39,CANCELADO,2022-10-15
8390,1453,478,4,10835.19,0.05,126.94,41300.66,ENVIADO,2022-04-29
8391,368,930,5,5576.93,0.15,21.23,23723.18,ENVIADO,2023-12-05
8392,915,565,2,5844.5,0.26,121.33,8771.19,PENDENTE,2022-01-23
8393,561,645,1,1584.8,0.27,,1268.47,PAGO,2022-12-17
8394,505,642,9,11273.76,0.07,77.82,94439.19,PAGO,2022-03-07
8395,111,185,4,13515.75,0.19,67.45,43858.48,PENDENTE,2022-08-25
8396,352,677,10,8953.02,0.27,96.79,65453.84,PENDENTE,2022-09-27
8397,950,189,5,7296.38,0.11,85.9,32554.79,PENDENTE,2024-10-19
8398,1040,537,8,5217.31,0.06,87.47,39321.64,CANCELADO,2024-06-17
8399,131,69,5,1199.33,0.21,27.93,4765.28,ENVIADO,2024-12-10
8400,760,456,8,5515.37,0.29,29.75,31357.05,PENDENTE,2022-03-22
8401,626,143,2,13305.19,0.1,121.25,24070.59,ENVIADO,2022-02-22
8402,989,586,8,9449.99,0.19,73.92,61309.86,PAGO,2024/11/27
8403,1005,1180,7,3899.36,0.04,137.49,-500,PAGO,2023-11-07
8404,820,943,,11125.58,0.2,141.36,44643.68,PAGO,2024-06-09
8405,790,233,6,14104.96,0.15,58.53,71993.83,PENDENTE,04-16-2023
8406,302,700,8,5835.14,0.23,28.33,35972.79,ENVIADO,2023-03-13
8407,457,824,8,11097.02,0.16,99.6,74671.57,PAGO,2023-10-10
8408,376,451,7,9756.43,0.21,21.77,53974.83,PAGO,09-06-2024
8409,1411,370,4,9297.6,0.03,54.5,36129.19,PENDENTE,2023-09-20
8410,516,937,6,57.84,0.07,75.76,398.51,CANCELADO,2022-11-23
8411,402,776,7,4802.1,0.21,49.22,26604.83,Pagoo,2023-01-17
8412,413,255,5,1190.01,0.13,111.55,5288.09,CANCELADO,2023-09-04
8413,605,477,6,5563.96,0.25,141.79,25179.61,PAGO,2022-06-07
8414,920,67,10,1597.1,0.17,149.0,13404.93,CANCELADO,2022-02-07
8415,529,253,6,7324.81,0.17,35.9,36513.45,PAGO,2023-11-30
8416,1009,382,9,1912.17,0.06,33.22,16210.18,PENDENTE,2025-04-07
8417,772,91,6,10862.71,0.01,52.63,64577.13,CANCELADO,2025-03-11
8418,851,805,7,10187.48,0.15,57.05,60672.56,PENDENTE,01-09-2023
8419,1155,224,4,11221.18,0.07,67.98,41810.77,PAGO,2023-07-08
8420,673,1327,1,5324.36,0.02,68.48,5286.35,PENDENTE,2025-01-22
8421,731,935,9,13985.27,0.1,134.98,113415.67,PAGO,2024-11-28
8422,427,654,4,3055.02,0.08,97.24,11339.71,CANCELADO,2024-04-09
8423,220,938,8,6255.33,0.27,121.77,36652.9,,2025-01-28
8424,467,180,0,5397.6,0.11,62.15,48100.79,PAGO,2022-04-27
8425,681,543,1,14489.14,0.24,93.97,11105.72,CANCELADO,2024-09-04
8426,251,804,10,5913.34,0.16,48.53,49720.59,ENVIADO,2024-07-11
8427,53,1103,9,1786.04,0.14,15.59,13839.54,PENDENTE,2023-06-04
8428,1093,555,3,4659.54,0.19,38.93,11361.61,PAGO,2023-02-19
8429,347,841,1,1682.04,0.04,28.35,1643.11,Pago,2022-02-16
8430,154,481,5,1490.09,0.17,60.95,6244.82,ENVIADO,2024-03-16
8431,738,5,,12292.13,0.03,120.0,12043.37,PAGO,2024-01-12
8432,467,777,3,14379.98,0.08,61.91,39750.65,PAGO,2022-07-22
8433,948,740,6,10447.63,0.17,12.48,52041.68,PAGO,2024-01-24
8434,386,407,5,9989.07,0.24,75.06,38033.53,CANCELADO,2024-05-07
8435,896,681,3,11074.45,,43.35,32602.23,CANCELADO,2024-12-11
8436,518,183,7,14724.85,0.23,54.03,79420.97,ENVIADO,2023-06-08
8437,628,465,10,4048.79,0.11,88.75,36122.98,PAGO,2023-04-30
8438,755,518,7,12301.01,0.15,148.72,73339.73,PAGO ,2022-04-07
8439,288,67,10,12588.64,0.11,71.65,-500,ENVIADO,2022-01-04
8440,503,1231,4,10020.72,0.1,108.9,36183.49,ENVIADO,2024-03-19
8441,909,306,6,9944.6,0.2,61.56,47795.64,PENDENTE,2023-04-25
8442,390,265,3,5931.6,0.16,148.22,15095.85,PAGO,2023-07-22
8443,296,540,1,8578.63,0.1,56.66,7777.43,PAGO,2022-01-13
8444,318,973,1,8256.2,0.14,111.77,7212.1,Pagoo,2022-04-14
8445,293,655,6,5917.67,0.05,57.22,33787.94,CANCELADO,2024-10-01
8446,338,711,dez,3000.54,0.23,131.02,4751.85,PAGO,2022/05/03
8447,944,156,3,13191.75,0.13,46.7,34477.17,ENVIADO,2023-08-09
8448,798,49,dez,1063.59,0.28,86.09,851.87,ENVIADO,2024-01-03
8449,665,516,3,12428.99,0.11,36.69,33222.09,PAGO,2024-11-19
8450,258,123,7,7764.82,0.29,60.83,38651.99,PENDENTE,2023-10-12
8451,498,1231,2,14842.41,0.22,121.97,23276.13,PAGO ,2022-10-22
8452,257,946,9,10431.85,0.13,18.29,81699.68,ENVIADO,2022-01-21
8453,684,660,1,13733.1,0.28,136.62,10024.45,ENVIADO,2025-03-27
8454,328,1274,7,7948.38,0.05,23.09,52879.82,PAGO,31/02/2025
8455,561,174,3,2237.62,0.17,36.49,5608.16,PAGO,2023-01-18
8456,379,40,7,6289.94,0.21,45.89,34829.26,PENDENTE,2024-03-24
8457,939,491,1,1621.02,0.27,44.91,1228.25,PENDENTE,2022-04-12
8458,263,679,8,12101.8,0.0,109.15,0,PENDENTE,2023-07-29
8459,699,261,7,11372.83,0.12,88.72,70145.35,PENDENTE,2024-01-09
8460,277,216,10,13048.95,0.15,10.61,,PENDENTE,2024-12-06
8461,671,982,1,9245.03,0.08,59.81,8565.24,PAGO ,2023-09-26
8462,168,358,4,9594.29,0.05,142.43,36600.73,CANCELADO,2024-10-12
8463,1249,1166,3,11444.68,0.11,58.13,30615.43,PENDENTE,2023-01-13
8464,322,144,8,13689.71,0.13,20.44,95300.82,CANCELADO,2022-01-25
8465,360,166,8,501.65,0.1,127.54,3739.42,PENDENTE,2022-03-30
8466,342,526,4,7626.57,0.18,90.86,25106.01,ENVIADO,2025-02-19
8467,810,880,1,3618.99,0.02,66.96,3613.57,PAGO,2023-06-03
8468,522,799,3,11257.65,0.06,55.27,31801.84,CANCELADO,2022-05-23
8469,329,630,10,4691.66,0.08,57.22,43220.49,PAGO,2022-05-17
8470,780,78,4,3857.59,0.02,99.46,15221.21,PAGO,2024-07-14
8471,110,59,7,2590.6,0.25,74.48,13675.13,PENDENTE,05-23-2024
8472,771,202,6,2124.83,0.25,33.91,9595.65,PENDENTE,2022-01-25
8473,244,128,10,13599.51,0.23,23.38,104739.61,PAGO,2022-02-03
8474,740,891,3,5301.39,0.2,10.04,12733.38,PENDENTE,2023-11-27
8475,375,799,6,1163.68,0.06,10.92,6574.08,CANCELADO,2022-06-07
8476,962,805,0,9576.39,0.22,62.8,67289.06,PAGO,2023-07-10
8477,585,304,1,14684.52,0.16,73.79,12408.79,Pagoo,2022-08-22
8478,763,123,7,7594.29,0.02,102.96,52199.79,ENVIADO,2022-03-10
8479,694,1285,7,10349.93,0.07,28.47,67406.51,CANCELADO,2023-08-25
8480,583,540,7,5270.94,0.12,69.7,32538.69,ENVIADO,2024-06-08
8481,368,341,9,1613.95,0.02,125.81,14360.85,CANCELADO,2023-05-15
8482,40,37,6,4302.44,0.18,65.29,21233.29,ENVIADO,2024-06-15
8483,402,964,4,12824.5,0.05,15.37,48748.47,Cancelado,2022-06-15
8484,483,571,4,2265.92,0.05,108.68,8719.18,ENVIADO,2023-02-03
8485,790,423,6,13095.64,0.18,125.93,64556.48,PAGO,2022-03-12
8486,121,963,6,10777.23,0.3,81.29,45345.66,ENVIADO,99/99/9999
8487,1273,347,9,6894.51,0.17,65.6,51567.59,PENDENTE,2023-02-20
8488,775,349,9,12216.98,0.28,126.29,79292.32,PENDENTE,2024-06-30
8489,795,304,6,8494.3,0.2,63.75,40836.39,PAGO,2022-02-12
8490,335,1243,3,4171.29,0.09,47.12,11434.74,ENVIADO,2022-11-23
8491,616,1182,4,14880.52,0.1,71.19,53641.06,CANCELADO,2025-03-02
8492,145,159,2,148.92,0.09,12.74,283.77,CANCELADO,05-02-2022
8493,673,854,10,14749.26,0.29,101.53,104821.28,ENVIADO,2024-09-26
8494,315,740,8,8466.67,0.22,11.0,52843.02,ENVIADO,2024-06-19
8495,305,992,8,5791.04,0.14,62.18,39904.54,PENDENTE,2024-07-15
8496,269,959,-5,4124.72,0.25,35.19,24783.51,pago,2024-12-21
8497,220,198,5,4912.22,0.23,25.68,18937.73,pago,2024-02-05
8498,847,989,4,13881.86,0.21,143.98,44010.66,CANCELADO,2022-06-06
8499,942,32,0,5956.21,0.18,20.81,29325.36,ENVIADO,2023-03-30
8500,21,91,7,6202.95,0.29,75.16,30903.82,CANCELADO,2022-04-13
8501,849,341,9,4286.69,,36.43,35144.42,ENVIADO,2023-09-10
8502,114,124,2,8198.93,0.0,15.47,16413.33,PENDENTE,2023-10-15
8503,515,960,3,5528.35,0.17,109.62,13875.21,ENVIADO,2022-08-18
8504,265,1020,8,4985.51,0.02,126.16,39212.56,CANCELADO,2024-11-03
8505,307,713,3,360.32,0.21,13.98,867.94,CANCELADO,2022-02-10
8506,821,33,7,11163.78,,147.94,59539.25,ENVIADO,2023-05-27
8507,1000,815,4,1789.72,0.02,116.08,7131.78,PENDENTE,2023-08-16
8508,438,217,3,2920.85,0.06,36.78,8273.58,PENDENTE,2025-01-29
8509,667,744,6,7939.69,0.11,110.22,42508.16,CANCELADO,2022-12-24
8510,398,639,3,4069.28,0.03,139.59,11981.19,ENVIADO,2022-01-02
8511,960,187,1,3368.89,0.16,33.37,2863.24,,2022-11-09
8512,917,1357,9,5617.47,0.12,114.57,44604.93,PENDENTE,2022-06-10
8513,166,883,1,2246.35,,56.47,1965.87,Pagoo,2023-01-11
8514,754,264,8,3003.41,0.1,44.44,21668.99,PAGO,2024-07-15
8515,414,686,7,2864.05,0.14,56.29,17297.87,PENDENTE,2023-07-26
8516,820,502,9,4522.58,0.17,87.65,33871.32,CANCELADO,2022-05-03
8517,462,517,1,13174.38,0.16,15.82,11082.3,PAGO,2025-03-22
8518,940,1273,9,11679.86,0.07,129.58,97890.01,PENDENTE,2023-07-10
8519,592,118,5,9339.39,,52.35,35075.06,CANCELADO,2022-09-26
8520,708,546,1,4340.04,0.23,48.21,3390.04,PENDENTE,2025-03-30
8521,480,217,dez,10538.48,0.09,124.46,19304.49,CANCELADO,2022-07-07
8522,571,830,1,7444.82,0.21,62.06,5943.47,PENDENTE,2022-07-06
8523,645,735,9,5141.19,0.03,107.68,44990.27,PENDENTE,2024-06-21
8524,1086,748,5,13596.15,0.26,85.71,50391.46,PENDENTE,2022-08-03
8525,195,254,4,5002.49,0.04,148.64,19358.2,PAGO,2023-03-30
8526,548,700,7,5700.4,0.01,142.98,39646.75,PENDENTE,2022-05-23
8527,50,684,3,518.04,0.07,48.49,1493.82,,2023-12-09
8528,490,224,8,2595.71,0.13,98.26,18164.4,PAGO,2025-02-24
8529,752,1405,2,12076.14,0.08,96.21,22316.31,CANCELADO,2022-06-01
8530,247,328,10,3163.74,0.28,51.26,22830.19,ENVIADO,2023-06-14
8531,217,663,4,2621.93,0.02,118.07,10396.04,Pagoo,2024-01-20
8532,566,455,3,2889.98,,,7130.91,ENVIADO,31/02/2025
8533,217,988,2,10863.66,0.12,71.65,19191.69,PENDENTE,2024-07-21
8534,964,298,7,14072.98,0.03,140.85,95696.38,PENDENTE,2022-03-31
8535,116,448,2,14386.17,0.07,61.48,26819.76,ENVIADO,2022-06-03
8536,176,541,4,8772.92,0.18,143.22,28918.4,CANCELADO,2025-03-09
8537,203,949,1,5587.58,0.29,133.26,4100.44,,99/99/9999
8538,263,289,10,12856.06,0.17,53.55,106758.85,PAGO ,2024-09-09
8539,277,760,0,9695.64,0.12,108.89,,PAGO ,2023-06-02
8540,807,843,10,14713.38,0.17,83.99,122205.04,PENDENTE,2023-12-14
8541,768,984,-1,4109.59,0.23,27.98,19014.29,CANCELADO,2024-09-30
8542,846,1313,9,6135.77,,51.59,40915.82,CANCELADO,2024-04-28
8543,184,118,6,4445.87,0.19,,21678.98,CANCELADO,2022-01-17
8544,588,714,1,10509.57,0.02,65.4,10364.78,ENVIADO,2025-01-21
8545,55,827,2,7112.47,0.21,57.27,11294.97,PAGO,2022-04-29
8546,684,500,8,6684.18,0.3,36.3,37467.71,PENDENTE,2024-05-30
8547,433,423,8,11696.92,0.06,63.37,88024.21,CANCELADO,2022-09-09
8548,719,444,5,12872.99,0.24,112.21,49029.57,CANCELADO,2024-02-05
8549,1236,690,2,13918.35,0.2,60.89,22330.25,ENVIADO,2023-09-29
8550,175,357,7,1972.75,0.25,62.16,10419.1,PENDENTE,2024-08-08
8551,358,187,3,13197.73,0.14,28.09,34078.23,CANCELADO,2022-09-26
8552,914,1075,8,7293.85,0.2,57.22,46737.86,PENDENTE,2022-01-04
8553,963,750,8,14591.2,0.14,15.38,100402.84,PAGO,2024-04-07
8554,21,645,-5,11401.56,0.22,140.1,62392.62,ENVIADO,2024-03-08
8555,35,966,8,3100.1,0.13,114.25,21690.95,ENVIADO,2022-05-15
8556,602,621,2,10881.06,0.01,107.89,21652.39,CANCELADO,2022-02-06
8557,1422,703,,4716.8,0.07,15.41,17561.91,PAGO,2022-11-11
8558,371,1113,6,7723.25,0.28,51.66,33416.1,PAGO,2023/12/08
8559,707,751,8,831.72,0.02,70.18,-500,ENVIADO,08/11/2023
8560,749,455,3,3750.8,0.01,10.05,11149.93,CANCELADO,2022-10-21
8561,972,122,7,13863.22,0.26,141.81,71953.29,PAGO,2023-05-10
8562,195,151,2,1711.49,0.16,41.92,2917.22,PAGO,2024-01-13
8563,929,836,2,14406.13,0.13,12.88,25079.55,PENDENTE,2023-07-06
8564,949,106,1,9892.4,0.07,148.72,9348.65,PENDENTE,2024-06-13
8565,87,513,7,14428.3,0.24,134.47,76893.03,PAGO,2022-02-08
8566,42,872,4,12853.89,0.0,148.2,51563.76,CANCELADO,2023-08-03
8567,475,82,9,14242.74,0.25,65.64,96204.13,PENDENTE,2022-08-17
8568,1218,977,5,8261.28,0.28,124.39,29865.0,PENDENTE,2022-10-13
8569,1288,38,4,14250.99,0.06,43.41,0,ENVIADO,31/02/2025
8570,1496,968,6,8697.18,0.08,114.98,,ENVIADO,2023-05-24
8571,303,155,3,7950.4,,22.0,23396.18,PAGO,2023-01-13
8572,317,901,9,10947.77,0.12,90.7,86797.04,Pagoo,99/99/9999
8573,543,75,1,1430.39,0.19,113.21,1271.83,ENVIADO,2024-08-16
8574,384,650,7,14254.41,0.06,148.23,93942.25,PAGO,2025-03-26
8575,731,262,,11108.01,,112.02,73091.65,CANCELADO,2023-03-22
8576,90,1000,9,1078.32,0.11,119.01,8756.35,ENVIADO,2024-01-03
8577,512,399,4,1053.79,,84.62,3962.57,PAGO,2022-11-15
8578,195,746,5,1422.06,0.01,31.08,7070.28,ENVIADO,2023-04-22
8579,93,178,2,2823.43,0.15,70.27,4870.1,PENDENTE,2022-02-14
8580,550,674,6,2860.06,,84.76,16901.91,ENVIADO,2023-07-18
8581,749,351,5,9143.33,0.26,77.34,33907.66,ENVIADO,2022-02-19
8582,467,315,5,12283.78,0.26,107.94,45557.93,CANCELADO,2024-12-29
8583,987,464,4,14884.18,0.08,58.16,54831.94,ENVIADO,2023-11-25
8584,215,547,1,7246.3,0.11,62.3,6511.51,CANCELADO,2025-03-31
8585,654,574,10,14045.63,0.23,114.23,108265.58,PAGO,2022-02-03
8586,794,175,2,490.15,0.12,13.67,876.33,CANCELADO,2025-03-24
8587,100,926,1,10611.93,0.04,107.75,10295.2,CANCELADO,2025-03-29
8588,215,714,10,11396.38,0.03,149.5,110694.39,CANCELADO,2022-12-24
8589,199,384,9,14062.67,0.2,28.26,101279.48,PENDENTE,2022-11-14
8590,519,837,4,14987.28,0.05,27.12,56978.78,PENDENTE,2022-12-09
8591,494,1063,3,517.56,0.03,19.99,1526.09,ENVIADO,2023-02-04
8592,567,788,3,9483.52,0.04,29.67,27342.21,Pagoo,2023-03-23
8593,668,832,8,3694.74,0.16,25.23,24853.88,ENVIADO,2024-06-26
8594,520,20,3,14778.02,0.09,108.62,40452.61,CANCELADO,2022-04-23
8595,397,921,5,5077.04,0.29,50.4,18073.89,CANCELADO,2022-11-28
8596,321,793,4,4502.02,0.21,92.53,14318.91,PENDENTE,2025-04-11
8597,493,454,9,12599.73,0.2,100.4,90818.46,PAGO,2022-07-14
8598,387,547,1,132.14,0.23,42.31,144.06,ENVIADO,2023-03-30
8599,863,674,,14648.9,0.06,32.93,96422.69,PAGO,2024-10-24
8600,716,545,4,12872.61,0.12,28.31,45339.9,PENDENTE,2022-01-14
8601,795,408,8,11100.81,0.0,73.84,88880.32,ENVIADO,2022-11-21
8602,733,892,2,3971.4,0.16,139.25,6811.2,ENVIADO,2024-03-21
8603,147,351,-5,12009.17,,34.63,-500,Cancelado,2024-08-26
8604,837,828,3,10255.54,0.22,112.85,24110.81,ENVIADO,2024-03-13
8605,276,790,6,7331.59,0.01,142.0,43691.64,ENVIADO,2024-09-07
8606,308,875,8,10342.35,0.14,,71266.5,Pago,2023-10-08
8607,87,58,-5,14365.88,0.1,149.87,51867.04,CANCELADO,2022-07-16
8608,1066,216,10,3900.3,0.05,15.83,R$500,CANCELADO,2023-04-18
8609,89,611,7,6649.9,0.26,135.85,34582.33,CANCELADO,2023-03-10
8610,395,468,0,6651.75,0.17,81.68,16644.54,pago,2022-11-15
8611,141,311,4,4892.72,0.08,30.55,18035.76,ENVIADO,2024-04-27
8612,235,215,7,4157.47,0.1,13.48,26205.54,CANCELADO,2025-03-20
8613,956,1306,10,2198.48,0.09,32.39,20038.56,CANCELADO,2022-08-15
8614,953,898,5,6593.74,0.28,107.97,23845.43,,2022-03-15
8615,771,821,3,9897.93,0.27,130.86,21807.33,Pago,2023-08-08
8616,1100,953,3,12175.93,0.01,25.37,36187.88,ENVIADO,01-01-2023
8617,386,247,9,6409.02,,90.01,42774.08,ENVIADO,2024-04-11
8618,1085,54,8,6751.08,0.02,22.78,52951.25,CANCELADO,12-15-2023
8619,382,162,,2101.99,0.05,81.4,mil,PAGO,2024-03-24
8620,260,225,1,7973.34,0.22,75.36,6294.57,PENDENTE,2024-10-11
8621,389,203,8,4356.81,0.07,72.38,32487.05,PENDENTE,2024-10-10
8622,365,839,1,11473.65,0.08,63.66,10619.42,PAGO,2023-03-27
8623,342,400,1,12987.48,0.06,18.04,,ENVIADO,2024-04-20
8624,779,51,4,13034.38,0.22,80.85,40748.12,CANCELADO,2025-04-09
8625,810,344,3,4915.3,0.01,12.66,14611.1,CANCELADO,2022-07-14
8626,335,977,1,5188.98,0.2,39.44,4190.62,CANCELADO,2023-08-13
8627,462,188,4,3824.39,0.24,110.35,11736.5,PAGO,2025-04-11
8628,429,766,-1,986.54,0.18,64.83,5727.57,ENVIADO,2022-10-25
8629,85,726,7,13994.42,0.05,119.14,93182.03,CANCELADO,2024-08-25
8630,1011,985,1,14107.42,0.05,91.62,13493.67,PENDENTE,2024-07-16
8631,860,521,9,2659.59,0.23,97.66,18528.62,CANCELADO,2022-09-05
8632,538,379,3,513.21,0.28,54.38,1162.91,PENDENTE,2024-05-07
8633,1316,373,5,10181.2,0.18,139.47,41882.39,PAGO,2023-02-23
8634,506,412,1,7756.27,0.27,147.6,5809.68,CANCELADO,2023-02-14
8635,758,365,3,1330.86,0.07,52.52,3765.62,CANCELADO,2022-03-28
8636,51,122,2,8470.01,0.23,140.07,0,CANCELADO,21/04/2022
8637,48,997,10,2520.5,0.23,92.55,19500.4,PENDENTE,2024-08-03
8638,665,641,8,12319.85,0.04,132.91,94749.36,PAGO,2023-06-05
8639,382,730,0,12691.82,0.25,54.95,38130.41,ENVIADO,2022-11-17
8640,903,159,9,12343.76,0.07,132.93,103450.2,CANCELADO,2022-04-15
8641,16,720,2,5814.77,0.13,92.49,10210.19,CANCELADO,2025-03-19
8642,405,673,4,7955.04,0.1,112.83,28750.97,CANCELADO,2024-02-22
8643,352,843,5,10685.3,0.28,49.37,38516.45,CANCELADO,31/02/2025
8644,1038,413,0,9358.51,0.16,75.81,78687.29,,01-13-2022
8645,439,432,0,990.48,0.17,34.49,5789.18,CANCELADO,2025-04-01
8646,680,766,7,6487.33,0.3,85.07,31872.99,PAGO,2025-01-06
8647,825,96,1,2622.18,0.22,96.19,2141.49,ENVIADO,2022-07-31
8648,1350,658,7,14011.41,0.07,85.87,91300.15,CANCELADO,2024-03-16
8649,988,907,6,5552.34,0.14,58.25,28708.32,CANCELADO,2022-06-17
8650,276,391,5,4705.43,0.12,93.72,20797.61,ENVIADO,2025-01-08
8651,682,877,10,4381.27,0.22,136.9,,CANCELADO,2024-02-11
8652,314,412,4,8815.94,0.03,59.64,34265.49,CANCELADO,2022-12-06
8653,258,205,3,60.05,0.17,63.37,212.89,PAGO,2022-05-18
8654,798,54,4,918.4,0.12,133.79,3366.56,CANCELADO,2022-11-14
8655,105,951,8,13664.52,0.02,106.62,107236.46,ENVIADO,2025-02-04
8656,448,450,5,9430.8,0.08,130.43,43512.11,CANCELADO,2023-01-21
8657,170,1369,5,4505.22,0.21,78.43,17874.05,CANCELADO,31/02/2025
8658,722,252,9,12278.97,0.26,51.0,0,CANCELADO,2024-05-16
8659,697,916,1,10988.6,0.25,148.56,8390.01,ENVIADO,2023-02-20
8660,16,640,9,1200.58,0.14,45.96,R$500,PAGO,2025-01-23
8661,881,165,9,12996.28,0.03,97.09,113554.61,PAGO,2024-12-15
8662,1079,340,1,14982.05,0.2,140.69,12126.33,CANCELADO,2022-03-03
8663,977,1024,3,7338.91,0.15,105.33,18819.55,PAGO ,2022-02-28
8664,194,427,9,8846.31,0.02,98.12,78122.57,PENDENTE,10-07-2024
8665,701,549,8,5769.03,0.21,128.37,36588.64,PAGO,2022-08-30
8666,954,900,10,12593.98,0.07,149.2,117273.21,PAGO,2023-05-09
8667,659,474,10,3251.33,,127.08,29063.92,PENDENTE,2024-04-15
8668,186,650,1,3783.94,0.07,128.68,3647.74,PAGO,2022-12-28
8669,935,81,2,124.11,0.1,91.62,315.02,pago,2024-12-27
8670,607,207,7,14632.38,0.06,125.77,96406.83,CANCELADO,2023-05-18
8671,797,980,3,6820.88,0.22,142.01,16102.87,ENVIADO,2023-08-02
8672,127,635,8,2225.24,0.03,46.4,17314.26,PAGO,2023-06-25
8673,370,207,2,10971.42,0.29,18.38,15597.8,PAGO,2022-03-05
8674,136,344,10,11316.69,0.11,117.4,100835.94,Pago,2023-09-20
8675,7,5,1,2653.03,0.07,69.59,2536.91,CANCELADO,2024-01-30
8676,434,789,10,14208.44,0.23,30.34,109435.33,PAGO,2024-05-23
8677,1223,231,6,7263.42,0.0,28.62,43609.14,ENVIADO,2024-09-03
8678,1232,744,8,11822.28,0.24,38.36,71917.82,PENDENTE,06-27-2023
8679,39,934,8,7389.62,0.12,39.43,52062.35,PENDENTE,2022-12-17
8680,1417,590,7,3247.08,0.15,111.22,19431.35,PAGO ,2024-09-05
8681,418,210,1,12466.46,0.06,124.88,mil,PENDENTE,2023-03-25
8682,114,495,3,5202.55,0.25,100.87,11806.61,ENVIADO,2022-06-27
8683,974,760,3,6589.58,0.04,61.0,19038.99,PAGO,2022-01-14
8684,878,100,4,9232.33,0.19,129.95,30042.7,ENVIADO,2023-09-05
8685,347,856,7,3185.86,0.27,99.72,16379.46,PENDENTE,2022-08-28
8686,694,507,5,12792.64,0.25,114.74,48087.14,PAGO,2024-09-17
8687,189,182,7,11788.74,,128.36,65320.09,PAGO,2024-06-25
8688,414,781,0,13781.25,0.17,145.69,80214.75,PAGO,99/99/9999
8689,865,47,10,5186.64,0.14,33.21,44638.31,CANCELADO,2024-10-16
8690,833,1267,9,11665.34,0.05,59.49,99798.15,PAGO,21/11/2024
8691,412,638,8,920.56,0.28,14.23,5316.66,ENVIADO,2023-05-26
8692,189,590,1,1839.31,,122.78,1759.77,CANCELADO,2022-07-16
8693,856,1014,9,8512.85,0.05,44.7,72829.57,CANCELADO,31/02/2025
8694,276,728,6,214.3,0.06,10.74,1219.39,CANCELADO,2022-10-11
8695,103,763,6,3578.32,0.07,141.1,20108.13,PAGO,2022-08-13
8696,918,848,9,13440.59,0.16,129.25,101740.11,ENVIADO,2025-01-24
8697,806,471,5,8512.41,0.27,49.41,31119.71,PENDENTE,2022-12-28
8698,894,634,1,14061.94,0.05,139.63,13498.47,PAGO,2022-09-08
8699,205,475,9,9135.37,0.17,80.33,68321.54,CANCELADO,2022-10-13
8700,841,690,3,13372.95,0.28,59.62,28945.19,PENDENTE,2025-03-19
8701,1270,59,3,7512.78,0.26,38.35,R$500,PENDENTE,2024-12-25
8702,530,908,6,3124.41,0.23,108.06,14542.83,PAGO,2022-01-18
8703,760,655,2,14482.91,0.01,142.27,0,CANCELADO,09-05-2024
8704,746,648,2,8557.7,0.15,91.52,14639.61,CANCELADO,2022-03-24
8705,53,262,3,5840.78,0.06,31.2,16502.2,ENVIADO,2024-07-03
8706,71,358,10,7865.01,0.24,23.75,59797.83,PENDENTE,2023-05-03
8707,838,275,5,4448.67,0.08,92.66,20556.54,PENDENTE,2022-04-07
8708,747,909,9,5306.63,0.25,85.83,35905.58,PAGO,2023-04-17
8709,336,629,5,3406.78,0.14,47.93,14697.08,PAGO,2024-01-03
8710,199,952,6,8713.96,0.0,60.76,52344.52,CANCELADO,2022-12-06
8711,311,521,4,14006.68,0.16,107.29,47169.73,ENVIADO,2022-06-22
8712,456,824,2,10574.15,0.27,93.15,15531.41,ENVIADO,2023-06-18
8713,284,313,9,4909.71,0.07,127.19,,PAGO,2023-04-12
8714,323,266,2,7764.45,0.16,124.41,13168.69,ENVIADO,2022-12-14
8715,889,1367,5,12051.4,0.2,138.51,48344.11,ENVIADO,2022-07-24
8716,1348,574,2,13226.52,0.16,,22350.51,PENDENTE,2022-12-18
8717,239,339,3,10805.17,0.14,34.88,27912.22,CANCELADO,2025-03-24
8718,199,593,,4948.34,0.29,19.71,10559.67,PENDENTE,2022-01-29
8719,896,750,3,13814.72,0.25,122.11,31205.23,CANCELADO,2023-07-16
8720,67,480,3,2672.36,0.22,106.19,6359.51,PENDENTE,2024-09-25
8721,581,731,9,5995.72,0.19,80.95,43789.75,PENDENTE,2022-11-06
8722,745,242,8,3885.89,0.22,18.05,24266.0,ENVIADO,2024-01-25
8723,637,343,8,14266.61,0.03,34.92,110743.81,CANCELADO,2023-07-25
8724,568,823,2,6440.06,0.23,124.3,10041.99,CANCELADO,2024-03-25
8725,847,81,8,3048.65,0.09,44.22,0,PAGO,31/02/2025
8726,869,503,7,6956.83,,58.41,40964.57,ENVIADO,2023-07-25
8727,215,47,8,10970.7,0.11,,78174.16,PAGO,2022-09-30
8728,1263,709,9,4536.83,0.14,17.6,35132.66,ENVIADO,2024-06-23
8729,621,712,9,11592.49,0.24,119.1,79411.73,PAGO,2024-05-05
8730,840,421,2,8125.71,0.11,103.96,14567.72,PENDENTE,2022-05-10
8731,417,759,7,3313.3,0.03,12.27,22509.58,CANCELADO,01-16-2025
8732,76,501,7,278.65,0.24,125.17,1607.59,ENVIADO,07-30-2023
8733,603,706,3,13831.4,0.26,19.62,30725.33,ENVIADO,2024-03-02
8734,247,551,4,13404.21,0.05,28.58,50964.58,CANCELADO,2022-12-05
8735,193,76,4,6332.42,0.21,141.06,20151.51,PAGO,2023-12-29
8736,664,244,,6078.45,0.27,143.73,9018.27,PAGO ,2024-11-28
8737,177,354,9,3041.98,0.26,102.14,20361.73,PAGO ,2025/03/06
8738,407,829,4,11917.61,0.03,84.05,46324.38,Cancelado,2022-12-13
8739,1170,1327,10,6590.86,0.03,98.15,64029.49,ENVIADO,2024-04-28
8740,175,891,5,10254.35,0.01,69.34,50828.37,PENDENTE,2022-02-20
8741,1462,11,3,7920.21,0.27,125.5,17470.76,PENDENTE,2025-01-16
8742,876,938,dez,6181.72,0.24,77.24,47058.31,CANCELADO,2023-02-01
8743,632,471,4,11201.49,0.14,135.25,38668.38,CANCELADO,2023-08-14
8744,442,158,4,4816.08,0.13,48.13,16808.09,ENVIADO,2025-03-26
8745,516,948,1,3785.88,0.1,43.44,3450.73,CANCELADO,2024-03-30
8746,245,377,6,530.53,0.18,101.41,2711.62,CANCELADO,2024-04-23
8747,206,854,7,1639.21,0.06,83.16,10869.16,CANCELADO,2022-11-13
8748,917,127,6,11129.48,0.02,47.68,65489.02,ENVIADO,2023-06-25
8749,224,885,5,9625.21,0.16,,40561.53,,2025-01-15
8750,99,970,6,13173.75,0.18,43.96,64858.81,PAGO,2022-03-24
8751,912,898,10,7011.75,0.06,102.8,66013.25,ENVIADO,2024-04-24
8752,726,548,7,14554.74,,48.11,98874.79,PAGO,2024-10-12
8753,897,185,2,1352.08,0.24,24.1,2079.26,CANCELADO,2023-08-17
8754,821,651,9,8648.79,0.02,120.13,76402.46,PAGO,2022-04-04
8755,815,879,8,6330.35,0.13,95.04,44154.28,Pagoo,2024-06-10
8756,495,504,8,12815.92,0.25,148.23,77043.75,ENVIADO,2022-04-02
8757,406,1336,9,11752.34,0.03,42.65,102640.58,PAGO,2023-03-20
8758,501,436,2,10210.71,0.05,85.64,19485.99,PENDENTE,2025-01-08
8759,722,130,10,8963.43,,83.68,75376.49,CANCELADO,2023-12-22
8760,273,816,8,6621.13,0.05,106.16,-500,PENDENTE,2022-08-30
8761,127,991,2,13816.74,0.01,108.0,27465.15,PAGO,2024-02-04
8762,582,766,9,12402.29,0.29,63.0,79313.63,CANCELADO,2023-05-09
8763,879,519,4,5247.26,0.29,133.12,15035.34,CANCELADO,2023-02-03
8764,801,1193,9,14967.76,0.27,134.69,98472.87,CANCELADO,2023-05-16
8765,693,28,3,12346.9,0.27,70.35,27110.06,PAGO,31/02/2025
8766,164,465,6,12972.38,0.17,27.99,64630.44,CANCELADO,2022-06-14
8767,32,828,8,10658.88,,67.73,63168.3,PENDENTE,2023-12-06
8768,859,1402,-1,10264.65,0.24,11.56,31216.1,PENDENTE,2022-05-05
8769,883,248,10,4364.35,0.18,10.57,35798.24,PENDENTE,2022-11-22
8770,762,504,8,14854.99,0.03,132.48,115407.2,PENDENTE,2023-02-02
8771,827,93,9,7489.55,0.04,109.04,0,CANCELADO,2023-07-31
8772,742,1006,5,8763.0,0.14,73.22,R$500,CANCELADO,2024/03/12
8773,882,456,2,6413.49,0.22,127.34,10132.38,ENVIADO,2023-09-05
8774,388,197,6,574.6,0.11,22.57,3090.93,Cancelado,2024-06-19
8775,843,61,1,5574.22,0.26,131.86,4256.78,PENDENTE,2023-11-22
8776,3,1108,2,4496.04,0.11,88.26,8091.21,ENVIADO,2023-08-29
8777,124,977,6,8759.9,0.24,111.05,40056.19,PENDENTE,2023-05-25
8778,1002,105,5,10673.19,0.02,110.92,52409.55,CANCELADO,2022-12-04
8779,81,1264,0,424.7,0.12,36.26,783.73,CANCELADO,2024-02-21
8780,366,33,10,3165.7,0.11,124.46,28299.19,PENDENTE,2022-06-06
8781,269,151,2,9838.11,0.17,56.8,16388.06,PAGO,2022-02-05
8782,1012,503,9,9778.05,0.17,93.91,73135.94,ENVIADO,2023-07-16
8783,651,133,5,9251.98,0.2,55.88,37063.8,CANCELADO,2024-08-12
8784,282,570,10,3290.82,0.07,68.43,30673.06,PENDENTE,31/02/2025
8785,767,450,-1,4345.04,0.01,127.96,mil,PAGO,2023-12-13
8786,713,24,4,5373.65,0.21,134.86,17115.59,PENDENTE,2023-06-21
8787,1078,894,3,13351.99,0.3,69.99,28109.17,CANCELADO,2023-04-02
8788,521,979,3,1101.95,0.19,125.64,2803.38,Cancelado,2023-02-26
8789,365,93,5,13648.11,0.26,15.8,50513.81,Cancelado,2023/10/27
8790,715,308,8,8652.63,0.2,60.13,55436.96,PENDENTE,2022-12-30
8791,949,356,2,2333.73,0.1,51.82,4252.53,ENVIADO,2024-03-02
8792,1014,756,4,983.43,0.07,110.57,3768.93,CANCELADO,2023-04-01
8793,95,611,1,13693.59,0.09,144.63,12605.8,ENVIADO,2023-06-01
8794,129,319,8,5693.19,0.06,129.54,42942.33,ENVIADO,2024-09-13
8795,164,134,6,3240.83,0.03,49.72,18911.35,ENVIADO,11-23-2023
8796,715,449,3,7187.58,0.1,92.2,19498.67,PENDENTE,2022-09-06
8797,831,371,dez,2511.83,0.24,58.25,15330.18,ENVIADO,2023-09-20
8798,495,888,8,6424.51,0.13,,44768.08,PAGO,2022-04-05
8799,384,153,0,13563.16,0.12,46.92,71660.4,PAGO,2022-11-24
8800,493,443,7,9585.18,0.28,77.32,48386.63,PAGO,2024-01-28
8801,525,24,10,4929.85,0.22,138.32,38591.15,CANCELADO,2024-10-11
8802,735,634,7,5237.12,0.19,95.29,29789.76,PAGO,2022-03-01
8803,805,160,6,10562.19,0.21,103.12,50167.9,PAGO,2023-09-10
8804,809,668,1,3771.81,0.09,47.3,3479.65,PAGO,2024-09-26
8805,548,915,6,1716.64,0.03,15.48,10006.32,CANCELADO,2023-09-11
8806,544,963,8,2226.6,0.07,99.17,16665.07,ENVIADO,2023-03-17
8807,921,820,5,4861.35,0.25,105.43,18335.49,PAGO,2024-02-25
8808,847,1118,8,13479.24,0.27,27.54,78746.3,PENDENTE,2025/03/29
8809,623,846,1,2438.1,0.22,29.24,1930.96,ENVIADO,2024-07-25
8810,777,267,3,1653.4,0.15,44.25,4260.42,PAGO,2025-01-17
8811,820,194,10,14250.85,0.15,57.11,121189.33,PENDENTE,2024-09-19
8812,884,832,6,9413.28,0.23,16.71,43506.06,PAGO,2023-05-26
8813,135,769,10,12209.16,0.28,72.23,87978.18,Cancelado,2023-03-19
8814,505,476,3,282.34,0.1,27.01,789.33,ENVIADO,31/02/2025
8815,114,340,3,13759.68,0.25,93.35,31052.63,PAGO,2023-04-20
8816,439,516,5,5648.26,0.18,51.61,23209.48,CANCELADO,2022-02-23
8817,66,1254,4,697.39,0.19,107.99,2367.53,ENVIADO,2022-09-09
8818,633,228,2,9605.15,0.18,,15839.42,ENVIADO,2022-01-22
8819,75,333,8,10108.58,0.14,64.01,69611.04,CANCELADO,2023-02-05
8820,1155,782,2,12632.16,0.14,142.49,21869.81,PENDENTE,2022-06-19
8821,837,430,10,8451.24,0.28,12.19,-500,ENVIADO,2022-11-07
8822,503,528,3,9175.54,0.15,113.05,23510.68,ENVIADO,2023-01-22
8823,874,912,10,4315.87,0.18,87.58,35477.71,PAGO,2024-12-29
8824,972,799,4,14042.59,0.08,77.51,51754.24,PENDENTE,2023-07-24
8825,577,910,9,1372.58,0.25,43.25,9308.16,ENVIADO,2022-10-27
8826,1033,168,7,7826.12,,126.34,52717.87,PENDENTE,2025-02-01
8827,463,571,7,2160.21,0.06,106.57,14320.75,PENDENTE,2023-01-10
8828,582,643,2,5939.54,0.16,111.28,10089.71,PENDENTE,2022-08-12
8829,269,993,4,6573.5,0.23,,20374.92,ENVIADO,2024-05-01
8830,1329,536,0,3479.55,0.05,,33194.86,PENDENTE,2024-12-23
8831,535,1446,7,8497.26,0.04,132.93,57234.52,PENDENTE,2023-02-22
8832,337,1035,5,746.27,0.22,107.03,3017.48,ENVIADO,2024-09-20
8833,886,465,8,13944.16,0.04,58.1,107149.25,ENVIADO,2022/12/13
8834,885,393,6,9365.06,,94.2,0,CANCELADO,2024-05-03
8835,905,537,6,4366.72,0.13,96.69,22890.97,CANCELADO,2022-03-05
8836,449,463,2,13465.41,0.21,55.94,21331.29,PENDENTE,2022-12-20
8837,393,134,10,7017.37,0.12,29.11,61781.97,PENDENTE,2022-07-18
8838,334,170,3,3714.75,0.18,69.65,9207.93,PENDENTE,2022-06-14
8839,317,161,5,8254.98,0.08,134.46,38107.37,PAGO,2022-10-09
8840,1452,774,9,10061.34,0.14,38.63,77913.4,PAGO,2025-03-08
8841,258,654,2,11386.2,0.01,83.54,22628.22,CANCELADO,2022-01-30
8842,996,140,4,1660.74,0.07,26.32,0,CANCELADO,2025-02-24
8843,693,77,8,8763.01,0.2,112.74,56196.0,PENDENTE,2023-08-05
8844,358,169,4,7676.6,0.19,18.14,24890.32,CANCELADO,2024-09-28
8845,215,923,7,10039.81,0.09,,64090.26,ENVIADO,2023-01-17
8846,806,569,7,1914.84,0.16,54.39,11313.65,PENDENTE,2024/11/07
8847,693,317,8,898.91,0.13,57.27,6313.68,Cancelado,2025-01-06
8848,810,1273,9,4077.89,0.14,98.77,31661.64,PENDENTE,2025-04-15
8849,399,714,4,4605.51,0.26,43.3,13675.61,CANCELADO,2023-10-20
8850,545,141,3,7945.77,0.13,123.06,20861.52,ENVIADO,2024-10-18
8851,949,721,10,2501.87,0.22,136.42,19651.01,PAGO,2024-12-12
8852,306,607,8,12120.5,0.18,57.45,79567.93,PENDENTE,22/08/2024
8853,46,65,3,4766.78,0.06,108.6,13550.92,Pago,2022-01-06
8854,1492,14,1,7399.92,0.13,130.89,6568.82,PENDENTE,2022-06-12
8855,935,729,1,10877.16,0.02,119.91,,PENDENTE,2023-09-18
8856,22,307,5,7539.22,0.02,59.7,37001.88,ENVIADO,2023-11-04
8857,977,99,6,9332.36,0.15,148.37,47743.41,PENDENTE,2025-03-17
8858,677,1217,10,9894.25,0.14,17.74,85108.29,Cancelado,2023-11-26
8859,470,682,0,10284.81,,41.18,24416.18,ENVIADO,2024-08-14
8860,141,713,10,10283.16,0.09,88.79,93665.55,CANCELADO,2025-01-06
8861,367,155,2,4040.65,0.19,129.29,6675.14,PAGO,2025-04-06
8862,874,832,4,1456.03,0.19,82.34,4799.88,ENVIADO,2023-03-08
8863,748,591,7,5648.71,0.3,96.21,27774.89,pago,99/99/9999
8864,564,298,3,919.81,0.12,93.83,2522.13,Pago,2023-06-07
8865,504,19,1,12166.45,0.0,40.25,12206.7,CANCELADO,31/02/2025
8866,1180,739,6,5554.79,0.14,43.33,28706.05,pago,2025-03-19
8867,438,841,9,11955.41,0.14,55.39,92590.26,CANCELADO,2024-06-08
8868,714,889,2,9409.23,0.08,12.43,17325.41,PAGO,2023-12-05
8869,645,721,3,7147.11,0.29,57.25,15280.59,,2022-02-17
8870,231,868,-1,7113.09,0.04,84.97,20570.67,PENDENTE,2022-01-20
8871,223,740,1,4966.67,0.22,91.17,3965.17,PENDENTE,99/99/9999
8872,23,810,8,3318.18,0.08,49.94,24471.74,,2024-04-01
8873,875,232,5,6067.8,0.07,63.49,28278.76,ENVIADO,2023-05-15
8874,869,52,9,11634.44,0.19,133.3,84948.37,ENVIADO,2024-01-04
8875,498,626,6,10452.63,,119.83,55936.87,PAGO,2024-09-13
8876,196,462,10,6893.73,0.1,136.56,62180.13,PENDENTE,2024-12-01
8877,421,131,5,14897.07,0.18,104.79,61182.78,CANCELADO,2025-03-02
8878,678,283,6,4272.23,0.18,144.08,21163.45,PAGO,2023-07-12
8879,49,491,10,7341.23,0.23,92.82,56620.29,PAGO,2023-11-10
8880,839,939,5,8847.42,0.08,13.84,40711.97,CANCELADO,2023-07-14
8881,1155,345,3,8939.26,0.2,84.55,21538.77,ENVIADO,2024-09-20
8882,158,523,10,398.62,0.21,122.37,3271.47,PAGO,2024-07-16
8883,1033,890,10,12482.2,0.11,,-500,PAGO ,2024-05-24
8884,183,313,5,11842.99,0.17,23.11,49171.52,PENDENTE,2022-06-06
8885,540,242,3,3348.92,,127.5,8265.38,ENVIADO,2022-08-16
8886,589,870,6,10108.44,0.11,18.39,53997.46,CANCELADO,2024-08-30
8887,112,74,0,6955.36,0.2,,50187.24,PENDENTE,2022-07-23
8888,1115,696,1,13229.55,0.05,53.6,12621.67,ENVIADO,2022-08-07
8889,406,149,7,6693.66,0.29,85.65,33353.14,PENDENTE,2022-12-18
8890,406,141,3,9928.49,0.09,103.28,27208.06,ENVIADO,2024-08-17
8891,46,157,8,1387.08,0.05,79.07,10620.88,CANCELADO,2023-12-27
8892,946,972,10,12771.21,0.06,142.05,120191.42,ENVIADO,2024-07-23
8893,338,1352,-5,1451.33,0.03,70.64,2886.22,PAGO,2024-01-03
8894,952,343,7,10427.58,0.1,124.77,65818.52,ENVIADO,2024-02-21
8895,864,762,7,14006.34,0.05,95.98,93238.14,ENVIADO,2024-07-09
8896,502,940,1,3557.73,0.01,68.17,3590.32,ENVIADO,2022-09-15
8897,307,524,-1,13204.48,0.01,30.78,R$500,PENDENTE,2022-11-28
8898,105,82,7,6759.03,0.2,97.65,37948.22,CANCELADO,2023-05-17
8899,241,962,5,5605.98,0.0,14.22,28044.12,pago,2024-11-23
8900,514,823,1,11598.7,0.29,,8333.52,ENVIADO,2024-11-29
8901,1075,761,8,134.3,0.26,57.66,852.72,PENDENTE,2024-03-18
8902,623,602,4,3238.54,,,11868.81,PENDENTE,2024-01-02
8903,286,413,7,7949.63,0.13,132.26,48545.51,ENVIADO,2024-12-23
8904,313,155,6,8543.71,0.06,11.98,48198.5,PAGO,2025-03-31
8905,259,556,9,7889.12,0.05,40.2,67492.18,ENVIADO,2024-09-25
8906,1,475,8,14107.03,0.09,142.97,102842.15,ENVIADO,2025-01-01
8907,108,424,4,68.52,0.11,109.24,353.17,PENDENTE,2022-11-28
8908,184,692,2,10927.55,0.2,123.81,17607.89,PAGO,06-02-2024
8909,513,146,3,3704.55,,35.98,11038.49,CANCELADO,2022-08-01
8910,411,323,10,11614.24,0.11,36.06,0,CANCELADO,2024-07-24
8911,48,907,8,10396.71,0.05,103.62,79118.62,CANCELADO,2022-11-24
8912,755,1094,4,10195.61,0.15,134.84,34799.91,ENVIADO,2022-08-25
8913,849,688,6,3554.75,0.05,122.19,20384.26,PAGO,2022-06-28
8914,45,87,10,8305.84,0.2,40.16,66486.88,,2024-09-25
8915,859,1364,7,14842.0,0.07,149.07,96770.49,ENVIADO,2023-07-26
8916,863,440,10,3853.79,0.26,43.79,28561.84,PENDENTE,2022-09-09
8917,1232,667,2,4049.35,0.27,59.16,5971.21,PENDENTE,2023-05-04
8918,443,633,8,9281.4,,44.02,65385.08,PAGO,2022-02-18
8919,325,312,9,2085.11,0.13,146.57,16472.98,PAGO,2024-06-16
8920,48,194,3,14083.97,0.29,119.9,30118.76,PAGO ,2023-10-29
8921,444,990,9,12040.49,0.21,48.26,85656.14,PENDENTE,2023-03-21
8922,507,192,9,11837.98,0.14,96.5,91722.47,PAGO,2023-04-24
8923,963,891,10,1678.93,0.01,144.83,16766.24,PAGO,2022-10-23
8924,1425,866,7,7891.08,0.01,34.04,54719.22,PENDENTE,2024-06-25
8925,284,172,9,9878.23,0.22,45.39,69390.56,ENVIADO,2023-12-09
8926,799,558,9,3399.53,0.09,,27986.53,ENVIADO,2023-12-06
8927,852,763,2,290.4,0.14,135.86,635.35,CANCELADO,2022-01-06
8928,486,424,5,9997.6,0.27,73.55,36564.79,ENVIADO,2024-01-04
8929,634,811,0,10329.74,0.08,52.43,85582.68,PENDENTE,2022-01-19
8930,564,450,-1,14150.21,0.11,42.31,63010.74,PAGO,2022-05-17
8931,703,640,7,8751.01,0.1,104.31,55235.67,ENVIADO,31/02/2025
8932,451,198,1,11884.93,0.06,106.8,11278.63,PENDENTE,2025-01-29
8933,186,629,7,1113.95,0.08,148.26,7322.1,PENDENTE,2023-05-31
8934,670,521,,10218.76,0.06,26.4,28843.3,PENDENTE,2022-03-14
8935,503,630,9,3539.32,0.03,81.23,30979.49,PAGO,2024-09-11
8936,416,542,4,9485.37,0.0,78.08,38019.56,ENVIADO,2023-04-27
8937,357,205,3,4129.24,0.01,80.67,12344.51,PENDENTE,2024-02-29
8938,278,1225,9,10348.65,0.09,64.9,0,PAGO,2024-11-27
8939,270,246,-1,8180.67,0.12,78.15,21675.12,PENDENTE,2024-06-17
8940,915,199,9,12766.94,0.2,103.46,92025.43,Pagoo,2023-11-12
8941,170,367,10,14673.01,0.05,86.13,139479.73,PENDENTE,2022-05-31
8942,1188,695,10,9798.01,0.0,81.92,98062.02,CANCELADO,2022-03-04
8943,645,14,3,1535.8,0.1,144.87,4291.53,CANCELADO,2024-01-20
8944,104,740,4,11962.78,0.27,85.93,35017.25,PAGO,31/02/2025
8945,105,531,-1,5845.55,0.26,58.5,30338.45,PENDENTE,2023-03-07
8946,750,646,8,12243.12,0.15,144.99,83398.21,PENDENTE,2023-08-24
8947,435,124,8,5820.39,0.17,80.34,R$500,ENVIADO,2022-04-03
8948,399,385,2,2034.59,0.22,51.39,3225.35,PAGO,2024-11-13
8949,285,805,9,10055.62,0.04,105.38,86985.94,PAGO,2023-10-08
8950,228,631,5,3996.14,0.13,98.36,17481.57,ENVIADO,2023-10-31
8951,937,975,6,6111.58,0.08,112.37,33848.29,CANCELADO,2023-03-05
8952,316,410,2,944.22,0.19,43.17,1572.81,ENVIADO,2022-08-08
8953,585,630,5,7712.48,0.08,127.5,35604.91,PAGO ,2024-02-05
8954,918,208,8,2815.2,0.28,35.42,16250.97,PENDENTE,2022-05-11
8955,768,1100,2,6770.97,0.24,125.11,10416.98,CANCELADO,2025-01-09
8956,1312,810,4,3434.57,0.21,126.65,10979.89,CANCELADO,2023-01-07
8957,1375,930,2,1176.12,,45.41,0,ENVIADO,2023-01-29
8958,476,700,10,1366.28,0.22,47.9,10704.88,ENVIADO,2022-04-25
8959,685,266,2,4091.21,0.01,77.06,8177.66,Cancelado,2023-03-25
8960,655,206,1,7749.19,0.0,84.1,7833.29,Cancelado,2022-03-18
8961,478,1286,10,14762.08,0.25,134.3,110849.9,PENDENTE,2024-09-28
8962,615,835,1,14936.79,0.01,64.97,0,ENVIADO,2023-02-04
8963,215,369,2,317.59,0.01,,731.48,PENDENTE,2025-03-28
8964,412,1153,9,10722.4,0.05,17.13,91693.65,ENVIADO,2022-09-02
8965,458,288,1,14571.86,0.21,14.35,11526.12,ENVIADO,2023-09-28
8966,535,789,2,6886.51,0.26,24.74,10216.77,PAGO,2023-11-14
8967,731,316,1,944.98,0.16,93.85,887.63,PAGO,2024-08-25
8968,256,764,8,9900.77,0.17,37.8,65778.91,ENVIADO,2024-03-15
8969,712,987,8,6764.04,0.23,144.07,41810.56,PAGO,2025-02-25
8970,551,70,4,2886.42,0.22,127.89,9133.52,ENVIADO,2024-10-27
8971,579,200,8,9205.78,0.24,90.99,56062.13,CANCELADO,2023-07-27
8972,1095,723,9,13709.16,0.17,145.93,102553.36,PAGO,2024-05-30
8973,835,336,4,835.82,,111.64,2953.43,CANCELADO,2022-04-24
8974,597,636,,1691.6,0.05,21.42,6449.5,PENDENTE,2023-09-29
8975,104,628,3,14672.19,0.27,60.88,32192.98,CANCELADO,2024-09-14
8976,825,806,9,11951.15,0.03,70.86,104404.4,PAGO,2023-08-12
8977,643,846,9,3411.88,0.1,63.28,27699.51,CANCELADO,2024-01-18
8978,726,471,8,9512.6,0.1,83.81,R$500,Cancelado,2022-05-22
8979,262,345,1,3384.74,0.01,92.81,3443.7,PAGO,2024-01-28
8980,952,754,1,14695.96,0.13,105.3,12890.79,PAGO,2022-09-10
8981,701,330,6,3842.09,0.19,102.89,18775.45,PAGO,99/99/9999
8982,92,732,10,3586.22,0.14,58.33,30899.82,ENVIADO,2024/04/19
8983,312,904,7,269.35,0.03,102.54,1931.43,ENVIADO,2023-04-10
8984,83,396,3,8594.97,0.17,94.43,21495.91,CANCELADO,2022-01-29
8985,1472,482,3,11849.57,0.14,116.2,30688.09,CANCELADO,2024-09-27
8986,8,87,7,2477.46,0.16,108.93,14676.39,CANCELADO,31/02/2025
8987,1453,80,5,14006.9,0.09,68.13,63799.53,Pago,2024-02-06
8988,393,968,9,13373.45,0.26,85.59,89152.77,PAGO,31/02/2025
8989,447,254,4,782.05,0.12,147.75,2900.57,PAGO,2023-08-05
8990,934,896,2,7455.07,0.24,23.74,11355.45,PENDENTE,2024-05-19
8991,303,820,-1,6841.81,0.28,146.02,39554.85,PAGO,2023-04-27
8992,469,88,7,485.65,0.25,25.46,2575.12,CANCELADO,2025-04-12
8993,119,235,9,2611.73,0.16,38.95,19783.63,CANCELADO,31/02/2025
8994,470,624,7,1724.0,,115.01,10372.81,PAGO,2023-07-28
8995,146,463,7,3757.58,0.21,94.84,20874.26,ENVIADO,2025-03-13
8996,425,132,5,7847.9,0.01,121.61,38968.72,CANCELADO,2023-11-29
8997,691,730,6,12774.52,0.17,123.02,63740.13,ENVIADO,2022-10-21
8998,853,179,10,4647.95,0.02,135.85,45685.76,ENVIADO,2024-11-15
8999,690,264,3,10900.1,0.09,127.85,29885.12,ENVIADO,99/99/9999
9000,732,794,6,2890.34,0.13,16.11,15103.68,PAGO,2023-08-29
9001,821,1387,9,9471.98,0.21,37.05,67382.83,PAGO,2022/09/12
9002,787,366,dez,10232.37,0.3,60.98,21548.96,ENVIADO,2025-01-05
9003,814,877,6,9270.98,0.06,39.47,52327.8,ENVIADO,2023-10-26
9004,681,879,6,10883.2,0.03,131.37,63471.59,PAGO,2022-12-24
9005,573,336,0,8811.87,0.04,83.15,17001.94,CANCELADO,2024-08-28
9006,708,318,6,9006.11,0.12,93.95,47646.21,PENDENTE,2022-09-14
9007,709,490,5,2320.51,0.18,56.25,9570.34,PAGO,2023-03-13
9008,362,63,9,3769.17,0.1,109.32,30639.6,PENDENTE,2025-04-14
9009,331,970,3,12166.61,0.28,10.82,26290.7,PAGO,2022-09-09
9010,817,283,1,1073.51,0.11,32.9,988.32,PAGO,2024/01/27
9011,46,1000,8,4156.85,0.03,53.4,32310.56,PAGO,2022-03-02
9012,995,458,2,10809.63,0.01,24.43,21427.5,CANCELADO,2024-06-06
9013,471,949,0,11368.12,0.02,16.02,78001.32,Pago,2024-05-06
9014,994,780,6,12690.91,0.13,69.83,0,CANCELADO,2022-12-18
9015,597,1439,,2519.1,0.21,87.6,19988.49,CANCELADO,2023-08-01
9016,567,864,5,886.72,0.04,141.72,4397.98,PENDENTE,2022-07-13
9017,891,555,5,433.91,0.1,13.27,1965.87,CANCELADO,2023-09-24
9018,195,290,6,10108.62,0.14,65.7,52226.18,CANCELADO,2022-05-07
9019,893,404,8,11183.99,0.22,38.75,69826.85,ENVIADO,31/02/2025
9020,234,789,9,6500.0,0.25,31.0,43906.0,ENVIADO,2023-11-11
9021,10,961,4,5584.99,0.13,63.09,19498.86,PENDENTE,2023-01-13
9022,835,270,4,14542.22,0.07,146.48,54243.54,ENVIADO,2023-09-20
9023,534,1037,10,13365.26,0.05,92.63,127062.6,ENVIADO,2022-03-16
9024,630,716,2,6146.93,0.1,137.97,11202.44,,2022-01-28
9025,227,719,6,13103.41,0.24,126.65,59878.2,PENDENTE,2022-05-17
9026,477,457,-5,12705.02,0.22,132.2,59591.69,ENVIADO,2022-01-24
9027,355,818,3,8275.4,0.27,116.61,18239.74,CANCELADO,2023-08-15
9028,746,273,4,5951.05,0.0,85.77,23889.97,CANCELADO,31/02/2025
9029,574,275,4,6171.23,0.03,91.44,24035.81,PENDENTE,2023-01-25
9030,484,196,6,1581.13,0.14,21.31,8179.94,ENVIADO,2022-04-09
9031,252,9,7,11314.72,0.29,111.39,56345.55,ENVIADO,31/02/2025
9032,614,337,1,14236.33,,32.62,11991.14,PAGO,2022-02-21
9033,288,420,4,12955.17,0.24,32.25,R$500,ENVIADO,2023-05-12
9034,219,3,10,4508.24,0.06,22.48,42399.94,PAGO,2022-10-28
9035,656,611,7,14086.9,0.22,63.65,76978.12,ENVIADO,2024-05-17
9036,902,1302,7,4874.65,0.14,128.11,29473.5,PAGO,2022-11-10
9037,37,192,3,12373.14,0.17,75.17,30884.29,PAGO,2022-06-09
9038,416,849,4,5405.3,0.07,63.66,20171.38,PAGO,2022-06-24
9039,973,946,8,13216.37,0.05,38.04,100482.45,PAGO,08-26-2022
9040,12,381,5,7093.81,0.08,,mil,CANCELADO,2024-04-05
9041,785,331,7,7864.13,,130.7,52427.16,CANCELADO,2022-08-30
9042,804,543,2,9350.28,0.07,25.51,17417.03,PENDENTE,2023-03-10
9043,981,604,1,9352.94,0.14,106.85,8150.38,ENVIADO,2022-02-28
9044,315,902,5,13742.87,0.09,108.17,62638.23,CANCELADO,04-02-2023
9045,173,734,5,14781.95,0.29,67.76,52543.68,CANCELADO,2023-09-01
9046,718,639,2,4029.32,0.13,45.63,7056.65,Pagoo,99/99/9999
9047,266,199,1,10990.08,0.25,131.47,8374.03,ENVIADO,2022-06-13
9048,550,147,8,5981.71,0.16,57.81,40254.9,ENVIADO,2022-10-09
9049,416,1200,,4751.95,0.23,63.91,18358.92,CANCELADO,2024-06-25
9050,829,42,10,10606.65,0.01,127.91,105133.74,PAGO,2024/04/05
9051,1090,465,1,3204.82,0.23,118.06,2585.77,PENDENTE,2023-07-14
9052,877,769,10,6654.58,0.15,141.56,R$500,ENVIADO,2024-10-26
9053,253,743,5,854.6,0.08,65.23,3996.39,ENVIADO,2022-01-29
9054,989,747,2,5433.03,0.22,109.5,8585.03,ENVIADO,2025-01-15
9055,344,672,2,8702.97,0.16,124.74,14745.73,CANCELADO,2023-02-23
9056,351,270,10,4894.47,0.14,80.95,42173.39,ENVIADO,2023-03-16
9057,328,343,1,3261.65,0.05,131.0,3229.57,PENDENTE,2022-11-28
9058,533,823,6,12482.62,0.06,57.13,70459.11,CANCELADO,2024-05-21
9059,860,827,3,13299.27,0.28,18.0,28744.42,pago,2023-05-30
9060,563,534,4,529.3,0.26,121.64,1688.37,CANCELADO,2025-03-31
9061,121,624,6,3686.85,0.27,59.24,16207.64,ENVIADO,2023-07-11
9062,448,690,1,11243.88,,81.86,10313.79,PENDENTE,2022-12-18
9063,1005,788,1,9802.92,0.15,68.93,8401.41,CANCELADO,2024-02-13
9064,414,677,1,1040.83,0.21,58.4,880.66,CANCELADO,2024-10-09
9065,1270,253,4,6049.83,0.23,142.45,18775.93,CANCELADO,2024/08/17
9066,498,105,4,13825.41,0.13,36.36,48148.79,PAGO,2023-09-06
9067,181,738,7,8299.06,0.06,103.69,54711.5,ENVIADO,2024-04-10
9068,513,1472,2,2494.29,0.06,109.1,4798.37,PAGO,2025-03-08
9069,990,890,5,2819.97,0.02,21.35,13839.2,CANCELADO,2022-03-08
9070,738,652,5,6723.03,0.2,68.47,26960.59,PAGO,2023-03-21
9071,546,839,9,12687.5,0.13,83.02,99426.15,CANCELADO,2024-12-31
9072,56,141,4,8017.52,0.21,73.13,25408.49,PAGO,2024-07-04
9073,670,811,-5,1677.28,0.14,89.43,2974.35,CANCELADO,2024-05-30
9074,804,770,5,10035.15,0.15,102.36,42751.75,PAGO,2023-12-01
9075,593,721,6,6743.05,0.11,64.52,36072.41,PAGO,2025-02-05
9076,825,1397,9,8433.31,0.2,74.32,60794.15,PAGO,2024-06-02
9077,459,53,6,12814.82,0.03,,74645.03,CANCELADO,2022-08-13
9078,855,668,1,11198.55,0.0,17.97,11216.52,ENVIADO,2024-06-09
9079,823,1020,10,12761.44,0.25,35.94,95746.74,CANCELADO,2022-09-16
9080,830,808,1,9000.29,0.2,129.57,7329.8,PAGO,2024-03-07
9081,219,320,5,1127.49,0.05,121.79,5477.37,PENDENTE,2023-05-04
9082,245,383,9,11832.79,,72.48,,PAGO,2024-12-27
9083,1162,1157,4,10470.47,0.28,13.1,30168.05,PENDENTE,2024-06-13
9084,697,169,2,2470.65,0.02,47.28,R$500,PAGO,2022-03-17
9085,726,849,6,4126.14,0.07,136.32,23160.18,PAGO ,2024-12-01
9086,140,660,7,6143.31,0.29,27.21,30559.46,CANCELADO,2023-01-30
9087,306,272,9,1417.17,0.27,130.83,9441.64,ENVIADO,2022-06-25
9088,415,553,,2249.45,0.2,56.0,14452.48,ENVIADO,2022-01-29
9089,893,234,6,7543.41,0.26,137.31,33630.05,ENVIADO,2022-07-23
9090,592,1145,2,2444.13,0.01,22.6,4861.98,ENVIADO,2023-03-02
9091,509,204,8,486.83,0.02,38.58,3855.33,PAGO,2023-06-05
9092,594,274,10,4397.63,0.11,119.45,39258.36,ENVIADO,2024-10-01
9093,350,597,6,1070.15,0.18,22.96,5288.1,ENVIADO,2022-09-28
9094,767,647,6,12319.94,0.16,137.95,62230.45,CANCELADO,2022-07-22
9095,272,227,2,9271.61,0.2,17.13,14851.71,PAGO,2022-08-03
9096,793,935,3,11536.01,0.04,40.09,33263.8,ENVIADO,2022-08-02
9097,715,940,1,8962.93,0.24,58.94,6870.77,PENDENTE,2024-08-14
9098,112,507,5,7876.9,0.25,66.96,29605.33,PAGO,2022-11-15
9099,39,7,1,7675.74,0.3,45.38,5418.4,ENVIADO,2022-05-16
9100,78,551,-1,10121.74,0.24,110.71,23188.28,PAGO,2022-12-22
9101,863,771,4,1907.37,0.2,73.44,6177.02,ENVIADO,2024-05-15
9102,572,985,3,13943.07,0.22,46.02,32672.8,ENVIADO,2023-01-15
9103,615,270,10,9413.85,0.16,12.22,79088.56,CANCELADO,2022-03-06
9104,887,22,9,14643.91,0.14,88.6,113432.46,PAGO,2022-12-16
9105,562,285,1,8909.24,0.15,135.95,7708.8,ENVIADO,2023-06-09
9106,528,565,4,9645.06,0.25,11.84,28947.02,CANCELADO,2023-02-10
9107,1404,766,6,939.17,0.15,13.85,4803.62,CANCELADO,2024-06-03
9108,658,343,6,1323.42,0.0,104.42,8044.94,ENVIADO,2022-12-28
9109,262,545,6,10946.5,0.1,74.13,59185.23,CANCELADO,2023-06-29
9110,580,999,7,11917.29,0.07,147.14,77728.7,PAGO,2024-04-21
9111,937,704,4,4347.41,0.15,149.68,14930.87,CANCELADO,2024-04-08
9112,336,123,1,12361.13,0.09,43.7,11292.33,CANCELADO,2022-05-23
9113,282,405,4,10946.11,0.16,131.21,36910.14,pago,2022-11-25
9114,1474,744,3,1482.08,0.17,12.48,3702.86,PENDENTE,2022-09-26
9115,568,592,,12386.25,0.21,15.19,88081.43,PENDENTE,2022-05-04
9116,589,786,6,5608.33,0.23,112.17,26022.65,CANCELADO,08-13-2022
9117,160,433,4,6376.0,0.26,134.52,19007.48,PENDENTE,2022-08-22
9118,1105,785,8,2131.4,0.09,144.96,15661.55,CANCELADO,2024-02-03
9119,712,757,2,2066.59,0.13,121.73,3717.6,PENDENTE,2023-07-10
9120,830,1488,0,9041.1,0.18,60.43,51956.34,CANCELADO,2022/08/09
9121,346,1113,2,11541.65,0.22,102.67,18107.64,PAGO,2023-07-07
9122,369,489,5,13752.87,,149.75,,PAGO,31/02/2025
9123,174,967,10,13006.12,0.22,79.59,101527.33,CANCELADO,2023-10-03
9124,742,754,9,7558.1,0.2,115.24,54533.56,ENVIADO,2025-02-04
9125,387,475,7,186.53,0.27,114.37,1067.54,PENDENTE,2023-08-21
9126,694,273,3,745.46,0.11,107.01,2097.39,ENVIADO,2022-01-26
9127,1328,753,1,594.08,,109.92,597.07,CANCELADO,2022-03-24
9128,825,118,-1,1222.52,0.21,89.65,6850.19,ENVIADO,2022-09-24
9129,872,914,3,3098.52,0.2,88.22,7524.67,PAGO,2024-06-06
9130,1106,82,10,3295.68,0.25,43.33,24760.93,ENVIADO,2024-12-13
9131,243,558,9,10197.15,0.16,141.84,77232.29,PAGO,2022-12-01
9132,290,946,10,2185.9,,117.8,20665.26,ENVIADO,99/99/9999
9133,107,3,10,3284.62,0.29,23.69,23344.49,PENDENTE,2024-03-29
9134,258,1244,7,12157.14,0.29,85.49,60506.48,PENDENTE,2024-04-12
9135,235,376,4,11774.94,0.26,,34991.76,PENDENTE,2022-10-27
9136,46,356,1,7100.29,0.06,137.16,6811.43,PAGO,09-22-2022
9137,487,43,1,12058.04,0.28,28.8,8710.59,ENVIADO,2024-01-22
9138,928,513,4,13812.33,0.08,71.36,50900.73,Pago,2023-03-19
9139,674,607,1,4214.36,0.02,46.95,4177.02,PAGO,2023-11-12
9140,883,177,2,9903.76,0.25,136.31,14991.95,Pagoo,2024-05-05
9141,480,804,-5,3187.24,0.15,148.5,21821.73,PENDENTE,2024-01-12
9142,443,66,1,13418.0,0.24,69.16,10266.84,CANCELADO,2022-01-16
9143,304,278,6,4309.65,0.25,147.73,19541.15,ENVIADO,2024-04-18
9144,919,905,5,13769.52,0.14,119.44,59328.38,PENDENTE,2022-07-29
9145,572,410,2,1739.37,0.29,26.2,2496.11,CANCELADO,2023-09-26
9146,1396,479,2,5301.57,0.21,51.6,8428.08,ENVIADO,2022-06-23
9147,348,992,2,14976.64,0.17,39.07,24900.29,PAGO,2024-06-28
9148,449,776,5,10577.41,0.09,124.45,48251.67,ENVIADO,2024-06-01
9149,447,157,7,6127.74,,81.11,42117.41,PAGO,2023-10-14
9150,807,665,4,14905.83,0.13,23.8,51896.09,PAGO,2023-10-13
9151,611,720,7,12214.01,0.18,19.97,70128.39,PENDENTE,2022-02-17
9152,828,216,10,172.67,0.15,,1499.89,PAGO,2023-08-27
9153,424,350,1,5862.25,0.25,142.08,4538.77,ENVIADO,10-14-2022
9154,170,397,6,3437.46,0.24,69.22,15744.04,PAGO,2023-12-27
9155,355,882,5,3505.39,0.17,85.02,14632.39,CANCELADO,2024-11-09
9156,418,229,2,12458.4,,101.29,25018.09,PAGO,2022-06-14
9157,1348,1316,5,1105.17,,119.28,5203.06,PENDENTE,2022-07-05
9158,85,421,10,361.25,0.29,13.85,2578.72,CANCELADO,2022-06-13
9159,816,855,3,8129.51,0.26,127.82,18175.33,PAGO,2022-04-24
9160,778,138,1,9812.57,0.12,84.37,8719.43,CANCELADO,2023-05-11
9161,423,758,4,792.12,0.14,62.23,2787.12,CANCELADO,2024-10-15
9162,292,71,9,14599.94,0.04,84.31,126227.79,CANCELADO,2024-02-17
9163,4,939,4,1212.0,0.23,82.86,3815.82,CANCELADO,2024-03-21
9164,565,435,7,4949.11,0.14,131.63,29925.27,Cancelado,2022-04-06
9165,793,35,6,6624.19,0.02,106.76,39057.0,PAGO,2024-12-27
9166,202,9,5,722.68,0.01,100.43,3677.7,ENVIADO,2025-02-03
9167,232,1015,10,11597.08,0.12,148.13,102202.43,ENVIADO,2023-10-04
9168,863,201,4,7183.53,0.0,62.19,28796.31,PAGO,2024-04-05
9169,346,684,4,10006.33,,145.74,30965.24,ENVIADO,2022-10-13
9170,921,285,6,2944.02,0.04,147.94,17105.5,PENDENTE,2022-10-10
9171,1161,541,5,12853.77,0.03,20.38,62361.16,PAGO,2024-08-30
9172,182,729,8,323.82,0.29,41.52,1880.82,PENDENTE,2022-12-14
9173,965,640,10,14507.56,0.18,139.78,119101.77,PAGO,2023-09-27
9174,800,873,5,10650.74,0.15,135.64,45401.28,PENDENTE,2022-01-07
9175,1391,414,9,13219.94,0.27,41.02,86896.03,PENDENTE,2022-07-24
9176,1293,1252,9,2625.99,0.28,53.71,17070.13,ENVIADO,2024-01-19
9177,912,422,9,365.6,0.24,41.46,2542.16,CANCELADO,2023-09-28
9178,281,846,4,1302.41,0.05,134.29,5083.45,CANCELADO,2022-03-24
9179,526,113,3,3776.63,0.18,148.75,9439.26,ENVIADO,2024-05-20
9180,874,734,4,673.7,,107.53,2532.85,PAGO,2022-04-19
9181,766,504,4,2626.58,,27.9,8748.15,CANCELADO,2023-10-11
9182,464,771,2,2443.39,0.08,48.49,4544.33,ENVIADO,31/02/2025
9183,1052,760,dez,405.5,0.27,55.42,3015.57,PENDENTE,2024-07-28
9184,377,885,3,264.05,0.19,120.87,762.51,CANCELADO,2023-10-18
9185,663,302,2,3511.62,0.28,91.07,5147.8,ENVIADO,2025-03-09
9186,671,32,7,8345.3,0.18,79.55,47981.57,PENDENTE,2022-01-27
9187,767,360,,5493.77,0.04,27.6,52767.79,PENDENTE,2023-05-03
9188,871,217,5,2679.49,0.18,35.89,11021.8,PENDENTE,2023-06-27
9189,422,531,8,1460.12,0.18,46.65,9625.04,PAGO,2023-07-11
9190,429,316,-1,13606.94,0.09,26.85,74320.74,PENDENTE,01-14-2022
9191,392,226,9,10418.84,0.28,99.24,67613.32,PAGO ,2022-09-07
9192,74,634,5,4803.37,0.12,140.97,21275.8,CANCELADO,2022-01-27
9193,820,154,10,4034.42,0.05,46.54,38373.53,PAGO,2023-06-29
9194,646,740,2,12658.49,0.29,110.52,18085.58,PENDENTE,2022-11-01
9195,778,751,8,1539.41,0.23,84.43,9567.2,CANCELADO,2023-08-19
9196,537,176,9,4897.31,0.21,112.54,34932.41,PAGO ,2022-02-21
9197,1084,1332,9,6027.66,0.2,145.1,43544.25,PAGO,2023-09-23
9198,89,621,10,11865.02,0.17,137.51,98617.18,CANCELADO,10-23-2023
9199,267,596,-1,14640.71,0.13,130.18,76554.69,PENDENTE,2024-06-01
9200,1461,443,7,309.53,0.22,66.81,1756.84,PAGO,2022-05-25
9201,538,780,,3106.21,0.18,,5136.92,PAGO,2024-05-26
9202,328,387,10,6556.25,0.27,65.52,-500,PENDENTE,2022-11-24
9203,333,990,4,5842.42,0.1,75.92,21108.63,CANCELADO,2022-09-14
9204,1268,865,0,3690.44,0.04,11.74,3554.56,ENVIADO,2024-02-22
9205,944,761,10,12133.71,0.02,92.67,119003.03,PENDENTE,31/02/2025
9206,977,325,10,11906.13,0.16,116.6,100128.09,CANCELADO,2025-02-11
9207,62,79,8,506.83,0.09,140.22,,CANCELADO,2023-07-04
9208,492,781,4,6086.42,0.2,77.42,19553.96,ENVIADO,2022-10-26
9209,252,873,8,7676.21,0.09,136.81,56019.62,CANCELADO,2025-03-22
9210,313,13,7,11843.9,0.07,108.67,77212.46,CANCELADO,2025-01-10
9211,385,917,7,6362.44,0.1,50.9,40134.27,CANCELADO,2024-03-23
9212,306,660,6,4233.03,0.27,143.59,18684.26,Cancelado,2023-11-25
9213,446,850,8,14984.28,0.13,43.82,104334.41,CANCELADO,2023-06-29
9214,857,700,7,723.95,0.22,16.94,3969.71,ENVIADO,2025-04-05
9215,801,11,1,12727.42,0.3,140.87,9050.06,CANCELADO,2024-01-17
9216,443,429,2,4524.32,0.23,,7021.14,PENDENTE,2025-01-15
9217,701,328,2,12507.11,0.07,19.73,23282.95,PAGO,2025-01-13
9218,599,331,7,10166.18,0.05,96.46,67701.56,Pagoo,2022-10-04
9219,908,498,-1,6123.29,0.18,137.26,40306.04,ENVIADO,2023-07-26
9220,412,657,1,9435.06,0.16,90.38,8015.83,PENDENTE,2023-12-06
9221,31,416,2,3366.25,0.09,11.53,6138.1,PAGO,2022-05-05
9222,127,26,7,13473.25,,81.73,92508.22,CANCELADO,2025-01-12
9223,67,510,9,5167.26,,140.66,34089.56,PENDENTE,2022-07-06
9224,16,94,3,8877.9,0.15,92.46,22731.1,PENDENTE,2024-12-22
9225,761,1297,5,6423.43,,73.48,31227.12,PAGO,2022-11-04
9226,936,473,4,11438.41,0.18,112.27,37630.25,PAGO,2022-08-24
9227,642,175,2,8385.27,0.23,113.9,13027.22,CANCELADO,2023-03-15
9228,566,152,1,9064.82,,19.8,7906.19,PENDENTE,2024-05-22
9229,940,400,3,10053.94,0.03,22.98,29279.95,ENVIADO,2024-11-10
9230,328,677,2,8030.67,0.29,73.89,11477.44,ENVIADO,2023-09-03
9231,79,803,3,891.11,0.17,122.35,2341.21,PAGO,2024-08-04
9232,901,312,4,7843.48,0.12,25.09,27634.14,PAGO,2025-04-08
9233,32,769,4,10684.75,0.05,97.2,40699.25,ENVIADO,2022-10-14
9234,534,1062,2,5172.39,0.29,125.23,7470.02,CANCELADO,2023-12-23
9235,978,729,3,12543.83,0.24,126.51,28726.44,CANCELADO,2024-12-13
9236,409,570,-5,2234.74,0.07,41.27,10432.81,Pagoo,2022-05-02
9237,991,979,3,10086.36,0.2,84.4,24291.66,PENDENTE,2023-05-02
9238,980,190,6,14657.69,0.27,140.05,64340.73,CANCELADO,2023-06-15
9239,549,726,8,7779.64,0.21,38.66,49205.98,pago,2024-01-26
9240,83,896,10,10001.26,0.18,21.03,82031.36,PENDENTE,2022-05-20
9241,866,163,7,9309.4,0.29,17.49,46285.21,PENDENTE,2024-11-07
9242,807,576,3,10896.77,0.27,139.06,24002.99,PENDENTE,2022-05-22
9243,466,41,8,11544.98,0.26,17.73,-500,pago,31/02/2025
9244,629,248,dez,10449.76,0.1,25.19,9429.97,PAGO,2023-04-01
9245,220,922,,5981.92,0.27,42.3,21876.31,ENVIADO,2022-04-28
9246,772,858,1,11052.39,0.15,116.85,9511.38,PAGO,2024-01-15
9247,247,557,8,13207.98,0.26,104.46,78295.7,PAGO ,2022-01-25
9248,215,817,2,8967.05,0.08,110.9,16610.27,ENVIADO,2023-06-17
9249,318,689,6,309.28,0.17,89.22,1629.43,ENVIADO,2024-11-22
9250,880,347,6,6954.63,0.12,71.89,36792.34,PENDENTE,2024-12-06
9251,432,277,5,11478.08,0.26,61.3,42530.2,PAGO,2023-03-14
9252,1248,778,9,6931.4,0.18,75.08,51228.81,CANCELADO,2023-02-08
9253,355,207,3,5455.65,0.24,17.66,-500,CANCELADO,2022-04-27
9254,495,80,9,7047.12,0.25,42.67,47610.73,PAGO,2023-10-11
9255,62,380,3,4265.71,0.2,105.72,R$500,PENDENTE,19/01/2024
9256,49,19,0,5172.38,0.19,126.12,42022.4,CANCELADO,2023-02-18
9257,398,899,1,612.17,0.22,47.18,524.67,CANCELADO,11/09/2023
9258,468,703,4,6205.45,0.19,65.99,20171.65,PENDENTE,27/10/2024
9259,942,322,6,11656.19,0.21,45.27,55295.61,CANCELADO,2025/03/19
9260,221,1478,dez,11633.74,0.17,88.35,86992.39,PENDENTE,2024-12-26
9261,103,178,1,69.49,0.0,141.23,210.72,CANCELADO,2023-04-10
9262,615,783,4,11503.79,0.05,22.32,43736.72,PENDENTE,2023-05-22
9263,1119,569,7,4264.68,0.29,96.79,21292.25,CANCELADO,2023-11-09
9264,102,331,2,8315.29,0.2,24.97,13329.43,PENDENTE,2022-03-17
9265,485,353,1,11838.34,0.1,39.35,10693.86,ENVIADO,2024-05-08
9266,617,695,9,13755.79,0.29,106.51,88006.01,CANCELADO,2023-12-19
9267,486,952,9,297.63,0.04,98.68,2670.2,PAGO,2022-03-01
9268,336,534,9,11715.67,0.26,123.43,78149.79,PAGO,2022-10-11
9269,15,252,8,7640.03,0.14,101.65,52665.06,PAGO,2024-09-18
9270,901,892,7,3932.0,0.1,23.02,24794.62,CANCELADO,2023-05-30
9271,842,694,dez,12503.17,0.04,18.24,72036.5,ENVIADO,99/99/9999
9272,660,321,9,118.58,0.13,121.62,1050.1,ENVIADO,2023-09-03
9273,722,847,7,309.78,0.28,95.3,1656.59,CANCELADO,2023-10-31
9274,925,97,4,14344.16,0.14,139.24,49483.15,CANCELADO,2023-04-30
9275,4,773,2,8638.37,0.07,39.96,16107.33,PENDENTE,2024-03-05
9276,393,410,9,4242.73,0.1,143.79,R$500,PENDENTE,2024-11-28
9277,610,636,4,5348.72,0.04,98.0,20637.08,ENVIADO,2022-05-28
9278,473,705,5,3560.09,0.22,111.14,13995.49,ENVIADO,2024-07-20
9279,347,1163,8,9394.28,0.01,86.37,74489.07,PAGO,2024-05-24
9280,301,451,dez,10565.96,0.1,58.94,19077.67,PAGO,2024-08-06
9281,785,390,,14611.24,0.11,146.1,78170.12,PAGO,2022-08-07
9282,167,334,10,10406.49,0.09,101.1,94800.16,ENVIADO,2024-04-28
9283,772,320,6,13875.44,,110.28,62549.76,PENDENTE,2024-07-31
9284,405,439,6,14571.53,0.29,84.67,62159.39,CANCELADO,2023-06-29
9285,1337,416,4,10464.98,0.16,21.95,35184.28,ENVIADO,2022-03-17
9286,790,236,7,43.81,0.04,,320.07,PENDENTE,2022-09-13
9287,946,194,5,4681.42,0.09,48.28,21348.74,ENVIADO,2022-04-17
9288,304,943,4,10551.58,0.14,18.32,36315.76,PENDENTE,2022-11-04
9289,662,331,4,4523.29,0.28,82.68,13109.76,ENVIADO,2022-04-10
9290,516,539,5,8021.19,0.15,28.39,R$500,PENDENTE,02-03-2024
9291,190,725,2,2083.79,0.11,,3815.97,ENVIADO,2024-10-20
9292,982,804,7,10348.61,0.09,68.95,65989.6,ENVIADO,2025-01-22
9293,450,615,2,3858.89,0.12,139.2,6930.85,PENDENTE,2023-11-08
9294,160,791,dez,6090.61,0.05,53.04,5839.12,PENDENTE,2024-05-18
9295,78,922,4,14140.17,0.12,18.34,49791.74,PENDENTE,2022-11-05
9296,887,475,8,2377.87,0.11,50.49,16980.92,PAGO,2023-07-11
9297,441,646,10,12240.13,0.29,108.54,87013.46,PAGO,2024-07-09
9298,458,979,9,115.22,0.06,21.16,995.92,PAGO,2023-03-29
9299,1315,1403,5,1448.71,,60.38,5710.35,pago,2022-08-31
9300,840,398,8,6506.19,0.02,,51156.81,PENDENTE,2024-01-02
9301,340,774,5,10667.45,0.04,111.45,51315.21,PAGO,2022-10-18
9302,1424,1399,3,1519.08,0.29,134.5,3370.14,PAGO,2023-02-16
9303,969,954,7,13236.17,0.28,98.3,66808.6,PENDENTE,99/99/9999
9304,451,105,2,6331.28,0.16,108.51,10745.06,ENVIADO,2023-08-17
9305,1145,128,8,10097.77,0.26,72.12,59850.92,PAGO,2024-06-26
9306,493,722,1,1695.12,0.15,13.64,1454.49,PENDENTE,2024-12-27
9307,600,867,,12745.48,0.25,134.58,47930.13,ENVIADO,2023-02-03
9308,649,373,6,4701.5,0.23,107.94,21828.87,PENDENTE,2024-12-24
9309,1394,400,6,11208.4,0.26,85.21,49850.51,PENDENTE,2022-12-16
9310,1275,72,9,3040.38,0.23,63.04,21132.87,PAGO,99/99/9999
9311,908,218,6,380.6,0.11,138.07,2170.47,PAGO,2022-04-09
9312,551,844,3,589.69,0.26,139.0,0,PAGO,2022-12-03
9313,976,439,3,13360.61,0.16,,33734.3,PENDENTE,2025-03-07
9314,407,725,10,3878.7,0.08,116.85,35800.89,CANCELADO,31/02/2025
9315,889,78,10,1025.93,0.25,80.84,7775.32,PAGO ,2024-02-18
9316,768,899,9,5978.81,0.1,83.23,48511.59,CANCELADO,2024-01-11
9317,709,1462,1,2311.96,0.09,93.8,2197.68,CANCELADO,2023-03-30
9318,1458,148,10,4343.09,0.13,30.98,37815.86,CANCELADO,2023-10-05
9319,724,355,4,8994.04,0.27,111.1,26373.7,ENVIADO,2024-06-15
9320,1449,239,3,11905.61,0.15,124.77,30484.08,PENDENTE,2024-04-24
9321,466,599,7,4907.41,0.17,120.93,28632.98,,2024-12-15
9322,350,112,4,10808.72,0.28,29.47,31158.58,CANCELADO,2024-04-28
9323,866,694,4,13647.34,,124.91,0,ENVIADO,2023-01-17
9324,1384,466,2,2634.19,0.12,59.38,4695.55,ENVIADO,2024-12-06
9325,239,576,3,3074.27,0.06,11.02,8680.46,CANCELADO,2023-08-01
9326,964,496,2,3552.56,0.02,141.19,7104.21,CANCELADO,2023-12-23
9327,86,41,3,3146.9,0.13,,8298.1,CANCELADO,2022-04-03
9328,1074,492,3,11054.26,0.16,34.44,27891.18,CANCELADO,2023-10-15
9329,783,278,10,13632.63,0.18,,111830.66,Pagoo,2024-09-10
9330,449,217,2,13944.56,0.24,12.15,21207.88,Cancelado,2022-02-12
9331,514,45,2,6263.75,,131.84,12659.34,CANCELADO,2024-10-28
9332,932,523,3,8939.3,0.29,143.89,,ENVIADO,2024-03-03
9333,384,684,10,14761.93,0.16,136.7,124136.91,PENDENTE,2025-04-07
9334,20,685,10,11452.19,0.27,119.87,83720.86,CANCELADO,2023-12-03
9335,772,713,6,9474.99,0.14,97.4,48988.35,PAGO,2023-01-12
9336,685,1223,4,6478.11,0.03,10.58,25145.65,PENDENTE,2024-06-28
9337,61,301,1,3087.92,0.1,120.94,2900.07,Pago,2024-06-26
9338,559,591,8,12656.47,0.11,59.66,90173.73,PENDENTE,09-27-2022
9339,482,96,5,7699.85,0.04,123.45,37082.73,PENDENTE,2022-02-03
9340,688,259,9,6547.81,,57.24,44254.96,CANCELADO,2022-08-20
9341,436,845,7,3957.04,0.24,82.45,21133.9,PAGO,2022-05-27
9342,611,438,3,2136.25,0.07,119.69,6079.83,PENDENTE,2023-05-29
9343,814,1137,3,1329.06,0.14,84.04,3513.01,PENDENTE,2022-02-18
9344,866,161,5,14307.03,0.12,144.92,63095.85,PENDENTE,31/02/2025
9345,139,491,2,13943.0,0.0,75.9,R$500,PAGO,2024-05-25
9346,343,221,1,10196.83,0.24,51.22,7800.81,ENVIADO,2023-12-07
9347,926,546,4,12233.36,0.02,87.47,48042.24,PENDENTE,2025-02-24
9348,698,343,9,13553.57,0.17,18.52,101263.69,PAGO,2022-11-05
9349,43,300,9,4029.55,0.16,39.42,30502.82,CANCELADO,04-11-2024
9350,775,825,10,8694.01,0.13,100.31,mil,PENDENTE,2024-10-07
9351,38,1424,2,14123.71,0.11,65.79,25205.99,PENDENTE,2024-12-16
9352,496,452,2,5182.99,0.09,25.62,9458.66,PENDENTE,31/02/2025
9353,497,179,-1,6196.24,0.0,94.12,18682.84,PENDENTE,2025-02-12
9354,644,689,6,14548.59,0.22,47.63,68135.03,PENDENTE,2023-12-16
9355,720,144,5,10951.2,,123.41,48308.69,CANCELADO,2024-10-04
9356,303,23,1,8493.75,0.09,76.52,7805.83,CANCELADO,2022-07-15
9357,228,869,6,5072.99,0.26,123.07,22647.15,PENDENTE,2024-12-02
9358,182,334,1,7119.83,0.13,119.44,6313.69,PENDENTE,2023-02-24
9359,234,383,10,8690.77,0.24,114.09,66163.94,Pagoo,2025-04-05
9360,5,679,1,8964.76,0.12,16.01,7905.0,PAGO,2022-09-18
9361,631,261,8,2662.5,0.07,123.24,19932.24,PAGO,2024-11-14
9362,967,141,10,4263.48,0.12,24.34,37542.96,CANCELADO,2022-04-20
9363,705,47,6,146.43,0.16,87.88,825.89,ENVIADO,2023-02-18
9364,27,175,9,8708.16,0.05,38.24,74493.01,ENVIADO,2023-02-18
9365,174,95,-5,11280.2,0.21,82.42,35727.85,CANCELADO,2022-08-25
9366,486,839,5,7962.67,0.2,36.0,31886.68,ENVIADO,2022-06-28
9367,261,707,8,1385.13,0.01,64.18,11034.41,PAGO,2023-10-10
9368,282,914,4,14105.36,0.22,74.01,44082.73,CANCELADO,2025-01-13
9369,1095,723,8,14732.92,0.28,78.68,84940.3,PAGO,2022-08-29
9370,460,473,-5,7247.65,0.28,129.14,21002.37,PAGO,2022-04-24
9371,117,1464,8,9079.53,0.12,74.16,mil,PAGO,2024-05-22
9372,1481,981,4,7740.92,0.17,33.88,25733.73,CANCELADO,2023-12-15
9373,533,190,-5,14053.72,0.19,56.09,91124.2,PAGO,2022-10-17
9374,488,1186,7,1784.21,0.1,19.38,11259.9,CANCELADO,2023-04-02
9375,871,214,1,14798.85,0.16,105.4,-500,CANCELADO,2023-12-26
9376,879,291,9,13453.47,0.04,125.69,,CANCELADO,2023-03-23
9377,644,1,8,5108.78,0.3,55.07,0,PENDENTE,2024-10-16
9378,465,865,6,14099.85,0.06,58.97,79582.12,ENVIADO,2023-10-26
9379,22,1462,7,14779.25,0.27,,75555.64,PENDENTE,99/99/9999
9380,344,362,1,1764.05,0.0,52.05,1816.1,PENDENTE,2023-05-06
9381,1,1106,10,10716.11,0.25,122.68,80493.51,PENDENTE,2023-01-21
9382,330,715,9,2048.41,0.21,129.99,14694.19,PAGO,2025-04-09
9383,562,217,6,2019.77,0.06,12.0,11403.5,PAGO,2023-03-11
9384,585,309,7,13893.32,0.29,,69134.97,PENDENTE,2024-11-17
9385,164,1372,3,65.76,0.01,115.67,310.98,PAGO,2023-01-03
9386,699,379,1,11004.29,,,9534.53,PAGO,2025-03-29
9387,287,113,9,3860.37,0.23,88.76,R$500,ENVIADO,2024-05-20
9388,767,397,10,6949.44,0.27,30.18,50761.09,ENVIADO,2022-04-12
9389,815,156,10,6664.38,0.2,57.05,53372.09,PAGO,2024-06-12
9390,1477,807,,6416.71,0.03,102.81,24999.64,PENDENTE,2023-08-07
9391,626,712,1,13401.55,0.2,129.8,10851.04,PAGO,2023-10-24
9392,729,1397,4,12217.1,0.2,124.79,,ENVIADO,2023-08-16
9393,663,817,4,1844.45,0.22,51.37,5806.05,PAGO,2023-07-27
9394,842,253,-1,9968.11,0.09,106.71,72674.55,PENDENTE,2024-08-16
9395,232,478,4,4559.13,0.01,99.32,18153.47,PENDENTE,2022-12-22
9396,973,30,-1,74.62,0.22,123.94,531.37,PAGO,21/03/2022
9397,819,303,2,14161.88,0.0,106.96,28430.72,PAGO,2023-12-10
9398,963,216,1,1108.37,0.06,89.95,1131.82,CANCELADO,2024-02-22
9399,170,211,4,4845.99,0.07,44.74,18071.82,CANCELADO,2024-11-23
9400,432,367,9,7372.21,0.17,137.67,55208.08,ENVIADO,2022-09-01
9401,53,797,10,765.02,0.2,91.19,R$500,Pago,2022-06-03
9402,103,573,2,4111.18,0.27,72.42,6074.74,PENDENTE,05/02/2022
9403,254,984,2,12943.37,0.17,94.87,21580.86,PAGO,2025-02-21
9404,470,143,3,3402.33,0.18,104.71,8474.44,PENDENTE,2023-01-29
9405,351,1149,3,3201.81,,66.84,8423.56,PAGO,2023/06/12
9406,89,866,3,14920.18,0.02,130.35,43995.68,,08-14-2022
9407,696,61,10,11061.29,0.01,68.77,109575.54,CANCELADO,2022-05-30
9408,805,910,3,10404.72,0.2,44.0,25015.33,PAGO,2023-04-15
9409,925,525,6,3162.05,0.14,97.45,16413.63,PENDENTE,2022-03-13
9410,382,14,10,11695.34,0.19,75.05,94807.3,PENDENTE,28/02/2022
9411,251,881,dez,5753.31,0.26,31.65,8546.55,PENDENTE,2024-06-07
9412,224,719,10,3641.42,0.24,88.82,-500,CANCELADO,2024-11-24
9413,674,644,1,4871.39,0.01,120.82,0,PAGO,2024-07-11
9414,549,722,2,10695.52,0.09,36.42,19502.27,ENVIADO,13/07/2024
9415,200,215,5,5454.52,0.27,45.27,19954.27,PENDENTE,2022-10-24
9416,180,546,7,8230.26,0.22,15.48,44952.7,PENDENTE,2023-12-08
9417,750,53,1,10675.51,0.12,82.25,9476.7,ENVIADO,2022-06-21
9418,1095,75,8,12021.1,0.06,146.64,90545.31,CANCELADO,2024-12-14
9419,667,180,-5,4958.06,0.06,24.68,4685.26,PAGO,2023-03-11
9420,816,189,8,12648.44,,104.7,mil,PAGO,99/99/9999
9421,872,813,4,13651.15,0.09,109.42,49799.61,PAGO,2024-03-27
9422,420,962,4,12473.97,0.11,31.3,44438.63,PAGO,2025-04-15
9423,727,751,2,4304.88,0.09,136.76,7971.64,PENDENTE,2024-06-12
9424,1163,834,3,2388.53,0.17,115.85,6063.29,ENVIADO,2022-08-28
9425,32,915,-1,7859.8,0.03,109.69,38229.72,CANCELADO,2023-08-14
9426,857,26,7,11773.05,0.1,144.68,74314.89,PENDENTE,2024-07-24
9427,53,176,4,691.92,0.25,119.29,2195.05,ENVIADO,2025-01-07
9428,747,259,2,14114.81,0.16,,23795.45,PENDENTE,2024-07-28
9429,493,144,2,7553.01,0.22,73.89,11856.59,CANCELADO,2024-09-03
9430,42,774,6,10841.43,0.16,130.67,54771.48,CANCELADO,2025-02-09
9431,702,452,3,8020.38,0.22,83.16,18850.85,Cancelado,2024-10-13
9432,284,515,5,5564.88,0.3,105.81,R$500,PENDENTE,01/02/2023
9433,182,617,10,2318.56,0.05,69.69,mil,PENDENTE,2024-08-01
9434,530,862,4,7172.31,0.12,147.91,25394.44,PAGO,2024-03-07
9435,989,841,7,5144.02,0.12,72.34,31759.5,PAGO,2023-07-25
9436,1257,612,10,11062.11,0.23,26.76,85205.01,CANCELADO,2025-01-10
9437,585,629,1,14055.11,0.17,46.65,0,CANCELADO,2023-10-25
9438,60,722,7,11936.92,0.0,126.68,83685.12,PAGO,2023-04-23
9439,754,372,9,2227.58,0.24,147.18,15383.83,PENDENTE,2024-04-17
9440,1006,397,2,8162.08,0.12,34.65,14399.91,ENVIADO,2023-07-30
9441,197,189,10,5464.55,0.07,82.03,50902.34,PENDENTE,2024-12-08
9442,211,547,1,5655.65,0.22,14.95,4426.36,CANCELADO,2022-11-17
9443,623,765,5,474.07,0.13,,2180.81,PENDENTE,2024-06-23
9444,577,398,8,907.75,0.22,125.31,5789.67,CANCELADO,2022-03-15
9445,286,598,2,2691.42,0.19,112.83,4472.93,PAGO,2023-08-15
9446,237,90,5,9025.84,0.27,34.44,32978.76,ENVIADO,2022-01-20
9447,376,1058,9,11296.52,0.01,60.08,100712.07,PENDENTE,2024-08-22
9448,375,948,4,1819.0,0.26,14.3,5398.54,PAGO,2024-11-19
9449,664,118,1,9665.55,0.15,69.69,8285.41,PAGO,2024-11-11
9450,13,937,2,1277.89,0.26,82.63,R$500,CANCELADO,2024-02-28
9451,518,631,10,3051.74,,10.2,29306.9,CANCELADO,2023-03-08
9452,778,608,7,5219.69,0.19,120.4,29716.04,CANCELADO,2023-01-02
9453,698,467,2,12000.09,0.15,129.64,20529.79,PAGO,2022-10-23
9454,243,525,8,9961.34,0.23,132.13,61493.98,ENVIADO,2022-08-17
9455,794,689,7,1479.07,0.19,119.95,8506.28,ENVIADO,2024-02-05
9456,258,526,9,6576.52,0.09,19.56,53881.26,ENVIADO,2025-01-24
9457,64,835,3,14769.02,0.07,85.29,41290.86,ENVIADO,2025-03-15
9458,907,1278,5,8939.84,0.1,115.05,40344.33,,11-01-2023
9459,460,978,10,2095.92,0.13,17.44,18251.94,ENVIADO,2024-05-30
9460,24,470,2,4360.45,0.2,148.28,7125.0,CANCELADO,2023-12-29
9461,267,563,1,12094.13,0.22,31.87,0,PAGO,2023-12-21
9462,946,645,1,13436.87,0.03,86.07,13119.83,PENDENTE,2023-01-05
9463,394,1145,1,4370.35,0.1,12.77,3946.09,ENVIADO,2022-02-26
9464,564,644,4,11345.92,0.27,129.69,-500,PAGO,2022-10-17
9465,927,875,3,12355.2,,71.09,28982.26,PAGO,2024-08-23
9466,737,178,10,567.43,0.25,104.93,4360.65,PAGO,2024-01-19
9467,271,627,6,9321.17,0.06,89.55,52660.95,CANCELADO,2025-03-26
9468,371,507,3,8999.53,0.17,31.87,-500,PENDENTE,2024-06-24
9469,903,302,3,13941.48,0.2,99.76,33559.31,PAGO,2025-04-13
9470,570,629,8,8708.49,0.26,63.98,51618.24,ENVIADO,2023/10/15
9471,259,990,8,4964.87,0.3,103.45,27906.72,CANCELADO,2025-03-18
9472,844,696,1,8506.23,0.17,24.09,7084.26,ENVIADO,31/02/2025
9473,237,848,2,2990.37,0.18,23.06,4927.27,ENVIADO,2022-01-24
9474,535,780,7,10911.45,0.16,41.64,64200.97,PENDENTE,2022-11-05
9475,143,764,3,12195.59,0.04,113.57,35236.87,ENVIADO,2023-07-13
9476,1293,909,4,4192.44,0.02,51.53,16485.89,PAGO,2023-11-25
9477,213,857,5,6484.9,0.29,63.77,23085.17,ENVIADO,2024-10-04
9478,372,2,9,9804.1,0.28,112.49,63643.06,CANCELADO,2022-04-10
9479,607,809,3,8090.02,0.07,123.92,22695.08,CANCELADO,2024-04-25
9480,516,729,3,8681.46,0.11,,23328.06,ENVIADO,2023-10-20
9481,1237,959,1,5730.79,0.25,32.84,4330.93,CANCELADO,2024-10-16
9482,539,275,3,5362.51,0.02,134.61,15900.39,CANCELADO,2022-08-12
9483,469,988,9,419.0,0.26,44.64,2835.18,PAGO,2023-07-01
9484,127,774,1,14500.67,0.09,,13318.11,CANCELADO,2022-08-12
9485,630,426,,1889.43,0.05,134.1,1929.06,CANCELADO,2022-01-14
9486,800,875,1,2398.72,,72.53,2399.29,ENVIADO,2024-08-07
9487,1429,531,2,6101.86,0.02,45.38,12005.03,CANCELADO,2025-03-09
9488,897,334,2,10099.68,0.22,62.68,15818.18,PENDENTE,2023-01-18
9489,198,1150,1,13039.33,0.24,112.6,10022.49,PAGO,2023-03-22
9490,100,512,dez,11850.91,0.21,110.53,56283.84,Pagoo,2022-12-14
9491,565,674,3,5746.28,0.28,46.78,12458.74,ENVIADO,2022-12-08
9492,755,647,dez,3656.68,0.05,31.89,34770.35,CANCELADO,2022-02-08
9493,980,191,7,6564.75,0.04,143.19,44258.31,PENDENTE,2024-06-05
9494,435,465,6,9231.76,0.0,132.54,55523.1,CANCELADO,2024-09-04
9495,605,429,6,6085.63,0.2,,29249.53,PAGO,2024-03-16
9496,1196,861,5,14262.31,0.17,81.83,59270.42,PENDENTE,2022-06-02
9497,782,692,5,7272.64,0.16,,30628.91,PENDENTE,2025-01-09
9498,774,263,2,1356.58,0.08,94.81,2590.92,CANCELADO,2022-08-31
9499,268,933,6,14547.28,0.03,40.85,84706.02,CANCELADO,2023-10-20
9500,123,399,7,7053.24,0.23,11.5,38028.46,Cancelado,2024-12-07
9501,428,912,5,13170.13,0.2,149.83,52830.35,ENVIADO,2022-02-09
9502,1105,115,4,6919.97,0.06,123.66,26142.75,PAGO,2023-01-18
9503,250,801,2,8709.7,0.13,42.8,15197.68,PAGO,2022-03-03
9504,302,959,3,14520.66,0.21,131.75,34545.71,PENDENTE,2025-02-08
9505,458,968,3,11831.68,0.0,14.85,35509.89,PAGO,04-22-2024
9506,205,792,2,11414.07,0.17,46.02,18993.38,PENDENTE,2023-12-15
9507,613,73,3,11753.71,0.05,59.1,33557.17,ENVIADO,31/02/2025
9508,1304,268,10,5079.21,0.29,46.81,36109.2,PENDENTE,2024-04-10
9509,359,622,5,7631.72,0.22,,29900.69,ENVIADO,2025-01-29
9510,716,53,1,14097.22,0.22,16.11,11011.94,CANCELADO,2022-10-19
9511,416,296,-1,8538.4,0.25,56.87,51287.27,ENVIADO,2024-05-16
9512,780,286,7,10198.4,0.07,52.28,66443.86,PAGO,2022-08-24
9513,942,501,3,2194.14,0.29,46.61,R$500,PAGO,2022-07-11
9514,779,169,9,13654.97,,146.72,110751.98,PENDENTE,2023-03-03
9515,548,635,7,12438.28,0.13,28.91,75778.04,PENDENTE,2025-02-11
9516,967,287,10,1763.9,0.01,80.24,17542.85,CANCELADO,2025-03-23
9517,49,1058,9,13327.77,0.25,109.01,90071.46,PENDENTE,2022-11-29
9518,397,424,7,6540.66,0.23,25.02,35279.18,PAGO,2023-03-22
9519,291,728,1,9587.22,0.14,31.78,8276.79,PAGO ,2022-02-10
9520,170,331,10,10809.26,0.26,144.56,80133.08,Cancelado,2025-02-15
9521,85,654,7,7016.6,0.22,131.67,0,CANCELADO,2023-02-02
9522,706,210,9,5234.32,0.09,121.37,42990.45,CANCELADO,2024-09-26
9523,605,745,7,694.35,0.29,111.45,3562.37,PENDENTE,2022-09-11
9524,765,772,10,8050.58,0.17,121.02,66940.83,CANCELADO,2024-05-08
9525,252,282,4,11542.4,0.1,85.72,41638.36,PAGO,2024-11-16
9526,687,175,9,1816.91,0.28,60.73,11834.31,PENDENTE,2023-10-29
9527,624,773,10,12610.8,0.05,126.64,119929.24,CANCELADO,2023-04-15
9528,518,44,9,9071.1,0.26,10.68,60424.21,ENVIADO,2023-09-16
9529,842,603,0,14873.91,0.07,,96951.12,ENVIADO,2022-04-23
9530,718,779,,1792.29,0.27,54.03,11829.38,PENDENTE,2023-07-25
9531,587,565,2,13379.28,,41.73,24392.02,PAGO,2022-05-15
9532,837,981,2,8502.83,0.04,52.16,16377.59,PAGO,2024-10-21
9533,997,680,8,14533.87,0.2,111.67,93128.44,PAGO,2025-01-27
9534,961,319,10,14069.89,,81.22,128117.22,CANCELADO,2024-06-09
9535,547,300,10,763.83,0.01,140.23,7702.15,PAGO,2024-06-08
9536,553,329,3,5994.62,0.03,134.59,17578.93,PAGO ,23/02/2022
9537,112,1207,5,12155.61,0.15,37.75,51699.09,CANCELADO,2024-02-08
9538,904,962,7,8443.55,,53.59,59158.44,PENDENTE,2023-12-19
9539,294,38,6,5082.56,0.08,74.54,0,CANCELADO,2023-01-01
9540,787,374,3,3421.08,0.12,48.16,,ENVIADO,2024-06-01
9541,126,953,4,4414.34,0.14,94.98,15280.31,PENDENTE,2022-06-04
9542,253,343,5,4043.12,0.01,20.38,20033.82,CANCELADO,2024-02-22
9543,307,795,8,3063.89,0.05,81.47,23367.03,PENDENTE,2022-08-30
9544,385,246,-1,7068.05,0.26,37.08,41879.94,PENDENTE,2023-09-07
9545,269,217,1,13413.13,0.03,31.82,-500,PAGO,2022-05-21
9546,557,400,8,8620.69,0.14,,59420.1,CANCELADO,2025-01-26
9547,448,574,3,12927.7,0.06,50.86,36506.97,PAGO,2022-09-09
9548,945,406,8,8243.05,0.25,62.24,49520.54,CANCELADO,2024-11-17
9549,764,624,9,12314.06,0.27,27.07,80930.44,ENVIADO,2022-11-03
9550,891,672,9,11585.21,0.22,139.25,81467.42,CANCELADO,2024-02-29
9551,488,1329,5,13919.06,0.29,,49475.45,PAGO,2022-09-13
9552,254,662,9,4260.11,0.19,34.83,31091.03,ENVIADO,2022-03-27
9553,397,699,8,4706.01,0.23,98.87,29087.89,PAGO,99/99/9999
9554,780,85,7,1153.65,0.19,143.59,6684.79,ENVIADO,2023-01-21
9555,673,1186,9,11608.98,0.1,90.38,94123.12,CANCELADO,2023-12-23
9556,651,803,,7505.58,0.23,83.95,46318.32,ENVIADO,2023-08-29
9557,599,814,9,1499.39,0.16,76.4,11411.79,PAGO,2025-02-07
9558,641,42,10,757.41,0.23,78.33,5910.39,CANCELADO,2023-07-22
9559,736,1438,9,11891.51,0.05,43.51,101715.92,PAGO,2024-01-01
9560,391,219,8,9416.7,0.27,145.8,55139.33,CANCELADO,2023-12-03
9561,228,1057,10,13203.05,0.18,93.26,108358.27,ENVIADO,31/02/2025
9562,1397,381,4,6962.37,0.18,61.59,22898.16,ENVIADO,2025-01-07
9563,949,793,4,2628.17,0.01,13.83,10421.38,PENDENTE,2022-11-09
9564,135,516,9,10041.78,,51.97,85909.19,PAGO,2022-11-15
9565,788,717,2,5131.66,0.28,51.08,7440.67,CANCELADO,31/02/2025
9566,52,560,0,9087.09,0.23,141.56,42123.92,ENVIADO,2023-07-22
9567,1300,31,7,4142.92,0.1,119.5,26219.9,CANCELADO,2024-12-22
9568,951,48,9,7073.08,0.1,66.93,mil,ENVIADO,2022-04-02
9569,757,153,5,5381.13,0.24,19.87,20468.16,Pago,2023-10-18
9570,340,253,5,2658.99,0.27,58.65,9763.96,Pagoo,2022-04-18
9571,120,548,2,3939.67,0.12,66.52,7000.34,PENDENTE,2022-10-05
9572,102,994,3,6042.63,0.02,81.08,17846.41,CANCELADO,2024-06-12
9573,437,580,4,1823.53,0.1,123.96,6688.67,PAGO,2024-05-14
9574,522,1217,5,8981.67,0.1,107.67,40525.18,PENDENTE,2024-11-21
9575,797,960,7,11072.75,0.18,116.44,63674.03,PAGO,2022-04-16
9576,770,807,3,11955.64,0.17,98.91,29868.45,ENVIADO,2023-07-26
9577,455,416,4,11757.82,0.21,56.58,37211.29,CANCELADO,2022-10-16
9578,755,505,1,13081.51,0.16,46.58,-500,PENDENTE,2024-07-11
9579,966,310,8,14662.23,0.3,56.62,82165.11,PAGO,2025-03-31
9580,365,533,8,13773.84,0.12,59.9,97027.73,ENVIADO,2024-04-18
9581,253,974,5,3166.71,0.18,24.85,13008.36,PAGO,2024-04-12
9582,594,209,6,4272.86,0.16,106.34,21641.55,ENVIADO,2023-03-24
9583,436,769,8,12401.65,0.05,118.16,94370.7,CANCELADO,2023-05-15
9584,411,536,8,5218.9,0.11,,37245.71,CANCELADO,2023-05-19
9585,260,288,5,1565.1,0.06,99.91,7455.88,ENVIADO,2025-01-26
9586,1261,589,3,11266.72,0.09,70.07,30828.22,ENVIADO,2022-04-06
9587,857,663,2,10300.15,0.08,53.59,19005.87,ENVIADO,2024-04-12
9588,435,771,10,12346.61,0.27,141.76,90272.01,CANCELADO,2024-09-22
9589,850,48,2,5970.02,0.12,109.59,10616.83,PENDENTE,2024-12-25
9590,290,853,1,6470.8,0.16,135.77,5571.24,ENVIADO,2022-02-15
9591,1308,494,9,13939.31,0.13,40.29,109185.09,ENVIADO,2024-11-22
9592,986,953,10,14660.99,0.09,122.93,133537.94,PAGO,2024-10-03
9593,346,119,3,11748.85,0.09,65.65,32140.01,PAGO,2023-02-03
9594,945,347,1,14806.32,0.2,90.44,-500,CANCELADO,2022-12-13
9595,545,761,5,3489.52,0.28,23.45,0,PENDENTE,2023-04-27
9596,65,809,10,12287.96,0.2,72.78,98376.46,CANCELADO,2025-01-14
9597,236,609,9,153.27,0.06,66.21,1362.87,pago,2024-01-07
9598,694,222,9,4103.78,0.27,148.19,27110.02,PENDENTE,2023-04-18
9599,233,855,1,13083.12,0.2,,10532.17,ENVIADO,2024-07-30
9600,355,307,6,11362.2,0.25,48.74,51178.64,PAGO,2023-01-07
9601,720,301,10,11827.08,0.17,37.55,98202.31,CANCELADO,2022-03-28
9602,379,611,2,5717.92,,122.55,9499.94,ENVIADO,2023-05-15
9603,684,781,2,8111.14,0.17,16.75,13481.24,ENVIADO,2023-08-03
9604,775,623,3,12265.31,0.19,,29854.1,CANCELADO,2024-10-24
9605,350,55,-1,13638.37,0.29,74.93,48491.14,ENVIADO,2023-01-03
9606,244,647,3,7774.24,0.17,145.62,19503.48,ENVIADO,2023-09-23
9607,519,184,2,8542.03,,44.35,14394.96,ENVIADO,31/02/2025
9608,568,12,1,11035.06,0.14,89.41,9579.56,PAGO,2024-02-07
9609,373,55,6,7044.03,0.22,99.06,33065.12,PAGO,2022-03-06
9610,999,1204,0,480.49,0.1,136.91,1434.23,CANCELADO,2023-10-11
9611,17,856,0,13416.11,0.21,102.12,R$500,PENDENTE,2024-02-23
9612,943,511,1,6106.55,,,5548.32,Pago,2023-01-15
9613,86,445,8,10506.32,0.25,146.4,63184.32,ENVIADO,2024-04-28
9614,737,829,8,8379.8,0.29,20.76,47618.02,PAGO,2022-04-25
9615,187,130,9,1130.5,0.19,97.45,8338.8,ENVIADO,2024-04-21
9616,512,384,5,185.23,0.17,121.58,890.28,PENDENTE,2024-04-15
9617,646,1276,7,12796.47,0.08,119.81,82529.08,CANCELADO,2024-04-04
9618,296,777,5,11024.05,0.23,130.73,42573.32,CANCELADO,31/02/2025
9619,631,201,-1,6756.08,0.11,21.48,54137.68,PENDENTE,2024-05-02
9620,877,691,8,1554.9,0.0,81.66,0,PENDENTE,2023-12-17
9621,397,130,1,3767.21,0.02,131.86,R$500,PAGO,2024-09-18
9622,900,399,6,10406.05,0.07,95.1,58160.86,ENVIADO,2025-04-03
9623,380,786,7,11839.09,0.12,92.68,73021.47,PAGO,2025-03-04
9624,192,553,2,6901.47,0.13,133.39,12141.95,ENVIADO,2023-03-30
9625,177,1345,4,8188.2,0.08,78.57,30211.15,CANCELADO,2022-03-23
9626,504,260,2,13533.15,0.15,16.76,23023.11,PAGO,2025-01-19
9627,828,781,3,6473.22,0.16,138.88,16451.39,CANCELADO,2023-12-08
9628,656,970,2,9861.63,0.22,71.29,15455.43,PENDENTE,2024-04-30
9629,15,620,3,10567.05,0.19,36.21,25714.14,ENVIADO,2024-01-01
9630,868,495,1,1504.0,0.28,112.45,-500,CANCELADO,2024-10-12
9631,497,701,4,2419.25,0.24,42.6,7397.12,PAGO,2022-01-03
9632,7,308,3,9856.47,0.12,83.48,26104.56,CANCELADO,2022-10-31
9633,997,138,9,9993.92,0.11,100.4,R$500,CANCELADO,2024-08-03
9634,919,391,7,11658.66,0.17,116.83,67853.64,ENVIADO,2023-06-02
9635,40,865,5,8853.53,0.06,87.78,0,PAGO,2022-06-15
9636,64,937,3,8318.54,0.27,66.35,18283.95,PENDENTE,2024-01-09
9637,970,811,10,8602.91,0.15,12.82,-500,CANCELADO,2022-12-09
9638,708,146,4,11964.77,0.27,91.84,mil,PAGO,2025-03-16
9639,601,1265,5,12029.24,0.27,36.02,43942.75,Pago,2022-08-05
9640,260,1246,9,3567.88,0.25,34.19,24117.38,ENVIADO,2024-10-05
9641,634,63,4,9378.39,0.26,111.55,27871.58,PAGO,31/02/2025
9642,182,679,2,14959.6,0.15,77.68,25509.0,PENDENTE,2023-12-15
9643,376,500,4,9568.6,0.06,56.35,36034.29,ENVIADO,2023-03-03
9644,481,181,dez,12539.62,0.04,48.91,36163.02,CANCELADO,2023-08-16
9645,373,444,5,11563.49,0.01,55.39,57294.67,ENVIADO,2022-04-01
9646,829,854,4,9603.87,0.18,123.61,31624.3,PAGO,2022-12-15
9647,687,493,1,12091.9,0.06,93.48,11459.87,ENVIADO,2025-02-03
9648,862,819,4,5595.95,0.08,35.27,20628.37,PAGO,2023-01-28
9649,881,2,9,7506.63,0.23,81.81,52102.76,PENDENTE,2023-08-23
9650,52,971,9,12165.35,0.21,105.79,86601.43,PAGO,2022-06-16
9651,1401,658,0,773.75,0.28,121.9,1236.1,PAGO,2025-04-01
9652,142,676,2,4743.9,0.19,149.5,7834.62,ENVIADO,01-29-2023
9653,933,746,2,4103.85,0.24,149.12,6386.97,PAGO,2025-01-11
9654,30,858,3,8993.47,0.23,146.05,20920.97,PAGO,2022-07-30
9655,1242,313,8,5991.44,,57.22,46071.48,ENVIADO,99/99/9999
9656,19,760,10,10470.81,0.08,105.72,96437.17,ENVIADO,2023-02-28
9657,579,28,2,3918.61,0.28,122.9,5765.7,ENVIADO,2023/04/28
9658,764,391,3,9338.15,0.09,44.2,25537.35,PENDENTE,2023-08-16
9659,765,63,2,11488.81,0.28,135.91,16679.8,CANCELADO,2025-03-11
9660,682,850,10,2199.64,0.1,125.79,19922.55,PAGO,2022-05-14
9661,780,934,5,14124.84,0.15,53.09,60083.66,PENDENTE,2022-04-26
9662,961,551,3,9451.41,0.01,17.47,28088.16,ENVIADO,2022-03-29
9663,912,617,8,3986.95,0.01,125.97,31702.61,PAGO,03-19-2023
9664,1210,513,9,12183.03,0.28,43.56,78989.59,PAGO,2024-04-07
9665,449,60,8,11701.16,0.01,28.21,92701.4,ENVIADO,2024-10-26
9666,571,494,8,10792.34,0.13,110.61,75225.3,PENDENTE,2022-05-15
9667,810,346,4,2382.31,0.27,94.37,7050.72,PAGO,2023-08-26
9668,799,616,-1,1642.63,0.15,15.93,11185.81,PAGO,2023-09-15
9669,545,815,9,301.82,0.13,72.01,2435.26,PAGO,2024-06-06
9670,325,218,2,1141.23,0.27,73.71,0,PENDENTE,2022-09-10
9671,954,711,2,4652.69,0.08,46.37,8607.32,PAGO,2023-06-15
9672,686,560,3,11017.26,0.08,83.02,30490.66,PAGO,2022-02-19
9673,738,2,8,6156.67,0.03,,47841.72,ENVIADO,2022-02-23
9674,1114,30,8,3768.17,0.18,106.63,24825.83,CANCELADO,2022-05-02
9675,1365,588,3,14023.07,,80.04,29949.18,PAGO,2022-01-10
9676,576,289,2,4385.27,0.15,128.2,R$500,PENDENTE,2023-03-10
9677,236,442,5,3769.3,0.29,47.35,13428.36,CANCELADO,2023-03-22
9678,365,171,,8983.19,0.27,28.44,32817.08,ENVIADO,2023-12-17
9679,1271,29,7,14803.06,0.27,20.82,,CANCELADO,2022-12-14
9680,57,133,3,12533.05,0.11,93.48,33556.72,CANCELADO,2023-09-07
9681,795,385,9,5434.81,0.19,56.54,39676.3,PENDENTE,2023-04-14
9682,242,539,10,6661.67,0.01,80.71,66031.24,PENDENTE,2024-06-05
9683,940,667,7,13990.58,0.11,118.98,87280.29,ENVIADO,2022-10-29
9684,29,1185,3,10987.91,0.12,52.42,29060.5,CANCELADO,2022-03-22
9685,479,849,2,12329.74,0.0,94.13,24753.61,PENDENTE,2023-09-02
9686,260,709,6,9680.29,0.16,125.64,48914.3,PAGO,2025-04-05
9687,843,665,7,3111.1,0.13,38.6,18985.2,PAGO,2024-07-23
9688,836,983,9,5218.43,0.09,17.41,42756.35,PENDENTE,2022-04-22
9689,730,1258,1,8955.28,0.09,106.09,8255.39,CANCELADO,2022-11-22
9690,333,219,3,11940.7,0.27,80.47,26230.6,PAGO,2022-02-03
9691,517,48,6,9867.92,0.08,116.98,54587.9,ENVIADO,2022/03/17
9692,688,345,10,14739.69,0.1,115.37,-500,CANCELADO,2025-04-05
9693,396,490,8,9699.69,0.13,137.36,67647.2,ENVIADO,2024-12-06
9694,842,306,6,13723.94,0.25,114.0,61871.73,PENDENTE,2023-12-28
9695,180,319,9,13053.29,0.28,,84622.08,Cancelado,2024-05-05
9696,569,388,6,4227.03,0.18,89.9,20886.89,PAGO ,2025-03-24
9697,973,38,6,5563.61,0.01,15.37,33063.21,PAGO,2022-03-11
9698,303,866,2,11056.46,0.06,45.92,20832.06,ENVIADO,2024-09-19
9699,275,132,8,14008.62,0.27,62.02,81872.36,PENDENTE,2025-01-04
9700,1422,1110,4,10572.64,0.02,49.28,41494.03,PENDENTE,2024-03-24
9701,205,694,6,8130.83,0.12,24.85,42955.63,PAGO ,2024-05-03
9702,1145,41,8,1296.28,0.03,140.11,10199.24,,2024-07-29
9703,687,1305,,3701.46,0.11,93.41,19859.21,PENDENTE,2023-01-22
9704,603,537,9,3955.27,0.07,65.95,33171.56,CANCELADO,2025-03-12
9705,624,784,10,13495.14,0.11,75.77,120182.52,PAGO,2023-02-28
9706,629,40,1,13136.44,0.11,53.42,11744.85,PENDENTE,2022-11-18
9707,167,191,9,8646.27,0.18,90.3,63899.77,PENDENTE,2023-05-25
9708,429,437,-5,14717.8,0.27,84.32,0,ENVIADO,2023-04-11
9709,123,980,4,3489.09,,97.01,12797.3,PAGO,2024-08-15
9710,480,552,1,11154.54,0.05,35.05,10631.86,PAGO,2024-09-05
9711,1292,876,5,13934.06,0.06,35.46,65525.54,PAGO,2022-10-05
9712,959,259,6,9102.28,0.02,10.15,53531.56,CANCELADO,2024-05-29
9713,365,293,1,2358.1,0.25,123.43,1892.0,ENVIADO,2025/01/20
9714,321,631,10,8945.16,0.02,38.23,87700.8,CANCELADO,2022-11-05
9715,304,663,9,9042.82,,131.12,73377.96,CANCELADO,31/02/2025
9716,746,539,8,705.8,0.11,,5036.59,PENDENTE,2024-03-25
9717,1253,240,7,14029.46,0.09,21.18,89388.84,PENDENTE,2022-06-27
9718,487,369,8,7507.78,0.24,109.99,45757.29,PENDENTE,2022-07-16
9719,5,846,3,8659.87,,98.03,20621.92,CANCELADO,2024-03-09
9720,352,1045,-5,14539.63,0.08,127.23,133891.83,CANCELADO,2022-10-18
9721,392,433,5,3161.05,0.24,121.34,12133.33,PAGO,2024-03-24
9722,397,486,3,1509.39,0.17,80.02,3838.4,CANCELADO,2024-03-08
9723,244,108,2,3456.83,0.01,24.28,6868.8,PAGO,2022-09-27
9724,294,479,9,9277.42,0.12,93.08,73570.25,PENDENTE,2023-02-14
9725,572,676,3,11701.65,0.24,29.93,26709.69,PAGO,2024-04-17
9726,629,1260,9,8816.54,0.06,24.29,74612.22,Cancelado,2023-08-18
9727,825,552,4,9482.51,0.18,10.9,31113.53,ENVIADO,2022-12-04
9728,1372,168,1,5899.98,0.25,27.89,4452.88,CANCELADO,2024-09-20
9729,1417,1240,3,12035.83,0.24,138.31,27580.0,PENDENTE,2024-12-03
9730,813,111,4,8907.53,0.19,125.63,28986.03,ENVIADO,31/02/2025
9731,663,139,-5,2435.56,0.03,44.94,18944.89,PAGO,26/05/2023
9732,131,485,10,10829.73,0.18,135.99,88939.78,Pago,2023-12-10
9733,1130,764,9,1028.61,0.29,96.97,6669.79,CANCELADO,2025-03-22
9734,1030,439,4,2772.61,0.2,133.86,9006.21,PENDENTE,03-02-2024
9735,43,406,8,11277.09,0.06,21.06,84824.78,PAGO,2022-01-01
9736,899,518,10,5178.54,0.27,88.08,37891.42,CANCELADO,2022-12-12
9737,977,743,8,13785.87,0.03,93.98,107072.33,ENVIADO,2024-08-24
9738,604,682,6,13105.43,0.1,57.68,70827.0,ENVIADO,2024-04-06
9739,722,293,10,5045.22,0.14,,43442.09,PENDENTE,2023-09-20
9740,84,647,4,14018.93,,75.44,45496.77,PAGO,2022-06-21
9741,847,509,3,1426.45,0.12,28.84,3794.67,ENVIADO,2023-04-24
9742,1289,340,10,7886.73,0.28,86.73,56871.19,CANCELADO,2022-10-10
9743,791,394,6,2008.69,0.22,146.02,9546.69,PAGO,2022-01-26
9744,33,586,5,11096.83,0.12,,48851.4,ENVIADO,2022-09-14
9745,293,1175,4,5368.05,0.08,120.2,19874.62,PENDENTE,2024-10-11
9746,682,579,6,234.91,0.27,99.47,0,PAGO,2022-01-10
9747,59,707,3,13283.69,0.26,68.01,29557.8,ENVIADO,2022-06-07
9748,433,193,2,4218.59,0.04,45.02,8144.71,PAGO,2022-04-06
9749,212,67,10,8903.27,0.05,16.15,84597.21,ENVIADO,2022-11-05
9750,922,659,,9836.32,0.17,96.27,24588.71,CANCELADO,2024-06-24
9751,310,895,7,8993.33,0.22,14.02,49117.6,CANCELADO,2023-11-16
9752,685,522,3,4252.16,0.24,139.06,9833.98,pago,2022-08-26
9753,631,747,9,8188.29,0.01,145.73,73103.39,CANCELADO,2023-11-17
9754,403,317,3,2482.43,0.23,123.82,5858.23,CANCELADO,2022-05-18
9755,1284,566,9,7209.9,0.14,111.2,55915.83,CANCELADO,2022-09-15
9756,984,966,-5,406.42,0.05,133.08,3221.87,PAGO,2022-03-14
9757,654,231,7,13677.61,0.24,141.17,72906.06,Pago,2024-11-30
9758,292,809,5,13502.25,0.28,148.1,48756.2,PENDENTE,2022-07-07
9759,220,800,10,5334.27,,138.2,52414.05,ENVIADO,2023-12-04
9760,708,172,9,7397.68,0.18,79.3,54674.18,ENVIADO,2024-01-01
9761,106,46,1,8712.73,0.03,105.23,8556.58,ENVIADO,18/10/2022
9762,149,174,10,770.99,0.01,83.7,7716.5,PENDENTE,2025-04-08
9763,504,5,2,6485.31,0.26,148.1,9746.36,ENVIADO,2022-01-29
9764,980,765,4,13660.74,0.26,123.25,40559.04,PAGO,2025-02-09
9765,923,613,5,7044.44,0.15,126.12,30064.99,PAGO,2022-02-16
9766,802,705,5,14869.45,0.13,117.24,64799.35,CANCELADO,2023-11-25
9767,1497,337,dez,12650.29,0.18,79.21,31198.92,PAGO,2024-05-08
9768,542,623,4,8838.71,0.28,26.84,25482.32,PENDENTE,2024-08-08
9769,1019,117,7,3062.53,0.15,53.27,18275.32,PAGO,30/03/2025
9770,62,674,8,2293.36,0.18,53.6,15098.04,PAGO ,2024-12-31
9771,891,711,1,12309.02,0.22,100.13,9701.17,ENVIADO,2022-07-16
9772,393,97,3,14479.27,0.02,36.98,42606.03,ENVIADO,2022-12-10
9773,257,723,6,13510.64,0.27,25.71,59202.31,CANCELADO,2023-11-24
9774,808,988,5,2762.56,0.02,138.27,13674.81,PAGO ,2023-10-21
9775,826,310,1,10341.87,0.14,53.09,8947.1,PENDENTE,2024-07-12
9776,784,92,8,13060.05,0.12,147.92,92090.67,PAGO,2023-11-01
9777,1399,331,2,2666.23,0.03,10.16,5182.65,PAGO,2023-05-12
9778,989,843,6,255.26,,112.68,1368.56,CANCELADO,2023-02-01
9779,643,171,8,2342.38,0.15,131.03,16059.21,PAGO ,2025-03-08
9780,243,212,4,6693.93,0.02,60.18,26300.39,PAGO,2022-08-08
9781,862,232,4,2357.16,0.24,110.36,7276.13,ENVIADO,2023-08-23
9782,449,632,6,6800.19,0.11,60.62,,PAGO,2024-04-07
9783,181,109,4,7420.23,0.28,38.42,21408.68,PAGO,2023-02-28
9784,786,791,9,8696.43,0.11,19.06,0,PENDENTE,2024-06-09
9785,931,308,10,5607.59,0.2,,44952.99,PAGO,2023-12-30
9786,1053,537,4,6420.99,0.15,75.61,21906.98,PENDENTE,2022-12-27
9787,976,377,1,3786.53,0.01,140.77,3889.43,ENVIADO,2022-12-31
9788,101,1321,10,7007.1,0.3,20.62,49070.32,ENVIADO,2023-02-20
9789,580,735,4,10992.66,0.27,82.02,32180.59,PAGO,2022-06-04
9790,961,955,3,3336.09,0.09,123.9,9231.43,ENVIADO,2024-07-30
9791,383,894,9,2664.26,0.03,22.96,23281.95,CANCELADO,2025-02-15
9792,663,343,0,5687.19,0.23,35.53,0,PAGO,2022-05-20
9793,955,398,6,11422.94,0.16,114.31,57685.93,CANCELADO,2022-02-17
9794,64,231,4,11006.38,0.05,122.16,41946.4,ENVIADO,2022-06-04
9795,454,945,-5,4908.56,0.04,108.08,9532.52,PAGO,2022-12-10
9796,118,80,4,14396.82,0.12,130.77,50807.58,ENVIADO,2024-08-14
9797,1364,118,10,12498.64,0.06,,117514.02,PAGO,2023-12-01
9798,1337,328,8,5578.33,0.17,136.18,37176.29,PENDENTE,2024-05-15
9799,278,793,3,6669.85,0.14,63.65,17271.86,CANCELADO,2022-03-06
9800,497,885,10,5101.16,0.21,23.76,,CANCELADO,31/02/2025
9801,319,797,1,11420.14,0.05,134.24,10983.37,PAGO,2024-10-26
9802,992,235,5,1686.42,0.04,129.4,8224.22,pago,2024-12-17
9803,384,253,1,6236.72,0.09,104.31,5779.73,CANCELADO,2022-01-08
9804,982,470,1,2070.17,0.15,46.71,1806.35,PENDENTE,2025-01-23
9805,361,31,10,596.28,0.15,105.2,5173.58,PAGO,2024-08-15
9806,265,637,9,11230.24,0.12,144.12,89087.62,,2025-01-22
9807,773,218,3,12432.27,0.18,76.27,30659.65,ENVIADO,07/02/2025
9808,505,706,9,5392.59,0.14,47.56,41786.21,CANCELADO,2023-06-22
9809,324,962,3,7834.94,0.15,61.37,R$500,PAGO,2023-04-22
9810,456,627,5,1618.31,0.25,72.28,6140.94,ENVIADO,2022-11-09
9811,174,76,3,5674.37,0.22,99.79,13377.82,ENVIADO,2022-05-21
9812,381,374,10,4296.58,0.18,125.7,mil,PENDENTE,31/02/2025
9813,938,636,9,3994.12,0.28,79.56,25961.46,PENDENTE,2022-03-30
9814,604,146,5,2520.97,0.11,61.85,11280.17,PAGO,2024-02-10
9815,870,694,3,10531.24,0.27,52.71,23116.13,PAGO,2022-01-12
9816,506,1291,3,8911.74,0.07,59.09,24922.84,PENDENTE,2023-04-28
9817,58,672,4,5462.8,0.25,80.16,16468.56,PENDENTE,2023-01-22
9818,704,1344,2,2436.61,0.05,42.23,4671.79,ENVIADO,2024-12-18
9819,947,825,2,7939.18,0.09,,14506.27,ENVIADO,2025-02-28
9820,465,953,10,10996.06,0.15,15.34,93481.85,PAGO,2022-10-31
9821,135,112,10,2673.91,0.17,102.28,22295.73,PAGO,2022-03-05
9822,349,449,7,7981.84,0.18,105.16,45920.92,PENDENTE,2022-09-25
9823,843,716,2,13802.24,0.17,93.58,23005.3,CANCELADO,2024/06/09
9824,1414,440,-1,6817.42,0.09,94.0,R$500,ENVIADO,2024-01-15
9825,193,967,4,5412.75,0.08,13.46,19932.38,CANCELADO,2024-04-12
9826,189,104,4,644.97,0.17,32.03,2173.33,ENVIADO,31/02/2025
9827,1313,607,10,12348.85,0.07,139.04,114983.34,PENDENTE,2025-03-29
9828,422,594,3,14207.91,0.24,113.73,32507.76,PAGO,2023-02-15
9829,970,356,2,2923.07,0.22,90.02,4650.01,CANCELADO,2024/10/06
9830,309,63,3,10371.47,0.03,66.74,30247.72,CANCELADO,2023-11-06
9831,163,154,10,755.45,0.01,39.19,7518.14,PENDENTE,2022-01-07
9832,471,933,7,3451.91,0.21,11.09,19100.15,ENVIADO,2023-01-20
9833,747,35,2,11539.85,0.12,16.17,20326.31,PENDENTE,2022-08-14
9834,805,263,2,13875.95,0.1,66.35,25043.06,PAGO,2024-06-08
9835,443,895,8,9912.05,0.06,,mil,CANCELADO,2022-08-01
9836,693,1479,8,11440.27,0.23,145.26,70617.32,PENDENTE,2023-08-20
9837,878,92,8,9862.06,0.11,50.47,70268.34,PAGO,2022-01-28
9838,776,13,2,1976.31,0.08,71.68,3708.09,,2022-02-25
9839,671,382,6,7036.48,0.03,144.14,41096.45,Pagoo,2025-01-09
9840,135,820,4,4484.87,0.21,135.47,mil,,2023-05-03
9841,444,626,2,7941.02,0.05,23.06,15111.0,ENVIADO,2023-08-07
9842,227,307,3,6851.55,0.07,148.19,19264.01,CANCELADO,2022-04-01
9843,527,987,9,4800.05,0.24,78.9,32911.24,PAGO,2023-05-28
9844,626,84,8,10111.15,0.08,21.25,mil,PENDENTE,2024-06-04
9845,560,571,5,8368.55,0.28,55.59,30182.37,PAGO,31/02/2025
9846,397,710,7,11948.27,0.12,38.6,73639.94,CANCELADO,2022-10-13
9847,141,302,7,9805.03,0.3,100.84,48145.49,CANCELADO,2024-02-27
9848,965,199,6,13155.28,0.26,137.29,58546.73,PAGO,2023-11-10
9849,437,976,1,8084.36,0.2,118.46,6585.95,ENVIADO,2022-08-10
9850,1184,685,5,7255.98,0.24,79.2,27651.92,PAGO,2023-07-27
9851,187,337,8,7479.4,0.24,77.7,45552.45,PENDENTE,2024-02-05
9852,978,124,1,9747.78,0.06,,9308.89,PAGO,2025-03-17
9853,107,52,8,9141.13,0.06,61.29,68802.59,CANCELADO,2023-04-07
9854,68,832,1,10201.42,0.1,46.3,9227.58,pago,2024-08-25
9855,170,818,3,6630.69,0.06,11.29,18709.84,PAGO,2022-11-14
9856,846,198,3,3351.08,0.18,,8274.1,Cancelado,2025-03-07
9857,233,555,1,3292.81,0.14,145.73,2977.55,PAGO,2023-08-26
9858,539,471,7,3722.19,0.05,116.51,24869.07,PAGO,2022-01-18
9859,714,457,8,9925.1,0.14,38.61,68323.3,PENDENTE,2024-08-16
9860,1037,315,5,928.69,0.04,120.67,4578.38,PAGO,07/12/2022
9861,202,621,3,1334.3,0.02,113.74,4036.58,PENDENTE,2024-01-01
9862,602,85,10,12387.29,0.28,131.62,,Pago,2023-09-22
9863,1396,32,8,8499.48,,105.16,48382.21,PENDENTE,2022-11-15
9864,450,305,10,12742.02,,79.05,95644.2,PAGO,2024-06-27
9865,715,981,9,5923.45,0.06,101.01,50213.4,ENVIADO,2024-07-27
9866,939,1281,2,5298.69,0.2,75.06,8552.96,CANCELADO,2024-07-28
9867,1416,203,2,9779.17,0.06,29.23,18414.07,ENVIADO,2024-08-25
9868,648,567,1,14522.89,0.24,135.04,11172.44,PENDENTE,2025-03-30
9869,700,644,8,9822.94,0.16,83.43,66093.59,PENDENTE,2024-07-19
9870,720,1360,3,8870.61,0.03,50.96,25864.44,CANCELADO,2023-04-01
9871,993,197,dez,445.99,0.17,67.25,1177.77,PENDENTE,2022-09-28
9872,794,697,3,4331.21,0.01,119.99,12983.68,CANCELADO,2023-02-25
9873,1130,247,6,12228.36,0.18,76.7,60240.23,Pagoo,2023-06-12
9874,623,698,7,389.2,0.1,78.22,2530.18,PENDENTE,2023-09-15
9875,43,816,7,9915.35,0.19,50.61,56270.64,PENDENTE,2022-05-20
9876,640,555,8,6595.73,0.28,35.2,38026.6,pago,2023-02-15
9877,649,1150,3,12830.42,0.05,110.94,36677.64,CANCELADO,2022-11-09
9878,1242,888,1,5159.63,0.1,20.05,4663.72,PENDENTE,2022-05-11
9879,975,937,3,6209.52,0.07,31.51,17356.07,ENVIADO,2023-02-20
9880,117,892,8,10478.25,0.28,40.87,60395.59,PENDENTE,2024-12-31
9881,52,708,8,13111.65,0.03,,101820.52,CANCELADO,2025-03-04
9882,504,299,5,2232.13,0.16,137.61,9512.56,CANCELADO,2023-02-23
9883,208,888,2,750.32,0.08,11.94,1392.53,PENDENTE,2022-07-09
9884,535,921,8,2863.92,0.11,137.44,20528.55,PENDENTE,2023-10-26
9885,528,123,9,9256.24,0.03,21.53,80828.51,PENDENTE,2024-05-10
9886,991,726,4,14177.12,0.15,82.33,48284.54,ENVIADO,2025-04-09
9887,631,326,8,7046.36,0.13,134.61,49177.28,ENVIADO,2024-06-06
9888,1010,1387,9,10998.36,0.29,27.63,70307.15,PAGO,2025-04-05
9889,772,698,10,2474.08,0.29,52.02,17617.99,PAGO,2022/04/03
9890,582,717,4,7987.03,0.19,11.01,25888.99,PAGO,2023-05-13
9891,638,757,2,6611.49,0.04,11.6,12705.66,PENDENTE,2023-11-10
9892,255,339,1,122.2,0.16,41.96,144.61,ENVIADO,2023-04-24
9893,495,779,4,3335.32,0.07,69.05,12476.44,ENVIADO,2022-07-18
9894,917,660,7,11281.02,0.08,116.2,72765.97,PAGO ,2024-12-06
9895,918,402,6,9425.81,0.28,129.65,40849.15,PENDENTE,2024-01-22
9896,325,87,10,4458.83,0.07,89.17,41556.29,ENVIADO,2024-04-19
9897,950,167,dez,13224.66,0.27,29.38,77261.39,CANCELADO,2024-01-17
9898,971,358,8,10487.9,0.11,123.93,74797.78,PAGO,2024-03-05
9899,1374,810,,11415.53,0.1,137.23,41233.14,CANCELADO,2024-04-16
9900,512,79,6,8450.32,0.15,132.02,43228.65,PAGO,2022-09-27
9901,29,992,6,2370.69,0.18,78.14,11741.93,ENVIADO,2023-09-07
9902,35,106,6,8657.03,0.18,,42654.17,PAGO,2023-04-22
9903,424,819,8,3377.66,0.14,55.99,23294.29,ENVIADO,2024-02-12
9904,768,715,10,7864.86,0.15,46.59,66897.9,Pagoo,2023-11-01
9905,75,109,7,3049.27,,140.12,17002.58,PENDENTE,2023-11-13
9906,740,478,1,10988.19,0.26,20.96,0,ENVIADO,2025-03-08
9907,535,735,9,2962.13,0.04,32.5,25625.3,PAGO,2023-08-21
9908,1426,570,5,4099.9,0.28,37.49,14797.13,PAGO,2023-05-17
9909,260,391,6,9373.79,0.2,21.83,45016.02,CANCELADO,2023-07-12
9910,798,66,3,12846.09,0.07,130.63,35971.22,PENDENTE,2024-03-20
9911,508,1033,1,11339.44,0.05,83.86,10856.33,ENVIADO,2024-07-30
9912,120,720,4,9346.5,0.05,144.89,35661.59,PAGO,2022-10-02
9913,626,731,2,12360.99,0.29,87.85,17640.46,PENDENTE,2022-03-09
9914,627,628,2,10069.55,0.2,101.7,16212.98,CANCELADO,2022-09-24
9915,956,1490,1,11515.52,0.28,79.43,8370.6,CANCELADO,2024-03-11
9916,27,256,8,4778.31,0.11,113.12,34134.69,ENVIADO,2023-06-14
9917,78,826,7,9007.39,,77.73,46105.49,PAGO,2023-07-30
9918,545,704,4,3821.9,0.3,132.77,10834.09,ENVIADO,2025-02-05
9919,116,653,2,1220.21,0.2,85.5,2037.84,ENVIADO,2022-10-07
9920,370,730,7,6841.02,0.19,88.74,38877.32,CANCELADO,2024-12-03
9921,74,864,2,12084.89,0.04,109.22,23312.21,CANCELADO,2023-08-10
9922,956,247,6,8658.95,0.19,72.36,42154.86,PENDENTE,2022-12-26
9923,950,429,5,5803.65,0.21,48.1,22972.52,ENVIADO,31/02/2025
9924,911,658,9,9618.9,,147.49,70269.27,ENVIADO,2022-09-13
9925,807,401,4,1428.48,0.1,52.32,5194.85,ENVIADO,2022-06-25
9926,12,966,7,12922.16,0.13,51.79,78747.74,ENVIADO,2024-06-10
9927,356,395,1,11358.43,0.07,79.57,10642.91,CANCELADO,2022-05-19
9928,909,775,5,3520.51,0.21,92.62,13998.63,PENDENTE,2022-07-03
9929,516,168,8,1267.46,,40.38,R$500,ENVIADO,2024-03-04
9930,948,857,0,8934.43,0.04,111.68,mil,PENDENTE,2023-04-05
9931,79,412,4,8900.85,0.16,,30048.73,ENVIADO,2022-06-13
9932,325,1049,5,851.11,0.22,111.12,3430.45,ENVIADO,2024-08-13
9933,372,512,4,8472.23,0.11,36.88,30198.02,PENDENTE,2023-03-18
9934,850,848,0,1359.46,0.18,60.61,7863.91,PENDENTE,2022-08-03
9935,105,402,8,5069.2,0.13,71.47,35353.1,PENDENTE,2024-03-09
9936,855,921,5,7322.68,0.19,116.17,29773.02,PAGO ,2025-01-02
9937,235,900,3,9142.6,0.07,129.16,R$500,CANCELADO,2024-10-28
9938,562,96,2,11564.06,0.24,,17712.15,PENDENTE,2022-01-14
9939,104,680,3,12841.34,0.02,52.32,37805.86,PAGO,2024-05-06
9940,1302,817,10,195.62,0.15,134.53,1797.3,PAGO,2025-04-10
9941,788,1385,7,9815.42,0.15,18.16,58419.91,ENVIADO,2022-05-30
9942,348,582,2,1252.36,0.11,119.41,2348.61,CANCELADO,2022-07-06
9943,300,192,4,5884.62,0.23,41.2,18165.83,CANCELADO,2023-12-04
9944,172,933,10,7620.01,0.0,52.85,76252.95,PAGO,2022-04-25
9945,111,872,9,5081.8,0.19,95.97,37142.29,PENDENTE,2024-01-31
9946,908,869,2,1406.51,0.01,80.13,2865.02,ENVIADO,2025-02-20
9947,193,902,7,7567.91,0.18,143.37,43583.17,ENVIADO,31/02/2025
9948,367,554,2,12096.47,0.04,138.45,23363.67,ENVIADO,2022-03-27
9949,336,861,7,1608.74,0.05,125.06,10823.18,PAGO,2024-07-19
9950,343,757,4,5273.15,0.17,14.05,17520.91,PENDENTE,2023-01-25
9951,252,188,8,4123.22,0.18,25.41,27073.73,PENDENTE,2023-03-30
9952,607,396,3,5875.86,0.09,117.63,16158.73,ENVIADO,2024-09-23
9953,1041,348,3,10455.99,0.29,21.01,22292.27,CANCELADO,2023-04-15
9954,797,451,3,14813.73,0.27,46.89,32488.96,ENVIADO,2024-05-11
9955,573,641,1,5892.84,0.15,138.03,5146.94,CANCELADO,2022-01-26
9956,611,943,5,2711.54,0.04,15.88,13031.27,ENVIADO,2022-08-27
9957,854,464,8,6382.36,0.24,,38945.48,ENVIADO,99/99/9999
9958,535,353,-5,4004.33,0.3,100.29,19721.51,PENDENTE,99/99/9999
9959,850,960,8,12886.62,0.11,36.31,91789.04,PAGO,2025-01-13
9960,633,1294,1,4823.62,0.27,27.62,3548.86,PENDENTE,2023-08-14
9961,279,353,dez,10995.66,0.11,76.28,88151.52,CANCELADO,2024-11-12
9962,582,881,4,1294.02,0.02,91.01,5163.57,ENVIADO,2023-04-05
9963,1473,17,5,5782.81,0.27,48.73,21155.99,PENDENTE,2024-05-24
9964,6,675,8,583.57,0.19,21.94,3803.47,PAGO,2022-03-06
9965,327,818,5,11033.01,0.02,103.75,54165.5,PAGO,2024-11-10
9966,943,364,1,10296.33,0.22,78.31,8109.45,PENDENTE,2024-01-02
9967,57,16,6,14936.92,0.2,146.16,0,ENVIADO,2023-12-28
9968,1011,277,7,8425.14,0.15,108.99,50238.57,PAGO ,2024-03-17
9969,915,200,10,7112.14,0.03,116.87,69104.63,PAGO,2024-02-18
9970,355,648,6,2500.86,0.14,40.02,12944.46,ENVIADO,2024-06-23
9971,827,745,-1,11163.67,,114.46,70445.58,PENDENTE,2023-03-25
9972,387,73,10,7440.91,0.1,17.8,66985.99,PAGO,2023-09-26
9973,345,1448,8,2247.16,0.12,85.6,15905.61,PENDENTE,2022-11-10
9974,1249,1212,1,2225.92,0.11,29.46,2010.53,CANCELADO,2024-05-15
9975,965,987,dez,2137.44,0.09,67.81,17573.44,PAGO,31/02/2025
9976,21,934,7,174.88,0.13,145.64,1210.66,ENVIADO,2024-07-28
9977,854,1280,5,13048.2,0.2,118.05,52310.85,CANCELADO,2022-10-27
9978,595,602,2,5311.81,0.05,67.84,10160.28,PAGO,02-27-2023
9979,919,1129,7,3857.98,0.29,26.05,19200.21,ENVIADO,2022-09-09
9980,188,337,9,6509.43,0.28,,42216.27,PAGO,2024-04-19
9981,223,252,5,6129.91,0.15,138.58,26190.7,PAGO,2024-05-11
9982,397,242,3,13778.03,,86.69,37700.71,PAGO,31/02/2025
9983,14,570,6,9291.61,0.16,13.85,46843.56,CANCELADO,03/08/2022
9984,363,927,7,5524.58,0.13,83.87,33728.56,PENDENTE,2023-09-09
9985,600,522,4,11887.22,0.24,92.25,36229.4,CANCELADO,2024-04-12
9986,143,160,8,5397.47,0.26,29.87,R$500,CANCELADO,2023-08-14
9987,664,702,3,5699.26,0.2,88.23,0,PENDENTE,04/07/2024
9988,88,416,10,5474.68,0.17,84.43,mil,Pago,2022-05-30
9989,3,533,4,12496.85,0.2,51.97,40041.89,ENVIADO,2024-06-22
9990,774,549,4,1875.02,0.03,52.78,7327.86,CANCELADO,2025-01-28
9991,234,379,6,892.83,0.06,69.44,5105.0,CANCELADO,2022-07-05
9992,690,666,2,5345.21,0.2,14.02,R$500,ENVIADO,2024-12-10
9993,1313,791,8,4520.63,0.27,55.52,26456.0,PAGO,2024-12-27
9994,457,855,4,14177.89,0.24,51.56,43152.35,CANCELADO,2022-01-28
9995,598,603,4,8514.27,0.21,147.42,27052.51,CANCELADO,2024-01-12
9996,442,1196,1,12734.64,0.28,65.9,9234.84,PENDENTE,2022-05-03
9997,276,677,6,2260.72,0.07,67.55,R$500,CANCELADO,2024-02-27
9998,660,765,4,532.66,0.2,105.49,1810.0,PAGO,2024-10-21
9999,271,599,2,675.71,0.02,109.0,mil,CANCELADO,99/99/9999
10000,119,740,6,6746.7,0.24,41.64,30806.59,ENVIADO,2023-08-23