pagamento_id,pedido_id,forma_pagamento,parcelas,bandeira_cartao,valor_pago,status,data_pagamento
1,1825,PIX,12,,4139.94,PAGO,2022-02-24
2,8929,Dinheiro,4,,6749.15,PENDENTE,2024-01-06
3,9892,Boleto,1,,10951.38,ESTORNADO,2022-04-04
4,4742,PIX,4,,12999.93,PENDENTE,2022-12-17
5,4011,Cartão,8,,5704.24,ESTORNADO,2023-03-09
6,9293,Boleto,4,,9838.47,PENDENTE,2022-10-11
7,1490,PIX,2,,2309.56,PAGO,2022-08-23
8,8798,Cartao,11,,5115.83,PENDENTE,2023-09-04
9,8318,Cartão,3,American Express,5621.23,PAGO,2023-09-22
10,3947,PIX,2,,10983.98,PAGO,2023-02-16
11,6538,pix,8,,13496.22,PENDENTE,2022-03-06
12,1161,Cartão,5,American Express,10041.29,PAGO,2024-06-01
13,11492,Dinheiro,12,,831.48,ESTORNADO,2023-05-27
14,1236,Dinheiro,9,,1486.67,ESTORNADO,31/02/2025
15,4346,Dinheiro,5,,6356.65,ESTORNADO,2024-10-26
16,10140,Cartão,1,Mastercard,14412.47,PAGO,2024-05-08
17,9261,Boleto,5,,3079.8,ESTORNADO,2025-02-27
18,1201,Cartão,9,Visa,3992.7,PENDENTE,2022-01-17
19,9087,Boleto,11,,1571.73,PAGO,2023-06-25
20,11580,PIX,2,,9521.58,PENDENTE,2022-11-02
21,6050,Cartão,7,Elo,1929.13,PENDENTE,2024-04-12
22,11509,Cartão,3,Hipercard,14643.57,PAGO,2022-08-10
23,635,Dinheiro,4,,0,PENDENTE,2023-12-21
24,6549,Boleto,,,1747.82,PENDENTE,2024-02-28
25,3115,Cartao,1,,10637.6,PAGO,2024-04-16
26,4845,Cartão,4,,6318.29,PENDENTE,2023-10-22
27,7245,Cartão,9,Mastercard,7108.33,ESTORNADO,2023-02-12
28,758,Cartão,,Hipercard,9176.88,PAGO,2022-08-07
29,3586,Cartão,12,American Express,7779.01,PAGO,2024-06-25
30,8271,Dinheiro,9,,6699.79,PAGO,2023-08-09
31,5503,Boleto,9,,1227.05,PAGO,2024-03-08
32,9570,PIX,10,,5718.11,PAGO,2024-09-26
33,7141,Dinheiro,1,,5845.08,ESTORNADO,2022-06-21
34,2224,Dinheiro,3,,773.26,PENDENTE,2022-02-09
35,854,Boleto,4,,0,ESTORNADO,2024-08-10
36,6044,Cartão,10,,9116.57,PAGO ,02-11-2023
37,1670,Boleto,11,,9014.17,PAGO,2024-01-12
38,7533,Cartão,7,,2658.53,ESTORNADO,2022-06-27
39,7386,Cartão,8,Hipercard,8556.35,ESTORNADO,2023-07-20
40,8465,Cartão,2,,3635.51,PENDENTE,2023-05-14
41,9529,Boleto,8,,8311.02,PENDENTE,2025-01-02
42,3034,Cartão,4,,11084.3,PENDENTE,2024-12-29
43,746,PIX ,9,,4396.21,PAGO,2022-05-14
44,1214,PIX,3,,2254.98,ESTORNADO,2024-06-25
45,9643,Dinheiro,,,8538.07,PAGO,2024-07-11
46,7700,Boleto,1,,3487.51,ESTORNADO,2024-05-20
47,3684,Cartão,5,Visa,12402.93,PAGO,2023-07-12
48,8091,Pix,2,,8978.59,PENDENTE,2023-07-06
49,2871,Dinheiro,9,,9779.61,PENDENTE,2022-11-26
50,8118,Boleto,11,,14179.0,ESTORNADO,2025-01-16
51,889,PIX ,9,,5439.45,PENDENTE,2023-05-06
52,5092,PIX,9,,6131.7,PAGO,2024-08-25
53,9032,Cartão,doze,American Express,,ESTORNADO,2025-04-02
54,8023,Cartão,8,Elo,8087.94,PENDENTE,31/02/2025
55,6247,,11,,11890.06,ESTORNADO,2022-02-01
56,6718,Cartão,2,Elo,7052.97,PENDENTE,2024-09-26
57,589,PIX,4,,9474.79,PENDENTE,2022-04-05
58,920,Boleto,6,,5635.12,Pendente,2025-04-09
59,7556,Boleto,8,,3844.79,PAGO,2023-05-28
60,4950,Cartão,7,Mastercard,12802.97,Pendente,2022-04-11
61,8139,Boleto,4,,9113.83,PENDENTE,2022-03-22
62,7223,PIX,10,,5485.62,PAGO,2023-07-13
63,4211,boleto,5,,11203.46,PENDENTE,2024-01-20
64,6465,PIX,,,8057.85,PENDENTE,2025-02-23
65,9996,Cartão,11,,966.99,PENDENTE,2022-10-05
66,6079,Dinheiro,10,,11139.19,PAGO,2023-04-29
67,10566,Boleto,9,,13527.41,ESTORNADO,2022/02/13
68,3991,Cartão,10,Mastercard,3093.98,ESTORNADO,2022-09-24
69,2859,PIX,11,,R$500,Estornado,2024-07-07
70,8409,PIX,8,,7567.5,ESTORNADO,2024-05-23
71,10564,Dinheiro,2,,13491.02,PENDENTE,2024-05-31
72,1875,Cartão,7,Hipercard,6784.29,PAGO,29/08/2024
73,1528,Dinheiro,2,,11173.94,PENDENTE,2022-04-16
74,9838,Boleto,6,,1571.94,ESTORNADO,2024-05-28
75,10560,PIX,10,,13937.68,Pendente,2022-03-04
76,8692,Cartão,7,Mastercard,6309.09,PENDENTE,2022-06-17
77,6948,Dinheiro,,,6641.82,PENDENTE,2024-03-20
78,898,PIX,4,,4535.26,PAGO,2025-02-18
79,11887,PIX ,,,12929.23,PAGO,2023-10-28
80,7539,Boleto,-5,,6561.94,PAGO,2024-12-22
81,5725,Boleto,12,,14374.19,ESTORNADO,2024-10-08
82,9237,Dinheiro,11,,mil,ESTORNADO,2022-06-01
83,7405,PIX,1,,5543.69,PENDENTE,2022-03-26
84,9367,Cartão,,Mastercard,9082.99,ESTORNADO,2024-06-15
85,8587,Cartão,6,Hipercard,5605.32,PENDENTE,2023-08-05
86,9875,Cartão,6,Mastercard,1240.9,ESTORNADO,2023-11-04
87,10633,PIX,11,,10063.43,ESTORNADO,2022-07-27
88,8844,PIX,,,5064.73,ESTORNADO,2024-01-17
89,3892,Dinheiro,10,,4288.22,ESTORNADO,2024-06-21
90,4617,Dinheiro,9,,7921.35,PAGO,2022-09-13
91,2627,Boleto,8,,13581.49,PAGO,2024-03-01
92,6143,Cartão,1,,4793.9,PAGO,2024-07-07
93,1299,PIX,5,,mil,PAGO,2024-10-20
94,270,Cartão,12,Visa,2170.78,PENDENTE,2024-11-05
95,8317,PIX,0,,13102.5,PAGO,2023-11-12
96,5773,Boleto,11,,,ESTORNADO,2023-02-13
97,5171,Boleto,9,,5985.4,ESTORNADO,2024-01-24
98,6554,Dinheiro,7,,5098.77,PAGO,2023-01-05
99,5263,PIX,2,,4932.24,PENDENTE,2024-06-09
100,940,PIX,11,,9569.94,Pago,03-07-2025
101,7372,Boleto,6,,6670.21,PAGO,2025-02-24
102,4265,Dinheiro,-1,,14945.55,PENDENTE,2023-10-17
103,1064,Boleto,5,,,ESTORNADO,2024-01-26
104,9039,Cartão,10,Elo,13266.01,PAGO,2022-06-01
105,8477,Boleto,3,,13171.84,ESTORNADO,2023-04-07
106,8502,Boleto,2,,3774.07,ESTORNADO,2023-11-23
107,9235,PIX,1,,1236.72,ESTORNADO,2024-09-16
108,6654,Boleto,8,,1113.14,PAGO,2024-03-27
109,6071,PIX,doze,,3641.23,PAGO,2025-03-29
110,3111,Cartão,,Hipercard,14939.62,PENDENTE,2023-07-31
111,7711,Boleto,9,,142.5,Pago,2022-05-31
112,7379,Boleto,10,,10212.37,PAGO,21/10/2024
113,2246,Boleto,8,,7799.6,PAGO,2024-12-26
114,9223,Boleto,8,,,PENDENTE,2025-03-30
115,842,Dinheiro,0,,7873.0,ESTORNADO,2024-10-24
116,7727,PIX,12,,2088.48,PAGO,2023-06-26
117,3151,Cartão,5,Elo,8380.14,PAGO,2023-08-13
118,11957,Dinheiro,7,,12279.29,PAGO,2025-02-25
119,11854,PIX,10,,mil,PAGO,2025-02-01
120,2588,Dinheiro,11,,14026.78,Pendente,2022-03-18
121,2869,Dinheiro,3,,14010.16,PAGO,2023-11-18
122,8902,Dinheiro,3,,12768.87,PENDENTE,2025-03-08
123,3165,Cartão,10,Hipercard,12845.07,PENDENTE,2023-04-28
124,4375,Boleto,5,,8745.26,ESTORNADO,2023-09-29
125,4834,Boleto,10,,3328.32,PAGO,2023-03-24
126,11156,PIX,9,,6712.28,ESTORNADO,2024-06-23
127,3366,Dinheiro,2,,,PENDENTE,2022-01-07
128,9476,pix,1,,6366.99,ESTORNADO,2024-05-10
129,6267,Dinheiro,,,5647.17,ESTORNADO,2022-02-16
130,7586,Dinheiro,9,,5701.56,PAGO,2022-02-02
131,1103,Pixx,10,,522.97,ESTORNADO,2025-03-25
132,9797,Boleto,4,,4540.43,PAGO,2022-04-07
133,6245,Boleto,12,,6256.54,PAGO,2025-02-25
134,6825,Cartão,7,Elo,3658.02,PAGO,2022-03-22
135,3083,Pix,8,Elo,3149.16,PENDENTE,2023-02-23
136,3922,Boleto,5,,5722.31,ESTORNADO,2023-02-21
137,11134,PIX,10,,12963.99,ESTORNADO,2024-10-19
138,5531,Boleto,8,,14498.29,ESTORNADO,2022-05-01
139,10310,,1,,,ESTORNADO,99/99/9999
140,4502,Boleto,1,,7543.2,ESTORNADO,2023-07-02
141,1295,Boleto,7,,6895.79,PAGO,01/09/2024
142,2808,PIX,8,,12683.04,pago,10/07/2023
143,4594,PIX,3,,13932.92,PENDENTE,2024-03-07
144,8857,Boleto,doze,,11339.03,,2023/10/31
145,7382,Dinheiro,4,,5350.05,PENDENTE,2024-02-18
146,2528,Dinheiro,6,,5423.29,PAGO,2022/07/31
147,10848,PIX,10,,8978.7,PENDENTE,2024-02-19
148,4406,Boleto,5,,R$500,PAGO,2024-07-26
149,4992,PIX,7,,4996.61,ESTORNADO,2023-02-16
150,2911,Dinheiro,6,,4385.89,ESTORNADO,2025-01-22
151,9013,PIX,12,,6935.1,ESTORNADO,2023-05-11
152,2526,Dinheiro,7,,1128.0,ESTORNADO,2025-01-04
153,1393,Cartao,,,9870.87,PENDENTE,2023-06-14
154,8500,Cartão,8,,-500,PENDENTE,2022-10-18
155,5621,Dinheiro,4,,-500,PENDENTE,2022-12-03
156,3997,Cartão,9,Hipercard,,ESTORNADO,2023-02-09
157,7038,Dinheiro,0,,10576.94,PAGO,2024-09-29
158,5135,Dinheiro,10,,5900.31,PAGO,2023-10-04
159,5004,PIX,3,,5612.12,PAGO,2025-02-10
160,10736,Cartão,3,American Express,4732.41,PENDENTE,2024-10-04
161,7273,Dinheiro,3,,1258.41,PAGO,2022-08-20
162,4390,Boleto,9,,12342.71,PAGO,2023-12-15
163,1426,Dinheiro,2,,11638.96,PAGO,2023-02-28
164,9341,Boleto,9,,4230.65,ESTORNADO,2024-04-22
165,4544,Cartão,12,Mastercard,12993.86,PAGO,14/07/2024
166,6601,Boleto,0,,14046.31,PENDENTE,2024-12-30
167,7040,Cartão,8,Elo,,PENDENTE,07-30-2024
168,7231,Dinheiro,1,,14877.74,PENDENTE,2022-06-18
169,2712,PIX,,,9391.55,,2023-12-05
170,6920,Cartão,8,Visa,1081.01,PENDENTE,99/99/9999
171,139,Cartão,8,,5280.79,PAGO,2024-02-26
172,7036,Boleto,3,,3731.84,ESTORNADO,2023-02-25
173,8349,Cartão,12,Visa,5888.43,ESTORNADO,2022-01-25
174,5186,Cartão,7,,12914.99,ESTORNADO,2022-03-23
175,6521,Boleto,11,,10695.18,PENDENTE,2022-11-15
176,10177,PIX,5,,10486.16,Estornado,2022-10-09
177,2685,Dinheiro,6,,,ESTORNADO,2023-07-12
178,4309,PIX,8,,6838.86,PENDENTE,08/11/2024
179,4007,PIX,8,,5472.37,PAGO,2023-10-18
180,1277,Boleto,doze,,mil,PAGO,07-24-2024
181,4778,Boleto,,,9348.31,PENDENTE,99/99/9999
182,5676,PIX,6,,41.9,ESTORNADO,2023-07-28
183,3793,Dinheiro,12,,13435.76,PENDENTE,2023-08-21
184,5162,Dinheiro,12,,12481.86,PENDENTE,2023-10-06
185,8781,Boleto,4,,6789.72,PENDENTE,2022-10-31
186,4067,Boleto,doze,,7711.63,ESTORNADO,2022-10-14
187,1011,Cartão,3,Elo,2988.03,PENDENTE,2024-06-27
188,1507,Boleto,2,,659.59,Estornado,2023-07-18
189,2436,PIX,10,,9295.26,PAGO,2023-05-26
190,8908,PIX,7,,11733.1,PENDENTE,31/02/2025
191,8675,Boleto,10,,14994.09,PAGO,2024-03-06
192,2847,Cartão,4,,8895.94,ESTORNADO,2024-10-05
193,10979,,1,,1372.06,PAGO,2022-02-14
194,2321,PIX,9,,12912.83,PAGO,2024-09-24
195,2855,Boleto,4,,9989.66,PAGO,99/99/9999
196,5214,PIX ,11,Mastercard,8491.94,PENDENTE,2023-11-19
197,4346,Cartão,doze,Elo,10403.78,PENDENTE,2025-01-23
198,10535,Cartão,-1,Elo,6780.29,PAGO,2023-11-24
199,7910,PIX,7,,14137.79,PAGO,2023-07-31
200,10008,PIX,7,,,PENDENTE,2023-08-21
201,7759,PIX,,,11777.45,PENDENTE,2024-06-19
202,3707,Boleto,10,,943.36,ESTORNADO,2024-05-07
203,11170,Cartão,8,,4496.8,PENDENTE,2022-12-09
204,3158,Cartão,1,Hipercard,6362.16,ESTORNADO,2025-02-13
205,5344,Boleto,9,,6883.19,PAGO,2023-08-09
206,10565,Dinheiro,5,,5757.99,PENDENTE,2022-04-11
207,4401,Boleto,1,,5081.23,PENDENTE,2023-10-20
208,6829,PIX,4,,6636.91,PENDENTE,2024-12-09
209,475,Cartão,4,Visa,13130.2,PAGO,2022-09-11
210,3964,Boleto,8,,8918.77,PAGO,2022-11-30
211,3512,Cartão,11,Elo,3392.18,PAGO,2022-01-18
212,9968,Boleto,12,,14506.03,ESTORNADO,2022/07/29
213,9199,Boleto,5,,10272.51,PENDENTE,2024-11-25
214,931,Dinheiro,11,,4807.39,PAGO,2023-01-24
215,3644,Dinheiro,11,,5390.29,PENDENTE,2023-01-10
216,5500,PIX,4,,5342.15,ESTORNADO,2025-04-03
217,1167,Dinheiro,4,,7517.15,ESTORNADO,2024-07-26
218,2955,PIX ,8,,5002.79,PAGO,2022-09-23
219,10409,Dinheiro,,,,PENDENTE,2023-05-25
220,5642,Boleto,3,,1558.57,ESTORNADO,2022-10-02
221,8032,Boleto,4,,2489.95,PENDENTE,2022-03-18
222,4191,Cartao,10,,14920.31,ESTORNADO,2022-01-20
223,1655,Boleto,10,,9092.4,PAGO,2023-06-23
224,3305,Boleto,12,,6158.15,PAGO,2025-03-21
225,2444,PIX,9,,1144.22,ESTORNADO,2023-08-19
226,5124,Dinheiro,12,,1756.2,PAGO,2023-12-03
227,6567,Dinheiro,8,,4092.06,PENDENTE,2024-05-02
228,7909,Dinheiro,3,,9177.62,PENDENTE,2022-05-10
229,5149,PIX,12,,13027.62,ESTORNADO,2023-12-10
230,11914,Cartão,9,Visa,13383.09,ESTORNADO,07-24-2023
231,9020,Dinheiro,,,12260.21,PAGO,2024-04-06
232,9129,PIX,2,,11880.91,ESTORNADO,2023-11-11
233,9830,Dinheiro,12,,9864.36,ESTORNADO,08-06-2022
234,8068,Cartão,12,Visa,11142.81,PENDENTE,99/99/9999
235,2019,Cartao,doze,,9883.68,ESTORNADO,2025-03-30
236,2104,PIX,7,,9869.68,ESTORNADO,2024-07-16
237,2264,Dinheiro,10,,10506.21,ESTORNADO,2023-12-09
238,2174,Cartão,9,Elo,8146.52,ESTORNADO,2024-12-29
239,10116,PIX,9,,1614.93,PENDENTE,2023-08-28
240,8867,PIX,6,,12214.11,PAGO,2024-03-04
241,5123,PIX,1,,11160.18,PAGO,2023-02-01
242,2907,PIX,3,,14437.88,ESTORNADO,2022/11/14
243,9780,PIX,11,,9241.82,ESTORNADO,2024-10-31
244,8898,Dinheiro,2,,5254.06,PAGO,2022-08-23
245,7302,Cartão,11,Mastercard,9213.24,ESTORNADO,2024-11-24
246,6144,Dinheiro,8,,676.9,ESTORNADO,2023-03-13
247,6951,PIX,4,,8075.56,ESTORNADO,2023-05-31
248,9421,Cartão,5,,6126.34,Estornado,2022-05-29
249,8239,PIX,5,,11807.64,pago,2025-01-22
250,2361,boleto,11,,13306.93,,2023-03-07
251,5634,Cartão,7,Mastercard,13586.31,ESTORNADO,2025-01-29
252,9006,PIX,5,,10081.85,PENDENTE,2023-02-01
253,7384,Boleto,10,,9898.15,pago,2023-07-21
254,2201,Boleto,8,,6953.47,PENDENTE,2022-06-06
255,306,PIX,10,,8691.93,ESTORNADO,2023-08-19
256,8211,PIX,7,,5470.71,PAGO,2022-10-27
257,10757,Boleto,1,,3297.91,PENDENTE,2022-03-23
258,5310,PIX,12,,14527.25,ESTORNADO,2024-11-24
259,3652,Dinheiro,-1,,12262.21,PENDENTE,2022-11-19
260,1939,Cartão,7,,,ESTORNADO,2022-11-26
261,8400,PIX,10,,2220.04,PAGO,2022-06-25
262,9938,Dinheiro,8,,2575.09,PENDENTE,2022-05-21
263,6316,Cartão,2,American Express,268.11,ESTORNADO,2022-08-29
264,2136,,11,,9745.49,ESTORNADO,2025-03-25
265,2194,Boleto,8,,,PAGO,2023-10-09
266,1747,Cartão,7,Elo,9780.61,PENDENTE,2024-09-15
267,9161,Dinheiro,5,,14827.85,ESTORNADO,2022-07-25
268,6563,Boleto,0,,9218.1,ESTORNADO,2024-01-30
269,619,Dinheiro,7,,9217.2,ESTORNADO,2024-11-27
270,551,Pix,10,Elo,2558.85,PAGO,2022-02-01
271,1125,PIX,9,,,ESTORNADO,2024-11-02
272,1186,Boleto,6,,14206.29,ESTORNADO,2024-07-28
273,9615,PIX,,,1761.7,PAGO,2023-06-24
274,1524,Dinheiro,11,,11236.85,PENDENTE,2023-01-25
275,3272,Cartão,12,Mastercard,3646.01,PENDENTE,2024-10-05
276,8872,PIX,8,,5580.52,PENDENTE,2025-03-27
277,8614,Dinheiro,,,14096.02,PAGO,2023-03-08
278,1651,Boleto,6,,9199.42,PENDENTE,2024-02-02
279,6564,Boleto,8,,2714.74,PAGO,2024-08-26
280,2894,Dinheiro,8,,2034.39,ESTORNADO,2024-09-02
281,1578,Dinheiro,12,,-500,PENDENTE,2025-01-07
282,4664,Boleto,6,,10104.43,PENDENTE,2025-03-16
283,1169,PIX,3,,5167.51,PENDENTE,2024-12-02
284,6783,Cartão,3,,12816.09,PAGO,2024-08-27
285,432,Dinheiro,9,,11479.65,PAGO,2022-09-26
286,2796,PIX,1,,9959.97,PENDENTE,2024-07-24
287,9241,Dinheiro,,,9604.0,ESTORNADO,2024-12-07
288,2234,Boleto,doze,,7048.59,PAGO,2025-02-22
289,4095,Cartao,12,Hipercard,11062.03,PENDENTE,2024-12-25
290,6766,Cartão,2,,,PENDENTE,2023-01-16
291,4623,Boleto,3,,10733.64,ESTORNADO,2022-03-06
292,2394,PIX,5,,11639.28,Pendente,2023-05-22
293,550,Cartão,8,American Express,11035.14,PAGO,2025-01-30
294,4151,Dinheiro,11,,4496.22,PENDENTE,13/05/2023
295,9521,Dinheiro,12,,8951.26,PENDENTE,2022-11-12
296,1760,Cartão,8,,3505.47,ESTORNADO,2024-09-20
297,9160,Boleto,9,,10461.63,PAGO,2024-07-09
298,4315,Boleto,8,,30.78,ESTORNADO,2024-03-04
299,8152,Cartão,10,,0,PENDENTE,2022-03-07
300,10453,Dinheiro,-1,,9367.08,ESTORNADO,2024-01-10
301,6815,Boleto,12,,0,ESTORNADO,2023-01-24
302,4076,Cartão,9,,11242.93,PENDENTE,2024-04-02
303,2592,Dinheiro,6,,13539.22,ESTORNADO,2025-01-31
304,4163,Boleto,8,,6723.55,PENDENTE,2023/10/07
305,9072,Cartão,2,Mastercard,585.29,PENDENTE,2022-06-08
306,7906,Cartão,8,,12389.06,ESTORNADO,2023-11-16
307,7116,Dinheiro,,,,PAGO,2024-03-15
308,9751,PIX,4,,mil,PENDENTE,2022-10-04
309,3246,Dinheiro,7,,9790.68,PAGO,2023-01-26
310,9731,PIX,5,,2555.44,PENDENTE,2022-04-22
311,2420,Pix,1,,5162.21,PAGO,2022-10-17
312,302,Pix,10,,13592.48,Estornado,2024-01-08
313,313,Boleto,11,,5810.12,PENDENTE,2022-03-23
314,11402,Boleto,6,,7359.19,ESTORNADO,2024-03-03
315,483,Boleto,4,,2292.59,PENDENTE,2023-10-02
316,5396,Dinheiro,9,,1993.95,ESTORNADO,2022-10-25
317,9255,Cartão,6,,1035.85,ESTORNADO,2024-06-26
318,4486,Cartão,4,Visa,1619.44,PAGO,2024-09-03
319,9908,Dinheiro,12,,-500,PAGO,2023-02-20
320,1084,Cartão,8,,13009.59,Estornado,2025-03-17
321,8606,PIX,,,1657.56,Pagoo,2023-08-20
322,4990,Boleto,8,,2513.97,PENDENTE,2025-01-24
323,6776,Boleto,8,,393.18,PENDENTE,2024-07-09
324,1398,Dinheiro,12,,11870.18,ESTORNADO,2023-01-02
325,841,Dinheiro,5,,4656.58,PENDENTE,2025-01-18
326,9962,Dinheiro,4,,,ESTORNADO,2023-01-14
327,5719,PIX,3,,12810.36,ESTORNADO,2025-03-18
328,2907,Dinheiro,12,,8692.92,PAGO,2022-09-07
329,4497,Boleto,9,,6218.09,PAGO,2023-08-12
330,5186,Boleto,9,,8635.64,ESTORNADO,2023-08-18
331,26,PIX,1,,,PAGO,2023-07-31
332,1112,Boleto,5,,7610.21,PENDENTE,2024-09-08
333,583,Cartão,8,American Express,2347.69,,99/99/9999
334,5435,Boleto,2,,14544.81,PENDENTE,2023-09-24
335,5153,PIX,5,,,PENDENTE,2022-07-09
336,409,Dinheiro,9,,2328.09,PENDENTE,2022-09-29
337,11910,boleto,7,,10710.89,ESTORNADO,2023/10/02
338,3439,Boleto,4,,2904.33,PENDENTE,2025-01-16
339,5219,Boleto,3,,14150.3,Pago,2022-04-21
340,6422,Cartão,12,,8949.9,ESTORNADO,2024-08-11
341,1523,Dinheiro,2,,6844.65,ESTORNADO,2023-11-08
342,5321,Dinheiro,8,,473.36,PENDENTE,2022-08-08
343,1163,Boleto,9,,6925.4,pago,2024-06-10
344,5607,Cartão,3,,9945.93,PAGO,11/04/2024
345,9772,Dinheiro,6,,7424.54,ESTORNADO,2024-12-24
346,9469,Dinheiro,4,,3100.81,PENDENTE,2022-01-17
347,8363,Dinheiro,,,12790.53,PAGO,2024-03-18
348,6272,Dinheiro,7,,6539.15,PAGO,03/10/2022
349,2360,Dinheiro,11,,6562.29,PAGO,2024-05-18
350,7374,Dinheiro,6,,3401.6,PENDENTE,2025-03-09
351,6039,PIX,10,,7233.36,ESTORNADO,2022-07-01
352,1280,Boleto,10,,810.56,PENDENTE,2022-03-14
353,9792,Boleto,12,,,PENDENTE,2022-09-17
354,10229,Boleto,3,,9244.65,PENDENTE,2023-04-29
355,8641,PIX,6,,14761.39,PAGO,2023/12/08
356,1901,PIX,3,,6970.94,PENDENTE,31/02/2025
357,6259,Boleto,9,,10249.49,PAGO,2022-07-21
358,9572,Dinheiro,8,,11601.8,ESTORNADO,20/05/2022
359,8606,,11,,6700.21,PAGO,2022-09-03
360,9908,Cartão,7,American Express,9852.79,ESTORNADO,2023-07-21
361,5299,Boleto,-5,,11715.35,pago,2022-10-22
362,7066,pix,10,,9657.21,PENDENTE,2022-03-19
363,11450,Cartão,12,American Express,4960.87,PENDENTE,2022-01-07
364,7899,PIX,10,,8038.86,PENDENTE,2024-07-30
365,4751,Cartão,3,,8326.04,PENDENTE,14/10/2022
366,9715,Cartão,8,,5843.74,ESTORNADO,2022-03-29
367,3469,Dinheiro,-1,,13055.6,,2022-12-19
368,5036,PIX,8,,9176.16,ESTORNADO,2024-04-03
369,9437,Cartão,6,Visa,12549.68,PAGO,06/04/2025
370,11897,Cartão,1,Visa,13196.81,PAGO,2023-02-27
371,4440,Dinheiro,7,,3604.02,PAGO,2023-01-29
372,8687,PIX,10,,-500,ESTORNADO,2022-12-28
373,707,PIX,11,,5475.61,PAGO,2022-03-01
374,1902,PIX,4,,10826.62,ESTORNADO,2023-02-14
375,3616,PIX,8,,8784.68,PAGO,2023-02-19
376,526,PIX,5,,2064.79,PENDENTE,2025-03-29
377,3764,PIX,7,,12857.47,PENDENTE,2022-11-02
378,84,Dinheiro,1,,620.08,PENDENTE,2024-04-12
379,2175,Boleto,5,,3601.15,PAGO,2024-04-10
380,6069,Dinheiro,12,,9508.37,ESTORNADO,2023-03-01
381,1327,Boleto,12,,13985.0,ESTORNADO,2023-02-24
382,5488,Cartão,9,,1721.09,PENDENTE,2024-05-16
383,1039,Boleto,6,,6797.11,ESTORNADO,2022-05-15
384,7502,Pix,2,,5872.42,PAGO,2023-08-24
385,8871,Cartão,-1,,5213.57,PENDENTE,2023-10-31
386,8687,Dinheiro,8,,4575.15,PAGO,2022-12-07
387,2635,Boleto,3,,14598.63,ESTORNADO,2023-10-12
388,2424,Pixx,8,,8107.2,PAGO,2024-11-05
389,4843,Dinheiro,5,,,ESTORNADO,2022-08-28
390,6581,Cartão,8,Visa,5373.76,PENDENTE,2022-06-28
391,6463,Cartão,8,American Express,4780.01,ESTORNADO,2023-12-21
392,7301,PIX,4,,10923.24,PENDENTE,2022-06-26
393,4969,Dinheiro,9,,14799.84,PAGO,2023-01-16
394,4743,Dinheiro,1,,12345.53,PENDENTE,2022-09-12
395,11567,Dinheiro,3,,R$500,ESTORNADO,2024-09-01
396,1960,PIX ,9,,10999.7,PAGO,2023/12/31
397,8678,PIX,9,,2923.35,ESTORNADO,2024-01-13
398,9504,Boleto,3,,213.21,ESTORNADO,2025-02-18
399,8613,PIX,7,,6918.16,PAGO,2023-12-02
400,4992,PIX,12,,12222.32,PAGO,31/02/2025
401,7066,PIX,-5,,1635.1,ESTORNADO,2023-02-14
402,5760,PIX,2,,2200.44,ESTORNADO,2025-03-30
403,8665,Cartão,12,Mastercard,2889.38,PENDENTE,2023-01-15
404,1759,Cartão,6,Mastercard,14719.89,PENDENTE,2023-08-14
405,666,PIX,6,,7415.82,PENDENTE,2022-05-23
406,7794,Boleto,3,,211.53,ESTORNADO,12-12-2022
407,5549,Cartão,10,Visa,12663.56,PENDENTE,2024-03-30
408,9883,Dinheiro,8,,7680.99,PAGO,2022-02-24
409,6270,Boleto,3,,4555.23,ESTORNADO,2025-01-15
410,8857,PIX,1,,0,PAGO,2024-10-03
411,5120,Dinheiro,8,,11464.89,ESTORNADO,2024-02-13
412,5780,Boleto,6,,940.13,ESTORNADO,2024-01-02
413,925,Cartão,4,American Express,,PENDENTE,2024-05-15
414,6901,Boleto,1,,10445.46,ESTORNADO,2024-10-26
415,5564,Cartão,10,Mastercard,,PENDENTE,2024-04-03
416,1507,PIX,-5,,5065.83,PAGO,2023-05-30
417,7426,Cartão,1,Mastercard,9425.1,ESTORNADO,2024-06-07
418,982,Cartão,6,Mastercard,6948.05,PAGO,2023-07-01
419,2632,Boleto,11,,9026.46,PENDENTE,2022-03-17
420,4469,Cartão,doze,,3890.78,Pago,2024-04-13
421,1480,Dinheiro,12,,12644.4,PAGO,2022-07-04
422,2004,Boleto,6,,12488.37,ESTORNADO,2022-04-25
423,6140,PIX,6,,,PENDENTE,2022-03-13
424,896,Cartão,5,,8299.86,PENDENTE,2024-03-15
425,4187,Boleto,,,14046.11,PAGO,2022-06-14
426,8056,Dinheiro,12,,6206.16,PENDENTE,2023-11-01
427,449,PIX,11,,9631.06,ESTORNADO,2022-09-24
428,6723,Boleto,8,,7185.91,ESTORNADO,2025-03-14
429,377,Cartão,2,Elo,14612.43,PAGO,99/99/9999
430,7130,Dinheiro,11,,7422.35,PAGO,2023-08-03
431,3103,Dinheiro,,,6139.69,PAGO,2022-09-30
432,6514,,-5,,5764.76,PENDENTE,99/99/9999
433,6242,Boleto,7,,10075.51,PAGO,2022-10-18
434,5133,PIX,3,,7498.18,PENDENTE,2023-10-09
435,8050,Pix,-1,,R$500,ESTORNADO,2024/10/10
436,9190,Dinheiro,8,,7404.97,ESTORNADO,2025-04-14
437,68,Cartão,0,Hipercard,13807.79,PAGO,2022-06-16
438,7862,,11,,14328.92,ESTORNADO,2023-03-09
439,4636,Boleto,1,,11162.12,ESTORNADO,2024-04-04
440,2526,PIX,5,,7372.86,PENDENTE,2023-07-04
441,6932,PIX,-5,,12168.7,ESTORNADO,2024-12-15
442,8597,PIX,5,,7033.92,PAGO,2022-04-03
443,8367,Dinheiro,7,,mil,ESTORNADO,2023-09-02
444,7455,,,,12121.35,PENDENTE,2024-09-04
445,6638,Dinheiro,5,,9285.12,ESTORNADO,2023-01-21
446,3429,Dinheiro,11,,2194.41,PAGO,2022-11-09
447,7296,Dinheiro,8,,-500,PENDENTE,2024-10-12
448,9763,pix,1,,7322.7,Estornado,2023-12-12
449,7148,PIX,3,,4334.4,PAGO,2022-09-26
450,6396,Dinheiro,11,,9794.45,PENDENTE,2024-10-04
451,6816,Dinheiro,5,,3536.09,ESTORNADO,2023-11-23
452,3715,PIX,9,,3376.95,PENDENTE,2022-08-02
453,7174,pix,2,,14620.4,ESTORNADO,2024-11-02
454,1627,Cartão,11,Visa,5468.78,PAGO,2022-06-24
455,6800,Boleto,11,,9981.63,PAGO,2022-03-02
456,163,PIX,-1,,5087.79,Estornado,2023-08-29
457,9071,Boleto,12,,11145.61,PENDENTE,2024-06-24
458,6628,Cartão,5,Elo,1282.53,ESTORNADO,2023-11-29
459,2622,PIX,1,,13356.98,ESTORNADO,2023-12-27
460,2044,Dinheiro,5,,8595.08,PAGO,2023-04-24
461,4662,Cartão,12,Mastercard,5677.43,ESTORNADO,07-08-2022
462,7803,Cartão,8,American Express,1189.53,ESTORNADO,2024-09-29
463,6831,Cartão,3,,,PENDENTE,2025-02-18
464,10314,Dinheiro,2,,1830.58,ESTORNADO,2024/05/13
465,4645,Cartão,3,Visa,12290.49,PENDENTE,2024-08-31
466,9924,Cartão,3,Hipercard,7581.36,PENDENTE,2023-11-26
467,7260,Boleto,11,,1346.18,PAGO,2025-03-27
468,9343,Cartão,8,Visa,7549.53,PAGO,2022-06-23
469,9943,Boleto,,,8841.62,PENDENTE,2022-10-22
470,11969,Cartão,0,Mastercard,14283.43,ESTORNADO,09-05-2022
471,9782,Cartão,8,Hipercard,7639.15,Pago,2023-07-06
472,9604,PIX,4,,11449.41,ESTORNADO,2023-05-18
473,6943,Dinheiro,doze,,35.0,PENDENTE,2023-03-12
474,8362,Boleto,1,,2438.02,ESTORNADO,2023-10-14
475,5614,Boleto,12,,0,PAGO,2022-12-22
476,8012,Dinheiro,9,,1235.61,ESTORNADO,2024-03-03
477,11522,PIX ,8,,5569.8,PAGO,2023-03-29
478,11682,Boleto,1,,4225.73,ESTORNADO,2025-03-03
479,9637,Cartão,12,,994.44,PENDENTE,2023-06-02
480,7438,PIX,7,,9621.67,ESTORNADO,2022-03-31
481,3679,PIX,5,,13777.5,ESTORNADO,2022-06-02
482,3226,Cartão,6,,4675.87,ESTORNADO,2023-05-04
483,892,Boleto,9,,11915.78,Pago,31/02/2025
484,898,Boleto,10,,9400.25,PAGO,2022-01-22
485,7606,Dinheiro,10,,9296.07,PENDENTE,2025-03-19
486,8338,Boleto,-1,,6326.68,ESTORNADO,2025-01-13
487,2416,Dinheiro,5,,9057.88,PENDENTE,2023-12-06
488,3283,Cartão,2,Hipercard,5136.45,ESTORNADO,2022-11-29
489,692,Dinheiro,4,,13800.9,ESTORNADO,2024-03-30
490,111,Boleto,1,,1124.49,PAGO,2023-03-25
491,2856,Boleto,9,,3704.54,PAGO,2023-03-07
492,3935,Pix,6,,9920.41,ESTORNADO,2024-05-29
493,4007,PIX,-5,,8818.14,ESTORNADO,2022-06-16
494,1063,Cartão,9,American Express,5833.98,ESTORNADO,2025-04-05
495,9568,PIX,4,,3308.5,PAGO,2022-10-03
496,4835,Dinheiro,9,,5286.59,ESTORNADO,2023-01-03
497,4352,PIX,6,,-500,PENDENTE,2023-07-17
498,9897,Cartão,,Visa,11102.52,PENDENTE,2024-11-15
499,2446,Dinheiro,4,,3419.36,ESTORNADO,2023-01-20
500,6844,Cartão,8,Visa,6760.58,Pendente,2024-05-21
501,6609,Boleto,6,,8812.59,ESTORNADO,2024-02-20
502,6401,PIX,9,,5808.78,PENDENTE,09-27-2024
503,1139,Dinheiro,-5,,3104.27,PENDENTE,2024-09-06
504,6374,Cartão,3,Hipercard,13059.33,PENDENTE,02-18-2023
505,7303,PIX,7,,9080.63,PAGO,2023-09-02
506,2870,Dinheiro,4,,2710.08,ESTORNADO,2023-07-15
507,8811,Boleto,11,,13746.12,ESTORNADO,2024-04-19
508,4142,Cartão,9,Visa,,PAGO,2022-10-07
509,7607,Dinheiro,8,,1042.19,ESTORNADO,2022-09-12
510,6404,Cartão,,,10077.45,PAGO,2024-12-06
511,10773,Dinheiro,12,,4638.7,PAGO,2023-11-22
512,1036,,2,Mastercard,11957.92,ESTORNADO,2024-05-26
513,3503,Pix,6,,R$500,PAGO,2023-09-10
514,8186,PIX,12,,8052.0,ESTORNADO,2022-12-26
515,5210,Dinheiro,2,,5039.88,ESTORNADO,2023-09-25
516,7021,Cartão,10,Elo,1209.26,PAGO,2023-11-05
517,5203,PIX,9,,11880.86,PENDENTE,2023-04-01
518,6251,Pix,-1,,6646.57,PAGO,2023-02-23
519,1281,Dinheiro,12,,7016.77,PAGO,2022-06-13
520,5892,Dinheiro,7,,2533.14,PENDENTE,2023-09-07
521,2504,Cartão,,Hipercard,5719.14,PENDENTE,2024-10-22
522,6132,Dinheiro,7,,-500,PENDENTE,2024-06-12
523,5712,Dinheiro,,,10333.57,Pendente,2022-10-30
524,7463,boleto,5,,3726.27,ESTORNADO,2023-01-22
525,2717,Dinheiro,5,,10383.72,ESTORNADO,2022-10-20
526,10144,Dinheiro,12,,4635.34,PAGO,2022-10-03
527,2982,PIX,8,,8515.04,PAGO,2022-08-12
528,10061,PIX,,,1303.89,PAGO,2025-04-07
529,686,PIX,4,,7844.57,PAGO,2023-12-04
530,3926,Boleto,11,,mil,ESTORNADO,2024-12-22
531,4073,Boleto,-5,,R$500,ESTORNADO,2023-04-24
532,6557,PIX,6,,6430.19,PENDENTE,2022-09-19
533,1427,Boleto,11,,14944.64,PENDENTE,2022-08-05
534,479,Cartão,6,Mastercard,13541.67,PENDENTE,2023-11-13
535,9437,PIX,11,,5161.52,ESTORNADO,2023-11-28
536,3083,pix,10,,5528.7,PENDENTE,2022-09-16
537,9857,Cartão,2,Hipercard,5941.78,ESTORNADO,2022-03-12
538,5061,PIX,5,,14952.79,Pendente,2023-04-06
539,862,Cartão,doze,,10916.38,PENDENTE,2024-12-17
540,4627,Cartão,12,Visa,12846.66,PENDENTE,2022-10-09
541,7905,Cartao,3,,3162.3,ESTORNADO,2022-12-11
542,1574,Boleto,8,,,PAGO,2024-09-27
543,9768,Cartão,11,,11183.1,ESTORNADO,2022-06-19
544,8352,Cartão,1,Hipercard,8811.02,ESTORNADO,2022-07-23
545,8807,Cartão,7,Hipercard,12196.76,PAGO,2022-09-12
546,10916,PIX,3,,12932.81,ESTORNADO,2022-03-13
547,2044,Boleto,6,,,PAGO,2024-10-01
548,8564,pix,10,,8082.38,PAGO,2024-01-06
549,6915,PIX,9,,3839.41,PENDENTE,2023-01-30
550,9235,Cartão,7,Hipercard,12327.09,PENDENTE,2022-07-02
551,10773,Boleto,3,,13035.45,PAGO,2024-09-29
552,5717,Boleto,9,,4080.39,PAGO,2024-04-04
553,2091,Boleto,1,,10306.14,ESTORNADO,2024-05-06
554,3000,Dinheiro,6,,11981.06,ESTORNADO,2024-04-12
555,1477,PIX,2,,10954.7,PAGO,2022-10-07
556,8438,PIX,7,,228.23,PAGO,2024-12-17
557,694,Dinheiro,3,,10124.34,Pagoo,2023-05-27
558,11293,Boleto,,,7257.21,PENDENTE,2024-08-06
559,8000,PIX,6,,108.25,PENDENTE,2024-12-19
560,2519,Dinheiro,2,,13698.37,PAGO,2024-06-17
561,7199,Cartão,,Visa,5318.99,Pagoo,2023-02-12
562,4355,PIX,7,,7346.24,PENDENTE,2022-08-09
563,11700,Cartão,6,Mastercard,7510.01,ESTORNADO,2023-05-23
564,8377,Cartão,4,Elo,4231.46,PAGO,2023-01-07
565,9687,Cartão,4,Visa,0,PENDENTE,2023-04-19
566,6981,Dinheiro,,,,ESTORNADO,2022-04-17
567,5270,Cartão,5,Visa,7091.43,ESTORNADO,2022-09-24
568,5921,Boleto,4,,9760.72,Estornado,99/99/9999
569,10393,Boleto,12,,7123.49,PAGO,2024-01-20
570,1924,Dinheiro,2,,7252.65,ESTORNADO,2024-03-25
571,8724,PIX,3,,6577.42,,2024-11-16
572,8603,Boleto,-1,,12790.08,PENDENTE,2022-04-16
573,4080,Cartão,9,Elo,1760.45,ESTORNADO,2023-08-27
574,939,Cartao,6,,3304.81,PENDENTE,2023-06-12
575,9902,Cartão,8,Mastercard,3325.17,PENDENTE,2022-07-11
576,7527,Cartão,3,,2849.12,PENDENTE,2024-05-23
577,6595,PIX,0,,7911.14,ESTORNADO,2022-10-20
578,9825,PIX,1,,14365.11,PAGO,2023/05/15
579,8907,PIX,1,,0,Pagoo,2024-02-27
580,1842,Dinheiro,-5,,14861.71,PAGO,2022-12-31
581,5487,Cartão,11,,6390.16,ESTORNADO,2022-06-06
582,2436,Cartão,6,,2233.75,PENDENTE,2022-09-19
583,6309,Boleto,6,,7423.21,PENDENTE,2024-10-05
584,3771,Dinheiro,0,,8722.84,PENDENTE,2024-01-10
585,2284,Boleto,-1,,2179.22,ESTORNADO,2024-05-19
586,1737,PIX,8,,mil,PAGO,2023-09-06
587,5527,Dinheiro,-1,,10434.8,Pendente,2023-06-13
588,8223,Boleto,12,,3425.18,PAGO,2025-02-19
589,1265,Dinheiro,8,,4711.58,ESTORNADO,2023/11/19
590,2667,PIX,2,,,PAGO,2024/09/17
591,1528,Boleto,1,,14708.51,PENDENTE,2024-10-28
592,2461,PIX,10,,11945.12,PENDENTE,2022-10-16
593,2639,Boleto,8,,11784.57,PENDENTE,2022-06-03
594,9289,Dinheiro,2,,12074.8,PAGO,2023-07-28
595,5790,PIX,2,,2704.21,PENDENTE,2024-01-15
596,6569,Dinheiro,10,,13758.76,PAGO,2022-03-29
597,935,Cartão,12,Mastercard,12322.1,Pagoo,2024-08-17
598,7617,PIX,2,,2720.49,PAGO,2023-07-25
599,8931,Cartão,8,Elo,R$500,PAGO,2022-02-16
600,10830,Boleto,5,,9542.6,PAGO,2022-04-21
601,7022,Boleto,5,,2484.71,PENDENTE,2025-02-22
602,9784,Cartão,2,American Express,,ESTORNADO,2022-10-30
603,5185,PIX,11,,,ESTORNADO,2023-01-20
604,8948,Cartão,10,Mastercard,R$500,PAGO ,2024-07-22
605,5763,Boleto,9,,6399.22,PENDENTE,2024-06-14
606,1626,PIX,2,,1362.78,PAGO,2024-05-11
607,7449,Dinheiro,2,,2949.49,PENDENTE,2023-04-04
608,11862,Boleto,-1,,12580.49,PENDENTE,2022-12-16
609,7046,Cartão,9,American Express,14602.89,PAGO,2023-10-14
610,7167,Cartão,2,American Express,10656.17,PAGO,2022-07-10
611,7167,PIX,11,,11555.08,Estornado,2024-01-04
612,3634,Boleto,4,,8040.55,PAGO,2024-07-29
613,11730,PIX,3,,4251.3,PAGO,2022-06-06
614,6880,Pix,6,,9510.61,PENDENTE,99/99/9999
615,4170,PIX,4,,9099.54,ESTORNADO,2022-09-17
616,7891,Cartão,2,,5241.33,ESTORNADO,2023-07-30
617,1686,Boleto,3,,11915.61,ESTORNADO,2023-12-24
618,1053,Dinheiro,3,,,ESTORNADO,2023-10-23
619,3047,Boleto,4,,1108.15,PAGO ,2023-04-22
620,6318,Boleto,10,,3198.38,PAGO,2024-06-10
621,10563,Cartão,4,Hipercard,763.9,PENDENTE,2025-03-25
622,7566,Boleto,0,,-500,PENDENTE,2023-12-10
623,9117,Boleto,,,9192.56,PENDENTE,2022-04-08
624,2274,PIX,6,,,ESTORNADO,2022-04-18
625,706,PIX,1,,14208.23,PAGO,2022-10-31
626,6772,Dinheiro,11,,1853.15,ESTORNADO,2022-06-19
627,3972,Cartão,12,Visa,1188.69,PENDENTE,2024-11-18
628,5109,Dinheiro,11,,2326.9,ESTORNADO,2023-07-24
629,5033,PIX,3,,,PAGO,2024-06-02
630,6504,Pixx,9,,5019.42,PENDENTE,2024-10-07
631,1789,PIX,11,,3749.18,PAGO,2024-04-08
632,1660,Cartão,12,Elo,,ESTORNADO,2024-09-03
633,3910,Cartão,6,,10228.01,PAGO,2022-12-16
634,160,pix,8,,8755.72,PENDENTE,2022-07-12
635,5500,Dinheiro,8,,11027.53,ESTORNADO,2024-09-18
636,8509,,3,,14679.99,PAGO,2022-08-10
637,8928,Dinheiro,9,,2640.78,ESTORNADO,2022-09-09
638,7456,Boleto,5,,1670.65,PAGO,2022-05-13
639,10627,PIX ,1,,R$500,ESTORNADO,2025-02-22
640,1410,Boleto,3,,14938.8,PAGO,2022-07-20
641,4949,Boleto,3,,8467.34,ESTORNADO,2024-08-02
642,6160,Dinheiro,2,,2096.38,PENDENTE,2022-02-24
643,6897,PIX,3,,9235.82,PENDENTE,2022-01-13
644,8488,Dinheiro,1,,1288.19,PENDENTE,2022-04-19
645,8459,Cartão,9,Mastercard,,PENDENTE,2023-02-16
646,1,Cartão,,Visa,13200.89,Pago,2023-04-27
647,8958,Boleto,10,,10226.18,ESTORNADO,2024-09-02
648,4743,PIX,10,,7404.6,ESTORNADO,2022-01-23
649,559,Dinheiro,1,,13623.46,PENDENTE,2024-12-11
650,1029,Cartão,11,,2288.01,ESTORNADO,2024-09-17
651,7730,Cartão,,,10633.33,ESTORNADO,2022-11-22
652,1741,Dinheiro,11,,7156.67,PAGO,2022-03-18
653,1195,Dinheiro,6,,9105.87,PAGO,2023-08-09
654,2656,Dinheiro,9,,12133.91,PAGO,2025-01-24
655,5583,Cartão,11,,10955.06,ESTORNADO,2022-05-18
656,6163,PIX,,,1190.59,ESTORNADO,01-03-2024
657,4720,Cartao,,,8638.83,ESTORNADO,2024-05-13
658,5482,PIX,3,,3079.41,,2022-03-14
659,1160,Dinheiro,0,,11094.56,PAGO,12/04/2023
660,432,Pixx,doze,,9129.92,PENDENTE,2024-01-24
661,5622,Dinheiro,1,,,PAGO,04-27-2022
662,7186,Cartão,5,American Express,674.92,PENDENTE,2025-01-18
663,5849,Cartão,8,American Express,10702.75,PENDENTE,2024-09-22
664,3336,Cartão,9,American Express,3473.43,ESTORNADO,22/08/2022
665,4429,Boleto,10,,5774.97,PAGO,2024-06-01
666,5000,PIX,9,,11449.68,PAGO,2024-05-25
667,936,PIX,9,,5833.9,ESTORNADO,2023-05-03
668,249,Boleto,11,,R$500,PAGO,2022-01-26
669,10019,Boleto,5,,12716.94,PENDENTE,2023-07-21
670,9035,Boleto,2,,6617.78,PENDENTE,2023-01-13
671,7215,Boleto,1,,R$500,PAGO,2024-11-04
672,8373,PIX,doze,,3076.55,ESTORNADO,2024-04-15
673,11906,Dinheiro,5,,9336.31,PAGO,2025-04-05
674,3521,Dinheiro,0,,508.34,ESTORNADO,2024-05-06
675,1987,PIX,10,,7095.49,ESTORNADO,2023-10-07
676,11148,Cartão,8,Elo,10997.32,PENDENTE,2022-09-14
677,4014,Dinheiro,11,,8779.63,PAGO,2023-02-10
678,7440,PIX,doze,,0,PENDENTE,2024-05-14
679,6592,Cartão,12,Elo,R$500,PENDENTE,2024-06-11
680,7817,Cartão,12,American Express,2768.09,ESTORNADO,2023-07-27
681,1588,Cartão,5,American Express,7409.54,PAGO,2022-03-27
682,3452,Dinheiro,9,,4188.28,ESTORNADO,2022-08-06
683,11849,,2,Mastercard,3118.51,ESTORNADO,2025-03-15
684,7289,Cartão,8,,4438.22,PAGO,2022-08-27
685,1296,Cartão,12,American Express,1133.77,Estornado,2024-12-03
686,9146,PIX,11,,9416.73,PAGO,2022-09-27
687,1454,Cartão,-5,American Express,6526.1,PENDENTE,2023-01-04
688,3800,Boleto,11,,7286.2,ESTORNADO,2024-07-04
689,6961,PIX,3,,6981.74,PENDENTE,2022-03-01
690,8315,Cartão,7,Elo,930.83,PENDENTE,2022-04-04
691,6715,Cartão,,Mastercard,13136.82,ESTORNADO,2024-02-16
692,5461,Boleto,9,,970.7,PAGO,2023-11-10
693,9060,Cartão,1,American Express,560.4,PAGO,2023-07-12
694,11034,Dinheiro,3,,12278.07,Pendente,2024-03-12
695,9924,Boleto,6,,6388.79,ESTORNADO,2024-04-12
696,11018,Boleto,,,8007.39,PAGO,2023-04-21
697,7812,PIX,11,,4672.94,PAGO,2025-03-06
698,966,Cartao,5,,6189.64,Estornado,2024-10-20
699,3863,Boleto,-1,,10638.85,ESTORNADO,31/02/2025
700,8114,Cartão,11,Mastercard,12051.24,PENDENTE,2024-12-06
701,6089,Cartão,3,Mastercard,4367.15,ESTORNADO,2022-10-05
702,10012,PIX,6,,6256.22,PAGO,99/99/9999
703,3704,Boleto,11,,231.66,PAGO,02-19-2023
704,1688,Cartão,5,Visa,2691.31,ESTORNADO,2024-08-27
705,44,Cartão,0,Mastercard,1388.25,,2023-09-12
706,1922,Cartão,9,,5910.83,PENDENTE,2023-07-23
707,7164,Dinheiro,8,,R$500,PENDENTE,2025-02-20
708,3130,Dinheiro,6,,2701.5,ESTORNADO,2022-01-27
709,550,,11,,7191.45,PAGO,2024-08-27
710,8939,PIX,1,,5555.62,ESTORNADO,2023-10-06
711,8915,Boleto,4,,9833.48,ESTORNADO,2022-01-30
712,6606,Dinheiro,11,,10051.22,PAGO,2022-12-21
713,53,Boleto,5,,8417.18,PAGO,2023-10-13
714,330,Cartão,1,Hipercard,3278.54,PENDENTE,2022-09-29
715,6215,Boleto,3,,4198.87,ESTORNADO,2023-12-29
716,5716,Dinheiro,11,,10311.86,PAGO,2023-08-15
717,8254,Boleto,2,,7708.82,PAGO,2025-02-28
718,9641,Pixx,6,,10525.3,ESTORNADO,2025-01-24
719,357,Dinheiro,,,6857.56,ESTORNADO,2023-04-25
720,8307,PIX,7,,6399.9,PENDENTE,2025-03-09
721,2129,Boleto,1,,0,PENDENTE,2023-02-21
722,4010,Cartão,11,Visa,8339.12,PENDENTE,2023-05-13
723,1570,Dinheiro,3,,4788.98,PAGO,2022-02-25
724,9971,Cartão,4,American Express,5549.61,PENDENTE,2024-06-10
725,6293,Cartão,7,Hipercard,2278.2,PENDENTE,2022-06-19
726,1662,Cartao,1,,2430.04,PAGO,2024-07-11
727,7759,Boleto,9,,14577.12,PAGO,2023-02-09
728,7455,Dinheiro,,,6982.15,PAGO,2025-01-16
729,4805,Boleto,7,,mil,PENDENTE,2024-10-07
730,10669,Boleto,8,,10341.1,PAGO,2022-06-11
731,4948,Dinheiro,doze,,355.3,ESTORNADO,2025-01-09
732,3994,PIX,6,,8608.57,Pagoo,2024-04-13
733,6789,Cartão,-5,,4020.46,ESTORNADO,2024-05-11
734,5387,Dinheiro,8,,13949.49,PAGO,2023-06-08
735,9361,PIX,11,,,PENDENTE,2022-12-08
736,9256,Dinheiro,7,,14937.47,PAGO,2023-03-24
737,1813,Boleto,3,,12976.1,ESTORNADO,2023-10-13
738,8725,Dinheiro,4,,12888.67,PENDENTE,2022-12-19
739,1611,Pix,10,,9803.5,PENDENTE,2023-10-28
740,2728,Dinheiro,11,,1382.68,PENDENTE,2023-05-06
741,3274,Boleto,3,,4408.87,PAGO,2023-11-10
742,2610,Cartão,8,Visa,10836.25,PAGO,2025-01-05
743,9945,PIX,8,,7222.5,ESTORNADO,2024-05-27
744,1698,Cartão,5,Visa,11373.95,ESTORNADO,2022-06-01
745,8054,Cartão,5,Hipercard,5149.79,pago,2024-01-30
746,4772,Boleto,12,,2391.37,ESTORNADO,04-12-2023
747,9556,Boleto,3,,8771.84,PENDENTE,2024-10-23
748,6134,Dinheiro,0,,9732.68,ESTORNADO,2022-09-02
749,5841,Dinheiro,8,,8549.73,ESTORNADO,2022-07-22
750,8314,,5,,8308.2,ESTORNADO,2023-04-13
751,7473,Cartão,1,American Express,14691.07,PENDENTE,2023-05-15
752,9524,Pixx,8,,1492.09,PAGO,31/02/2025
753,1828,Dinheiro,11,,2938.09,ESTORNADO,2023-09-06
754,8720,Cartão,6,American Express,4143.82,ESTORNADO,2022-12-01
755,7079,Boleto,2,,13880.92,PENDENTE,2024-12-22
756,4917,Cartão,10,Mastercard,10084.87,PENDENTE,2024-05-03
757,4414,Cartão,5,Elo,7090.29,PENDENTE,31/02/2025
758,5794,Cartão,8,,11510.39,Pagoo,2023-02-13
759,8241,Dinheiro,5,,1620.38,PAGO,2024-09-24
760,9941,Dinheiro,1,,1539.57,ESTORNADO,2024-04-27
761,2465,Boleto,10,,,PAGO,2022-05-20
762,5144,Boleto,8,,11214.15,PAGO,2022-10-15
763,6731,Dinheiro,doze,,12094.85,PAGO,2023-08-02
764,1100,PIX,10,,1400.31,ESTORNADO,2024-06-01
765,7631,Dinheiro,12,,2300.04,PENDENTE,31/02/2025
766,310,PIX,4,,4849.32,PAGO,2025-03-27
767,2430,Cartão,5,American Express,2740.17,PAGO,2023-03-04
768,11798,Dinheiro,5,,3510.02,PAGO,31/02/2025
769,6541,Cartão,4,Visa,11569.34,ESTORNADO,2024-01-04
770,5192,Dinheiro,4,,mil,PAGO,2023-09-27
771,7114,PIX ,4,,14995.6,Pendente,2022-11-15
772,7698,PIX,1,,8951.14,PAGO,2023-01-07
773,1793,Cartão,,Hipercard,7473.38,PENDENTE,2022-10-23
774,762,Dinheiro,10,,10843.39,Pagoo,2024-06-20
775,9884,PIX,5,,7154.13,PENDENTE,2022-09-15
776,2127,Cartão,4,Visa,9894.96,ESTORNADO,2024-08-04
777,8519,Boleto,doze,,,PENDENTE,2023-05-03
778,5285,PIX,10,,7222.03,PENDENTE,2023-07-27
779,8430,Boleto,6,,14950.35,PAGO,2024-01-19
780,417,Cartão,2,Visa,3422.33,PENDENTE,2024-10-30
781,8371,Cartão,3,Visa,,PAGO,2025-01-09
782,8698,Cartão,6,Mastercard,2398.07,ESTORNADO,2023-02-19
783,6568,Boleto,7,,R$500,PENDENTE,31/02/2025
784,2299,Cartão,8,Hipercard,12340.17,PAGO,2024-04-02
785,9600,pix,4,Elo,6661.85,ESTORNADO,2022-09-13
786,9995,Dinheiro,-5,,1074.63,ESTORNADO,2024-09-24
787,3681,PIX,2,,14964.13,ESTORNADO,2023-07-19
788,8321,Boleto,7,,10011.34,PENDENTE,2024-09-26
789,10221,Dinheiro,10,,7794.12,ESTORNADO,2024-05-13
790,654,Boleto,,,11826.28,PENDENTE,2023-11-05
791,6753,PIX,12,,6860.22,PENDENTE,2023-06-23
792,2632,Cartão,9,,11566.72,ESTORNADO,2023-04-12
793,5011,PIX,12,,1374.68,PENDENTE,2024-01-11
794,2762,Boleto,1,,1689.98,ESTORNADO,2022-07-05
795,6630,Boleto,3,,10744.0,ESTORNADO,2022-06-18
796,10460,Dinheiro,,,3703.64,PAGO,2023-05-15
797,7918,Dinheiro,7,,8353.71,ESTORNADO,2024-01-16
798,4319,Cartao,6,,5480.43,PAGO,2024-11-05
799,8772,Boleto,2,,12112.66,ESTORNADO,2024-06-15
800,7147,PIX,3,,R$500,Estornado,2022-02-26
801,8042,Dinheiro,12,,11470.19,PAGO,2022-10-23
802,9616,Boleto,0,,14563.91,PAGO,2023-01-03
803,484,Dinheiro,12,,1810.11,PAGO,2022-07-16
804,2907,Dinheiro,,,7505.23,PAGO,2022-05-05
805,10788,Boleto,2,,2544.33,ESTORNADO,2024-10-17
806,3578,Boleto,,,13084.01,PAGO,2022-03-21
807,1971,Boleto,5,,1634.47,ESTORNADO,2025-01-27
808,7339,PIX,11,,8325.84,PENDENTE,2022-07-22
809,1491,Boleto,9,,8453.69,ESTORNADO,2024-02-12
810,391,Dinheiro,2,,,PENDENTE,2023-09-21
811,11980,Cartão,11,American Express,4718.53,Pendente,2023-01-01
812,733,Pix,2,,6869.36,PAGO,2022-08-27
813,78,Cartão,11,Mastercard,12208.29,pago,2024-05-15
814,5075,Cartão,11,Hipercard,11054.77,PENDENTE,31/02/2025
815,2112,Cartão,2,Mastercard,9571.2,PAGO,2024-03-26
816,4694,Boleto,10,,3937.26,PAGO,2022-08-12
817,624,Dinheiro,3,,1272.45,ESTORNADO,2023-01-23
818,5209,PIX,10,,232.88,PAGO,11-01-2024
819,10504,Boleto,11,,10823.29,PAGO,2024-11-26
820,10008,Boleto,6,,595.68,PAGO,31/02/2025
821,9364,Dinheiro,5,,10290.44,PENDENTE,2024-07-19
822,5901,Cartão,,Mastercard,4317.22,ESTORNADO,2024-04-20
823,8872,Cartão,7,Elo,1892.86,ESTORNADO,2024-03-27
824,8683,Cartão,4,American Express,3270.05,PAGO,2023-09-21
825,2316,Dinheiro,2,,8151.57,PENDENTE,2024-11-25
826,7258,PIX,12,,3112.67,ESTORNADO,2024-08-17
827,2140,Dinheiro,6,,-500,ESTORNADO,2022-11-05
828,5040,PIX,6,,9356.01,PENDENTE,2024-12-26
829,6713,Cartão,9,,8293.77,PENDENTE,2022-10-05
830,7747,Dinheiro,8,,2573.46,PAGO,2022-06-24
831,1129,Cartão,3,Hipercard,9367.99,ESTORNADO,2022-06-20
832,8106,PIX,10,,13367.89,PENDENTE,2023-05-05
833,4311,Dinheiro,,,,Pagoo,2023-07-08
834,5500,Boleto,9,,12807.33,PENDENTE,2022-06-23
835,10765,,1,,,PAGO,2022-05-25
836,7550,Boleto,11,,,PAGO,2023-04-23
837,1302,Dinheiro,6,,9389.27,PAGO,2024-06-25
838,104,PIX,3,,14613.37,PENDENTE,2023-04-12
839,9705,Boleto,10,,6195.98,Estornado,2022-05-09
840,11525,Dinheiro,2,,10117.04,ESTORNADO,2025-03-11
841,5228,Dinheiro,6,,,PENDENTE,2024-08-10
842,5315,Dinheiro,8,,13032.86,PENDENTE,2022-11-02
843,229,Pixx,11,,13582.33,Pagoo,2023-07-23
844,7972,pix,-5,,6537.91,PAGO,2023-03-20
845,213,Boleto,11,,2395.86,ESTORNADO,2024-01-27
846,7759,PIX,1,,6717.23,PENDENTE,2025-02-10
847,5425,Cartão,,American Express,14482.8,ESTORNADO,2024-11-12
848,6294,Cartão,10,Hipercard,4838.39,Pagoo,2022-10-21
849,968,Dinheiro,4,,3365.53,PAGO,2023-02-14
850,3084,PIX,5,,11006.63,ESTORNADO,31/02/2025
851,1290,Boleto,8,,11641.44,PAGO,2024-07-17
852,9609,Cartão,6,Visa,14342.46,PAGO,2024-03-21
853,566,Cartao,6,,8492.94,ESTORNADO,2023-04-27
854,5904,Boleto,6,,1235.76,PENDENTE,2024-07-07
855,11317,Cartão,4,American Express,0,ESTORNADO,2023-10-17
856,6485,PIX,9,,,pago,2025-04-06
857,8342,Cartão,7,Visa,3207.42,ESTORNADO,2023-11-17
858,4266,Dinheiro,2,,9763.93,PENDENTE,2023-02-26
859,9343,Cartao,,,,ESTORNADO,2023-01-06
860,3381,Dinheiro,12,,5840.8,PENDENTE,24/05/2023
861,5,PIX,10,,769.42,PAGO,2024-05-16
862,6109,PIX,5,,6273.96,PAGO,2022-03-04
863,7808,Cartão,1,Mastercard,1706.55,,2022-05-14
864,6184,pix,1,,7471.4,PENDENTE,2023/07/02
865,11154,Cartão,,,6730.88,PAGO,2024-01-16
866,6018,Dinheiro,8,,8177.97,PENDENTE,2023-08-22
867,8103,Dinheiro,,,14421.57,PAGO,2024-11-03
868,2377,Boleto,9,,9497.81,ESTORNADO,2024-10-23
869,8513,PIX,10,,80.53,ESTORNADO,2024-12-07
870,6436,Cartão,,,5279.99,PENDENTE,2024-10-30
871,8114,Cartão,2,Mastercard,,PENDENTE,2023-03-01
872,1169,PIX,,,6799.94,PAGO,2024-09-06
873,9722,Cartao,11,,7380.18,PAGO,2023-12-20
874,8034,PIX,7,,599.3,PENDENTE,2023-05-10
875,7689,PIX,-1,,4661.01,ESTORNADO,2023-01-07
876,9258,Dinheiro,9,,9812.46,PAGO,2022-08-13
877,1259,Cartão,8,Hipercard,7303.99,pago,2024-10-07
878,7286,PIX,2,,,PAGO,2022-03-10
879,9131,Dinheiro,2,,996.33,PENDENTE,2023-02-07
880,8945,Boleto,-1,,,PAGO,2022-01-25
881,4357,PIX,5,,13208.16,PAGO,2025-01-13
882,1162,,11,Mastercard,0,ESTORNADO,2023-04-07
883,11376,PIX,7,,662.78,PENDENTE,2024-11-09
884,2577,pix,10,Visa,,PENDENTE,2023-07-30
885,5595,Boleto,9,,9087.33,PENDENTE,2025-03-21
886,5523,PIX,12,,7355.34,PENDENTE,2025-03-05
887,5020,Cartão,6,Elo,7774.72,PENDENTE,2024-01-11
888,9059,Boleto,4,,11974.5,ESTORNADO,2024-10-14
889,6417,Dinheiro,,,4075.69,ESTORNADO,2023-01-22
890,4175,Dinheiro,8,,14022.57,ESTORNADO,2023-10-04
891,2968,PIX,6,,11406.66,PAGO,06/03/2025
892,5532,Boleto,5,,6458.44,PAGO,2023-03-27
893,6280,Cartão,9,Visa,9252.12,PAGO,2022-12-06
894,3611,Boleto,2,,67.46,ESTORNADO,2022-11-04
895,6300,Dinheiro,1,,8128.14,PENDENTE,2023-02-25
896,1268,Dinheiro,,,11825.29,PAGO,2025-02-27
897,1060,Pixx,12,,12005.51,PENDENTE,2023-06-17
898,2762,Cartão,10,American Express,9682.23,ESTORNADO,06/02/2025
899,8606,Boleto,8,,2252.46,PAGO,2022-12-27
900,10208,Dinheiro,3,,3558.95,PAGO,2024-12-28
901,4025,PIX,6,,12834.0,PENDENTE,2024-01-23
902,4576,Dinheiro,4,,mil,ESTORNADO,2024-03-19
903,6618,Dinheiro,11,,14150.41,PENDENTE,2024-01-23
904,1893,Dinheiro,doze,,5651.64,PENDENTE,2022-10-14
905,4948,Dinheiro,4,,2151.88,PAGO,2022-10-26
906,1660,Boleto,-5,,815.73,PENDENTE,2024/09/08
907,3170,Boleto,,,2505.86,PAGO,2024-07-31
908,5351,Boleto,6,,782.73,ESTORNADO,2022-11-11
909,6192,Boleto,,,,ESTORNADO,2022-09-30
910,9328,Cartão,7,,-500,PAGO,2023-03-25
911,2714,Dinheiro,2,,1217.94,PENDENTE,2023-11-09
912,5350,Cartão,11,,10235.72,ESTORNADO,2024-11-08
913,6631,PIX,10,,4519.13,PENDENTE,2025-01-15
914,6761,Dinheiro,7,,8507.26,PENDENTE,2024-06-04
915,7753,PIX,6,,14065.16,PAGO,2022-12-04
916,9798,Boleto,,,5665.18,PAGO,2022-11-08
917,35,Dinheiro,3,,509.62,PENDENTE,2025-04-08
918,648,PIX,4,,11847.35,PENDENTE,2023-06-17
919,11746,PIX,8,,9105.12,ESTORNADO,2024-04-01
920,3853,Boleto,,,4912.61,PAGO,2023-08-02
921,5243,Cartão,12,Visa,7234.32,PENDENTE,2024-01-16
922,3138,Boleto,2,,752.7,PENDENTE,2024-05-14
923,9283,Cartão,1,Elo,13040.23,PAGO,2023-02-19
924,6847,PIX,doze,,9480.44,ESTORNADO,2024-10-31
925,6402,Cartão,7,,11550.28,ESTORNADO,2022-05-09
926,6837,Dinheiro,,,0,PENDENTE,31/02/2025
927,3916,Dinheiro,1,,R$500,PAGO,2024-12-29
928,4712,PIX,doze,,0,PENDENTE,2023-06-13
929,4790,Boleto,7,,2444.68,PENDENTE,2022-11-15
930,55,Cartão,2,Mastercard,11684.4,PENDENTE,2023-07-24
931,5837,PIX,6,,2662.45,PAGO,2024-12-05
932,11748,Cartão,8,Elo,14866.88,ESTORNADO,2024-09-17
933,1097,Cartão,,American Express,14008.27,Pagoo,2024-02-02
934,6809,PIX,6,,12932.86,PAGO,2023-11-29
935,10219,PIX ,4,,4694.63,PENDENTE,2024-04-23
936,8700,PIX ,2,,7484.34,ESTORNADO,2024-01-13
937,4329,pix,6,,13328.36,PAGO,2025-01-29
938,8947,Pixx,9,,9875.34,PAGO,2022-01-09
939,7815,PIX,8,,12146.32,PENDENTE,2022-08-01
940,276,Dinheiro,4,,10936.65,PAGO,2023-01-20
941,3898,PIX,7,,3180.89,ESTORNADO,2022-09-13
942,4178,Dinheiro,1,,14667.68,PENDENTE,2023-04-18
943,763,PIX,11,,5932.89,PAGO,2022-10-23
944,2020,Boleto,6,,14659.21,PENDENTE,2024-09-30
945,4488,Dinheiro,1,,3796.63,PENDENTE,2023-08-04
946,6983,PIX,8,,11789.71,ESTORNADO,2022-11-25
947,7179,Cartão,1,Hipercard,11719.5,ESTORNADO,2022-07-22
948,8463,Boleto,12,,6067.65,PAGO,2024-12-21
949,8144,Pix,3,,14380.15,PENDENTE,2023-02-13
950,9857,Boleto,2,,5711.22,ESTORNADO,25/02/2025
951,1691,Cartão,4,Mastercard,6172.81,PAGO,2023-03-16
952,1587,PIX,5,,195.23,ESTORNADO,2023-05-28
953,8797,Cartão,1,American Express,7150.67,PENDENTE,2022-07-24
954,9550,Cartão,10,,4179.5,Pago,2023-01-30
955,2572,Cartão,12,Mastercard,mil,PAGO,2023-02-23
956,4909,Dinheiro,-1,,10325.0,PAGO,2022-11-11
957,7121,Cartão,12,,12192.74,PENDENTE,2024-07-16
958,9737,Cartão,8,,6384.8,ESTORNADO,2025-01-01
959,1492,PIX,12,,1919.15,PAGO,2022-04-19
960,8832,Cartão,,American Express,3622.43,PAGO,2022-10-06
961,722,Dinheiro,8,,12756.67,PAGO,2023-10-22
962,4528,Boleto,1,,515.93,PAGO,2022-06-16
963,11292,Dinheiro,2,,6595.91,ESTORNADO,2024-10-29
964,4787,Boleto,,,1293.91,PAGO,2024-02-17
965,10536,Dinheiro,8,,413.25,ESTORNADO,2024-02-13
966,3864,Dinheiro,-5,,,ESTORNADO,08-20-2024
967,3939,Dinheiro,,,12843.26,ESTORNADO,2022-05-05
968,770,PIX,7,,3807.17,ESTORNADO,2024-08-28
969,4080,Cartão,7,American Express,10778.36,PAGO,2024-12-04
970,5039,Dinheiro,5,,2395.72,PAGO,2024-08-04
971,6393,Boleto,doze,,5860.42,PENDENTE,2023-01-28
972,382,PIX,8,,5671.52,PENDENTE,2023-05-10
973,8208,Cartão,5,Hipercard,4986.64,PAGO,2023-02-24
974,3424,Boleto,4,,12431.31,PENDENTE,2024-08-13
975,2028,PIX,10,,14634.34,PAGO,2022-06-07
976,8273,Dinheiro,6,,14871.5,PAGO,2022-02-24
977,482,PIX,doze,,11683.92,PAGO,2022-09-03
978,6808,PIX,10,,,Pago,2022-08-11
979,3701,Cartão,7,Visa,7957.73,PENDENTE,2022-05-31
980,4506,Boleto,6,,6285.67,PAGO,2022-02-13
981,5530,Cartão,8,Hipercard,14035.17,PENDENTE,2023-01-31
982,908,Cartão,6,Visa,5871.03,Estornado,2023-06-05
983,5830,PIX,7,,7645.96,PAGO,2023-06-25
984,661,PIX,4,,4574.01,ESTORNADO,2024-12-18
985,756,Cartão,4,,9684.13,Pendente,2022-05-13
986,4682,Cartão,1,Elo,10725.5,PENDENTE,2024-02-09
987,4857,Dinheiro,,,13339.49,PENDENTE,2024-10-21
988,9331,Cartão,3,Mastercard,13360.28,PAGO,2022-04-23
989,377,Dinheiro,doze,,5981.95,PAGO,2023-03-28
990,9870,Boleto,-5,,3674.55,ESTORNADO,2022-10-19
991,9278,Dinheiro,6,,468.5,PAGO,2024-04-13
992,3550,PIX,9,,7239.3,PENDENTE,2023-05-31
993,4376,Dinheiro,,,2251.3,ESTORNADO,2024-11-18
994,6401,Cartao,2,,,PAGO,2024-02-08
995,10836,PIX,5,,9455.33,PAGO,2022-04-14
996,3613,Boleto,5,,271.93,PENDENTE,2022-09-24
997,5646,PIX,9,,11984.03,ESTORNADO,99/99/9999
998,8742,Boleto,2,,14555.05,PAGO,2024-04-01
999,10335,pix,8,,179.41,PAGO,2025-01-23
1000,5652,Dinheiro,,,2872.0,PENDENTE,2024-03-21
1001,705,PIX,7,,4145.37,PAGO,2024-10-20
1002,2791,Cartão,2,,229.92,PAGO,2024-05-09
1003,8948,Boleto,12,,12449.62,ESTORNADO,2023-10-15
1004,5546,Cartão,10,Visa,11259.06,ESTORNADO,2022-05-06
1005,8135,,7,Visa,7783.8,PAGO,2022-06-26
1006,5998,PIX,6,,0,,2022-03-22
1007,8754,Boleto,4,,6460.82,ESTORNADO,2023-04-16
1008,8885,Dinheiro,12,,8981.38,ESTORNADO,2022-06-22
1009,7404,Dinheiro,1,,10435.3,PENDENTE,2022-02-23
1010,7406,Boleto,7,,11708.11,ESTORNADO,2024-06-12
1011,2522,Cartao,6,Hipercard,7751.43,Estornado,2022-04-17
1012,490,Boleto,0,,5726.47,ESTORNADO,2023-07-04
1013,8579,Dinheiro,8,,8912.05,PAGO,2023-07-06
1014,3641,Cartão,-5,Visa,14407.91,ESTORNADO,2023-12-05
1015,9429,Cartão,7,,14192.05,PAGO,2024-03-12
1016,10657,Dinheiro,9,,3957.48,PENDENTE,2024-11-15
1017,1221,PIX,8,,8993.04,PAGO,2022-06-30
1018,7434,PIX,6,,12417.44,PAGO,2024-05-22
1019,5199,PIX,1,,14397.81,PENDENTE,2024-12-19
1020,2000,PIX ,9,,920.93,ESTORNADO,2022-10-08
1021,9133,Dinheiro,7,,894.37,PENDENTE,2023-07-27
1022,5563,Dinheiro,6,,11953.1,PENDENTE,2022-10-06
1023,103,PIX,1,,0,PENDENTE,2023-10-30
1024,1135,Cartão,1,Visa,4873.17,PENDENTE,2024-02-24
1025,8039,Cartão,8,Mastercard,14447.17,ESTORNADO,2024-11-21
1026,2748,Boleto,5,,3153.08,PAGO,2022-10-21
1027,117,Boleto,10,,1407.21,PENDENTE,2024-08-23
1028,1427,Dinheiro,3,,11808.11,PENDENTE,2022-03-08
1029,1479,Dinheiro,7,,13496.78,ESTORNADO,2023-03-17
1030,3560,Cartão,1,Mastercard,4900.82,PAGO,2025/04/13
1031,3872,Cartão,4,,13452.66,PENDENTE,2022-09-08
1032,7587,PIX ,4,,2440.19,PENDENTE,2023-01-05
1033,10114,Dinheiro,1,,2818.18,PAGO,2023-11-01
1034,9148,Cartão,3,Visa,2255.61,pago,2025-02-09
1035,7629,Dinheiro,6,,10260.29,ESTORNADO,2022-03-24
1036,4557,Boleto,4,,13839.72,Pendente,2025-03-14
1037,1534,PIX,3,,9650.82,PAGO,2022-01-11
1038,7703,PIX,4,,10307.87,PENDENTE,2024-07-31
1039,2288,PIX,2,,9095.44,,2024-12-19
1040,4075,Cartão,10,Visa,11206.66,pago,2024-12-02
1041,4622,Cartão,2,American Express,1369.7,Estornado,2024-02-09
1042,9690,Cartão,12,,12706.16,pago,2025-04-09
1043,280,PIX,4,,14533.9,PAGO,2022-02-25
1044,1228,Cartão,1,Visa,2129.87,PENDENTE,2022-06-24
1045,9680,PIX,7,,3438.45,PAGO,2022-01-16
1046,4677,PIX,4,,898.54,PAGO,2022-05-13
1047,9669,Boleto,6,,,PAGO,2022-08-31
1048,8425,PIX,1,,3124.15,ESTORNADO,2024-11-24
1049,6001,Dinheiro,2,,2239.02,Pagoo,12/11/2023
1050,4715,Boleto,9,,14309.24,Pagoo,2023-12-29
1051,7037,Boleto,8,,464.67,PAGO,2023-06-05
1052,6450,Dinheiro,3,,1202.42,PAGO ,2023-11-08
1053,409,PIX,2,,R$500,ESTORNADO,2025-02-26
1054,4417,PIX,6,,3754.37,,2024-03-19
1055,8671,Dinheiro,11,,3370.74,PAGO,2022-07-23
1056,7946,Boleto,1,,7285.62,ESTORNADO,2023-08-16
1057,1867,Dinheiro,1,,1023.59,PENDENTE,2022-12-18
1058,6730,PIX,3,,9918.12,ESTORNADO,2024-01-27
1059,9365,Dinheiro,3,,13463.75,PAGO,2022-05-25
1060,6538,Boleto,5,,8035.86,PAGO,2024-06-15
1061,10972,Cartão,1,American Express,12181.82,PENDENTE,2024-04-05
1062,1377,Cartão,9,American Express,13367.03,ESTORNADO,2024-09-04
1063,820,Boleto,1,,8840.85,PAGO,2022-12-29
1064,9064,Cartão,,Visa,10848.52,PENDENTE,2024-05-13
1065,4638,Dinheiro,7,,8211.04,ESTORNADO,2024-03-01
1066,5826,Cartão,11,American Express,6111.33,ESTORNADO,2022-03-26
1067,2253,pix,7,,R$500,Pendente,2023-05-24
1068,9826,Cartão,4,,10726.73,PAGO,2022-07-13
1069,360,Cartão,6,Elo,13598.31,PENDENTE,2025-03-07
1070,1036,Dinheiro,12,,7273.91,ESTORNADO,2022-01-06
1071,7565,Cartão,2,Elo,4087.05,PENDENTE,2023-06-27
1072,8822,Cartão,12,,14629.33,PENDENTE,2023-06-19
1073,11408,PIX,2,,,ESTORNADO,29/08/2024
1074,3721,Dinheiro,,,6330.31,PAGO,2022-02-20
1075,9379,Boleto,3,,4494.73,ESTORNADO,2024-06-09
1076,11619,PIX,,,11841.89,PENDENTE,2024-07-11
1077,5055,Boleto,4,,2900.47,ESTORNADO,2024-05-07
1078,4739,Cartao,2,,5959.43,PENDENTE,2024-07-14
1079,7838,Dinheiro,5,,6030.52,PENDENTE,2023-05-30
1080,8472,Dinheiro,1,,111.67,ESTORNADO,2025-03-29
1081,5872,Dinheiro,1,,13966.16,PENDENTE,99/99/9999
1082,4117,Cartão,12,,11400.64,PENDENTE,2022-12-12
1083,4338,Cartão,,American Express,1936.19,ESTORNADO,2024-05-29
1084,6020,Boleto,-1,,7019.02,ESTORNADO,2024-10-03
1085,1391,Dinheiro,8,,13519.53,PENDENTE,2024-02-17
1086,1193,boleto,6,,10718.97,PAGO ,2023-04-16
1087,8935,Cartão,0,Elo,9369.45,PAGO,2022-05-18
1088,5659,Cartão,5,Elo,3826.46,ESTORNADO,2023-03-22
1089,9052,PIX,1,,9633.97,ESTORNADO,2025-03-09
1090,9607,Cartão,12,Elo,8990.78,PENDENTE,2022-07-03
1091,9802,Dinheiro,12,,3804.45,PENDENTE,2022-08-19
1092,9007,Dinheiro,,,,PAGO,08-28-2022
1093,2880,PIX,0,,964.2,ESTORNADO,2024-09-11
1094,1994,PIX,9,,1272.5,PENDENTE,2022-06-24
1095,777,Dinheiro,5,,,ESTORNADO,2022-02-04
1096,6624,Cartão,1,,-500,PENDENTE,2024-03-09
1097,1508,PIX,1,,13576.71,PENDENTE,2025-01-14
1098,6535,Boleto,10,,7052.12,ESTORNADO,2025-03-02
1099,2611,Dinheiro,10,,6897.52,PAGO,2022-05-29
1100,6079,,3,,-500,PAGO,2024-12-05
1101,3061,Dinheiro,1,,4554.83,PAGO,2022-08-30
1102,7487,Boleto,12,,,ESTORNADO,2024-04-04
1103,7140,Boleto,3,,2457.53,ESTORNADO,2023-06-30
1104,1725,Boleto,11,,4418.85,PENDENTE,22/03/2025
1105,1039,Pix,4,,13881.6,PENDENTE,2025-02-20
1106,4588,PIX,1,,1352.61,ESTORNADO,04/02/2024
1107,966,Boleto,-1,,9629.38,PAGO,2023-01-16
1108,715,Boleto,doze,,,PENDENTE,2022-06-27
1109,9405,Boleto,9,,10676.42,ESTORNADO,2023-12-07
1110,4213,Boleto,8,,11494.55,PENDENTE,2022/05/25
1111,744,Cartão,-5,American Express,11624.75,ESTORNADO,2023-05-11
1112,10880,Dinheiro,9,,925.92,PENDENTE,2023-02-04
1113,2898,Boleto,-5,,mil,ESTORNADO,2023-11-19
1114,5968,Dinheiro,3,,3105.73,PAGO,2022-07-28
1115,1634,PIX,-5,,6951.24,ESTORNADO,2022-12-29
1116,390,Dinheiro,12,,9322.32,PAGO,2024-06-15
1117,10228,Boleto,1,,178.42,PENDENTE,2023-06-16
1118,5568,PIX,8,,4252.14,PENDENTE,2024-01-20
1119,3779,PIX,1,,165.65,Estornado,2022-09-16
1120,11112,Dinheiro,1,,7607.1,ESTORNADO,2022-12-23
1121,5885,Boleto,,,,ESTORNADO,2025-03-15
1122,8971,Cartao,2,,8210.1,ESTORNADO,2023-03-23
1123,10805,Boleto,5,,8724.18,PENDENTE,01-23-2022
1124,6218,Boleto,5,,1967.52,PENDENTE,2023-03-25
1125,5042,Boleto,2,,1064.77,pago,2024-04-27
1126,3981,PIX,3,,13298.25,Estornado,2023-11-16
1127,9218,Dinheiro,6,,12861.0,PAGO,2023-01-02
1128,2318,Dinheiro,6,,5318.77,PAGO,2022-11-28
1129,9024,PIX,3,,2851.9,ESTORNADO,2024-09-28
1130,5998,PIX,7,,1614.11,PAGO,2024-08-21
1131,1544,Dinheiro,9,,7761.13,ESTORNADO,2024-02-08
1132,2533,Dinheiro,,,12059.51,PENDENTE,2022-12-30
1133,4826,Cartão,11,Mastercard,13900.79,PAGO,2024-12-10
1134,1082,Dinheiro,6,,8667.57,ESTORNADO,2022-11-02
1135,2150,Cartão,12,Mastercard,6594.82,PENDENTE,2022-04-07
1136,6486,Cartão,1,Elo,10239.09,PAGO,2023-04-05
1137,1164,PIX,11,,2445.25,ESTORNADO,2022-11-22
1138,8699,Cartão,2,Elo,14162.8,PAGO,2023-02-20
1139,6878,Dinheiro,1,,7526.29,PENDENTE,2024-02-24
1140,6456,Cartão,2,Elo,8563.51,PENDENTE,2023-02-07
1141,11326,Cartão,12,Elo,3386.3,PENDENTE,2022-07-01
1142,2407,Boleto,4,,11791.74,ESTORNADO,2024-11-17
1143,644,Dinheiro,10,,14256.56,ESTORNADO,2024-02-18
1144,3294,Boleto,4,,13312.68,,2022-03-13
1145,3947,PIX,2,,10601.96,PENDENTE,2023-07-05
1146,7431,Dinheiro,10,,10687.35,ESTORNADO,2023-07-09
1147,10703,Dinheiro,0,,6475.0,PENDENTE,2022-06-29
1148,3038,Dinheiro,10,,2156.08,PENDENTE,2024-01-24
1149,11368,PIX,5,,2740.26,PAGO,2023-09-09
1150,5062,Cartão,12,American Express,,PENDENTE,2022-09-07
1151,8698,Boleto,3,,2148.49,PAGO,2023-07-27
1152,2888,Dinheiro,9,,mil,PENDENTE,2022-02-21
1153,6733,Boleto,12,,,PAGO,2022-05-07
1154,11918,Boleto,3,,12208.8,Pago,09-20-2022
1155,5240,Dinheiro,11,,12703.29,PAGO,2022-06-27
1156,2695,PIX,4,,1841.91,PENDENTE,2024-09-19
1157,5636,Cartão,12,Elo,5615.46,ESTORNADO,2023-04-10
1158,3115,Cartão,1,,4324.19,PENDENTE,2022-03-13
1159,1502,PIX,,,14642.33,PAGO,2022-01-29
1160,2556,Dinheiro,2,,5326.23,ESTORNADO,2024-06-09
1161,4295,Boleto,7,,7187.58,PENDENTE,07/11/2024
1162,9953,Boleto,5,,14957.13,PENDENTE,2023-11-23
1163,808,Dinheiro,4,,12500.08,Pagoo,2023/04/29
1164,11352,boleto,2,,9804.95,Pendente,2024-08-27
1165,6327,PIX,-1,,10962.85,PENDENTE,2022/05/28
1166,5406,Dinheiro,5,,273.27,ESTORNADO,2022-01-02
1167,11776,Boleto,3,,6530.26,PAGO,2024-05-30
1168,11956,Dinheiro,9,,8506.61,PENDENTE,2023-01-15
1169,6380,PIX,8,,14387.97,ESTORNADO,2023-09-25
1170,9874,PIX,,,11554.05,PENDENTE,2022-09-05
1171,5767,PIX,6,,,PENDENTE,2025-02-23
1172,5017,Boleto,9,,9987.41,PENDENTE,2023-12-13
1173,554,Boleto,6,,mil,PENDENTE,99/99/9999
1174,5868,Cartão,10,Elo,10445.26,PAGO,2024-04-26
1175,6989,Boleto,4,,14811.97,PENDENTE,2024-06-09
1176,5414,Boleto,5,,11185.03,PENDENTE,2023-06-14
1177,7388,Boleto,4,,,PENDENTE,2024-05-10
1178,7816,Cartão,10,,,ESTORNADO,2025-03-15
1179,1003,Cartão,2,Hipercard,12909.11,PAGO,2025-04-14
1180,2059,PIX,4,,,PENDENTE,2023-12-30
1181,1881,Cartão,12,Hipercard,12959.34,PENDENTE,2025-02-11
1182,1293,Cartão,2,American Express,3931.15,PENDENTE,2023-02-24
1183,3008,Cartão,,,2380.42,ESTORNADO,2023-04-21
1184,9494,Dinheiro,,,11126.94,ESTORNADO,2025-03-11
1185,6250,PIX,3,,,ESTORNADO,10-15-2023
1186,8792,Boleto,1,,2467.28,ESTORNADO,2024-12-01
1187,3831,PIX,3,,-500,PENDENTE,2022-09-09
1188,7009,Dinheiro,6,,13993.56,PAGO,2023-07-24
1189,3451,PIX,2,,14124.6,PAGO,99/99/9999
1190,4850,Dinheiro,2,,14199.29,ESTORNADO,2024-04-27
1191,4243,Dinheiro,12,,11647.29,PAGO,2023/06/25
1192,8874,Cartão,,Mastercard,13088.51,PENDENTE,2025-04-12
1193,5624,Dinheiro,7,,11378.58,PENDENTE,2023-01-17
1194,1386,PIX,1,,1806.0,PENDENTE,2022-06-01
1195,811,Dinheiro,5,,10409.92,ESTORNADO,2022-08-13
1196,2829,Cartão,3,,13581.63,PENDENTE,2024-02-11
1197,4271,Dinheiro,4,,13633.4,ESTORNADO,2024-11-28
1198,10767,Boleto,1,,4079.01,PAGO,2024-07-06
1199,2977,Dinheiro,7,,9527.22,PAGO,2022-11-24
1200,9294,Cartão,1,Elo,R$500,PENDENTE,2022-05-27
1201,6726,Cartão,1,Elo,2291.49,PENDENTE,2023-08-31
1202,2948,Cartao,7,,5667.21,PENDENTE,99/99/9999
1203,8757,Cartão,12,,12835.98,PAGO,2022-08-19
1204,8820,Cartão,,Hipercard,8160.73,ESTORNADO,2023-09-18
1205,16,PIX,7,,2681.37,ESTORNADO,2024-03-28
1206,1946,Dinheiro,12,,,PENDENTE,2022-04-04
1207,4145,Cartão,2,American Express,4235.44,PENDENTE,2024-04-12
1208,9734,Boleto,10,,,PAGO,2022-12-11
1209,1023,PIX,6,,14044.97,Estornado,2024-12-20
1210,9009,PIX,6,,8306.2,PAGO,2022-12-02
1211,7146,Cartão,4,Mastercard,2676.11,ESTORNADO,2022-06-20
1212,1869,Dinheiro,3,,-500,PAGO,2023-04-08
1213,2497,PIX,11,,8117.65,Pagoo,2022-02-10
1214,7902,Dinheiro,7,,1442.68,PAGO,2023-06-30
1215,1230,Cartão,8,Visa,9108.35,PENDENTE,2023-09-05
1216,8151,Cartão,12,,10139.84,ESTORNADO,2025-03-23
1217,2267,Boleto,8,,3078.02,ESTORNADO,2025-04-01
1218,369,Dinheiro,,,,PAGO,2024-07-25
1219,8160,,9,,5292.11,ESTORNADO,2024-07-27
1220,5626,Cartão,7,American Express,11001.48,ESTORNADO,2024-11-20
1221,163,Boleto,doze,,1791.65,PAGO,2024-12-30
1222,5875,PIX,4,,28.16,ESTORNADO,2023-06-21
1223,1737,Boleto,7,,14764.03,pago,2024-04-05
1224,9773,Boleto,11,,3065.52,PENDENTE,2024-06-03
1225,849,Dinheiro,12,,13685.75,Estornado,2022/09/09
1226,4844,Boleto,5,,1990.27,ESTORNADO,2022-03-21
1227,2066,PIX,,,13654.21,ESTORNADO,2023-04-29
1228,4832,Dinheiro,1,,3894.12,PENDENTE,2023-04-20
1229,5121,PIX,8,,,PAGO,2022-09-19
1230,1498,PIX,12,,11691.41,PAGO,2023-10-20
1231,5264,Boleto,3,,2730.55,ESTORNADO,2022-06-22
1232,897,Boleto,1,,7945.81,ESTORNADO,2022-10-17
1233,8666,Boleto,2,,12502.34,PENDENTE,2023-11-14
1234,8365,PIX,-1,,2944.63,ESTORNADO,2022-03-18
1235,8291,Cartão,9,Hipercard,1043.39,PAGO,2023-09-19
1236,3485,Boleto,12,,3411.86,ESTORNADO,2024-09-08
1237,6208,Cartão,10,Visa,12139.9,ESTORNADO,2023-06-21
1238,5595,PIX,10,,8821.38,ESTORNADO,2023-11-29
1239,1393,Dinheiro,11,,7840.57,PENDENTE,2024-07-26
1240,7177,Cartão,9,Hipercard,13664.36,PENDENTE,99/99/9999
1241,7582,PIX,3,,4502.61,PAGO ,2023-06-22
1242,1621,Boleto,4,,6393.3,,2022-08-22
1243,11936,Cartão,10,American Express,14791.35,Pendente,2025-03-19
1244,2735,PIX,8,,7030.79,PAGO,2023-10-04
1245,8823,PIX,12,,6980.9,Estornado,99/99/9999
1246,2059,Dinheiro,0,,2033.33,PENDENTE,2022/09/09
1247,1000,Cartão,5,Mastercard,3198.42,PENDENTE,2024/06/19
1248,8351,pix,10,,3695.28,PENDENTE,2024-01-22
1249,4783,Dinheiro,11,,3709.73,ESTORNADO,2023-08-18
1250,698,Pix,9,Hipercard,,PENDENTE,2023-08-28
1251,11830,Dinheiro,5,,3861.24,ESTORNADO,2023-09-06
1252,4352,PIX,6,,14450.75,pago,2024-11-08
1253,4314,Boleto,11,,4073.41,PAGO,2022-01-08
1254,2837,Boleto,10,,7647.03,PENDENTE,2024-10-02
1255,4357,Cartão,1,American Express,9634.22,PENDENTE,2022-03-13
1256,3413,PIX,9,,7411.4,ESTORNADO,2023-05-30
1257,139,PIX,10,,,PENDENTE,2022-03-22
1258,1112,Cartão,4,Visa,R$500,Pago,2023-07-12
1259,3525,Pixx,5,American Express,5581.05,PAGO,99/99/9999
1260,7777,Cartão,,American Express,5858.82,PENDENTE,2023-03-15
1261,1634,PIX,9,,12429.99,PAGO,12-14-2022
1262,576,PIX,,,5041.61,PAGO,2024-08-10
1263,5129,PIX,1,,mil,PAGO,2024-07-13
1264,1533,PIX,doze,,8117.23,PENDENTE,2023-07-27
1265,1833,PIX ,2,,8550.8,ESTORNADO,2022-09-27
1266,2363,PIX,,,5971.72,PAGO,2023-07-11
1267,7309,Dinheiro,3,,5649.9,PAGO,2023-09-07
1268,395,Cartão,5,Elo,14221.32,ESTORNADO,2025-04-05
1269,1490,Cartão,7,,8116.58,PENDENTE,2024-05-12
1270,7596,Dinheiro,1,,13619.66,ESTORNADO,2025/03/17
1271,9294,Cartão,2,Visa,6569.0,PAGO,2022-09-19
1272,5342,Cartão,-1,Hipercard,8114.18,ESTORNADO,2022-10-31
1273,160,Cartão,2,,14968.11,PAGO,05/01/2022
1274,8988,Dinheiro,4,,,ESTORNADO,2022-09-01
1275,44,PIX,10,,14325.08,PAGO,2024-12-25
1276,11629,Dinheiro,12,,10751.09,PAGO,2024-09-10
1277,6366,Cartão,1,American Express,778.92,ESTORNADO,2022-07-16
1278,1396,Boleto,2,,,ESTORNADO,01-25-2022
1279,5308,Cartão,5,Hipercard,6204.84,PAGO,2022-10-31
1280,1565,PIX,9,,2086.46,ESTORNADO,2023-08-15
1281,2446,Dinheiro,3,,524.54,PENDENTE,2022-11-24
1282,3642,Boleto,8,,280.6,PENDENTE,2022-05-23
1283,5364,Pixx,10,,288.13,ESTORNADO,2023-05-12
1284,7509,PIX,,,1364.17,ESTORNADO,2023-06-26
1285,6132,PIX,8,,11036.72,PENDENTE,2023-09-18
1286,2365,Dinheiro,7,,14813.88,ESTORNADO,2023-02-24
1287,5065,Dinheiro,3,,3906.91,PENDENTE,2023-01-11
1288,63,Dinheiro,7,,10559.81,PENDENTE,2024-04-17
1289,7242,Boleto,10,,4415.91,Pago,2023-09-10
1290,11487,Cartão,6,Elo,12964.13,PAGO,2024-06-05
1291,10819,Boleto,3,,5366.62,ESTORNADO,2024-10-06
1292,8958,PIX,9,,2218.34,PAGO,2023-01-02
1293,8655,Boleto,10,,-500,ESTORNADO,2024-01-30
1294,4571,,12,,2813.59,pago,2024-10-31
1295,958,Cartão,3,,955.98,ESTORNADO,2022-01-28
1296,7780,PIX,4,,1621.93,ESTORNADO,2024-03-05
1297,2550,Boleto,,,10735.03,PAGO,31/02/2025
1298,11890,Cartão,6,Visa,7961.03,ESTORNADO,2022-04-26
1299,7667,PIX,7,,1604.64,PAGO,2024-02-26
1300,11799,PIX,9,,,Pendente,2025-01-29
1301,5766,Dinheiro,9,,491.54,PAGO,2024-03-11
1302,6299,Dinheiro,9,,5299.13,PENDENTE,2025-03-29
1303,5975,Cartão,2,Visa,4841.37,Pago,2024-12-06
1304,2565,Boleto,,,10548.19,ESTORNADO,2022-08-08
1305,9842,PIX,doze,,4759.56,PAGO,2024-04-07
1306,4016,Cartão,11,Elo,13018.68,ESTORNADO,2023-06-16
1307,2548,Dinheiro,9,,12307.54,ESTORNADO,2022-06-06
1308,8073,Boleto,2,,2027.12,ESTORNADO,2024-08-03
1309,6281,PIX,3,,,PENDENTE,07-28-2022
1310,1002,Dinheiro,2,,5437.57,Pago,2022-02-02
1311,7247,Boleto,2,,12611.24,ESTORNADO,2024-04-04
1312,7388,Cartão,9,Visa,7752.59,PENDENTE,2023-02-27
1313,3412,Dinheiro,8,,6275.18,PAGO,2022-03-03
1314,8471,Dinheiro,10,,10197.76,PAGO,2022-10-24
1315,9466,Dinheiro,-1,,1275.44,PENDENTE,2024-08-06
1316,5555,Boleto,5,,2398.6,PAGO,2023-02-27
1317,2885,Cartão,11,Visa,2225.43,PAGO,2022/12/03
1318,2583,Boleto,2,,,ESTORNADO,2023-01-02
1319,2953,Dinheiro,,,11924.81,PAGO,2022-05-27
1320,317,PIX ,2,Hipercard,6012.93,PAGO,2023-01-11
1321,4582,Dinheiro,10,,3373.67,PAGO,2024-03-25
1322,5327,Boleto,1,,2360.98,PENDENTE,2022-06-28
1323,9382,PIX,7,,mil,ESTORNADO,2024-07-18
1324,9060,Boleto,,,-500,ESTORNADO,2024-10-11
1325,6764,PIX,3,,0,PAGO,2023-05-03
1326,4580,Boleto,9,,8594.89,PAGO,2022-11-12
1327,5430,Boleto,1,,1720.56,Pendente,2025-02-21
1328,3411,Cartão,4,,2907.37,,2023-04-18
1329,4415,Boleto,2,,2442.15,ESTORNADO,2022-10-20
1330,8134,Dinheiro,0,,1147.3,PENDENTE,2024-07-06
1331,1603,Cartão,3,,5944.94,PAGO,2024-11-07
1332,6532,Boleto,7,,1561.23,,2023-07-05
1333,11416,Boleto,1,,-500,ESTORNADO,2022-08-04
1334,809,Dinheiro,8,,13761.53,PENDENTE,2023-04-29
1335,4168,Boleto,12,,13977.93,PAGO,2023-02-11
1336,3842,Cartão,10,Hipercard,R$500,ESTORNADO,2022-04-28
1337,5465,Boleto,12,,,PAGO,2024-03-25
1338,9577,Cartão,6,,4591.05,PAGO,2022-08-06
1339,5779,Dinheiro,3,,11358.86,PENDENTE,2022-11-29
1340,4482,PIX,5,,8554.58,PAGO,2023-06-22
1341,11713,PIX,-1,,5432.37,Pendente,2023-02-16
1342,2911,Cartão,3,,-500,PENDENTE,2022-03-18
1343,4604,Pixx,,,13853.56,ESTORNADO,2025-03-18
1344,7587,Cartão,4,Hipercard,4085.23,PAGO,2022-01-26
1345,4244,Boleto,12,,1415.44,PENDENTE,2023-01-01
1346,6363,Boleto,8,,14266.31,PAGO,2022-05-23
1347,5574,PIX,9,,8266.18,PAGO,2023-03-25
1348,4369,Boleto,2,,11533.36,PAGO,2022-01-23
1349,4808,Cartao,,,3396.41,PAGO,2022-01-07
1350,3722,Boleto,11,,13286.83,PENDENTE,2023-03-28
1351,1273,Boleto,11,,6421.57,PENDENTE,31/02/2025
1352,1350,Dinheiro,11,,14446.02,PENDENTE,2022-05-18
1353,4865,PIX,9,,5604.05,ESTORNADO,2022-03-25
1354,9210,Dinheiro,0,,4365.04,PAGO,31/02/2025
1355,7210,Cartão,1,,12265.0,PENDENTE,2025-03-22
1356,1332,PIX,9,,6792.79,ESTORNADO,2023-02-23
1357,2772,Dinheiro,7,,380.57,PENDENTE,2025-02-22
1358,1274,Dinheiro,0,,10854.86,PAGO,2024-08-29
1359,9507,Cartão,9,,12592.79,PAGO,2023-02-22
1360,3824,Dinheiro,2,,6873.97,PAGO,2023-04-26
1361,1428,Cartão,6,American Express,4551.25,ESTORNADO,2022-05-11
1362,8825,Dinheiro,4,,49.84,PENDENTE,2022-10-28
1363,1235,Dinheiro,12,,8090.88,PENDENTE,2024-12-16
1364,849,PIX,7,,mil,PENDENTE,2022-11-16
1365,4889,PIX,8,,13199.94,PAGO,2022-12-06
1366,6794,Cartão,11,Elo,13054.38,pago,2025-03-03
1367,7651,Boleto,2,,1147.42,ESTORNADO,2024-03-13
1368,9134,PIX,9,,2019.36,PAGO,2023-07-29
1369,5343,Dinheiro,11,,9771.39,pago,2022-10-20
1370,6127,Cartão,7,Visa,8958.13,,2022-05-01
1371,6173,Dinheiro,1,,1995.25,PAGO ,2022-06-12
1372,7203,Boleto,5,,10201.45,PAGO,2024-10-17
1373,6053,Boleto,doze,,6012.98,PAGO,2022-05-31
1374,9527,PIX ,10,,12252.62,ESTORNADO,2024-02-26
1375,1191,Dinheiro,10,,8759.44,PAGO,2025-01-27
1376,5253,Dinheiro,,,8348.55,PENDENTE,2023-05-31
1377,4048,PIX,,,3018.13,Pago,2024-08-13
1378,2406,PIX,5,,11123.04,ESTORNADO,2024-10-12
1379,8906,Dinheiro,3,,516.92,ESTORNADO,2023-11-06
1380,11910,PIX,9,,2756.12,PENDENTE,2024-03-31
1381,9313,PIX,11,,14816.31,PENDENTE,2022-07-25
1382,7056,Pix,8,,2310.97,ESTORNADO,2023-02-02
1383,5174,Dinheiro,-5,,mil,PENDENTE,2022-10-28
1384,9566,PIX ,10,,2990.17,PENDENTE,2022-01-01
1385,8084,Dinheiro,1,,-500,ESTORNADO,2022-05-27
1386,559,Boleto,-5,,7260.15,PAGO,2023-12-27
1387,5642,Boleto,9,,11134.97,ESTORNADO,31/02/2025
1388,7747,PIX,1,,4290.15,ESTORNADO,2023-05-25
1389,8945,Cartão,3,Visa,1239.89,ESTORNADO,2025-01-19
1390,4567,PIX,11,,6683.34,ESTORNADO,2023-02-28
1391,3879,Boleto,12,,6274.5,,99/99/9999
1392,9149,Dinheiro,1,,8956.78,PAGO,2022-07-08
1393,2380,Dinheiro,7,,1521.89,PENDENTE,2022-03-08
1394,7452,Cartão,3,American Express,290.98,PAGO,2022-04-27
1395,2255,,2,Elo,6668.02,PAGO,2024-04-15
1396,6676,Cartão,4,Hipercard,4914.22,ESTORNADO,2024-09-22
1397,11901,PIX,4,,mil,ESTORNADO,2024-12-23
1398,10444,Dinheiro,5,,,Estornado,2022-02-17
1399,5554,Cartão,,Elo,3016.46,PENDENTE,2024-12-28
1400,2180,Dinheiro,6,,13760.13,PENDENTE,2023-07-31
1401,5397,Cartão,9,Visa,1376.63,ESTORNADO,2023-08-03
1402,6524,Dinheiro,3,,13007.0,ESTORNADO,2024-05-10
1403,5073,Dinheiro,1,,6725.72,pago,2024/01/18
1404,3262,PIX,2,,,ESTORNADO,2022-06-03
1405,9679,Boleto,5,,6646.22,PENDENTE,2024-08-15
1406,5232,Dinheiro,2,,8598.59,ESTORNADO,2025-04-04
1407,5409,Dinheiro,2,,8314.86,PAGO,2023-01-16
1408,7836,Dinheiro,12,,1348.76,PAGO ,2022-10-22
1409,9892,Dinheiro,4,,,PAGO,2024-07-31
1410,9728,Cartão,5,Mastercard,2496.76,PENDENTE,2022-02-14
1411,4119,PIX,2,,6360.73,PAGO,2022-11-02
1412,149,Dinheiro,6,,12301.78,PAGO,2022-05-23
1413,3624,PIX,1,,76.63,PENDENTE,2024-10-06
1414,7650,Cartão,4,,14089.72,PENDENTE,2023-03-01
1415,858,Cartão,7,American Express,,PENDENTE,2023-09-02
1416,2168,Dinheiro,5,,297.17,ESTORNADO,2024-05-30
1417,226,PIX,4,,10604.7,PAGO,2024-07-06
1418,9749,Dinheiro,11,,8801.25,PAGO,2022-06-08
1419,8292,PIX ,1,,8847.37,ESTORNADO,2023-03-20
1420,3645,Boleto,7,,1539.41,PAGO,2023-08-14
1421,5562,Cartão,5,Visa,263.93,ESTORNADO,2024-12-23
1422,4984,Dinheiro,5,,2605.92,,2022-09-21
1423,11070,Cartao,-1,,4960.82,ESTORNADO,2025-03-23
1424,4441,Dinheiro,,,11300.51,PENDENTE,2024-06-29
1425,6472,PIX,1,,12594.37,PAGO,2024-04-12
1426,5416,Dinheiro,11,,13903.3,PENDENTE,99/99/9999
1427,7314,pix,9,,11807.71,PENDENTE,99/99/9999
1428,9646,Dinheiro,5,,0,PAGO,07-15-2024
1429,6689,Cartão,1,Elo,,PENDENTE,2024-12-31
1430,9974,Boleto,,,1056.06,PENDENTE,2024-09-24
1431,4469,Boleto,3,,8337.48,PAGO,2024-10-04
1432,8347,PIX,10,,4841.58,ESTORNADO,2022-01-03
1433,4112,Boleto,3,,9767.09,PAGO,2024-08-17
1434,5115,Cartão,1,,3425.82,ESTORNADO,2022-05-17
1435,11070,Boleto,11,,7849.76,PAGO,2023-07-21
1436,6886,Cartão,4,Mastercard,9707.61,PAGO,2024-05-10
1437,4793,Cartão,2,Mastercard,12742.61,PENDENTE,2024-12-20
1438,1480,Dinheiro,9,,7519.78,PENDENTE,2022-11-09
1439,7540,Cartão,,Hipercard,9813.38,PAGO,2024-05-27
1440,4469,Dinheiro,1,,10073.06,Pendente,99/99/9999
1441,8861,Pixx,8,,11239.23,PENDENTE,2024-03-10
1442,9011,Cartão,9,Hipercard,3968.35,ESTORNADO,2022-08-11
1443,9874,PIX,11,,12748.87,ESTORNADO,2022-07-21
1444,2193,PIX,11,,-500,,2025-02-10
1445,9065,Cartão,,,4138.02,ESTORNADO,2024-10-02
1446,8373,Dinheiro,doze,,11748.45,PAGO,2023-03-23
1447,5395,Pix,11,,659.77,PENDENTE,2023-07-28
1448,5099,Boleto,9,,-500,PAGO,2022-04-11
1449,8778,Dinheiro,2,,4878.0,PENDENTE,2023-09-12
1450,4375,Boleto,7,,7695.42,PENDENTE,2023-09-03
1451,1088,Dinheiro,4,,14065.72,ESTORNADO,2022-11-25
1452,2414,Dinheiro,4,,1584.82,PENDENTE,2023-04-10
1453,10711,PIX,7,,12820.96,ESTORNADO,2023-09-07
1454,6297,Dinheiro,12,,3834.03,PAGO,2022-08-24
1455,11361,PIX,6,,R$500,PAGO,2023-07-15
1456,6335,PIX,12,,8870.16,ESTORNADO,2023-08-15
1457,3955,Cartão,,,12182.38,PENDENTE,2024-07-15
1458,9827,Dinheiro,7,,,PAGO,2022-09-20
1459,3608,Boleto,10,,8833.98,PAGO,2022-07-12
1460,7412,PIX,6,,2262.8,PENDENTE,2024-03-20
1461,7116,Boleto,3,,13030.93,PENDENTE,2024-02-21
1462,5487,Boleto,10,,,ESTORNADO,2025-01-26
1463,2932,Boleto,6,,971.92,ESTORNADO,2024-12-28
1464,11895,PIX,5,,7042.95,PAGO,2022-11-01
1465,1876,Boleto,0,,11729.38,PENDENTE,2024-05-20
1466,11481,PIX,12,,7934.48,PENDENTE,2023-05-28
1467,7887,Pixx,3,,9476.98,PAGO,2024-07-19
1468,6661,PIX,-5,,,ESTORNADO,2022-04-22
1469,8229,PIX ,6,,14652.57,ESTORNADO,2024-04-06
1470,11762,PIX,6,,1149.31,PENDENTE,2022/03/18
1471,3803,Cartão,3,,9979.29,PAGO,2023-06-09
1472,3426,Cartão,10,,1533.41,PAGO,2024-04-23
1473,5461,Cartão,4,Hipercard,4578.1,PAGO ,2022-12-23
1474,9558,Boleto,4,,6570.24,PENDENTE,2023-04-21
1475,1510,Boleto,12,,2679.9,PENDENTE,31/02/2025
1476,6824,Boleto,2,,4013.68,PENDENTE,2024-03-17
1477,5207,Cartão,6,,3141.51,ESTORNADO,2023-08-17
1478,6362,Dinheiro,10,,2278.0,PAGO,2023-04-05
1479,3482,Boleto,7,,8236.96,ESTORNADO,2023-04-30
1480,8952,PIX,7,,,PAGO,2024-08-28
1481,966,Dinheiro,12,,2507.37,PAGO,2023-07-18
1482,1931,Cartão,2,Mastercard,14686.11,PENDENTE,2022-12-03
1483,4859,Boleto,7,,3092.62,PAGO,2023-06-22
1484,1310,PIX,3,,9637.63,ESTORNADO,2023-03-24
1485,9832,PIX,1,,1591.09,PENDENTE,2022-03-11
1486,1333,Cartão,4,Mastercard,3489.72,PENDENTE,2022-04-04
1487,8938,Boleto,-5,,10930.99,PAGO,2022-06-20
1488,780,Boleto,,,13486.4,PAGO,2022-05-29
1489,9867,PIX,4,,4393.83,PAGO,2022-06-02
1490,7833,PIX,-5,,12563.25,ESTORNADO,2023-02-21
1491,1602,,1,,14945.45,PENDENTE,2023-09-05
1492,7940,PIX,10,,3212.64,PENDENTE,2022-03-18
1493,8181,Boleto,10,,14559.97,ESTORNADO,2023-05-02
1494,5498,Cartão,6,,789.96,ESTORNADO,2024-10-14
1495,1230,Cartao,3,,9502.29,PENDENTE,2024-05-22
1496,4626,Cartão,1,American Express,478.77,PAGO,2024-10-30
1497,2387,Cartão,8,Hipercard,9579.51,PAGO,2022-03-29
1498,4497,PIX,4,,,PENDENTE,2024-04-23
1499,9823,PIX,11,,4093.71,PAGO,2022-11-27
1500,10569,Cartão,,Elo,2641.34,PAGO,2023-07-13
1501,9081,Boleto,8,,9087.99,PAGO,2023-02-02
1502,7259,Cartão,3,American Express,11496.83,ESTORNADO,2025-02-13
1503,9811,PIX ,9,,3619.16,PAGO,2023-11-13
1504,2069,PIX,11,,3954.3,Pago,04-03-2023
1505,5642,Dinheiro,9,,9644.28,PAGO,2023-05-29
1506,3925,Dinheiro,10,,8644.12,PENDENTE,2023-07-24
1507,11,Dinheiro,,,14471.94,ESTORNADO,2023-11-11
1508,3942,Cartão,8,Hipercard,11347.07,PENDENTE,2025/02/04
1509,3604,PIX,9,,4219.69,PENDENTE,2023-01-05
1510,150,Boleto,11,,-500,ESTORNADO,2023-11-09
1511,6527,PIX,6,,8027.97,PENDENTE,2022-12-03
1512,1007,Cartão,4,American Express,3339.92,PAGO,2022-10-13
1513,3709,PIX,5,,323.43,PAGO,2022-10-12
1514,434,Boleto,2,,6120.92,ESTORNADO,2022-01-11
1515,2068,Boleto,1,,14568.22,PAGO,99/99/9999
1516,3922,Cartão,0,Hipercard,5617.6,PAGO,2022-10-27
1517,11516,Dinheiro,12,,10774.77,PENDENTE,2023/04/10
1518,3559,Cartão,12,,3530.31,PENDENTE,2023-05-17
1519,1938,Boleto,6,,2953.26,ESTORNADO,2024-08-22
1520,6850,PIX,3,,417.01,Estornado,2022-09-28
1521,11289,Dinheiro,8,,9398.43,ESTORNADO,2023-12-30
1522,1174,Cartão,7,,12284.66,ESTORNADO,02-14-2022
1523,7432,Boleto,-1,,8555.57,ESTORNADO,2023-03-04
1524,7844,Boleto,2,,R$500,ESTORNADO,2023-07-17
1525,497,Dinheiro,6,,2471.74,PENDENTE,2023-07-27
1526,5660,Cartão,4,,7345.35,PENDENTE,2022-11-24
1527,9466,Boleto,12,,5526.77,PAGO,2023-11-15
1528,2343,PIX,7,,11493.42,PENDENTE,2023-07-06
1529,1196,Pix,10,,1671.5,PENDENTE,2022-01-13
1530,5651,Dinheiro,12,,-500,PAGO,2024-07-16
1531,2360,Cartão,4,Mastercard,6681.72,Pagoo,2024-03-20
1532,10284,Cartão,9,Visa,-500,PAGO,2023-07-04
1533,4148,Cartão,4,Hipercard,14892.91,PAGO,2024-10-18
1534,1406,Cartão,7,,150.73,PENDENTE,2024-05-08
1535,852,PIX,4,,2200.66,Estornado,2023-11-11
1536,1798,,6,,11810.51,ESTORNADO,2022-05-06
1537,4456,Cartão,2,American Express,5241.59,PENDENTE,2023-09-28
1538,5772,PIX,4,,650.1,ESTORNADO,2022-03-15
1539,9965,PIX,3,,13330.89,ESTORNADO,2024-11-22
1540,6952,Dinheiro,2,,1296.11,ESTORNADO,2022-03-27
1541,461,Boleto,9,,3126.54,PAGO,2023-05-06
1542,9479,Cartão,5,,2405.15,PENDENTE,2024-05-21
1543,7945,Cartão,1,Visa,12225.51,PAGO,2023-03-31
1544,1141,Boleto,12,,10657.6,PAGO,2022-01-16
1545,9246,Dinheiro,3,,13292.3,PAGO,2022-08-26
1546,8213,Boleto,,,4799.21,Pagoo,2022-10-17
1547,4566,Cartão,doze,Hipercard,4442.15,PENDENTE,2024-05-24
1548,9497,Dinheiro,2,,5655.45,,2023-02-03
1549,4359,PIX,1,,9232.6,PENDENTE,2023-02-15
1550,2987,Cartão,2,Mastercard,8700.24,PENDENTE,2023-11-17
1551,9614,PIX,-1,,13619.94,Pago,2023-03-04
1552,7680,Boleto,10,,6846.6,ESTORNADO,2024-04-05
1553,1496,Boleto,7,,3652.14,ESTORNADO,2024-10-10
1554,6680,Dinheiro,6,,2210.87,ESTORNADO,06/01/2022
1555,2315,PIX,9,,5879.02,PAGO,2022-10-21
1556,1877,Dinheiro,11,,3059.71,PAGO,2022-01-27
1557,10909,PIX,12,,584.99,PAGO,2023-04-18
1558,4566,Cartao,6,,8165.45,ESTORNADO,2024-05-05
1559,8746,PIX,9,,,PAGO,2024-07-26
1560,5694,Cartão,2,,14902.75,PAGO,2023-02-20
1561,8255,Boleto,,,1438.07,ESTORNADO,2022-08-01
1562,7960,Dinheiro,8,,10357.39,PAGO,2024-12-13
1563,5858,PIX,2,,10936.07,PENDENTE,2025-03-13
1564,3191,Dinheiro,11,,,PENDENTE,2025-04-10
1565,5210,PIX,3,,4865.41,ESTORNADO,2025-02-14
1566,8720,PIX,6,,459.31,PAGO,2022-10-12
1567,5776,Dinheiro,,,12025.46,Pendente,2023-01-12
1568,9739,Cartão,-1,Hipercard,,ESTORNADO,2022-11-04
1569,217,PIX,11,,,ESTORNADO,2024-04-15
1570,1951,PIX,7,,2538.86,PAGO,2024-05-17
1571,9408,Dinheiro,6,,3603.49,ESTORNADO,2024-01-23
1572,8128,Boleto,1,,10811.01,ESTORNADO,2024-05-28
1573,8790,Dinheiro,6,,13913.63,ESTORNADO,2025-01-25
1574,2622,Dinheiro,doze,,3253.2,PENDENTE,2023-05-15
1575,6694,Cartão,11,Elo,12440.23,PENDENTE,2023-09-18
1576,977,Boleto,12,,0,PAGO,31/02/2025
1577,7321,Cartão,,,7360.53,PAGO,2024-05-13
1578,9161,Boleto,2,,5328.12,ESTORNADO,2023-04-10
1579,2282,Dinheiro,10,,3987.05,ESTORNADO,2022-08-17
1580,5777,PIX,5,,14906.51,PAGO,2023-12-06
1581,838,Boleto,8,,3367.2,PAGO,2022-06-15
1582,5312,PIX,2,,7160.01,PENDENTE,2025-01-18
1583,6812,Dinheiro,4,,3726.81,PENDENTE,2022-12-08
1584,4217,PIX,3,,11303.8,PAGO,2023-04-25
1585,7070,Cartão,1,,11855.69,PAGO ,2025-01-10
1586,2049,Dinheiro,8,,3428.91,PAGO,2023-12-06
1587,1482,Boleto,11,,0,PAGO,2022-09-29
1588,6080,Dinheiro,7,,7009.04,ESTORNADO,2023-02-20
1589,4076,Dinheiro,,,5600.23,PAGO,2022-10-29
1590,1880,Dinheiro,10,,1915.08,PENDENTE,2024-10-28
1591,2550,PIX ,2,Hipercard,8913.68,PAGO,2025-03-02
1592,7393,Dinheiro,1,,6642.22,PENDENTE,31/02/2025
1593,8532,Cartão,9,Visa,7425.62,,2022-04-07
1594,779,Boleto,1,,9076.71,ESTORNADO,2024-05-18
1595,1578,boleto,2,,13332.21,ESTORNADO,11-01-2022
1596,8773,Cartão,6,Visa,mil,PAGO,2022-01-19
1597,9263,PIX,11,,14077.41,PENDENTE,03-29-2022
1598,1324,Boleto,12,,10764.73,PAGO,2023-10-19
1599,3551,Dinheiro,1,,7945.71,PAGO,2024-08-25
1600,6479,Boleto,6,,5854.49,PAGO,2024-04-30
1601,6974,Cartão,10,Mastercard,5328.54,PAGO,2024-07-28
1602,8921,Dinheiro,12,,4311.7,PAGO,2024-03-11
1603,2883,Dinheiro,doze,,3087.81,PAGO,2023-01-16
1604,3716,PIX,10,,R$500,ESTORNADO,2024-11-11
1605,11109,Cartão,7,Visa,8277.07,PAGO,2023-12-07
1606,2968,Cartão,12,Visa,,ESTORNADO,2024-02-12
1607,2379,PIX,2,,8157.38,PAGO,2024-03-31
1608,7872,Boleto,11,,6734.03,ESTORNADO,2022-08-07
1609,1809,Boleto,9,,12807.94,PENDENTE,2024-10-05
1610,5135,Dinheiro,4,,1438.8,PENDENTE,2024-04-28
1611,9777,Boleto,10,,6169.6,PENDENTE,2024-12-22
1612,2732,PIX,2,,11458.87,ESTORNADO,2023-02-03
1613,1975,boleto,,Elo,7063.69,ESTORNADO,2024-01-31
1614,5455,Cartão,6,,10428.77,PAGO,2022-11-12
1615,5279,Boleto,2,,6580.42,PENDENTE,2023-06-05
1616,6898,Cartão,2,,12287.13,PAGO,2023-03-02
1617,9091,Pix,doze,,3521.64,PENDENTE,2024-05-27
1618,5012,Cartao,10,,8084.92,PAGO,2023-11-05
1619,1523,Dinheiro,7,,7633.17,Estornado,2023-08-25
1620,2954,Boleto,3,,9763.83,ESTORNADO,2024-04-23
1621,4025,Cartão,12,Elo,3535.63,PENDENTE,2023-07-09
1622,505,Cartão,12,Visa,4207.07,PENDENTE,2022-05-14
1623,6825,Boleto,1,,9198.08,ESTORNADO,2022-10-02
1624,5322,boleto,11,,0,PAGO,12-26-2022
1625,3963,Dinheiro,7,,10672.65,PENDENTE,2025-01-14
1626,3144,PIX,10,,mil,PENDENTE,2023-02-17
1627,8477,Cartão,4,Elo,3875.17,PENDENTE,2024-01-12
1628,2880,Boleto,,,10917.33,PAGO,2023-12-13
1629,9166,Boleto,10,,4094.25,PENDENTE,2024-08-21
1630,11561,Boleto,8,,1886.52,ESTORNADO,2023-08-07
1631,6586,Dinheiro,9,,-500,PENDENTE,2024-06-06
1632,11554,Boleto,10,,6615.91,PAGO,2024-09-10
1633,11491,Dinheiro,12,,4900.37,ESTORNADO,2023-01-06
1634,12000,Boleto,10,,13316.13,PAGO ,2023-04-15
1635,5094,PIX,3,,12375.86,ESTORNADO,2022-09-12
1636,546,Cartão,6,Mastercard,854.34,ESTORNADO,2022-05-27
1637,4086,Boleto,10,,3682.52,ESTORNADO,2022-06-12
1638,2316,Dinheiro,9,,R$500,ESTORNADO,2024-09-29
1639,8589,Dinheiro,8,,750.61,PAGO,2023-06-13
1640,9794,Pix,12,,11086.47,PAGO,2022-04-08
1641,3602,PIX,8,,4535.77,PENDENTE,2022-03-26
1642,9082,Dinheiro,8,,3989.19,PENDENTE,2023-01-25
1643,7532,Boleto,1,,0,Pendente,2024-06-30
1644,4884,PIX,2,,-500,PENDENTE,2024-04-17
1645,5851,Cartão,4,Elo,11178.08,ESTORNADO,2023-02-15
1646,2133,Pixx,,,14758.12,Estornado,2024-01-11
1647,1275,PIX,10,,10347.73,ESTORNADO,2023-07-21
1648,1254,Boleto,12,,4610.06,PENDENTE,2024-04-22
1649,6282,Cartão,12,Elo,9219.37,ESTORNADO,2022-12-03
1650,3794,PIX,12,,2723.6,ESTORNADO,15/11/2022
1651,5810,PIX,4,,13137.55,ESTORNADO,2024-10-21
1652,4279,Dinheiro,5,,0,PAGO,2024-01-02
1653,8803,Dinheiro,7,,4665.21,Estornado,2023-02-05
1654,6856,Boleto,9,,12224.43,PENDENTE,2022-04-29
1655,8561,Boleto,12,,13295.17,PAGO,2023-12-08
1656,2914,Cartão,9,American Express,3098.9,PAGO,2024/12/27
1657,6311,Cartão,5,Mastercard,1924.49,ESTORNADO,2022-04-17
1658,1665,Cartão,2,Hipercard,7734.86,PAGO,2023-12-31
1659,885,PIX,6,,,PAGO,2024-04-14
1660,8996,Boleto,11,,11525.45,PENDENTE,2023-01-12
1661,1611,PIX ,7,Elo,,ESTORNADO,2024-02-23
1662,6235,PIX,1,,901.92,ESTORNADO,2022-06-21
1663,8180,Boleto,11,,6043.58,ESTORNADO,2022-06-26
1664,183,Boleto,10,,,ESTORNADO,2024-08-06
1665,4380,Boleto,10,,7410.32,PAGO,2022-04-02
1666,10779,,-1,,13947.62,ESTORNADO,2024-07-12
1667,6540,Boleto,1,,10775.9,PAGO,2022-07-12
1668,5395,Boleto,7,,12082.78,PAGO,31/02/2025
1669,860,Dinheiro,11,,1937.09,PAGO,2023-07-22
1670,7328,PIX,10,,9238.67,PAGO,2023-05-19
1671,9332,Boleto,5,,1119.8,ESTORNADO,2022-07-10
1672,6699,Dinheiro,4,,9601.28,ESTORNADO,2024-12-18
1673,6781,Boleto,7,,10337.72,PAGO,2022-01-04
1674,1816,Cartão,3,Visa,3697.13,PAGO,2024-10-11
1675,6541,Boleto,6,,12029.62,PAGO,2022-06-16
1676,5282,Boleto,11,,11813.63,PENDENTE,2023-08-20
1677,6321,Cartão,7,,6667.57,PAGO,2022-05-28
1678,7141,Boleto,2,,0,PENDENTE,2024-03-22
1679,617,PIX,12,,4922.67,PENDENTE,2022-12-09
1680,6721,pix,10,,9433.87,PENDENTE,2023-09-07
1681,1180,Boleto,4,,6590.73,PAGO,2022-02-02
1682,9598,Cartão,7,Hipercard,,PENDENTE,2023-02-27
1683,4898,PIX,2,,8997.53,PAGO,2024-01-02
1684,3564,Cartão,1,Elo,10110.19,PENDENTE,2024-09-05
1685,4375,Boleto,12,,5943.45,PENDENTE,2024-07-23
1686,6068,PIX,3,,8597.35,ESTORNADO,2022-12-31
1687,4007,Boleto,11,,8564.06,Pago,2023-03-07
1688,5013,Cartão,7,,8064.91,ESTORNADO,2022-04-21
1689,3949,Boleto,2,,5199.7,PENDENTE,2023-08-13
1690,4307,Cartão,11,Elo,1094.91,ESTORNADO,2023-12-03
1691,7993,Boleto,2,,5914.75,PENDENTE,2025-04-07
1692,5637,Dinheiro,12,,,PENDENTE,2024-04-20
1693,3497,Boleto,8,,48.18,PAGO,2024-09-28
1694,4024,Boleto,,,8348.45,ESTORNADO,99/99/9999
1695,6362,pix,,,mil,PENDENTE,2025-01-17
1696,9788,Cartão,9,Visa,4702.76,ESTORNADO,2025-04-13
1697,6584,Cartão,6,Hipercard,14973.25,PENDENTE,2022-09-30
1698,3513,Boleto,2,,0,Pagoo,2023-09-27
1699,3715,Dinheiro,7,,12768.97,PAGO,2022-02-15
1700,181,PIX,8,,10109.7,PAGO,2023-01-07
1701,6801,Cartão,12,Elo,7073.72,ESTORNADO,2022-09-16
1702,3214,Cartão,2,Mastercard,3972.53,ESTORNADO,2022-10-28
1703,5016,Dinheiro,6,,6783.54,PENDENTE,2022-07-19
1704,8722,PIX ,2,,3223.16,PENDENTE,2024-06-29
1705,7027,Boleto,2,,8065.13,PENDENTE,2023-10-25
1706,978,pix,,,2785.07,PAGO,31/02/2025
1707,7917,Dinheiro,2,,14570.44,PAGO,2022-07-12
1708,685,Boleto,9,,7862.82,ESTORNADO,2024-03-03
1709,5383,Dinheiro,,,9229.08,PENDENTE,2023-05-28
1710,9325,PIX,10,,10795.39,PENDENTE,2022-05-22
1711,6124,PIX,-5,,5968.65,ESTORNADO,2024-03-26
1712,5586,Cartão,7,Mastercard,,PAGO,2023-04-20
1713,6031,Cartão,-5,,12416.79,PAGO,2023-06-04
1714,3567,Boleto,2,,409.45,PAGO,2025-04-08
1715,9278,PIX,4,,5096.34,Pago,2025-03-19
1716,2123,Boleto,12,,5742.16,PENDENTE,2025-02-18
1717,9132,PIX ,7,,6873.43,ESTORNADO,2024-07-20
1718,3821,PIX,11,,11443.13,PAGO,2024-10-20
1719,4326,Boleto,2,,11696.63,PENDENTE,2022-07-09
1720,11218,PIX,6,,12679.98,PAGO,2022-08-29
1721,840,Dinheiro,10,,7100.39,PENDENTE,2025-03-26
1722,8306,Boleto,5,,14150.23,ESTORNADO,2024-06-07
1723,9669,Cartão,11,Visa,10773.07,Pendente,2024-06-18
1724,7675,PIX,11,,3092.71,ESTORNADO,31/02/2025
1725,3906,Boleto,,,1967.65,ESTORNADO,05-11-2023
1726,3534,Cartão,5,Hipercard,4213.25,PAGO,2022-01-05
1727,5633,Cartão,,Hipercard,5128.53,ESTORNADO,2024-02-23
1728,4341,Boleto,9,,13289.0,ESTORNADO,2022-01-21
1729,5933,Boleto,5,,13569.62,ESTORNADO,2024-05-18
1730,7318,Dinheiro,1,,10187.46,Pagoo,2023-10-30
1731,6795,Cartão,10,Mastercard,11639.77,ESTORNADO,2022-06-06
1732,2581,Boleto,10,,,PENDENTE,2023-01-10
1733,8300,PIX,8,,87.25,Pago,2022-01-08
1734,8014,Boleto,5,,5511.28,PENDENTE,2022-09-27
1735,5236,PIX,doze,,,PENDENTE,2023-01-22
1736,9386,Boleto,9,,14286.16,PAGO,2022-11-11
1737,6576,Dinheiro,2,,R$500,Pago,2024-09-16
1738,454,Cartão,6,Visa,1122.74,PAGO,2022-01-08
1739,9427,Cartão,8,Mastercard,8790.65,ESTORNADO,2023-03-09
1740,7269,PIX,5,,9031.1,PAGO,2024-08-15
1741,9549,Dinheiro,3,,5794.47,PENDENTE,2024-07-09
1742,7115,Dinheiro,8,,2594.33,PENDENTE,2024-02-10
1743,1808,Boleto,7,,11295.2,PENDENTE,2024-12-29
1744,4864,Cartão,5,Visa,-500,PENDENTE,2023-08-13
1745,6644,Dinheiro,12,,mil,ESTORNADO,2023-07-04
1746,961,PIX,11,,4994.67,PENDENTE,2023-11-04
1747,209,PIX,11,,1005.31,PENDENTE,2022-11-20
1748,3971,Boleto,10,,6270.5,PENDENTE,2022-12-01
1749,7619,Cartão,0,,4880.22,PAGO,2023-10-01
1750,7400,Dinheiro,-5,,12633.68,ESTORNADO,2022-05-06
1751,7257,Boleto,5,,14192.42,PAGO,2023-01-11
1752,5682,Cartão,9,Mastercard,,ESTORNADO,2023-07-22
1753,3412,PIX,3,,14786.69,PENDENTE,2024-07-28
1754,10510,Cartão,6,Hipercard,691.44,PAGO,99/99/9999
1755,4371,PIX,,,2295.24,ESTORNADO,2024-11-11
1756,584,Dinheiro,9,,1149.01,PAGO,2023-06-05
1757,1121,Dinheiro,2,,5011.06,PENDENTE,2023-07-23
1758,286,Dinheiro,2,,11179.81,PAGO,2022-01-02
1759,1199,Boleto,1,,4351.64,PAGO,2023-01-24
1760,6922,PIX ,9,,649.65,ESTORNADO,2024-11-17
1761,9131,PIX,9,,8916.57,PAGO,2025-01-02
1762,1452,Boleto,7,,13965.84,PAGO,31/02/2025
1763,2558,Dinheiro,,,12365.35,ESTORNADO,2024-11-22
1764,472,Cartão,1,Hipercard,11534.32,ESTORNADO,2025-01-28
1765,7561,PIX,5,,5825.17,PENDENTE,2022-07-26
1766,4987,Boleto,7,,700.6,ESTORNADO,28/10/2022
1767,2207,Boleto,9,,,PENDENTE,2024-02-15
1768,9130,Dinheiro,2,,8886.7,PAGO,2024-02-07
1769,4753,Boleto,6,,376.15,,2024-10-12
1770,7508,Cartão,-5,Elo,,PAGO,2023-08-20
1771,2579,Boleto,10,,14053.84,PAGO,2024-03-04
1772,8136,Cartão,,,1514.65,ESTORNADO,2023-04-05
1773,4702,PIX,6,,5745.98,PENDENTE,2022-07-29
1774,11111,PIX,6,,1060.36,PENDENTE,2022-03-10
1775,6253,Cartão,7,Hipercard,1261.81,PAGO,2023-06-16
1776,2445,Boleto,9,,8172.41,PENDENTE,2022-08-14
1777,518,Cartão,7,American Express,,ESTORNADO,2023-06-25
1778,1516,PIX,2,,12222.45,ESTORNADO,2025-02-04
1779,10191,Boleto,0,,14532.96,PAGO,2023-12-02
1780,3793,Cartão,,American Express,9549.99,PENDENTE,2024-03-02
1781,4849,Dinheiro,9,,3205.95,PAGO,2023-11-03
1782,7740,Boleto,1,,6835.81,PENDENTE,2022-01-08
1783,3763,Cartão,10,Hipercard,1616.01,PAGO,2022-02-04
1784,6990,Dinheiro,6,,3521.47,PAGO,2023-11-12
1785,1551,PIX ,6,Hipercard,3403.37,PAGO,2025-04-10
1786,11331,Boleto,9,,-500,PAGO,2024-06-29
1787,3636,Dinheiro,6,,8620.35,PENDENTE,2024-05-16
1788,599,Boleto,10,,373.92,PAGO,2024-11-28
1789,9252,Dinheiro,12,,13885.75,PENDENTE,2022-04-24
1790,9596,Cartão,7,Mastercard,9405.09,PENDENTE,2025-03-09
1791,7006,Cartão,5,,7608.37,ESTORNADO,2023-05-14
1792,2514,Dinheiro,-1,,12184.81,ESTORNADO,2024-03-10
1793,547,Dinheiro,1,,5492.06,ESTORNADO,2024-03-16
1794,9625,Cartão,6,Elo,11256.73,PAGO ,09-22-2024
1795,9819,Cartão,5,,9927.95,PENDENTE,2022-04-23
1796,2845,Dinheiro,1,,126.18,Pendente,2025-04-13
1797,9206,Boleto,5,,,ESTORNADO,2024-02-08
1798,10541,Dinheiro,8,,1935.29,ESTORNADO,2024-04-25
1799,5945,,12,,6296.48,pago,2023-08-12
1800,6299,PIX,11,,9452.8,ESTORNADO,2023-10-11
1801,10500,PIX,7,,12717.3,PENDENTE,2022-10-14
1802,8744,Cartão,11,Visa,12079.52,PENDENTE,2023-01-17
1803,6791,Boleto,5,,4533.25,ESTORNADO,08-26-2022
1804,3618,PIX,7,,3877.41,ESTORNADO,2024-03-06
1805,2735,Dinheiro,9,,7194.06,ESTORNADO,2022-12-11
1806,2926,Dinheiro,0,,10878.19,PAGO,2024-08-17
1807,7461,Cartão,10,American Express,12462.06,PENDENTE,2022-05-12
1808,3549,Dinheiro,8,,197.5,ESTORNADO,2022-11-25
1809,11941,PIX,9,,663.56,PENDENTE,2023-04-03
1810,2807,PIX,1,,13321.88,ESTORNADO,2022-01-06
1811,108,PIX,10,,0,PAGO,2024-03-21
1812,10745,Boleto,0,,4993.61,ESTORNADO,2022-12-21
1813,781,PIX,4,,6286.76,PENDENTE,2022-10-19
1814,4500,Cartão,8,American Express,4976.79,PAGO,2024-03-22
1815,6915,Dinheiro,10,,5794.89,ESTORNADO,2024-03-08
1816,6406,Boleto,10,,6975.33,PAGO,2024-04-25
1817,2785,PIX,,,1961.32,PAGO,2023-02-04
1818,2662,Boleto,6,,,PAGO,2023-09-15
1819,4441,PIX,12,,12765.48,PENDENTE,2023-11-07
1820,5319,Boleto,9,,10293.63,PAGO,2023/05/03
1821,8744,PIX,12,,11393.3,PENDENTE,2023-03-27
1822,11509,Boleto,11,,10967.94,ESTORNADO,2023-01-21
1823,9707,Cartão,,Hipercard,10635.45,PENDENTE,2025-03-13
1824,5844,Dinheiro,1,,11973.92,PAGO,2022-01-16
1825,3208,Boleto,8,,6500.69,ESTORNADO,2023-07-30
1826,1734,PIX,12,,3711.32,ESTORNADO,2023-03-28
1827,7959,Boleto,3,,7710.19,ESTORNADO,10/03/2025
1828,7705,Cartão,8,American Express,8819.04,ESTORNADO,2023-06-02
1829,5075,Boleto,2,,12752.99,PAGO,2023-09-02
1830,5811,PIX,12,,5877.17,ESTORNADO,2025-03-08
1831,7571,Dinheiro,6,,7604.1,PENDENTE,2023-09-26
1832,10907,Boleto,11,,603.37,ESTORNADO,2023-01-31
1833,419,PIX,8,,7627.76,PAGO,2023-11-28
1834,9083,Boleto,11,,11492.1,ESTORNADO,2023-10-05
1835,5424,Pix,5,,9353.57,PAGO,2022-03-10
1836,5849,Boleto,0,,5183.25,Pagoo,2024-01-09
1837,7703,Dinheiro,2,,,PAGO,2022-03-02
1838,6640,PIX,,,2549.52,PAGO,2023-06-10
1839,5306,Boleto,doze,,5007.85,PAGO,2023-04-21
1840,7998,Dinheiro,,,8656.84,ESTORNADO,2022-10-19
1841,10910,PIX,3,,-500,PAGO,04/08/2024
1842,5584,PIX,3,,599.32,PAGO,2025-02-02
1843,3894,Cartão,,,11025.68,PAGO,2022-06-24
1844,6847,PIX,1,,13467.78,PAGO,2024-10-02
1845,8773,Dinheiro,3,,13362.15,PAGO,2022-12-09
1846,9453,PIX,5,,3895.12,ESTORNADO,2022-02-09
1847,4347,Dinheiro,3,,10427.72,PENDENTE,99/99/9999
1848,4467,Dinheiro,6,,7188.7,PENDENTE,2024-03-27
1849,9810,Cartao,9,,11953.8,PAGO,2024-11-22
1850,546,boleto,7,,10934.96,PENDENTE,2022-05-12
1851,9546,Cartão,2,Mastercard,13204.16,PENDENTE,2022-06-25
1852,9116,Boleto,,,315.41,PENDENTE,2022-03-22
1853,1696,PIX,8,,12408.61,PAGO,2023-08-25
1854,10961,pix,2,,,pago,2023-08-15
1855,2679,Cartão,12,Visa,10246.51,PAGO,2024-08-01
1856,5469,Cartão,10,,6345.47,ESTORNADO,2023-06-13
1857,2716,PIX,5,,R$500,PENDENTE,2023-04-16
1858,6943,Dinheiro,12,,8609.96,ESTORNADO,2022-07-01
1859,7501,Boleto,10,,9866.34,PENDENTE,2023-11-23
1860,2801,Boleto,12,,696.09,PENDENTE,2022-10-25
1861,9686,PIX,2,,13522.41,PAGO,2025-02-08
1862,5268,Cartão,3,American Express,1164.08,PENDENTE,25/12/2024
1863,2560,Cartão,11,Mastercard,12879.22,Pendente,2025-03-22
1864,7935,PIX,12,,9154.17,PAGO,2024-07-22
1865,7894,Pix,11,,7127.11,PAGO,2023-01-06
1866,7011,Dinheiro,10,,14897.4,ESTORNADO,2022-01-09
1867,2232,Cartão,7,,14920.92,PAGO,2024-02-11
1868,8454,PIX,2,,2314.8,PENDENTE,2024-01-08
1869,6588,Cartão,doze,,2002.05,PAGO,02-15-2024
1870,7365,Boleto,4,,3736.18,PAGO,2022-11-28
1871,7481,,7,,2837.03,PAGO,2022-04-08
1872,6819,PIX,6,,10460.38,PENDENTE,2022-02-28
1873,9028,Cartão,6,,R$500,PAGO,2024-12-13
1874,2878,Cartão,0,Hipercard,12613.67,PENDENTE,2024-07-31
1875,2746,Cartão,12,Mastercard,2406.94,PAGO,2024-03-08
1876,8874,Boleto,3,,7078.55,ESTORNADO,2023-07-05
1877,1311,PIX,7,,2746.31,ESTORNADO,2023-05-13
1878,6968,Cartão,-5,Hipercard,14311.52,PAGO,2022-09-15
1879,3615,Cartão,3,Visa,8270.25,PENDENTE,2024-12-03
1880,3653,Dinheiro,8,,9745.6,Pendente,2024-03-29
1881,7541,Cartão,9,Hipercard,5876.79,PENDENTE,2023-04-13
1882,2922,PIX,12,,mil,ESTORNADO,2025-04-08
1883,11137,Cartão,7,,4133.31,PENDENTE,13/11/2024
1884,3954,Dinheiro,2,,13009.83,PENDENTE,2025-01-12
1885,1917,Boleto,4,,3116.46,PENDENTE,2024-02-20
1886,7070,Boleto,8,,10458.63,ESTORNADO,2023-05-07
1887,6337,Cartão,10,Hipercard,10656.9,PAGO,2022-11-25
1888,2147,Boleto,3,,12138.9,PAGO,2022-05-18
1889,3031,PIX,5,,12486.82,Pendente,2023-06-21
1890,422,Cartão,5,,14267.05,PAGO,2022-01-20
1891,2833,Cartão,7,,3518.6,ESTORNADO,2023-12-26
1892,5194,PIX,12,,423.11,PENDENTE,2022-06-28
1893,1866,Cartão,5,Mastercard,0,ESTORNADO,2024-08-03
1894,6816,PIX,-1,,7413.66,PENDENTE,2022-03-22
1895,9701,Boleto,9,,534.86,ESTORNADO,2025-03-18
1896,9433,PIX,9,,2328.12,ESTORNADO,2024-03-27
1897,4922,PIX,8,,1294.44,ESTORNADO,2022-03-03
1898,3375,Cartão,1,Elo,mil,,2024-10-12
1899,2515,Boleto,12,,12897.76,PENDENTE,2024-10-28
1900,1521,PIX,6,,11562.74,ESTORNADO,2024-03-28
1901,373,PIX,6,,8915.24,PENDENTE,2023-03-23
1902,972,pix,8,,1639.26,Estornado,2023-03-19
1903,502,Dinheiro,6,,13345.49,PENDENTE,2022-01-11
1904,8076,Cartão,3,American Express,7878.49,PENDENTE,2022-08-23
1905,6895,PIX,4,,13791.68,ESTORNADO,2023-01-30
1906,3941,PIX,1,,3886.3,PAGO,2023-06-29
1907,3783,Dinheiro,2,,1971.44,PENDENTE,2022-01-10
1908,1818,Boleto,5,,11992.81,PENDENTE,2022-07-28
1909,509,Cartão,-5,American Express,1160.4,ESTORNADO,2022-12-26
1910,8205,Cartão,7,Mastercard,R$500,PENDENTE,2023-11-24
1911,5803,Dinheiro,7,,449.36,PAGO,2024-12-06
1912,9619,Dinheiro,5,,10311.1,ESTORNADO,2022-04-24
1913,5323,Dinheiro,1,,,ESTORNADO,2023-01-23
1914,4254,PIX,4,,4140.92,ESTORNADO,2025-03-14
1915,9444,Boleto,12,,1879.22,PAGO,2024-09-01
1916,5796,Dinheiro,3,,7130.27,PAGO,2024-07-04
1917,5015,Dinheiro,10,,9940.71,PENDENTE,2024-11-19
1918,1493,PIX,1,,1375.65,PAGO,2023/05/06
1919,9278,Boleto,9,,4241.99,ESTORNADO,2025-01-14
1920,3495,Dinheiro,3,,10124.05,PENDENTE,2024-02-14
1921,7477,Dinheiro,,,12422.52,PENDENTE,23/07/2023
1922,7990,PIX,2,,14832.91,PAGO,2022-05-04
1923,7496,Boleto,5,,2603.48,PENDENTE,2023-05-09
1924,7912,,9,,10126.86,ESTORNADO,2022-06-27
1925,9092,PIX,doze,,14534.3,PAGO,2023-02-21
1926,3523,Boleto,8,,966.4,PENDENTE,99/99/9999
1927,347,Dinheiro,1,,12164.92,PENDENTE,03/12/2022
1928,9350,Cartão,5,Mastercard,7579.01,ESTORNADO,31/02/2025
1929,4693,Boleto,6,,5936.61,PENDENTE,2023-07-10
1930,9461,Boleto,1,,mil,PAGO,2023-03-20
1931,6373,Cartao,6,,2594.02,PENDENTE,2024-02-20
1932,1418,Dinheiro,9,,5155.59,ESTORNADO,2022/02/20
1933,3440,Dinheiro,12,,13863.76,PENDENTE,2024-11-30
1934,2291,Cartão,-1,Elo,10119.06,PAGO,2025-01-17
1935,5115,Pix,11,Mastercard,3130.09,PAGO,2024-11-19
1936,4603,Boleto,7,,9526.57,PAGO,2024-02-01
1937,1863,Dinheiro,7,,8579.08,PENDENTE,2022-07-16
1938,8838,Cartão,8,Hipercard,9318.45,PAGO,2024-12-05
1939,3346,Boleto,12,,14424.07,ESTORNADO,2023-03-22
1940,1316,Boleto,,,3585.58,PAGO,31/02/2025
1941,7118,Dinheiro,11,,10072.99,PAGO,2024-05-27
1942,9168,Boleto,12,,9242.25,ESTORNADO,2024-03-31
1943,7238,Boleto,4,,8599.96,,2024-04-29
1944,6030,Cartao,2,Hipercard,0,ESTORNADO,2024-02-10
1945,2749,Boleto,12,,5870.01,PENDENTE,2022-05-14
1946,6414,PIX,2,,8712.3,Pagoo,2023-09-26
1947,7329,Cartão,,American Express,7046.05,PENDENTE,2023-02-10
1948,10717,Boleto,12,,9860.85,PENDENTE,2024-10-08
1949,3831,Dinheiro,-5,,13235.1,ESTORNADO,2023-09-13
1950,7251,PIX,10,,7939.4,ESTORNADO,2022-03-25
1951,5299,PIX,3,,3611.36,ESTORNADO,2024-12-18
1952,5407,Pix,2,,,PAGO,2023-08-19
1953,12,Boleto,10,,12039.67,PAGO,2023-01-17
1954,5539,PIX,4,,10910.83,ESTORNADO,2022/04/01
1955,2010,Boleto,9,,9040.62,PAGO,2022-01-01
1956,425,pix,-5,Mastercard,5094.26,PENDENTE,18/02/2025
1957,9794,Boleto,10,,8531.7,ESTORNADO,2023-04-01
1958,9444,Dinheiro,9,,6581.57,ESTORNADO,2022-11-30
1959,9151,Boleto,1,,7366.13,ESTORNADO,2022-12-01
1960,690,Pixx,1,,9992.57,PAGO,2024-03-06
1961,1119,Cartão,7,Mastercard,11839.12,ESTORNADO,2024-10-01
1962,2753,PIX,2,,8324.42,PAGO,2023-03-30
1963,2984,Boleto,-1,,8764.07,ESTORNADO,2024-10-31
1964,1728,PIX,10,,10564.31,ESTORNADO,2022-04-11
1965,6918,PIX,9,,1854.29,PENDENTE,2022-06-04
1966,8185,PIX,5,,,ESTORNADO,2023-11-12
1967,8217,PIX,7,,12418.88,ESTORNADO,2022-03-25
1968,2321,Boleto,2,,4589.64,ESTORNADO,2024-12-28
1969,6656,Dinheiro,10,,1301.92,ESTORNADO,2023-08-25
1970,6150,Boleto,10,,13601.42,PAGO,06-10-2024
1971,5054,Cartão,5,American Express,12122.55,PENDENTE,2024-10-16
1972,4840,PIX,3,,962.32,PENDENTE,2024-03-10
1973,12,Boleto,,,12557.02,ESTORNADO,2024-01-08
1974,3731,Boleto,4,,11517.78,PAGO,2022-11-03
1975,2025,PIX,10,,1296.26,PAGO,2022-03-05
1976,8819,Dinheiro,,,3352.23,ESTORNADO,2022-11-01
1977,1881,Dinheiro,9,,2226.14,PAGO,2025-03-06
1978,5092,Cartão,7,American Express,5170.18,PENDENTE,2023-12-12
1979,6833,Cartão,12,American Express,4521.6,ESTORNADO,2023-10-22
1980,1913,PIX,8,,14550.56,ESTORNADO,2024-08-24
1981,4293,Dinheiro,7,,7102.77,PENDENTE,31/02/2025
1982,5135,Cartão,2,,10266.54,PAGO,2022-03-12
1983,11678,PIX,5,,11859.48,PENDENTE,2024-02-22
1984,11630,Dinheiro,5,,4082.89,PAGO,2023-07-21
1985,10052,Cartão,10,Hipercard,6493.4,ESTORNADO,2025-01-16
1986,9037,Dinheiro,11,,1050.91,ESTORNADO,2022-11-11
1987,4181,Cartão,8,American Express,0,PAGO,2023-10-21
1988,672,Dinheiro,1,,4361.77,PAGO,2024-08-23
1989,8133,Boleto,1,,6896.46,Estornado,2022-11-28
1990,9006,Cartão,2,,12984.53,PAGO,2024-09-11
1991,4286,Dinheiro,-5,,6411.39,ESTORNADO,2022-03-17
1992,6569,Dinheiro,1,,13313.92,ESTORNADO,2025-03-30
1993,9215,PIX,2,,14499.47,ESTORNADO,2024-08-15
1994,1448,Dinheiro,12,,304.28,ESTORNADO,2025-02-05
1995,6100,Boleto,3,,1117.31,PAGO,2022-12-30
1996,7557,Dinheiro,9,,R$500,PENDENTE,2023-03-27
1997,9100,PIX,9,,9792.31,PENDENTE,2024-01-15
1998,544,PIX,-5,,1248.32,ESTORNADO,2022-06-02
1999,9586,PIX,2,,57.99,ESTORNADO,2025-03-14
2000,5614,Dinheiro,4,,,PAGO,08-31-2022
2001,11043,Dinheiro,3,,6496.58,PAGO,2022-08-01
2002,5965,Boleto,0,,6670.09,PAGO,2024-10-19
2003,2997,Dinheiro,,,12261.0,ESTORNADO,2024-12-08
2004,9912,Dinheiro,4,,14127.62,ESTORNADO,2024-04-21
2005,8130,PIX,3,,5752.53,PAGO,2023-11-17
2006,6345,Dinheiro,10,,3904.06,ESTORNADO,2023-10-17
2007,2126,Boleto,-5,,11624.3,PAGO,2023-06-14
2008,443,Cartão,8,Elo,12074.85,pago,2024-04-05
2009,3057,PIX,4,,6118.08,PENDENTE,2023-07-17
2010,22,Dinheiro,-1,,2666.64,ESTORNADO,2023-02-26
2011,4774,Dinheiro,8,,4231.37,PENDENTE,2022-10-07
2012,3221,Dinheiro,5,,1689.66,ESTORNADO,2024-09-28
2013,7913,PIX,11,,13110.31,PENDENTE,2023-04-29
2014,356,Dinheiro,2,,3968.51,PAGO,2023-12-06
2015,3006,Dinheiro,1,,2802.23,PENDENTE,2025-01-14
2016,1962,Cartão,10,Hipercard,2751.35,ESTORNADO,2023-09-02
2017,11878,Cartão,4,Hipercard,,Pago,2024-01-15
2018,491,Dinheiro,5,,631.62,PAGO,2023-04-12
2019,5756,PIX ,4,,6504.24,PENDENTE,2024-07-14
2020,8292,Cartão,11,Mastercard,11792.41,PENDENTE,2023-07-02
2021,9025,Boleto,-5,,8822.6,PAGO,2022-04-21
2022,5925,Cartão,4,Visa,12504.41,ESTORNADO,2022-12-05
2023,11224,Dinheiro,6,,3985.76,PAGO,2023-03-03
2024,422,PIX,3,,R$500,ESTORNADO,2022-03-21
2025,10487,Cartão,-5,,4528.33,PAGO,2024-09-21
2026,3352,Cartão,5,,12468.79,PENDENTE,2024-11-21
2027,7154,Boleto,3,,8811.49,PAGO,2023-11-25
2028,3993,PIX,9,,1876.52,PENDENTE,2024-11-15
2029,9588,PIX,12,,12682.7,ESTORNADO,2024-04-25
2030,5917,Boleto,0,,9027.99,PAGO,2023-09-07
2031,7406,Dinheiro,8,,4087.21,ESTORNADO,2023-05-24
2032,7700,PIX,1,,7412.03,ESTORNADO,2023-06-28
2033,1729,Dinheiro,7,,2005.93,ESTORNADO,2024-07-11
2034,4318,PIX,7,,4530.87,PAGO ,2023-02-18
2035,8134,PIX,1,,5097.99,PENDENTE,2022-09-09
2036,9147,Cartão,,Hipercard,5607.72,ESTORNADO,2025-04-03
2037,8237,Dinheiro,12,,781.21,PAGO,2025-04-09
2038,6406,Dinheiro,1,,11680.98,ESTORNADO,2022-02-20
2039,548,Boleto,6,,,Pagoo,2023-05-02
2040,9350,Dinheiro,4,,7506.62,PAGO,2022-05-09
2041,3462,Boleto,5,,14289.82,PENDENTE,2022-01-17
2042,4899,PIX,3,,4423.31,ESTORNADO,2023-02-02
2043,2728,Dinheiro,10,,12310.06,PENDENTE,2025-03-06
2044,6360,Dinheiro,11,,1342.92,PENDENTE,2024-04-06
2045,2363,Cartão,10,,4201.65,PAGO,2024-03-06
2046,8510,PIX,2,,9926.1,ESTORNADO,2024-02-25
2047,2251,Cartão,1,Mastercard,3413.82,PAGO,2023-09-09
2048,8534,Boleto,8,,7531.62,PAGO,2024-02-01
2049,7543,Dinheiro,9,,10161.48,PAGO,2023-06-25
2050,6787,Cartão,3,Hipercard,7014.04,PENDENTE,2024-11-10
2051,10668,Dinheiro,12,,1514.28,PENDENTE,2024-04-17
2052,10180,Cartão,4,Elo,4762.65,ESTORNADO,2024-05-16
2053,10572,Cartão,8,,10080.84,ESTORNADO,2022-06-08
2054,8046,PIX,1,,5467.18,PAGO,2022-02-12
2055,2175,Dinheiro,1,,,PENDENTE,2022-01-13
2056,11539,Boleto,2,,3327.96,PENDENTE,2023-02-16
2057,1807,Boleto,8,,3603.32,PAGO,2022-03-30
2058,3298,Dinheiro,2,,13566.84,PENDENTE,2022-04-21
2059,6639,PIX ,,,880.5,PENDENTE,31/02/2025
2060,1246,PIX,3,,1266.77,ESTORNADO,2023-04-16
2061,3791,PIX,11,,12978.28,PENDENTE,2023-08-31
2062,1774,Cartão,,Hipercard,2235.63,PAGO,2022-03-12
2063,1062,Boleto,12,,4585.63,ESTORNADO,2023-02-20
2064,107,Boleto,,,10635.85,PENDENTE,2024-07-12
2065,541,boleto,2,,11798.62,PAGO,2023-04-04
2066,9264,Dinheiro,2,,6747.23,,2025-02-26
2067,1134,PIX,11,,5220.48,PENDENTE,2023-08-12
2068,458,Boleto,12,,4513.66,PENDENTE,2024-01-25
2069,8151,,6,,120.46,PENDENTE,2022-11-24
2070,2109,Dinheiro,12,,12289.85,,2022-01-07
2071,1115,boleto,10,,72.25,ESTORNADO,2024-12-08
2072,8044,Dinheiro,1,,1287.71,ESTORNADO,2024-04-01
2073,462,Dinheiro,8,,3050.16,PENDENTE,2022-09-04
2074,6036,Dinheiro,4,,12835.13,ESTORNADO,2023-06-29
2075,8601,Dinheiro,11,,7103.8,PENDENTE,2023-05-04
2076,5458,Boleto,4,,8064.96,PENDENTE,2024-02-18
2077,6977,PIX,3,,,PENDENTE,2023-05-18
2078,7838,Cartão,1,American Express,4827.63,PENDENTE,99/99/9999
2079,4535,Dinheiro,5,,7211.22,PAGO,2022-12-05
2080,2252,Cartão,-1,American Express,6618.63,PENDENTE,2022-04-24
2081,7903,Dinheiro,12,,7248.09,ESTORNADO,2022/06/06
2082,8110,Boleto,1,,12858.59,PAGO,2023-12-23
2083,3055,Boleto,4,,3008.02,PAGO,2023-07-12
2084,10299,Boleto,5,,12031.94,PAGO,2022-08-23
2085,23,PIX,9,,11999.45,ESTORNADO,2024-07-07
2086,10183,Cartão,9,,4614.16,ESTORNADO,2024-04-23
2087,2644,Dinheiro,-1,,4542.28,PENDENTE,2022-12-14
2088,4096,Boleto,1,,7363.07,Pendente,2024-08-25
2089,11184,Dinheiro,1,,11945.67,PAGO,12-30-2022
2090,11054,,11,,1618.28,PENDENTE,2022-09-07
2091,3229,Dinheiro,7,,5407.65,PAGO,2022-08-27
2092,1621,Boleto,12,,7112.19,PAGO,2022-07-30
2093,10173,Boleto,9,,1711.29,PAGO,2023-08-06
2094,6754,Pixx,3,,-500,PAGO,2024-10-27
2095,8530,Dinheiro,7,,5472.53,PENDENTE,2022-07-28
2096,5115,Boleto,12,,9596.18,PAGO,2022-10-09
2097,5887,Dinheiro,9,,0,PAGO,2022-12-23
2098,7809,PIX,11,,3655.59,PAGO,2022-03-22
2099,7768,Dinheiro,1,,4677.83,PAGO,2024-03-20
2100,4955,Pixx,9,,,PENDENTE,2022-03-15
2101,6069,PIX,1,,10325.08,ESTORNADO,2022-05-13
2102,8714,Cartão,10,,2684.67,PENDENTE,2022-12-13
2103,8377,Cartão,7,,9728.6,Estornado,2023-04-21
2104,7482,pix,2,Elo,7825.54,ESTORNADO,2023-10-02
2105,935,Boleto,1,,12230.13,ESTORNADO,2024-03-29
2106,5678,,7,,7578.44,ESTORNADO,2025-02-05
2107,5882,Boleto,12,,2586.3,PAGO ,2024-04-26
2108,5807,PIX,12,,10565.91,PAGO,2023-12-30
2109,161,Boleto,12,,475.97,PAGO,2024-08-12
2110,648,Cartão,11,American Express,2603.89,ESTORNADO,2023-04-17
2111,5034,Dinheiro,12,,10236.22,ESTORNADO,2024-10-16
2112,3563,PIX,,,4601.08,PAGO,2023-11-16
2113,9527,Boleto,11,,mil,PAGO,2022-04-02
2114,8206,Cartão,5,Visa,1155.52,PENDENTE,2023-01-28
2115,1053,Boleto,-1,,9106.6,PENDENTE,2022-09-23
2116,6740,pix,2,,13064.41,PAGO,2025-03-15
2117,776,Dinheiro,3,,10275.8,PAGO,2022-06-07
2118,9829,Dinheiro,12,,8314.81,PENDENTE,2023-03-13
2119,11038,Cartão,-5,Mastercard,6857.94,ESTORNADO,2022-06-23
2120,11970,Cartão,5,,1719.77,ESTORNADO,2023-12-14
2121,5227,Boleto,10,,2906.73,ESTORNADO,2023-01-27
2122,9561,Cartão,8,Elo,1235.63,ESTORNADO,2024-08-16
2123,1224,Boleto,4,,6890.37,ESTORNADO,2023-08-02
2124,591,Dinheiro,9,,10628.93,ESTORNADO,2022-10-05
2125,1735,boleto,12,,599.71,PAGO,2022-08-05
2126,6014,Cartao,9,,10398.9,PENDENTE,2022-11-02
2127,2066,Boleto,5,,12359.41,PENDENTE,2022-01-29
2128,2573,Boleto,8,,11652.84,ESTORNADO,2025-03-05
2129,7912,Boleto,-1,,12173.06,ESTORNADO,2024-10-21
2130,9395,boleto,5,Mastercard,6071.07,ESTORNADO,2023-08-14
2131,4055,PIX,5,,13836.46,ESTORNADO,2023-05-19
2132,7542,Boleto,4,,R$500,PAGO,2022-11-14
2133,1197,Boleto,-1,,-500,PAGO,2022-04-19
2134,5907,Cartão,3,Elo,1149.3,ESTORNADO,2023-02-14
2135,2230,Boleto,7,,1816.39,PENDENTE,2022-06-24
2136,5398,Boleto,4,,6590.05,PENDENTE,2023-09-29
2137,2998,Cartão,3,Elo,2938.91,ESTORNADO,2022-12-18
2138,11019,Boleto,1,,13892.34,PENDENTE,2023-06-15
2139,4829,Cartão,6,,2728.89,ESTORNADO,2023-09-19
2140,867,PIX,7,,150.46,ESTORNADO,2023-04-12
2141,10207,Boleto,-5,,0,ESTORNADO,31/02/2025
2142,991,Cartão,3,Elo,12639.26,ESTORNADO,2023-08-31
2143,6460,PIX,4,,1992.81,PAGO,2023-07-02
2144,7536,Boleto,3,,10291.47,PAGO,2023-12-27
2145,5801,Dinheiro,12,,7615.97,PAGO,2022-08-07
2146,2175,Cartão,11,Mastercard,4212.3,PAGO,2023-07-09
2147,4535,PIX,5,,10931.45,PENDENTE,2022-10-06
2148,2151,Cartão,1,Elo,7162.88,ESTORNADO,2024-05-10
2149,4472,Cartão,4,,9381.75,PENDENTE,2024-12-01
2150,9961,Pixx,doze,,8685.45,pago,2024-12-04
2151,9327,Dinheiro,6,,3264.31,PENDENTE,2025-02-12
2152,497,Boleto,1,,7155.12,PAGO,2022-06-25
2153,8474,Boleto,1,,13407.98,PAGO,2022-01-01
2154,7735,Cartão,3,,432.24,ESTORNADO,2023-10-25
2155,620,Cartão,4,American Express,3161.38,PENDENTE,2023-02-09
2156,226,PIX,-5,,12958.59,ESTORNADO,2024-05-16
2157,5728,PIX ,6,,5123.31,ESTORNADO,2023-05-24
2158,4773,Dinheiro,3,,6690.79,ESTORNADO,2025-02-07
2159,5308,PIX,11,,14317.37,PENDENTE,2023-08-10
2160,6188,Dinheiro,5,,14530.41,PENDENTE,2022-06-04
2161,1410,PIX,7,,9691.53,PENDENTE,2023-10-12
2162,7745,PIX,2,,14505.89,PENDENTE,2023-05-21
2163,7186,PIX,5,,,PENDENTE,2024-06-03
2164,9659,Cartão,1,,12508.52,PAGO,2024-09-17
2165,1186,Cartão,4,Elo,92.8,ESTORNADO,2024-03-06
2166,114,PIX,6,,13754.76,ESTORNADO,2023-05-19
2167,6647,Boleto,11,,2851.94,ESTORNADO,2022-02-26
2168,713,Dinheiro,1,,392.91,Pago,2024-09-26
2169,4649,Cartão,7,,8406.09,PAGO,2024-01-03
2170,8025,Boleto,1,,11091.02,PENDENTE,2024-09-28
2171,3832,PIX,5,,1650.23,ESTORNADO,2025-04-13
2172,8588,Cartão,2,,4724.37,PAGO,2023-06-14
2173,5753,Dinheiro,8,,13856.44,PENDENTE,2024-05-05
2174,3780,PIX,2,,6040.0,ESTORNADO,2024-08-28
2175,6306,Dinheiro,5,,7220.26,PENDENTE,2023-10-19
2176,1157,Dinheiro,6,,949.11,ESTORNADO,99/99/9999
2177,5928,PIX,7,,13358.36,PAGO,2024-04-29
2178,7075,pix,,Visa,580.6,PAGO,2022-06-11
2179,1836,Boleto,11,,341.35,PENDENTE,12-05-2023
2180,6752,Dinheiro,5,,5209.7,ESTORNADO,2023-05-10
2181,6512,Dinheiro,10,,6491.75,PAGO,2024-12-29
2182,5358,Dinheiro,1,,10393.66,ESTORNADO,2022-12-11
2183,6445,Boleto,3,,6485.58,PENDENTE,2022-01-09
2184,8102,PIX,10,,11389.85,ESTORNADO,2022-09-21
2185,5986,PIX,,,641.16,PENDENTE,2024-03-11
2186,6686,Cartão,11,Mastercard,11884.02,ESTORNADO,2022-07-07
2187,238,Cartão,1,Elo,9655.21,PENDENTE,2024-12-19
2188,5678,PIX,8,,,PAGO,2022-10-14
2189,65,Boleto,4,,1308.86,ESTORNADO,2024-09-28
2190,3615,Dinheiro,7,,5331.89,PENDENTE,2024-08-16
2191,2945,Dinheiro,7,,6431.3,PENDENTE,2022-05-22
2192,1610,Pix,5,,12460.99,PAGO,2023-08-13
2193,7753,Cartão,4,Visa,mil,ESTORNADO,2023-12-11
2194,9296,Boleto,6,,,PAGO,2024-03-12
2195,5329,PIX,1,,77.75,PENDENTE,2024-05-06
2196,4144,Cartão,3,Visa,10356.47,ESTORNADO,2024-08-03
2197,11876,Dinheiro,9,,4807.72,Pago,2023-03-10
2198,2303,Boleto,9,,10968.65,PENDENTE,2024-08-05
2199,3954,Boleto,5,,12055.31,ESTORNADO,2023-08-07
2200,1066,Boleto,5,,11233.5,ESTORNADO,2024-10-20
2201,6335,Boleto,-1,,12258.85,PENDENTE,2023-07-12
2202,2289,PIX,1,,8468.03,PAGO,2022-09-25
2203,6497,Dinheiro,,,4109.78,Pago,2025-02-19
2204,265,Cartão,6,,9582.85,PAGO,2023-09-18
2205,2181,,1,,6923.76,PENDENTE,31/02/2025
2206,8287,Cartão,5,,4565.66,PENDENTE,2023-03-07
2207,8284,Cartão,11,Visa,11156.18,ESTORNADO,2025-03-04
2208,2398,Cartão,3,Mastercard,4924.37,ESTORNADO,2024-08-27
2209,4432,Dinheiro,3,,2902.71,ESTORNADO,2024-03-02
2210,790,Dinheiro,9,,5949.92,ESTORNADO,2023-06-06
2211,4028,Boleto,2,,7811.72,PENDENTE,2022-07-27
2212,8921,PIX,-1,,5937.73,ESTORNADO,2023-05-23
2213,9993,Pixx,2,,11642.92,PAGO,2022-07-23
2214,3544,PIX,,,3650.64,PENDENTE,2024-05-23
2215,573,PIX,3,,9343.93,ESTORNADO,29/01/2022
2216,1724,PIX,8,,5655.75,PENDENTE,2024-09-12
2217,1192,Boleto,5,,,PENDENTE,2022-03-09
2218,873,PIX,10,,3576.48,ESTORNADO,2022-08-20
2219,207,PIX,6,,12919.59,ESTORNADO,2024-01-10
2220,704,Cartão,2,Hipercard,3319.23,PAGO,2022-02-24
2221,1368,Dinheiro,8,,,PAGO,2023-11-14
2222,6505,,3,,6496.01,PAGO,2023-08-03
2223,196,PIX ,-5,,1182.5,PAGO ,2024-09-29
2224,10015,Dinheiro,9,,3772.54,PENDENTE,2023-11-27
2225,3806,Boleto,6,,10773.93,PAGO,99/99/9999
2226,10396,Cartão,1,,5427.88,PAGO,2024/01/16
2227,680,Dinheiro,6,,981.96,Pago,2023-12-22
2228,7208,Dinheiro,9,,,PAGO,2025-01-17
2229,4038,PIX,10,,955.36,PAGO,2024-05-02
2230,9576,Pix,3,,4034.26,PENDENTE,2024-08-13
2231,658,Cartão,3,Visa,9988.9,ESTORNADO,2023-01-24
2232,972,Boleto,11,,8829.08,ESTORNADO,2022-12-18
2233,3116,Cartão,11,Hipercard,10876.81,Pendente,2024-05-17
2234,9936,Boleto,7,,4307.0,PENDENTE,2023-05-07
2235,9062,Dinheiro,11,,,PAGO,20/11/2022
2236,6735,Dinheiro,4,,3702.73,PAGO,2024-05-01
2237,2808,Dinheiro,3,,13305.68,PAGO,2023-02-21
2238,4760,Cartão,2,Elo,1180.89,PENDENTE,2025-02-09
2239,4904,Cartão,,Mastercard,11528.77,PENDENTE,2022-12-22
2240,6348,Boleto,3,,8807.8,ESTORNADO,2025-03-13
2241,5901,Cartão,1,Visa,936.11,PENDENTE,31/02/2025
2242,11031,Cartão,5,Visa,4877.74,PAGO,2024-02-26
2243,5056,Cartão,doze,Visa,,ESTORNADO,2024-04-26
2244,7306,Boleto,10,,1554.55,PAGO,2024-06-15
2245,11490,PIX,2,,R$500,PAGO,2025-01-13
2246,8380,Cartão,11,Visa,,PAGO,2024-03-20
2247,9905,Dinheiro,9,,,PAGO,2024-09-27
2248,8737,Dinheiro,2,,10781.68,PENDENTE,2024-08-21
2249,3496,PIX ,12,,11478.01,ESTORNADO,2024-03-09
2250,260,Dinheiro,5,,10803.96,PAGO,03-12-2025
2251,5587,Dinheiro,12,,400.74,PAGO,2023-09-22
2252,6436,PIX,8,,4913.27,PAGO,2022-08-01
2253,2141,Boleto,6,,8744.77,PAGO,2024-07-17
2254,9679,Boleto,1,,12347.89,ESTORNADO,2023-12-24
2255,2535,Boleto,2,,mil,PENDENTE,2022-12-25
2256,9218,Dinheiro,6,,13163.01,PAGO,2023-11-27
2257,7171,PIX,1,,8412.85,PAGO,2025-01-17
2258,3305,Dinheiro,7,,10587.38,PENDENTE,2022-02-15
2259,4032,Cartão,5,Visa,13279.46,PAGO,2023-01-22
2260,8317,PIX,5,,0,ESTORNADO,2024-10-30
2261,4783,Boleto,2,,7946.53,PENDENTE,2024-08-23
2262,8853,PIX,12,,2392.02,PAGO,2023-05-07
2263,5605,Dinheiro,7,,4681.06,PENDENTE,2023-02-18
2264,1820,PIX,1,,,ESTORNADO,2022-06-18
2265,1145,Boleto,11,,7809.92,PENDENTE,2022-08-06
2266,2021,Boleto,5,,12228.2,PENDENTE,2022-10-06
2267,11161,Dinheiro,4,,836.89,ESTORNADO,2024-01-10
2268,3380,Dinheiro,8,,11530.79,PAGO,2023-09-07
2269,5870,PIX,7,,10186.9,PENDENTE,2023-10-21
2270,9572,PIX,1,,3882.26,PENDENTE,2022-01-20
2271,8227,Dinheiro,8,,8994.76,PENDENTE,2022-10-21
2272,11416,PIX,doze,,1940.06,Estornado,2022-03-29
2273,1735,Dinheiro,2,,3338.97,PENDENTE,2022-12-30
2274,4729,Cartão,12,Mastercard,7552.51,ESTORNADO,2022-04-17
2275,6411,PIX,6,,5391.44,PENDENTE,2022-03-30
2276,6891,Cartão,7,Visa,3778.24,ESTORNADO,2024-04-30
2277,3070,Cartão,5,American Express,13596.36,PAGO,2024-07-12
2278,5111,Dinheiro,10,,7301.54,PENDENTE,2023-12-13
2279,835,Boleto,12,,R$500,ESTORNADO,2024-04-10
2280,164,PIX,8,,5868.99,PAGO,2023-04-09
2281,73,Dinheiro,3,,2623.18,PAGO,2024-12-02
2282,1064,PIX,5,,0,ESTORNADO,2024-02-20
2283,5323,Cartão,11,Hipercard,10874.92,PENDENTE,2024-05-29
2284,9547,Boleto,9,,9999.62,PENDENTE,2022-12-02
2285,1288,Dinheiro,8,,11931.63,PAGO,2023-05-20
2286,5348,Boleto,6,,172.36,PAGO,2023-12-08
2287,3243,PIX,11,,3029.02,ESTORNADO,2022-04-08
2288,4089,Cartao,6,,6054.07,PENDENTE,2022-05-28
2289,2622,pix,9,Visa,7551.72,PAGO,2022-06-23
2290,5768,Dinheiro,7,,12590.39,PAGO,2025-02-28
2291,389,Cartão,10,American Express,4587.72,PENDENTE,2024-04-18
2292,1259,Cartao,9,Elo,8050.12,PENDENTE,2023-12-11
2293,7268,Cartão,,,14192.42,ESTORNADO,2022-08-28
2294,4666,PIX,3,,,,10-06-2022
2295,477,pix,11,American Express,10685.1,ESTORNADO,2022-12-02
2296,3267,Dinheiro,4,,-500,PENDENTE,2023-10-30
2297,4703,Cartão,10,Visa,,PAGO ,2023-12-01
2298,6975,Dinheiro,12,,14504.47,pago,2022-12-27
2299,6875,Cartão,6,American Express,4096.39,PENDENTE,2023-10-09
2300,7649,PIX,1,,403.12,ESTORNADO,2023-04-20
2301,8129,Boleto,,,12671.35,ESTORNADO,10-16-2024
2302,2351,PIX,4,,14386.67,PENDENTE,2025-04-08
2303,3217,Boleto,10,,0,ESTORNADO,2022-03-16
2304,3740,Cartão,4,Hipercard,8376.17,ESTORNADO,2025-03-28
2305,1164,Cartão,,American Express,270.09,PAGO,2022-07-24
2306,6676,Cartão,3,,10364.9,Pagoo,2022-01-10
2307,5706,Boleto,9,,1216.08,PENDENTE,2024-07-15
2308,9715,Cartão,-1,American Express,0,ESTORNADO,99/99/9999
2309,10897,Cartão,11,Hipercard,12542.69,PAGO,2022-12-25
2310,5597,Dinheiro,2,,2856.36,PENDENTE,2022-12-30
2311,4923,Boleto,11,,,ESTORNADO,2024-12-02
2312,1708,PIX,2,,4733.82,PENDENTE,2022-03-17
2313,988,Dinheiro,,,158.5,ESTORNADO,2024-11-08
2314,846,Cartão,11,Elo,4501.94,ESTORNADO,2022-10-11
2315,5260,Dinheiro,1,,,PENDENTE,2022-12-07
2316,2382,Dinheiro,2,,5675.49,ESTORNADO,2024-05-05
2317,2947,Cartão,11,,7051.51,PAGO,2025-03-14
2318,3101,PIX,,,2342.15,ESTORNADO,2024-03-13
2319,3943,Boleto,,,1440.0,ESTORNADO,2022-06-25
2320,59,PIX,,,5220.4,PAGO,2024-07-03
2321,8957,Dinheiro,6,,6656.57,PENDENTE,2025-01-03
2322,4787,Cartão,5,,6585.04,pago,2023-08-16
2323,11135,Dinheiro,,,1188.95,PAGO,2023-03-01
2324,6640,Boleto,10,,755.54,PENDENTE,2022-03-12
2325,1557,PIX,12,,14262.23,PAGO,2022-05-29
2326,44,Boleto,0,,9237.51,PENDENTE,2024-04-29
2327,986,Cartão,7,Hipercard,13367.33,PENDENTE,2024-02-17
2328,2198,Boleto,5,,1107.42,PAGO,2022-06-05
2329,918,Cartão,,American Express,4121.61,Pago,2024-08-08
2330,8452,Boleto,1,,2550.58,ESTORNADO,2023-04-01
2331,2000,Dinheiro,,,3835.77,ESTORNADO,2022-12-31
2332,2948,PIX,6,,11796.35,PAGO,2022-11-20
2333,7047,Cartão,6,Visa,14473.61,PENDENTE,2022-04-21
2334,2766,Boleto,,,11133.2,PAGO,2023-04-21
2335,6439,Boleto,5,,3173.09,pago,2022-07-16
2336,6742,pix,3,American Express,8869.93,PAGO,2022-02-26
2337,10107,Cartão,4,Visa,7010.03,PAGO,2024-09-19
2338,162,PIX,4,,10656.18,PENDENTE,2024-09-07
2339,4557,Dinheiro,7,,5668.02,PAGO,2025-02-17
2340,26,Cartão,7,American Express,7761.03,PAGO,2025-04-04
2341,5981,PIX,7,,292.85,PENDENTE,2022-07-22
2342,6560,Dinheiro,-5,,1061.07,PENDENTE,2024-11-21
2343,3608,PIX,4,,14345.65,Estornado,2025-02-18
2344,3879,Boleto,12,,12978.84,PAGO,2024-07-09
2345,606,PIX ,10,,14292.41,PAGO,2024-02-28
2346,514,Cartão,11,Hipercard,3777.25,PENDENTE,2023-08-24
2347,11753,Boleto,7,,9380.99,PENDENTE,2022-05-20
2348,6953,PIX,7,,4817.71,PENDENTE,2024-05-09
2349,1809,Cartão,7,,4928.82,PENDENTE,2025-02-25
2350,8750,Boleto,11,,2485.78,ESTORNADO,2024-01-24
2351,3718,PIX,12,,11926.12,PAGO,2023-06-08
2352,1565,Boleto,12,,4595.28,pago,2024-05-15
2353,662,Dinheiro,10,,7304.28,ESTORNADO,2023-02-27
2354,4238,Dinheiro,10,,12346.04,ESTORNADO,2023-10-21
2355,7297,Boleto,0,,13522.01,PENDENTE,2022-04-23
2356,11301,Dinheiro,2,,8382.51,Pago,01/05/2022
2357,3293,PIX,7,,10237.52,PENDENTE,2024-08-17
2358,7045,Cartão,12,Hipercard,14363.13,PAGO,2023-03-08
2359,1650,Dinheiro,12,,R$500,PENDENTE,2023-04-21
2360,5220,PIX ,7,,4105.18,PENDENTE,2024-06-11
2361,11666,PIX,6,,10656.24,,2022-10-04
2362,909,Pix,7,,6597.01,PENDENTE,2025-03-03
2363,5488,,,,2516.63,ESTORNADO,2023-11-13
2364,3061,PIX,4,,,PENDENTE,2024-01-19
2365,138,Boleto,3,,9350.96,PENDENTE,2025-04-08
2366,8949,Dinheiro,11,,2616.56,Estornado,2022-06-28
2367,9624,Dinheiro,12,,14282.78,PAGO,2023-05-30
2368,5477,PIX,11,,1010.74,PENDENTE,2024-06-02
2369,4068,Cartão,,Elo,1930.05,ESTORNADO,2025-04-08
2370,1185,Boleto,1,,11620.42,ESTORNADO,2022-09-02
2371,10030,PIX,,,11316.06,ESTORNADO,06/11/2024
2372,4388,boleto,4,,3265.12,ESTORNADO,2023-11-30
2373,8491,Dinheiro,10,,8862.68,ESTORNADO,2022-06-03
2374,4762,Dinheiro,8,,12445.31,PENDENTE,2024-07-25
2375,4383,Boleto,10,,13523.78,ESTORNADO,2024-06-05
2376,5800,Dinheiro,12,,13524.57,PAGO,2022-04-28
2377,8214,Dinheiro,5,,9745.69,PENDENTE,2022-09-18
2378,377,Dinheiro,3,,14898.4,ESTORNADO,2024-01-14
2379,5253,Dinheiro,2,,7569.7,pago,2022-10-16
2380,7764,,10,,8194.97,ESTORNADO,2022-10-18
2381,7137,Cartão,3,Mastercard,3615.09,ESTORNADO,2023-12-07
2382,7706,PIX,3,,13578.18,PAGO,2022-10-01
2383,9362,Boleto,5,,6833.37,PENDENTE,2023-05-04
2384,2027,Dinheiro,11,,11231.25,PENDENTE,19/07/2022
2385,4838,PIX,9,,-500,PENDENTE,2023-12-10
2386,3087,Boleto,3,,2016.09,PAGO,2023-06-01
2387,5556,PIX,3,,14926.95,ESTORNADO,2023-04-17
2388,6492,Cartao,9,,12486.13,PENDENTE,2025-02-21
2389,8241,Boleto,8,,11297.19,PAGO,2022-11-04
2390,5198,Boleto,7,,1236.58,PENDENTE,2025-03-12
2391,7120,Cartão,12,Mastercard,6225.69,PAGO,2022-08-24
2392,5494,,3,,3460.25,ESTORNADO,2025-04-09
2393,5785,Boleto,10,,,PENDENTE,10/09/2022
2394,1597,Boleto,3,,7579.05,PENDENTE,2022-03-29
2395,6514,Cartao,2,,9494.35,ESTORNADO,2022-12-24
2396,4801,Dinheiro,7,,R$500,ESTORNADO,2022-05-11
2397,3558,Boleto,4,,11387.85,PAGO,2022-09-24
2398,11452,Dinheiro,6,,740.36,Pagoo,31/02/2025
2399,1399,PIX,8,,12638.69,PENDENTE,2022-07-04
2400,2790,Boleto,4,,5536.42,PENDENTE,2022-10-23
2401,5340,Dinheiro,12,,11044.19,PENDENTE,2023-04-04
2402,4875,Dinheiro,doze,,4035.08,ESTORNADO,2023-04-30
2403,9390,Dinheiro,3,,12912.29,PAGO ,2024-04-01
2404,271,PIX,11,,5920.11,PAGO ,2022-04-24
2405,8216,PIX,2,,3083.14,ESTORNADO,2024-05-01
2406,2623,Dinheiro,11,,13304.84,PAGO ,2022-03-17
2407,2985,Dinheiro,10,,11488.37,Estornado,2022-08-03
2408,2109,Dinheiro,9,,8587.49,PENDENTE,2022-10-05
2409,11210,Boleto,3,,10511.76,ESTORNADO,2022-11-17
2410,6040,Boleto,3,,10368.23,PENDENTE,2022-12-30
2411,3651,Cartão,6,Hipercard,14258.85,ESTORNADO,2022-11-17
2412,5076,Dinheiro,5,,6197.15,ESTORNADO,2023-12-25
2413,808,PIX,9,,,PENDENTE,99/99/9999
2414,6889,Pix,10,,7387.5,PENDENTE,2023-08-29
2415,5415,Cartão,4,Hipercard,3524.87,PENDENTE,2024-05-31
2416,2790,PIX,10,,13874.55,PENDENTE,2022-12-04
2417,4748,PIX,doze,,13626.09,PAGO,2024-09-23
2418,6713,Dinheiro,1,,8590.66,ESTORNADO,2024-06-22
2419,8637,Boleto,9,,6767.0,PENDENTE,31/02/2025
2420,3984,Boleto,3,,5097.43,PENDENTE,2024-02-25
2421,1192,PIX,9,,11344.19,ESTORNADO,2022-02-28
2422,5304,PIX,6,,4314.06,ESTORNADO,2023-01-14
2423,2060,Dinheiro,doze,,14710.52,PAGO,2024-08-25
2424,9590,PIX,10,,mil,PAGO,2025-02-04
2425,11909,Cartão,8,Mastercard,12782.05,PENDENTE,2022-02-25
2426,9329,Dinheiro,9,,12160.0,PENDENTE,2024-03-29
2427,9991,PIX,11,,1243.72,PENDENTE,2023-11-13
2428,1285,Boleto,7,,7508.13,PAGO,2023-10-09
2429,10675,Dinheiro,11,,533.8,ESTORNADO,2024-09-04
2430,8546,Cartão,10,Hipercard,14184.44,PAGO,2022-09-21
2431,5204,Dinheiro,9,,3650.13,PENDENTE,2022-11-15
2432,9397,Pixx,,Visa,1285.38,PENDENTE,2025-02-19
2433,8223,Cartão,7,,11679.89,ESTORNADO,2023-12-18
2434,7355,Cartao,12,Elo,13711.92,PENDENTE,2023/08/25
2435,8736,PIX,,,9430.18,PENDENTE,2022-02-13
2436,1871,PIX,5,,1302.99,PAGO,2022-08-23
2437,10565,Dinheiro,,,-500,ESTORNADO,2025-02-08
2438,2132,Dinheiro,1,,6103.94,ESTORNADO,2024-11-02
2439,3691,Dinheiro,4,,8445.09,PENDENTE,2023-03-29
2440,1059,Boleto,,,10024.89,PENDENTE,2022-03-25
2441,4258,Boleto,4,,8883.63,ESTORNADO,2023-10-10
2442,168,Dinheiro,,,11086.33,PAGO,2025-02-22
2443,292,Cartão,11,American Express,mil,PENDENTE,2024-01-28
2444,1831,Cartão,6,Mastercard,3301.16,PAGO,2024-10-17
2445,9575,Boleto,8,,4215.87,PAGO,2024-10-12
2446,6952,PIX,5,,2603.9,PAGO,2023-01-15
2447,4652,Boleto,11,,9900.78,ESTORNADO,2022-08-23
2448,7585,PIX,5,,8932.16,PENDENTE,2023-10-02
2449,7787,Dinheiro,1,,10581.4,PENDENTE,2023-01-25
2450,4628,Cartão,6,Visa,5311.26,PENDENTE,2024-01-08
2451,146,Boleto,5,,13947.4,ESTORNADO,2024-12-12
2452,217,Dinheiro,3,,7072.78,PAGO,2023-05-24
2453,7699,Cartão,8,Hipercard,3726.92,PAGO,2022-09-11
2454,4799,Dinheiro,9,,14543.58,ESTORNADO,2024-09-28
2455,8109,Cartão,12,Hipercard,11258.98,PENDENTE,2024-06-18
2456,3429,Cartão,,,2887.02,PENDENTE,2023-03-01
2457,8750,Cartão,,Elo,3011.59,Pagoo,2023-05-27
2458,8811,PIX ,2,,13072.13,PAGO,2024-09-19
2459,1419,Pixx,10,,12055.94,PAGO,2024-04-20
2460,2861,Cartão,5,American Express,12945.1,PENDENTE,2024-05-22
2461,11085,Cartão,doze,Mastercard,665.82,PENDENTE,99/99/9999
2462,7826,Boleto,3,,13011.54,PENDENTE,2022-12-02
2463,688,Dinheiro,4,,7076.24,PAGO,14/11/2022
2464,10364,Dinheiro,3,,5979.1,PAGO,2024-12-30
2465,2815,PIX,4,,2540.21,PAGO,2023-11-03
2466,1838,Boleto,10,,10068.08,ESTORNADO,2024-04-02
2467,5915,Boleto,8,,8200.25,PAGO,2024-12-07
2468,5741,Boleto,11,,9750.52,ESTORNADO,2022-03-06
2469,889,Pix,2,,6668.13,PAGO,2024-02-07
2470,9514,,5,,,PAGO,2022-12-07
2471,6279,PIX,11,,8514.36,PAGO,2025-01-30
2472,3118,PIX,1,,975.82,PAGO,2025-03-18
2473,9079,PIX,10,,13441.89,PAGO,2023-04-08
2474,6048,PIX,8,,0,PAGO,31/02/2025
2475,5350,Dinheiro,1,,,ESTORNADO,2024-10-17
2476,2477,Cartão,12,American Express,7449.93,ESTORNADO,2024-08-09
2477,8563,PIX,7,,12238.76,ESTORNADO,2023-08-23
2478,8205,Boleto,6,,13304.81,PENDENTE,2022-07-09
2479,9,Dinheiro,7,,8964.73,PENDENTE,2022-07-05
2480,6608,pix,8,,453.33,PAGO,2022-06-29
2481,486,Cartão,0,Elo,7062.53,PENDENTE,2023-08-19
2482,6535,Pixx,12,,13417.26,PENDENTE,2022-05-23
2483,4153,Dinheiro,6,,13167.2,ESTORNADO,2023-08-25
2484,11062,PIX,7,,13810.07,PENDENTE,2024-05-15
2485,2407,PIX,8,,4313.63,PENDENTE,2023-10-25
2486,4719,PIX,2,,10371.63,PAGO,2022-08-04
2487,195,Dinheiro,9,,8987.35,ESTORNADO,2024-12-15
2488,225,Boleto,2,,10438.58,PENDENTE,2024-08-18
2489,9880,Dinheiro,,,mil,PENDENTE,2025-02-28
2490,304,PIX,12,,,PENDENTE,2023/12/27
2491,7915,Cartão,9,Hipercard,1029.97,PENDENTE,13/08/2023
2492,1481,Boleto,5,,547.8,,2024-10-25
2493,1459,PIX,3,,14401.2,PAGO,2023-01-15
2494,7964,Dinheiro,3,,5206.32,ESTORNADO,2023-06-19
2495,4576,Cartão,8,Mastercard,9797.59,PENDENTE,2023-09-26
2496,195,Boleto,3,,539.6,Estornado,2023-11-06
2497,2228,Boleto,4,,14285.8,ESTORNADO,2023-04-04
2498,2985,Dinheiro,4,,6915.78,PENDENTE,2023-05-06
2499,10673,PIX,4,,9840.93,PAGO,2024-12-11
2500,4725,PIX,3,,3182.72,ESTORNADO,99/99/9999
2501,4988,Cartão,10,Mastercard,12467.88,PAGO,2023-04-07
2502,1829,Dinheiro,12,,8317.32,PAGO,2024-07-08
2503,4942,Boleto,12,,8986.55,ESTORNADO,2023-04-03
2504,7298,PIX,11,,mil,PENDENTE,2023-12-31
2505,8319,Cartão,4,,13759.95,ESTORNADO,10-22-2023
2506,8765,Boleto,8,,7229.05,PAGO ,2023-04-26
2507,11824,Dinheiro,1,,5732.26,PENDENTE,2024-06-01
2508,1710,Boleto,6,,11158.58,Pagoo,2023-03-17
2509,3461,PIX,7,,1480.89,ESTORNADO,2023-01-09
2510,7353,Boleto,3,,4492.34,ESTORNADO,2025-03-24
2511,395,Boleto,doze,,,PENDENTE,2025-01-28
2512,11101,PIX,4,,4720.37,ESTORNADO,2023-06-23
2513,7135,Boleto,12,,6711.54,ESTORNADO,2022-06-23
2514,6061,Boleto,7,,7275.49,PENDENTE,2022-03-14
2515,394,Cartao,4,,mil,Pago,2024-06-06
2516,8506,PIX ,1,,14644.57,PAGO,2023-08-29
2517,8774,Dinheiro,6,,2572.53,PENDENTE,2022-06-20
2518,8690,PIX,12,,7068.28,PENDENTE,2022-05-03
2519,1926,Boleto,0,,4961.92,PAGO,2024-09-18
2520,6346,Cartão,2,Mastercard,9395.14,ESTORNADO,2022-07-24
2521,4162,Boleto,5,,5708.27,PENDENTE,2023-04-12
2522,1103,PIX,4,,12961.92,ESTORNADO,2024-07-26
2523,10011,PIX,12,,12890.75,PENDENTE,2025-04-02
2524,4739,Dinheiro,9,,293.9,PENDENTE,12-23-2024
2525,4493,Cartão,6,American Express,1690.49,PAGO,2024-03-30
2526,1338,PIX,10,,2862.1,PENDENTE,2022-02-01
2527,5817,Dinheiro,8,,4792.01,PAGO,2024-05-01
2528,4965,Boleto,8,,7172.48,PENDENTE,2022-02-07
2529,5898,Boleto,5,,3855.59,PENDENTE,2023-03-20
2530,4377,Boleto,6,,5062.75,PENDENTE,99/99/9999
2531,5595,Cartão,1,Hipercard,10293.67,PAGO,2025-02-13
2532,9099,Pixx,3,,11036.01,ESTORNADO,2023-09-20
2533,2826,Boleto,4,,10385.62,PAGO,2024-12-12
2534,4558,Dinheiro,2,,6312.72,PENDENTE,2023-12-04
2535,5641,PIX,,,,PAGO,2023-02-07
2536,5045,PIX,3,,3143.33,PENDENTE,2022-01-08
2537,6216,Boleto,10,,-500,PAGO,2022-07-13
2538,10387,Boleto,2,,14659.73,ESTORNADO,2024-06-04
2539,9498,Boleto,3,,3268.3,PENDENTE,2024-10-22
2540,10499,Cartao,12,,7200.53,PENDENTE,2023-02-23
2541,6571,Cartão,6,Elo,717.81,PENDENTE,2024-11-12
2542,7633,Cartão,7,Hipercard,14313.46,ESTORNADO,2022-06-12
2543,8628,Dinheiro,8,,2502.81,Pago,2022-12-05
2544,6241,Boleto,,,-500,PENDENTE,2022-07-29
2545,11897,Boleto,4,,11804.96,PAGO,03-03-2022
2546,6063,Cartão,2,Visa,9932.6,PAGO,2022-04-05
2547,1075,Dinheiro,5,,8517.06,Pago,2024-06-30
2548,11724,Cartão,-5,,7226.49,ESTORNADO,2022-11-20
2549,2610,Boleto,1,,14742.73,PENDENTE,2022-06-24
2550,4438,Cartão,6,,8146.43,Pendente,2023-10-09
2551,11975,PIX,10,,14157.05,ESTORNADO,2024-10-09
2552,9945,Dinheiro,7,,764.29,PENDENTE,2024-03-31
2553,933,Dinheiro,10,,13153.38,ESTORNADO,2024-10-18
2554,11976,Boleto,9,,8379.97,PAGO,2025-02-14
2555,8060,Dinheiro,6,,13316.03,PENDENTE,2024-04-08
2556,308,PIX,12,,5211.3,PAGO,06-28-2024
2557,4175,PIX,,,10889.77,ESTORNADO,2024-05-28
2558,4337,Cartão,7,Mastercard,5412.01,PENDENTE,2022-09-06
2559,11409,Boleto,,,458.86,PENDENTE,2024-07-08
2560,9071,Boleto,3,,7613.42,PENDENTE,2022-07-09
2561,2611,Cartão,,American Express,11400.65,PENDENTE,2024-09-20
2562,3216,Dinheiro,8,,13675.65,,2024-08-10
2563,6408,PIX,-1,,2661.96,PAGO,2024-10-02
2564,631,PIX,7,,R$500,PAGO,2023-10-14
2565,7179,Dinheiro,2,,6545.18,PENDENTE,2022-04-22
2566,5895,Cartão,7,Mastercard,7711.22,PAGO,2024-03-04
2567,301,Dinheiro,9,,12015.33,PENDENTE,2023-08-12
2568,917,PIX,11,,86.9,PENDENTE,2022-02-25
2569,11093,Dinheiro,1,,3392.67,PENDENTE,2023-05-17
2570,88,Boleto,5,,7022.83,Pagoo,2022-02-18
2571,7463,Dinheiro,5,,5537.56,Pendente,2023-11-03
2572,5381,Boleto,8,,3162.07,ESTORNADO,2023-12-07
2573,11725,PIX,-1,,10408.15,ESTORNADO,2024-08-28
2574,5662,PIX,12,,,PAGO,2022-01-07
2575,684,Boleto,12,,14661.69,PAGO,2024-02-23
2576,11917,Boleto,8,,3407.37,PENDENTE,2024-04-22
2577,7192,PIX,3,,4539.01,PAGO,2024-05-31
2578,4705,Cartão,7,Elo,4476.26,PENDENTE,2024-02-03
2579,9043,PIX,6,,495.28,ESTORNADO,2025-03-31
2580,6732,Cartão,4,Mastercard,14636.45,PAGO,2022-08-01
2581,6334,PIX,-5,,4879.45,ESTORNADO,2023-09-13
2582,8187,Cartão,7,Hipercard,661.51,PAGO,2024-09-21
2583,949,Cartão,4,American Express,2864.81,PAGO,2024-01-12
2584,6491,Cartão,2,,67.65,ESTORNADO,2024-11-01
2585,11588,Dinheiro,9,,14212.56,PENDENTE,2022-04-07
2586,2678,Boleto,3,,8173.59,PENDENTE,2024-07-23
2587,7256,PIX,4,,1867.2,ESTORNADO,2024-12-22
2588,9028,PIX,5,,13462.77,ESTORNADO,2022-05-03
2589,3548,PIX,11,,14937.46,ESTORNADO,2023-09-14
2590,399,Dinheiro,12,,8345.62,ESTORNADO,2024-12-13
2591,379,Boleto,2,,5017.83,PENDENTE,2022-09-02
2592,5542,Dinheiro,3,,4066.11,ESTORNADO,2023-12-22
2593,7825,Dinheiro,7,,,ESTORNADO,2024-06-24
2594,6657,Dinheiro,3,,1770.33,ESTORNADO,2023-11-16
2595,6913,Dinheiro,8,,2634.36,PAGO,2023-06-17
2596,8467,Cartão,8,American Express,10764.7,PAGO,2024-12-10
2597,2542,Boleto,11,,13219.97,PENDENTE,2022-04-17
2598,5115,Cartão,,,9784.31,PAGO,2022-06-08
2599,7012,Dinheiro,5,,,ESTORNADO,2024-05-30
2600,10197,Boleto,5,,5110.48,PENDENTE,2022-11-17
2601,70,Boleto,3,,12323.74,PAGO,2023-02-11
2602,10917,,6,,12317.97,PENDENTE,06-02-2023
2603,5859,PIX,1,,6119.04,PAGO,2023-11-25
2604,7063,Boleto,1,,mil,,2025-01-30
2605,8168,Boleto,6,,-500,ESTORNADO,2024-12-20
2606,2699,Cartão,1,Hipercard,12091.24,PAGO,2024-07-26
2607,4832,Boleto,4,,3433.96,ESTORNADO,2022-04-21
2608,7741,Dinheiro,3,,3942.18,ESTORNADO,2022-07-30
2609,11222,Dinheiro,8,,9424.73,ESTORNADO,2024-02-16
2610,2149,PIX,3,,7551.39,PENDENTE,2022/05/27
2611,7694,PIX,6,,11509.94,ESTORNADO,2023-02-23
2612,4510,boleto,12,,0,ESTORNADO,2024-07-10
2613,4416,Boleto,10,,327.84,Pago,2022-11-08
2614,8371,PIX,6,,,PENDENTE,2022-02-10
2615,2133,Dinheiro,11,,3275.35,PENDENTE,2024-10-12
2616,862,Boleto,12,,7376.51,PENDENTE,2024-06-09
2617,3198,Dinheiro,10,,12086.97,ESTORNADO,2025-03-10
2618,2713,Dinheiro,3,,11140.65,PAGO,2025-01-17
2619,8096,PIX,6,,9648.85,ESTORNADO,2023-09-04
2620,5399,Dinheiro,2,,9251.59,PENDENTE,2024-12-18
2621,9226,Boleto,9,,10061.47,PENDENTE,2024-05-13
2622,46,Boleto,4,,13309.1,PENDENTE,2024-02-28
2623,2933,PIX ,9,,10151.34,PENDENTE,2024-06-29
2624,9873,Cartão,12,Elo,1473.45,ESTORNADO,2025-03-22
2625,6298,Cartão,11,American Express,3955.26,PAGO,2023-12-28
2626,11381,Dinheiro,9,,,ESTORNADO,2024-12-24
2627,2140,PIX,8,,5339.82,Pagoo,2022-01-20
2628,5455,Pix,12,,4069.35,PENDENTE,2024-03-19
2629,7504,Cartão,12,Hipercard,,ESTORNADO,2022-11-08
2630,894,Boleto,doze,,11416.14,PAGO,2024-08-05
2631,208,Pixx,4,,mil,PENDENTE,2024-02-13
2632,921,Dinheiro,doze,,12882.08,PAGO,2024-07-31
2633,9407,Dinheiro,8,,9139.55,ESTORNADO,2023-07-10
2634,11372,Cartão,3,Mastercard,9084.19,ESTORNADO,2022-11-10
2635,3552,Dinheiro,,,9333.38,ESTORNADO,2022-03-15
2636,11664,PIX,6,,3875.01,PENDENTE,2022-05-15
2637,10327,Dinheiro,12,,7837.8,PAGO,2022-09-01
2638,7363,PIX,7,,11886.06,PAGO,2025-01-08
2639,3649,PIX,11,,12448.58,PAGO,2022-04-09
2640,5002,Boleto,10,,3940.56,PENDENTE,2022-05-29
2641,2631,Pixx,9,,8955.95,PAGO,2024-05-23
2642,6370,PIX,2,,7164.07,PENDENTE,2024-11-28
2643,5647,Cartão,5,Elo,14983.96,PAGO,2022-03-10
2644,3233,PIX,6,,986.21,ESTORNADO,2024-08-16
2645,1648,Boleto,10,,-500,PENDENTE,2022-10-02
2646,7260,Dinheiro,12,,11401.67,PAGO,2023-02-11
2647,4196,Cartão,2,Visa,3630.81,ESTORNADO,2022-07-30
2648,8941,Boleto,6,,12093.65,PAGO,2022-12-08
2649,2452,Cartão,3,,4195.83,PENDENTE,2022-12-06
2650,8042,Cartão,4,Hipercard,5619.31,PAGO,99/99/9999
2651,2609,Dinheiro,3,,5492.41,Pagoo,2024-11-03
2652,3565,Dinheiro,1,,7863.18,PENDENTE,2024-07-31
2653,330,PIX,2,,5563.98,PAGO,2024-09-03
2654,6222,Dinheiro,4,,11046.93,PAGO,2023-05-24
2655,8842,PIX,3,,10572.73,ESTORNADO,2024-09-23
2656,6373,Boleto,5,,0,PAGO,2022-09-27
2657,6335,PIX,4,,7776.75,PENDENTE,2023-06-23
2658,606,Pix,11,,12736.68,PAGO,2024-02-04
2659,1734,PIX,4,,6334.21,PAGO,2024-02-25
2660,1202,Cartão,4,American Express,,ESTORNADO,2022-03-05
2661,1504,PIX,8,,1509.94,ESTORNADO,2025-02-17
2662,4690,Boleto,5,,3157.11,PENDENTE,2025-02-18
2663,3665,PIX,12,,8818.35,,2024-02-09
2664,11077,Cartão,2,Visa,8338.75,ESTORNADO,2022-09-09
2665,10118,Boleto,,,10382.46,PENDENTE,2022-12-30
2666,2303,Dinheiro,6,,7897.72,ESTORNADO,2022-09-24
2667,10705,Dinheiro,2,,-500,ESTORNADO,2023-04-07
2668,2784,Cartão,0,Visa,8157.42,PAGO,2023/10/01
2669,10954,Dinheiro,2,,,PAGO,02-03-2025
2670,5749,Cartão,4,,14409.65,PENDENTE,2024-02-13
2671,11494,Cartão,1,,13179.72,PENDENTE,2022-11-03
2672,2,Dinheiro,5,,1418.58,PAGO,2024-11-25
2673,5930,Dinheiro,0,,,ESTORNADO,2022-03-31
2674,5081,boleto,9,,3632.7,PAGO,2024-01-09
2675,4759,Dinheiro,12,,4327.86,PAGO,2022-08-04
2676,8972,PIX,-5,,11167.06,ESTORNADO,2024-08-03
2677,5806,PIX,5,,6030.6,PENDENTE,2024-05-20
2678,9144,Dinheiro,3,,172.17,pago,2024-09-26
2679,4840,PIX,5,,4386.22,PAGO,99/99/9999
2680,835,PIX,3,,9429.38,PAGO,2022-10-12
2681,3329,Dinheiro,11,,,ESTORNADO,2022-11-05
2682,6855,Pix,8,,4448.11,PENDENTE,2022-07-11
2683,3056,PIX ,9,Elo,mil,ESTORNADO,2025-01-30
2684,2699,PIX,8,,2835.16,PAGO,2025-01-17
2685,9586,Dinheiro,doze,,9921.17,PENDENTE,2023-06-16
2686,5827,Cartao,-5,,4976.79,PAGO,2024-08-17
2687,9505,Cartão,9,Mastercard,6490.31,PAGO,10-16-2022
2688,8873,Dinheiro,6,,R$500,PAGO,2022-03-29
2689,5552,Cartão,1,Mastercard,14561.96,PENDENTE,2024-06-01
2690,7601,Dinheiro,,,2151.96,ESTORNADO,2023-12-26
2691,4805,Boleto,6,,14044.38,PENDENTE,2025-02-05
2692,4026,PIX,12,,13887.76,PENDENTE,2022-12-03
2693,3579,Cartão,5,Visa,14217.6,PENDENTE,2022-08-12
2694,4351,PIX,11,,3518.93,PAGO,2025-01-25
2695,7069,PIX,-5,,12159.04,ESTORNADO,2023-03-17
2696,8751,PIX ,2,,3283.46,PAGO,2022-05-14
2697,4702,Dinheiro,7,,13879.52,PAGO,2023-10-25
2698,6842,Boleto,8,,13542.64,PAGO,2022-01-29
2699,8564,Boleto,,,8241.31,PAGO,2024-12-20
2700,4336,PIX,9,,10263.14,PAGO,99/99/9999
2701,7496,Cartão,7,Elo,12520.79,PAGO,2022-01-15
2702,111,Cartão,1,American Express,11647.94,ESTORNADO,2024-09-04
2703,6671,PIX,4,,13169.29,ESTORNADO,2023-03-02
2704,3038,Boleto,12,,-500,PAGO,2024-08-27
2705,7456,Pix,1,,,PENDENTE,2023-05-24
2706,6840,Dinheiro,9,,1136.57,ESTORNADO,2025-02-13
2707,3012,Dinheiro,11,,14325.81,PAGO,12-24-2022
2708,4924,Dinheiro,2,,12900.0,PAGO,99/99/9999
2709,4579,Pix,8,,580.36,PAGO,99/99/9999
2710,3303,Dinheiro,3,,4288.82,PENDENTE,2023-03-30
2711,2129,Dinheiro,8,,14533.55,PAGO,2025/04/07
2712,7775,Boleto,2,,10476.61,ESTORNADO,2024-05-02
2713,8310,Boleto,6,,3337.0,PENDENTE,2022-05-31
2714,8406,Cartão,8,American Express,4388.72,pago,2024-03-09
2715,1020,Cartão,2,Mastercard,14791.69,Pagoo,2024-06-16
2716,3414,Cartão,-1,American Express,4390.45,PAGO,2022-01-20
2717,6150,Boleto,6,,12881.58,PAGO,2023-02-28
2718,3386,PIX,4,,1936.02,PENDENTE,2024-07-07
2719,5233,Dinheiro,5,,7830.98,PAGO,2023-11-22
2720,10829,pix,9,Visa,10761.78,PENDENTE,2022-05-17
2721,3174,PIX,8,,5689.43,PAGO,2024-03-03
2722,7399,,8,,4999.35,PENDENTE,2025-01-24
2723,5084,Dinheiro,10,,6015.83,ESTORNADO,2023-08-14
2724,322,Cartão,7,American Express,14717.3,PENDENTE,2022-04-26
2725,2592,Cartão,-1,Elo,9017.89,ESTORNADO,2024-06-19
2726,9775,PIX,1,,7142.43,PENDENTE,2023-12-15
2727,8633,Cartão,0,,10472.91,ESTORNADO,2024-01-10
2728,3306,Cartão,doze,American Express,14283.42,PENDENTE,2022-03-03
2729,5010,Boleto,5,,10056.84,PAGO,2022-09-05
2730,6368,Dinheiro,8,,4057.65,Pendente,2022-06-11
2731,4867,PIX,9,,R$500,PENDENTE,2024-07-16
2732,11233,Boleto,6,,10900.61,PENDENTE,2022-07-05
2733,4026,PIX,5,,5739.81,PAGO,2022-08-24
2734,305,Boleto,-1,,7432.22,PENDENTE,2023-10-23
2735,7404,Dinheiro,12,,11578.07,Pagoo,2024-12-16
2736,6616,Cartão,-1,Mastercard,11488.75,PENDENTE,2024-05-12
2737,9995,Boleto,7,,5959.67,PENDENTE,2023-11-21
2738,2162,PIX,11,,6986.86,PAGO,2022-12-01
2739,11297,Cartão,1,,5343.15,PENDENTE,2023-03-24
2740,5180,Cartão,5,Visa,238.42,PENDENTE,2022-07-10
2741,2860,Dinheiro,8,,12216.3,ESTORNADO,2023-07-03
2742,5251,Dinheiro,7,,14448.07,PAGO,2024-04-28
2743,228,Cartão,2,,8028.83,PAGO,2024-05-26
2744,5932,Boleto,7,,11221.57,PAGO,2022-06-05
2745,8406,Cartão,12,Visa,14785.28,ESTORNADO,2024-05-30
2746,8732,Dinheiro,12,,9704.86,PENDENTE,2023-06-11
2747,11432,Boleto,10,,1341.38,ESTORNADO,2023-07-06
2748,5757,PIX,3,,910.66,ESTORNADO,2024-06-19
2749,3906,PIX,,,1800.12,ESTORNADO,2023-10-19
2750,277,PIX,10,,14847.55,ESTORNADO,2023-01-22
2751,622,Cartão,5,Mastercard,9517.6,PAGO ,2023-12-11
2752,6269,Cartão,9,Elo,4536.97,PENDENTE,2025-04-03
2753,3401,PIX,1,,8683.72,PENDENTE,2022-01-31
2754,9272,Boleto,0,,2718.05,ESTORNADO,2024-12-06
2755,291,Dinheiro,5,,5135.26,PENDENTE,2024-11-05
2756,8527,PIX ,6,,820.75,ESTORNADO,2022-04-07
2757,4711,Cartão,10,Elo,332.63,PENDENTE,31/02/2025
2758,3859,PIX,10,,7267.12,ESTORNADO,2024-03-19
2759,4140,Cartão,7,Hipercard,1256.66,ESTORNADO,2024-05-10
2760,409,Pixx,2,Visa,14306.42,PAGO,31/02/2025
2761,4837,Pixx,-5,,5760.11,PENDENTE,2022-09-25
2762,4927,Dinheiro,12,,mil,PENDENTE,03/12/2022
2763,8903,PIX,1,,918.25,PAGO,2022-05-05
2764,6402,Boleto,8,,9573.01,ESTORNADO,2024-03-27
2765,5247,Boleto,8,,13976.36,PAGO,2025-01-10
2766,6590,Boleto,3,,3273.84,,03-08-2022
2767,6434,Dinheiro,6,,5076.52,PENDENTE,2023-12-01
2768,7719,Cartão,,Elo,3050.79,PAGO,2022-04-19
2769,4231,Pix,9,,13337.62,ESTORNADO,2023-10-15
2770,7610,Dinheiro,3,,1409.48,PAGO,2024-05-01
2771,3818,Boleto,3,,mil,PAGO,2024-06-06
2772,5033,PIX,5,,7100.44,PAGO,2023-10-13
2773,6224,Dinheiro,12,,7246.13,PAGO,2022-03-03
2774,279,Boleto,12,,9704.29,PAGO,2023-04-01
2775,950,Boleto,8,,13665.08,PAGO,2023-04-16
2776,8276,Boleto,2,,5915.32,ESTORNADO,99/99/9999
2777,8768,PIX,6,,14125.87,ESTORNADO,2024-12-05
2778,4077,Boleto,8,,2191.7,ESTORNADO,2023-08-09
2779,2138,Cartão,3,,5874.77,PAGO,2025-02-21
2780,664,Boleto,6,,3986.9,PAGO,2025-02-21
2781,6445,Dinheiro,4,,4003.97,PENDENTE,2022-09-22
2782,6572,pix,2,,6195.11,PAGO,2022-03-01
2783,5360,PIX,11,,364.67,PENDENTE,2025-01-22
2784,1949,Cartão,8,American Express,6546.9,PENDENTE,2022-09-17
2785,8866,PIX,7,,13092.32,ESTORNADO,2022-07-22
2786,9482,PIX,1,,9818.76,PENDENTE,2023-10-04
2787,11816,PIX,11,,1503.8,PENDENTE,2022-01-10
2788,11078,Pix,,,,ESTORNADO,2022-07-18
2789,6375,Boleto,9,,11237.77,PAGO,12-10-2024
2790,3900,Dinheiro,6,,6308.33,PENDENTE,01-28-2022
2791,1,PIX,6,,13917.58,PENDENTE,26/01/2023
2792,1007,PIX,7,,8575.13,PAGO,2022-05-19
2793,9197,PIX,8,,59.07,ESTORNADO,2025-02-18
2794,5442,Cartão,5,Hipercard,8764.6,ESTORNADO,07-01-2022
2795,3764,Cartão,6,American Express,5461.37,ESTORNADO,2022-07-19
2796,1338,Cartao,6,,4831.27,ESTORNADO,31/02/2025
2797,9279,Boleto,11,,9886.44,ESTORNADO,2025-01-13
2798,1164,PIX,8,,,ESTORNADO,2024-05-11
2799,8467,Dinheiro,6,,11030.59,PAGO,2024-10-16
2800,3446,Boleto,8,,,PAGO,2023-07-04
2801,9827,PIX,1,,1577.04,ESTORNADO,2024-09-17
2802,77,Cartão,6,Visa,1759.02,ESTORNADO,2024-08-26
2803,2611,Boleto,9,,7198.48,PENDENTE,2022-03-02
2804,1549,PIX,1,,10747.43,PENDENTE,2022-11-12
2805,253,Boleto,10,,7161.46,PENDENTE,2024-02-14
2806,7362,Boleto,12,,5371.3,PAGO,2024-10-22
2807,2750,pix,5,,13124.39,ESTORNADO,2024-06-29
2808,5721,Cartão,10,American Express,3997.27,ESTORNADO,2023-03-11
2809,7904,PIX,7,,9058.3,PENDENTE,2023-12-15
2810,4578,Cartão,3,,8631.5,PAGO,2022-06-28
2811,96,PIX,12,,10409.28,PENDENTE,2022-11-14
2812,4232,Cartão,11,Hipercard,6246.08,PENDENTE,2024-11-01
2813,6406,PIX,12,,13839.3,ESTORNADO,2024-04-28
2814,2664,PIX ,12,,mil,PAGO ,2024-12-24
2815,4948,Boleto,10,,5522.94,PENDENTE,2023-05-11
2816,3436,PIX,9,,10429.96,PAGO,2022-12-28
2817,8460,pix,12,,2733.25,PENDENTE,2023-08-03
2818,8427,Dinheiro,4,,,,2024-09-19
2819,11331,Boleto,4,,3130.26,ESTORNADO,2024-04-06
2820,9707,Dinheiro,1,,12176.73,PENDENTE,2022-07-15
2821,3244,Dinheiro,-1,,5500.52,PENDENTE,2022-12-12
2822,5236,Boleto,4,,R$500,PENDENTE,2022-12-05
2823,844,Dinheiro,1,,11285.1,PENDENTE,2023-06-18
2824,10708,Dinheiro,,,7957.53,PENDENTE,2022-09-15
2825,6363,PIX,10,,10113.47,PAGO,2023-12-12
2826,8452,PIX,,,5977.91,ESTORNADO,31/02/2025
2827,3918,PIX,10,,1593.48,PAGO,2022-07-06
2828,2409,PIX,3,,8222.85,PAGO,2022-09-27
2829,5405,Boleto,3,,,ESTORNADO,2024-07-05
2830,9890,Cartão,9,Elo,9896.22,PAGO,2022-11-28
2831,6237,PIX,11,,14115.9,PENDENTE,2025-01-05
2832,9767,Dinheiro,-1,,mil,Pago,2022-04-23
2833,3076,PIX,-1,,14544.8,PENDENTE,2025-03-17
2834,7381,Dinheiro,4,,mil,ESTORNADO,2024-12-21
2835,3225,PIX,4,,0,PENDENTE,2022-03-28
2836,1572,Boleto,5,,,PENDENTE,2025-03-07
2837,3715,Boleto,1,,4207.54,PAGO,2023-04-25
2838,8558,boleto,9,,0,ESTORNADO,2024-09-14
2839,5662,PIX,9,,10495.72,PAGO,2022-05-24
2840,9880,Boleto,9,,12390.54,PENDENTE,2024-02-19
2841,678,Dinheiro,10,,2062.95,PAGO,2023-06-26
2842,1693,PIX,12,,mil,PENDENTE,2025-03-12
2843,809,Boleto,10,,6046.4,PENDENTE,2022-02-18
2844,4435,Cartão,3,Visa,14675.19,ESTORNADO,2022-05-26
2845,4367,Cartão,2,Elo,664.3,Estornado,2023-01-17
2846,5955,Cartão,12,Elo,mil,PENDENTE,2024-04-27
2847,3814,pix,8,,14740.32,ESTORNADO,2022-01-19
2848,9929,Boleto,-5,,1589.68,Pago,2022-12-14
2849,1170,Boleto,10,,2611.36,PAGO ,2023-07-17
2850,3391,PIX,1,,,PENDENTE,2024-01-03
2851,4380,PIX ,5,,7845.35,PENDENTE,2023-04-17
2852,1882,PIX,,,1850.03,PAGO,2022-08-04
2853,6912,Boleto,1,,9484.42,pago,2024-06-17
2854,522,,6,,12208.99,ESTORNADO,2023-04-17
2855,6677,PIX,,,10088.85,ESTORNADO,2024-10-31
2856,7401,PIX,10,,2053.05,ESTORNADO,2023-12-30
2857,3142,Boleto,12,,4975.03,PAGO,2024-06-14
2858,8990,PIX,2,,582.13,PAGO,2024-10-16
2859,3827,Dinheiro,8,,6892.4,,2023-03-25
2860,1591,Boleto,8,,8653.47,PAGO,2022-11-06
2861,11397,PIX,11,,2123.55,ESTORNADO,2025-02-09
2862,3922,PIX,12,,,ESTORNADO,31/02/2025
2863,6626,Dinheiro,0,,148.64,ESTORNADO,2024-05-02
2864,3061,Boleto,1,,10383.78,ESTORNADO,2022-05-19
2865,10369,Cartão,7,Elo,1006.17,PAGO,2024-10-30
2866,10275,Cartão,7,American Express,7409.87,PENDENTE,2024-09-06
2867,5454,Boleto,1,,14536.29,ESTORNADO,2022-09-28
2868,10406,PIX,doze,,8084.94,ESTORNADO,2024-01-23
2869,5325,PIX,6,,,ESTORNADO,2022-02-22
2870,8844,Pix,1,,,PAGO,2022-02-20
2871,5694,Dinheiro,,,7813.43,PENDENTE,2023-04-03
2872,4734,Dinheiro,12,,,ESTORNADO,2022-03-19
2873,6252,PIX,12,,12742.8,ESTORNADO,2024-11-04
2874,4099,Cartão,4,Elo,10036.76,PENDENTE,2023-09-15
2875,3668,Cartão,0,Mastercard,10144.26,PENDENTE,2024-06-25
2876,3541,PIX,-5,,10735.59,ESTORNADO,2023-02-20
2877,1285,Boleto,2,,,PAGO,2024-05-24
2878,8285,Dinheiro,9,,10171.55,ESTORNADO,2022-03-27
2879,4925,Boleto,11,,5064.49,ESTORNADO,2022-02-16
2880,4219,Boleto,10,,7975.24,PAGO,17/02/2023
2881,7640,PIX,0,,655.86,PENDENTE,2023-07-22
2882,1155,Cartão,10,,7926.65,ESTORNADO,2024-10-03
2883,5040,Cartão,6,Mastercard,374.05,PENDENTE,2024-11-07
2884,7315,Boleto,6,,28.79,PENDENTE,2024-03-14
2885,3424,Cartão,7,Elo,1038.07,PAGO,2024-05-01
2886,4510,Cartão,12,Hipercard,3981.11,PAGO,31/02/2025
2887,484,PIX,,,10052.09,PAGO,2023-11-07
2888,6990,Cartão,8,American Express,0,ESTORNADO,2022-08-23
2889,7401,Boleto,11,,13173.54,PAGO,2024-09-07
2890,11596,Dinheiro,6,,11429.4,PENDENTE,2024-01-04
2891,6543,Boleto,-5,,14087.75,PAGO,2023-02-16
2892,184,PIX,9,,10933.76,PENDENTE,2022-10-28
2893,8511,Dinheiro,2,,12772.31,PENDENTE,2023-05-07
2894,5092,Boleto,3,,12050.81,PAGO,2025-02-16
2895,767,Dinheiro,7,,3006.46,PENDENTE,2025-01-04
2896,6663,PIX,,,2369.76,ESTORNADO,2023-03-18
2897,9326,PIX,7,,6388.93,ESTORNADO,2024-09-09
2898,6444,Cartão,12,Mastercard,1158.43,PAGO,2024-05-17
2899,7469,PIX,7,,12634.7,PAGO,2022-11-06
2900,904,PIX,10,,2852.84,PAGO,2022-05-15
2901,5156,Cartão,3,Visa,,ESTORNADO,2024-05-25
2902,9925,Cartão,2,Elo,,PENDENTE,2024-01-09
2903,2865,PIX,1,,1521.48,PENDENTE,2024-07-08
2904,3809,PIX,12,,12074.38,PAGO,2023-11-07
2905,6363,Cartão,7,American Express,13124.36,ESTORNADO,2023-10-01
2906,9496,PIX,,,9932.23,PAGO,2022-10-15
2907,9512,Boleto,3,,9247.54,PAGO,2024-09-16
2908,2777,PIX,10,,,PAGO,2022-03-25
2909,43,,10,,,PENDENTE,2022/03/05
2910,4426,Dinheiro,9,,273.84,ESTORNADO,2022-07-29
2911,1765,PIX,6,,4005.65,PENDENTE,2022-04-07
2912,1089,Cartão,7,,R$500,PENDENTE,2022-02-21
2913,448,PIX,7,,12370.99,PAGO,2023-09-06
2914,11195,Boleto,10,,7403.66,PAGO,2024-01-05
2915,5635,Dinheiro,12,,mil,PENDENTE,2022-07-19
2916,9342,Cartão,3,Elo,10768.02,PAGO,2023-02-24
2917,9287,PIX,11,,42.02,Pendente,2024-11-05
2918,5444,Dinheiro,9,,13132.31,Pendente,2022-10-20
2919,8845,Pixx,8,,7718.55,PAGO,2025-03-06
2920,5012,Boleto,-1,,10384.74,,2022-01-30
2921,11800,pix,4,,10662.04,ESTORNADO,2022-10-04
2922,4110,PIX,1,,13122.81,ESTORNADO,2023-07-11
2923,2546,Dinheiro,1,,958.69,PAGO,2023-09-23
2924,3837,Cartão,5,American Express,11257.02,PAGO,2024-04-25
2925,10132,Boleto,9,,1338.87,Pagoo,2024-01-26
2926,6393,Dinheiro,,,2817.66,ESTORNADO,2024-09-23
2927,9876,PIX,-5,,14721.43,ESTORNADO,2024-07-01
2928,1406,PIX,12,,7538.83,PAGO,2024-08-01
2929,9381,PIX,6,,5106.79,PAGO,2024-09-18
2930,9039,Boleto,3,,0,pago,2022-12-19
2931,1743,Cartão,12,Elo,3955.18,PAGO,2024-02-17
2932,6110,Cartão,0,Elo,3295.82,PAGO,2023-05-24
2933,7834,PIX,6,,0,ESTORNADO,2024-08-26
2934,8490,Dinheiro,-5,,mil,PENDENTE,2022-12-10
2935,6601,Cartão,4,Visa,8479.76,ESTORNADO,2023-01-12
2936,1559,PIX,3,,13267.7,PENDENTE,2023-03-07
2937,1405,Boleto,4,,3198.69,PENDENTE,23/09/2024
2938,1836,Boleto,2,,11881.27,PAGO,2024-11-22
2939,2979,Dinheiro,5,,1970.81,PENDENTE,2024/07/02
2940,7565,Dinheiro,6,,mil,ESTORNADO,2024-09-25
2941,8339,Boleto,3,,4157.2,PAGO,2024-07-28
2942,8824,PIX,7,,1036.41,PAGO,2024-02-07
2943,7583,Cartão,12,,14815.33,ESTORNADO,2023-03-14
2944,4544,Pixx,6,,9934.9,ESTORNADO,2024-02-04
2945,3449,PIX,1,,1087.12,PAGO,2025-02-09
2946,7337,Cartão,5,Elo,802.95,PENDENTE,2023-10-19
2947,6612,Boleto,3,,11394.31,ESTORNADO,2024-05-06
2948,9353,boleto,1,,,PENDENTE,2023-04-20
2949,6127,PIX,,,8612.19,PAGO,99/99/9999
2950,6362,PIX,,,10817.78,PENDENTE,2022-03-10
2951,2796,PIX,9,,8554.51,PENDENTE,2024-08-12
2952,11072,Dinheiro,8,,8861.81,PAGO,2024-10-11
2953,4699,Cartão,2,Hipercard,11854.62,PAGO,2023-01-30
2954,7974,Boleto,3,,8120.24,PENDENTE,2024-10-26
2955,8454,PIX,2,,1575.39,PAGO,2023-03-07
2956,5496,PIX,,,4312.12,ESTORNADO,2022-08-13
2957,2775,Dinheiro,2,,5952.33,ESTORNADO,2023-09-02
2958,1269,Dinheiro,,,12442.35,PAGO,2022-06-19
2959,730,Boleto,4,,-500,PAGO,2024-07-12
2960,11101,Dinheiro,11,,4042.46,PENDENTE,2024-03-15
2961,2883,Pixx,11,Visa,6075.8,ESTORNADO,99/99/9999
2962,4771,Cartão,3,Mastercard,1978.49,ESTORNADO,2024-09-30
2963,7940,Cartão,3,American Express,10054.94,PENDENTE,08-02-2023
2964,3187,Dinheiro,9,,3287.75,ESTORNADO,2022-02-15
2965,6050,Dinheiro,6,,,PAGO,2022-01-12
2966,9181,PIX,4,,13423.85,PENDENTE,2022-12-26
2967,6679,Boleto,10,,4929.37,PAGO,2024-11-12
2968,5069,PIX,11,,7080.51,ESTORNADO,2022-02-22
2969,8294,PIX,10,,8023.21,ESTORNADO,2022-09-18
2970,5889,Boleto,3,,5857.83,PAGO,18/10/2023
2971,6429,Cartão,,Elo,8509.14,PENDENTE,2024-03-28
2972,4853,Boleto,2,,3386.58,ESTORNADO,2024-03-20
2973,7847,PIX,-1,,1420.66,PAGO,2024-03-29
2974,5980,PIX,7,,14060.18,PENDENTE,99/99/9999
2975,6212,Dinheiro,10,,6653.43,PAGO,2023-04-26
2976,75,Boleto,4,,13312.78,PENDENTE,2023-07-14
2977,2378,PIX,3,,10202.31,PAGO,2022-02-27
2978,10362,Dinheiro,4,,1577.28,PENDENTE,2024-08-28
2979,4890,Boleto,4,,11045.99,PENDENTE,2022-06-09
2980,1057,Dinheiro,4,,13947.9,PAGO,2022-12-07
2981,11891,Dinheiro,7,,8176.77,PAGO,2022-12-22
2982,4975,Boleto,8,,1795.08,ESTORNADO,2023-08-24
2983,3203,PIX,5,,4847.2,ESTORNADO,2024-03-01
2984,1647,boleto,1,,4794.39,PAGO,99/99/9999
2985,6142,Cartão,2,American Express,2627.71,PENDENTE,2024-07-03
2986,11549,Boleto,2,,8328.08,PAGO,2025-02-17
2987,4225,Dinheiro,5,,233.82,PAGO,2024-06-08
2988,3834,Boleto,1,,3415.88,PENDENTE,2022-09-23
2989,1013,Boleto,7,,2965.39,ESTORNADO,2024-05-25
2990,3542,Boleto,4,,14003.48,ESTORNADO,2025-03-24
2991,5474,Boleto,4,,-500,PENDENTE,2023-12-03
2992,5454,Boleto,4,,9090.32,PENDENTE,2022-05-06
2993,7565,Cartão,9,,5016.21,ESTORNADO,2022-09-01
2994,1167,Boleto,5,,4664.13,PAGO,2024-01-28
2995,7945,Dinheiro,1,,3031.88,PENDENTE,2024-09-27
2996,8,PIX,7,,10565.82,PENDENTE,2022-03-27
2997,1025,Dinheiro,1,,,ESTORNADO,30/12/2023
2998,4979,PIX ,,,13545.09,PENDENTE,2024-10-09
2999,4800,Boleto,7,,13925.39,PENDENTE,2023-09-22
3000,6790,Boleto,2,,8569.57,PAGO,2024-04-10
3001,4173,Boleto,10,,634.48,PENDENTE,2023-08-07
3002,3830,PIX,12,,12517.1,PENDENTE,2024-06-07
3003,9323,Cartão,4,,1024.09,PENDENTE,2022-11-12
3004,3860,Cartão,7,Hipercard,14958.43,ESTORNADO,2024-01-03
3005,4431,PIX,2,,9093.75,ESTORNADO,2023-09-20
3006,10145,Cartão,9,Mastercard,,Pago,2024-01-18
3007,2269,Dinheiro,10,,3638.11,Pendente,2024-11-30
3008,6292,Boleto,4,,14221.58,PENDENTE,2025-01-26
3009,5427,Cartão,1,Visa,1119.93,ESTORNADO,2023-09-27
3010,2314,PIX,8,,4079.96,pago,2024-07-14
3011,896,Cartão,6,,0,ESTORNADO,2024-09-23
3012,1108,PIX,3,,13638.33,ESTORNADO,2022-04-25
3013,8092,Dinheiro,11,,11175.18,PAGO,2022-12-03
3014,6847,Cartão,2,Elo,12802.14,PAGO,11-23-2022
3015,9797,PIX ,10,,512.51,ESTORNADO,2025-02-11
3016,2874,Boleto,7,,14029.15,ESTORNADO,2022-01-10
3017,9188,Dinheiro,6,,14117.11,PAGO,2023-10-04
3018,5430,Dinheiro,9,,6856.39,Estornado,2024-03-24
3019,10606,Dinheiro,4,,7618.13,Pendente,2022-11-20
3020,2864,PIX,3,,11493.98,PAGO,2024-10-05
3021,5312,PIX,5,,7682.19,PENDENTE,2023-05-08
3022,8949,Boleto,4,,13465.54,PAGO,2023-12-13
3023,5705,Boleto,3,,-500,Pago,2023-05-26
3024,2008,PIX,,,13407.41,PENDENTE,2023-10-22
3025,11735,PIX,10,,9823.03,ESTORNADO,2023-07-13
3026,270,Boleto,3,,270.1,ESTORNADO,2025-01-25
3027,5316,Boleto,1,,10597.26,PENDENTE,2024-06-25
3028,9491,Dinheiro,11,,13542.36,ESTORNADO,2025-02-13
3029,9846,Boleto,6,,8827.75,PENDENTE,2022-08-15
3030,6368,Boleto,-1,,448.78,pago,2024-01-19
3031,6288,PIX,6,,14273.19,PENDENTE,2025-03-07
3032,4401,PIX,4,,10991.13,ESTORNADO,2022-06-29
3033,3777,Cartão,8,Mastercard,9159.37,ESTORNADO,2022-07-21
3034,8245,Dinheiro,,,6255.57,PAGO,2024-11-05
3035,2967,PIX,5,,4243.24,PENDENTE,2024-09-01
3036,11602,Boleto,3,,10035.87,PENDENTE,2025-01-09
3037,3657,pix,4,,7426.48,ESTORNADO,2024-10-16
3038,4030,Cartao,9,,1745.98,PENDENTE,2024-01-24
3039,6620,Cartão,-1,Visa,1404.35,PENDENTE,2024-02-13
3040,5536,Cartão,7,Mastercard,2302.44,ESTORNADO,2024-02-12
3041,9503,Boleto,1,,8856.71,ESTORNADO,2023-07-24
3042,7196,Pixx,6,,4435.25,PAGO,2023-04-18
3043,9615,PIX,5,,12203.37,PENDENTE,2023-10-14
3044,2206,Dinheiro,5,,5696.02,PAGO,2023-04-04
3045,9984,Dinheiro,6,,3924.28,PAGO,2022-11-07
3046,1894,Cartão,6,,14560.93,PAGO,2024-07-21
3047,714,Dinheiro,0,,13711.73,ESTORNADO,2025-02-11
3048,7472,Cartão,4,Visa,14341.52,PAGO,2023-01-03
3049,3709,Cartão,2,Elo,7921.17,PENDENTE,2022-07-11
3050,1634,Boleto,-5,,8429.2,PENDENTE,2023-11-27
3051,5058,Cartão,4,Hipercard,4271.21,ESTORNADO,2023-03-18
3052,2431,Boleto,4,,12422.77,PAGO,99/99/9999
3053,8159,Cartão,5,Mastercard,3832.29,ESTORNADO,2025-01-10
3054,7073,PIX,1,,2214.41,PAGO,2022-06-07
3055,8855,Cartão,2,Hipercard,1368.56,ESTORNADO,2022-04-18
3056,4863,PIX,3,,7012.22,PENDENTE,2022-02-09
3057,6734,Boleto,8,,12916.9,PAGO,2023-07-06
3058,5999,PIX,-1,,3418.54,PAGO,2022-08-20
3059,10780,PIX,12,,13059.97,ESTORNADO,2022-12-24
3060,2623,Cartão,10,Hipercard,2412.72,PENDENTE,2024-01-29
3061,9752,PIX,4,,5785.46,PAGO,2024-05-18
3062,6292,Cartão,3,Hipercard,6151.97,ESTORNADO,2022-10-20
3063,2797,PIX,6,,8968.63,PAGO ,03-26-2024
3064,4753,Dinheiro,4,,1055.04,PENDENTE,2023-10-14
3065,3008,Boleto,1,,1418.96,PAGO,2024-11-14
3066,8640,Boleto,6,,14790.83,ESTORNADO,2024-09-16
3067,5726,Boleto,3,,9488.06,ESTORNADO,2024-10-10
3068,8651,Boleto,1,,12105.85,,2024-04-07
3069,8560,Boleto,6,,1642.45,Estornado,2023-11-20
3070,7195,PIX,1,,13157.57,ESTORNADO,2024-09-22
3071,911,Boleto,4,,R$500,PAGO,2024-09-14
3072,9247,Boleto,,,9873.45,PAGO,30/06/2023
3073,10942,PIX,4,,13272.05,PAGO,2024-09-01
3074,1730,Dinheiro,10,,-500,Pagoo,2024-08-21
3075,27,Dinheiro,,,963.58,PAGO,2023-11-25
3076,10307,PIX,1,,7504.42,PAGO,2022-03-27
3077,586,PIX,2,,11425.32,ESTORNADO,2024-11-27
3078,1062,PIX,2,,4238.56,PENDENTE,2025-03-08
3079,2214,Boleto,9,,9474.21,PAGO,2024-03-10
3080,591,Cartão,12,Mastercard,4145.71,ESTORNADO,2022-04-14
3081,7645,Boleto,10,,12560.13,PENDENTE,2023-04-11
3082,7585,Boleto,5,,7557.73,PENDENTE,2022-01-30
3083,8586,Dinheiro,8,,6391.17,ESTORNADO,2022-03-31
3084,4904,Dinheiro,4,,488.72,ESTORNADO,2024-06-08
3085,5110,PIX,11,,642.62,ESTORNADO,2023-06-27
3086,6669,Boleto,8,,6938.02,PAGO,2022-12-24
3087,7607,Cartão,3,Hipercard,14060.51,PAGO,2023-08-17
3088,5003,pix,11,,4141.55,PAGO,2025-02-27
3089,3298,Cartão,4,Elo,2064.03,PAGO,2024-12-08
3090,6806,Boleto,8,,10069.26,PENDENTE,2024-08-13
3091,1200,PIX,6,,10086.42,PENDENTE,2022-11-11
3092,5795,Cartão,10,Visa,4114.43,ESTORNADO,2024-07-07
3093,5969,PIX,,,13307.01,ESTORNADO,03-29-2023
3094,7528,Dinheiro,4,,2092.13,PAGO,2024-02-23
3095,2703,Dinheiro,8,,6269.38,PAGO,2024-09-01
3096,4528,PIX,5,,mil,PAGO,2023-07-31
3097,8294,Cartão,12,Visa,7603.76,ESTORNADO,2023-12-30
3098,7776,Boleto,4,,8373.54,ESTORNADO,2024-07-27
3099,9108,Cartão,3,,13888.0,PENDENTE,2024-03-29
3100,7754,Dinheiro,9,,4839.41,PENDENTE,2024-06-01
3101,3522,Cartao,10,,5089.29,PAGO,2023-01-11
3102,6050,Dinheiro,12,,,PENDENTE,2022-07-14
3103,1917,PIX,8,,5278.81,PENDENTE,2023-11-27
3104,11909,PIX ,4,,8306.86,ESTORNADO,2022-06-21
3105,5732,Boleto,9,,13451.12,PAGO,2024-05-31
3106,2527,PIX,11,,8999.98,PAGO,2023-04-01
3107,7205,Pixx,1,,10401.14,PENDENTE,2024-03-21
3108,9264,Boleto,5,,1199.24,PENDENTE,2022-12-15
3109,2051,PIX,9,,638.49,ESTORNADO,2022-10-24
3110,1458,Dinheiro,6,,5996.67,PAGO,2023-10-21
3111,5045,Cartão,1,Elo,79.57,ESTORNADO,2023-08-25
3112,5675,PIX,,,3165.31,PENDENTE,2024-07-24
3113,7592,Dinheiro,7,,,PENDENTE,2024/01/02
3114,2425,Dinheiro,2,,14229.61,PENDENTE,2023/06/16
3115,230,Boleto,4,,8540.69,Pago,2022-01-16
3116,8000,PIX,7,,9490.04,ESTORNADO,2023-03-28
3117,11737,Dinheiro,-5,,,PENDENTE,2024-06-19
3118,5234,Cartão,3,American Express,6184.22,PENDENTE,2024-06-12
3119,1318,Dinheiro,8,,3029.72,PAGO,2024-09-28
3120,6992,Cartão,6,Hipercard,5153.45,PAGO,2023-11-23
3121,3515,PIX,8,,2559.21,PAGO,11-15-2023
3122,4641,Dinheiro,1,,10709.84,PENDENTE,2023-06-03
3123,1883,Dinheiro,4,,9229.56,ESTORNADO,21/12/2023
3124,5578,PIX,4,,4668.93,ESTORNADO,2025-01-22
3125,4367,Boleto,8,,13271.09,PAGO,2023-06-24
3126,1430,PIX,7,,5542.29,PENDENTE,2022-03-29
3127,8173,PIX,4,,13381.66,PAGO,2025-02-18
3128,9592,pix,2,,11245.22,PAGO,2024-11-12
3129,1858,Dinheiro,4,,10318.48,PAGO,2023-07-01
3130,8327,Dinheiro,12,,13591.32,ESTORNADO,2024-08-10
3131,7817,PIX,2,,4398.25,ESTORNADO,2022-12-29
3132,9357,Boleto,2,,330.85,ESTORNADO,2025-03-16
3133,10468,PIX,,,3450.07,PENDENTE,2024-06-26
3134,6127,PIX,,,3255.7,PAGO,2025-03-07
3135,9677,Dinheiro,1,,,PENDENTE,2023-02-06
3136,5258,Dinheiro,2,,14895.21,ESTORNADO,2025-03-26
3137,5943,Cartão,2,,2690.22,PAGO,31/02/2025
3138,4122,Cartão,4,Mastercard,11977.33,Estornado,2024-09-14
3139,6448,Cartão,2,American Express,11399.46,PENDENTE,2022-03-13
3140,8111,Cartão,8,,13387.27,ESTORNADO,2024-05-13
3141,3685,Cartão,5,,10317.67,ESTORNADO,2024-03-22
3142,7888,PIX,5,,5276.48,PAGO,2024-06-23
3143,7350,Dinheiro,2,,10147.89,PENDENTE,31/02/2025
3144,186,PIX,,,2585.52,PENDENTE,2022-01-22
3145,8931,Dinheiro,9,,9564.16,PAGO,2025-01-11
3146,4982,Cartao,,,4090.69,ESTORNADO,2023-02-28
3147,6098,Dinheiro,9,,5533.23,pago,2022-02-06
3148,1829,Cartão,3,Hipercard,2268.44,PENDENTE,2022-01-07
3149,5165,Boleto,12,,9710.08,PENDENTE,99/99/9999
3150,2494,PIX,8,,14427.74,PAGO,2023-05-06
3151,6376,Dinheiro,10,,3684.28,ESTORNADO,2023-03-07
3152,6530,Cartão,6,Mastercard,7700.63,PENDENTE,2022-03-18
3153,9883,Cartão,8,Mastercard,8160.43,,2023-02-08
3154,4741,Cartão,10,,13632.35,ESTORNADO,2022-04-26
3155,7215,Dinheiro,12,,,Pago,2024-06-15
3156,7049,Pixx,4,,514.36,PAGO,2025-02-12
3157,8161,Cartão,7,American Express,5265.76,ESTORNADO,2024-03-30
3158,5970,Dinheiro,3,,,PENDENTE,2025-02-06
3159,4900,Cartão,,Elo,9732.07,ESTORNADO,2025-03-10
3160,4387,Boleto,12,,265.92,PENDENTE,2023-04-08
3161,5269,Cartão,7,American Express,12616.3,ESTORNADO,2022-10-17
3162,5038,Pix,12,,10130.96,PENDENTE,2024-05-09
3163,7707,Dinheiro,12,,,ESTORNADO,2024-11-22
3164,11254,Cartão,1,Visa,7479.43,PAGO,2025-03-10
3165,9592,Cartão,3,Elo,13002.12,PENDENTE,2023-07-27
3166,3106,Boleto,,,1299.2,Pagoo,2022-01-28
3167,7133,Boleto,12,,,PENDENTE,08-20-2022
3168,10644,Dinheiro,10,,11926.37,PAGO,2022-10-04
3169,3844,PIX ,doze,,2822.66,PENDENTE,99/99/9999
3170,5799,Dinheiro,6,,3966.4,ESTORNADO,2023-09-23
3171,3060,Dinheiro,11,,mil,PAGO,2022-04-07
3172,6431,PIX,10,,9737.91,PENDENTE,2023-03-29
3173,863,Dinheiro,7,,R$500,PENDENTE,2024-07-26
3174,7942,Cartão,8,American Express,8602.55,PAGO,2023-10-29
3175,1355,Dinheiro,1,,R$500,PAGO,2022-06-02
3176,9518,PIX,3,,6564.09,PENDENTE,2025-01-05
3177,4312,Boleto,3,,3763.36,ESTORNADO,2024-05-03
3178,9052,pix,7,,11410.98,PAGO,2025-01-20
3179,7687,Boleto,,,13694.72,PENDENTE,2024-09-11
3180,4485,PIX,5,,13201.1,ESTORNADO,2023-11-30
3181,7441,PIX,1,,75.86,PENDENTE,2023-04-27
3182,6538,Cartão,8,Hipercard,13968.79,Estornado,2022-09-29
3183,9193,PIX,7,,2731.46,PENDENTE,2025-01-28
3184,6618,Cartão,12,,5040.57,PAGO,2022-08-21
3185,7280,PIX,3,,7287.5,PENDENTE,2022-08-14
3186,6231,PIX,10,,10490.03,PENDENTE,2022-09-04
3187,5147,Pixx,5,,246.29,PENDENTE,2023-12-01
3188,9663,PIX,7,,R$500,PAGO,2022-09-16
3189,6048,Pixx,9,Elo,14373.68,PAGO,2022-08-29
3190,11678,Cartão,4,Mastercard,7393.97,PENDENTE,2022-06-06
3191,11268,Cartão,4,,,ESTORNADO,2024-02-06
3192,1674,Boleto,6,,1542.91,ESTORNADO,31/02/2025
3193,2865,Dinheiro,7,,10902.58,ESTORNADO,2022-12-14
3194,381,PIX,8,,13922.22,PENDENTE,2022-04-08
3195,8410,Dinheiro,4,,3180.82,PAGO,2023-03-31
3196,5309,PIX,doze,,12470.61,PAGO,2024-01-20
3197,3376,PIX,6,,12921.0,ESTORNADO,2022-10-25
3198,6224,PIX,-5,,402.01,ESTORNADO,2022-07-06
3199,9962,Cartao,12,,3017.71,PENDENTE,2022-03-28
3200,8848,Cartão,3,Mastercard,2856.3,PENDENTE,2025-02-25
3201,2550,Boleto,2,,9621.7,PENDENTE,2024-11-16
3202,5458,Dinheiro,4,,8050.34,PENDENTE,2023-04-05
3203,8452,Dinheiro,6,,11794.67,ESTORNADO,2024-07-18
3204,8299,Cartão,10,Mastercard,6385.74,ESTORNADO,2023-05-25
3205,5565,Cartão,2,Mastercard,5292.54,Pendente,2025-03-03
3206,2485,Boleto,8,,1548.06,PENDENTE,2022-11-29
3207,1681,Cartão,4,Visa,8740.28,PENDENTE,2023-06-21
3208,2692,Dinheiro,4,,9426.08,PENDENTE,2024-03-15
3209,7219,Dinheiro,9,,7510.62,PAGO,2024-03-16
3210,5822,Boleto,7,,9170.22,PAGO,2025-03-08
3211,2884,Cartão,12,Elo,8231.94,PENDENTE,2022-01-14
3212,11254,Boleto,7,,4277.05,ESTORNADO,2025-02-22
3213,9323,Dinheiro,10,,8580.07,ESTORNADO,2024-07-31
3214,1929,Pix,4,American Express,14449.01,PAGO,2023-03-22
3215,11034,Cartão,6,Hipercard,3081.41,PAGO,2024-01-26
3216,11375,Cartão,2,Visa,1351.63,PAGO,2024-04-04
3217,4755,Cartão,2,Hipercard,292.72,PENDENTE,2022-03-26
3218,8943,Boleto,9,,5758.0,PENDENTE,2022-12-09
3219,10285,Boleto,12,,,ESTORNADO,2025-03-22
3220,9581,PIX,-5,,-500,PENDENTE,2022-11-27
3221,6579,Cartão,7,Mastercard,3834.78,PAGO,2023-11-29
3222,6519,PIX,5,,1914.87,PAGO,2024-03-30
3223,5529,pix,8,American Express,11906.47,PENDENTE,2022-09-09
3224,11561,PIX,10,,mil,PAGO,2023-10-14
3225,1226,Dinheiro,6,,,PAGO,2023-09-24
3226,3862,Dinheiro,,,13817.03,Pago,2023-02-13
3227,3054,Boleto,7,,8639.25,PENDENTE,2024-04-29
3228,9998,Boleto,9,,11263.41,ESTORNADO,2022-03-02
3229,5099,PIX,4,,1159.59,PENDENTE,2023-11-05
3230,4940,Boleto,3,,2772.59,ESTORNADO,2024-07-04
3231,9309,Cartão,12,Elo,3849.77,PENDENTE,2024-03-04
3232,7098,PIX ,2,,2172.13,ESTORNADO,2022-08-08
3233,2323,Dinheiro,11,,333.6,PAGO,2024-04-26
3234,2739,Dinheiro,3,,10960.73,PAGO,2024-06-06
3235,5010,Dinheiro,8,,9451.06,PAGO,2025-02-22
3236,9014,Cartão,2,Mastercard,12451.33,PAGO,2022-07-12
3237,5765,PIX,5,,11026.44,PENDENTE,31/02/2025
3238,8445,Cartão,3,American Express,14560.96,Pagoo,2022-12-14
3239,3113,Cartão,12,,5073.46,,2023-04-01
3240,7908,PIX,2,,2776.46,PAGO,2023-11-08
3241,1596,Cartão,10,Hipercard,9399.39,PAGO,06/01/2024
3242,3951,Dinheiro,12,,7054.54,PAGO,2025-02-03
3243,2988,Cartão,10,Elo,,PENDENTE,2022-02-17
3244,1059,Boleto,11,,10150.16,ESTORNADO,2022-05-09
3245,78,Boleto,4,,13832.92,PAGO,2024-04-20
3246,3196,PIX,11,,R$500,PAGO,2022-12-07
3247,98,Cartão,12,Elo,7810.85,ESTORNADO,2023-01-02
3248,954,Boleto,2,,14167.77,ESTORNADO,31/02/2025
3249,6733,Cartão,3,Elo,6227.65,ESTORNADO,2024-06-02
3250,8079,PIX,2,,6182.29,PENDENTE,2022-07-25
3251,2913,PIX,6,,7830.8,ESTORNADO,2022-04-04
3252,6074,Cartão,-5,Hipercard,9515.03,ESTORNADO,2023-04-12
3253,6540,Dinheiro,7,,5940.28,PAGO,2024-07-30
3254,8934,PIX,10,,-500,Pendente,2022-01-04
3255,9090,PIX,3,,14967.96,PAGO,2023-09-09
3256,343,Boleto,5,,4650.83,ESTORNADO,2022-02-13
3257,9679,Dinheiro,0,,7898.79,ESTORNADO,2024-06-26
3258,6393,PIX,8,,82.24,ESTORNADO,2022-03-05
3259,8556,Dinheiro,3,,7973.34,ESTORNADO,2024-01-28
3260,5065,Dinheiro,8,,,Pago,2023-08-27
3261,10115,Cartão,4,Visa,1042.72,ESTORNADO,2025-01-22
3262,9090,Cartão,-5,,7713.69,PENDENTE,2022-11-22
3263,5205,Dinheiro,6,,5773.8,ESTORNADO,2022-06-20
3264,2300,PIX,8,,288.88,ESTORNADO,2024-04-18
3265,11459,Cartão,6,Elo,6917.2,PAGO,2023-06-13
3266,8450,Dinheiro,2,,7569.63,ESTORNADO,2024-02-05
3267,10029,PIX,doze,,10685.26,PAGO,2025-03-07
3268,261,boleto,5,,654.87,Estornado,2022-04-26
3269,7553,PIX,5,,5875.84,PENDENTE,2025-01-12
3270,2181,Dinheiro,10,,13642.63,PENDENTE,2023-01-15
3271,9348,Boleto,11,,11833.06,ESTORNADO,2023-06-27
3272,10079,Boleto,6,,12489.65,PENDENTE,2024-12-30
3273,8793,Dinheiro,8,,7758.59,ESTORNADO,2022-06-15
3274,2757,PIX,,,3626.58,ESTORNADO,2024-03-10
3275,7779,Dinheiro,11,,10920.33,PENDENTE,2023-05-11
3276,4862,Boleto,0,,9836.43,PENDENTE,2022-07-28
3277,3084,PIX,8,,8502.8,PAGO,2023-07-26
3278,6871,PIX,8,,307.46,ESTORNADO,99/99/9999
3279,552,Cartão,0,American Express,407.1,PENDENTE,2024-02-22
3280,677,Boleto,12,,6743.41,Pago,2025-02-23
3281,359,Boleto,4,,mil,PAGO,2023-07-26
3282,9959,Cartão,3,Hipercard,3426.84,PENDENTE,2023-01-17
3283,4810,Boleto,3,,6290.18,ESTORNADO,2024-06-18
3284,6464,Boleto,6,,1334.64,ESTORNADO,2024-01-14
3285,5667,Cartão,3,Mastercard,10012.05,PENDENTE,2024-09-06
3286,7231,pix,8,,14112.62,PAGO,2024-10-15
3287,9315,Dinheiro,1,,13125.78,ESTORNADO,2023-10-27
3288,4851,Dinheiro,3,,2180.74,PAGO,29/09/2022
3289,3825,Cartão,11,Hipercard,9244.02,ESTORNADO,2024-06-13
3290,870,PIX,8,,230.87,ESTORNADO,2023-01-12
3291,1276,Cartão,5,Elo,14923.47,PENDENTE,2023-10-12
3292,8897,Cartão,3,Mastercard,105.16,PAGO,99/99/9999
3293,4162,Dinheiro,11,,4739.37,PENDENTE,2022-09-18
3294,1087,Cartão,7,Elo,5865.6,ESTORNADO,2023-02-27
3295,7425,Boleto,9,,4107.7,PENDENTE,2024-12-11
3296,9240,PIX,10,,mil,PENDENTE,2023-11-11
3297,8715,Dinheiro,3,,14789.58,PENDENTE,2025-04-01
3298,7513,Boleto,-1,,-500,ESTORNADO,31/02/2025
3299,8350,Boleto,1,,,PAGO,2022-04-21
3300,3370,Cartão,3,Visa,14460.45,PENDENTE,2024-12-25
3301,4460,Cartão,2,Mastercard,11651.17,PAGO,2024-09-12
3302,5825,Boleto,9,,2626.85,ESTORNADO,2022-10-06
3303,1310,Cartão,6,American Express,14290.66,PENDENTE,2023-11-07
3304,6760,Dinheiro,1,,6869.87,ESTORNADO,06-16-2024
3305,1806,Boleto,12,,14924.72,ESTORNADO,2023-04-18
3306,4584,Dinheiro,9,,R$500,ESTORNADO,2023-01-25
3307,7759,Boleto,1,,12579.87,PENDENTE,2024-11-23
3308,8968,PIX,8,,,PENDENTE,2022-08-28
3309,6631,Boleto,4,,11181.89,ESTORNADO,2024-11-07
3310,724,Pix,1,,8072.98,PAGO,2022-04-11
3311,8657,PIX,5,,6381.52,PAGO,2025-03-03
3312,1633,Pixx,,,2887.98,PAGO,2024-08-10
3313,3226,PIX,7,,0,PENDENTE,2023-12-17
3314,4512,PIX,11,,14558.92,PENDENTE,2023-06-05
3315,11914,Boleto,0,,10719.98,PENDENTE,2024-09-28
3316,283,Dinheiro,4,,7624.45,PAGO,2022-12-03
3317,2315,Cartão,12,Visa,3544.97,PENDENTE,2022-03-28
3318,827,PIX,1,,13310.06,ESTORNADO,2023-02-27
3319,8327,PIX,,,860.26,PENDENTE,2022-02-08
3320,6071,Dinheiro,6,,6924.7,PAGO,2023-07-30
3321,6360,Boleto,1,,1598.93,PAGO,2022-11-26
3322,4585,Boleto,8,,,PENDENTE,2025-03-03
3323,3013,Dinheiro,10,,3509.66,ESTORNADO,2022-01-01
3324,11986,Boleto,2,,7591.41,ESTORNADO,2022-09-23
3325,286,Dinheiro,doze,,7549.89,PENDENTE,2025-03-30
3326,2206,Dinheiro,10,,1434.8,ESTORNADO,2024-02-22
3327,2779,Cartão,1,American Express,6252.4,pago,2025-02-04
3328,6034,Dinheiro,11,,14787.87,PAGO,2025-01-23
3329,1400,Cartão,8,Hipercard,10876.77,PAGO,2023-01-20
3330,8224,PIX,9,,1352.24,PAGO ,2023-03-25
3331,8161,Boleto,6,,6835.96,Pendente,2022-07-04
3332,11876,pix,12,American Express,1779.14,ESTORNADO,2025-02-17
3333,1279,Cartão,8,Elo,11522.55,PAGO,2023-09-28
3334,9395,PIX,6,,13559.49,ESTORNADO,2022-08-02
3335,7560,PIX,10,,2793.14,ESTORNADO,2024-08-20
3336,9514,Dinheiro,9,,13305.92,PAGO,2024-07-26
3337,440,Dinheiro,12,,11775.5,PENDENTE,2024-08-08
3338,11849,Cartão,doze,American Express,9987.34,ESTORNADO,2023-04-04
3339,4572,Dinheiro,5,,10374.36,pago,2023-06-20
3340,50,Boleto,-5,,1238.73,PENDENTE,2024-12-11
3341,2694,Cartão,10,Elo,9855.18,PENDENTE,2022-03-07
3342,9538,PIX,12,,10091.16,ESTORNADO,2025-02-26
3343,5084,Dinheiro,1,,9579.71,PENDENTE,2023-05-06
3344,6923,Boleto,,,12877.89,ESTORNADO,2024-02-17
3345,8069,PIX,2,,13358.31,Estornado,2024-08-09
3346,4388,boleto,,,,ESTORNADO,2023-05-12
3347,9098,Dinheiro,1,,4711.44,PAGO,2022-06-30
3348,5660,Boleto,5,,4928.38,PAGO,2023-12-16
3349,6655,Cartão,1,Mastercard,10360.01,Pagoo,2023-10-12
3350,24,PIX,10,,1332.72,PENDENTE,2024-09-21
3351,1624,Cartão,5,Mastercard,986.31,PENDENTE,2022-02-20
3352,4350,Cartão,6,American Express,11028.38,PAGO,2022-07-21
3353,3350,Cartão,8,Elo,1305.23,PAGO,2024-11-23
3354,7735,PIX,12,,9157.97,PAGO,2022-11-07
3355,6407,Cartão,6,Mastercard,8746.33,PAGO,2023-08-24
3356,1772,Cartão,9,Visa,11544.13,PAGO,2022-12-15
3357,1900,Dinheiro,8,,,PENDENTE,2022-11-02
3358,5346,PIX,4,,10980.19,PENDENTE,2023-12-27
3359,361,Boleto,12,,13944.81,ESTORNADO,2025-01-07
3360,8785,Cartão,5,Mastercard,4295.8,ESTORNADO,2024-06-18
3361,2319,Cartão,4,Elo,13595.09,PAGO,2023-05-30
3362,5610,Cartão,9,Elo,11672.27,ESTORNADO,31/02/2025
3363,9605,Boleto,11,,10987.27,PENDENTE,2023-04-21
3364,6132,PIX,10,,14259.14,PENDENTE,2025-01-18
3365,5280,Dinheiro,1,,13676.0,PENDENTE,2024-06-27
3366,4245,Boleto,9,,13891.87,PAGO,31/02/2025
3367,9004,Pixx,12,Visa,788.96,ESTORNADO,2025-04-03
3368,5840,Cartão,,,1742.97,ESTORNADO,2022-11-18
3369,9520,Cartão,-1,Visa,12691.17,ESTORNADO,2024-08-07
3370,9350,Cartão,6,,11836.59,ESTORNADO,2024-08-16
3371,527,PIX,doze,,7227.93,ESTORNADO,2025-02-25
3372,6049,Cartão,,Visa,768.77,PENDENTE,2025-03-18
3373,7483,Boleto,10,,4224.27,PAGO,2023-05-24
3374,5635,PIX,2,,2206.95,ESTORNADO,2025-01-12
3375,6986,Dinheiro,2,,5041.45,ESTORNADO,2023-10-26
3376,10958,Boleto,8,,,ESTORNADO,2023-03-25
3377,3650,Boleto,10,,2245.23,ESTORNADO,2024-06-07
3378,1806,PIX ,11,,3334.28,PENDENTE,2023-11-24
3379,9788,PIX,10,,2236.24,ESTORNADO,2023-04-02
3380,7382,Boleto,0,,14868.42,Pagoo,2023-07-10
3381,6299,Boleto,5,,14480.6,ESTORNADO,31/02/2025
3382,9800,PIX,-1,,4289.28,PAGO,2023-08-04
3383,810,PIX,10,,13178.94,PAGO,2023-01-26
3384,7711,Cartão,7,Visa,R$500,,2024-05-31
3385,8453,PIX,1,,5645.14,PAGO,2022-02-22
3386,5377,Cartão,12,Elo,7491.87,ESTORNADO,2023-11-12
3387,9253,Cartão,5,,13781.59,ESTORNADO,2025-02-16
3388,3905,Cartão,1,Visa,1232.25,PENDENTE,2022-12-20
3389,8702,PIX,2,,9709.41,ESTORNADO,2023-06-29
3390,11782,Dinheiro,8,,6532.34,ESTORNADO,2023-11-25
3391,5736,,8,,8531.31,PENDENTE,2022-02-27
3392,9626,PIX,6,,4566.74,ESTORNADO,2024-07-24
3393,3557,PIX,8,,13512.17,PENDENTE,2023-10-19
3394,9728,Dinheiro,,,mil,PENDENTE,2024-05-13
3395,800,PIX,10,,2103.02,PAGO,2022-01-03
3396,7331,Cartão,7,Visa,5162.81,ESTORNADO,2024-07-15
3397,90,PIX,11,,14809.64,ESTORNADO,31/02/2025
3398,7718,Boleto,doze,,11717.11,PAGO,2025-02-11
3399,5563,Cartão,11,Elo,1615.34,ESTORNADO,2024-04-29
3400,8535,Dinheiro,,,5685.54,PAGO,2022-01-07
3401,2555,PIX,12,,12358.09,PENDENTE,2025-01-20
3402,3196,PIX ,1,,12826.09,PAGO,2024-03-06
3403,6174,Cartão,6,Visa,3040.43,PENDENTE,2024-06-29
3404,5645,Cartão,4,Mastercard,14916.76,PAGO,2023-03-21
3405,3156,Boleto,0,,12170.15,ESTORNADO,2025-03-30
3406,11949,Dinheiro,8,,6445.88,PENDENTE,18/05/2023
3407,11681,PIX,1,,,PENDENTE,2023-12-11
3408,3281,Boleto,4,,7093.21,ESTORNADO,2023-03-16
3409,4389,PIX,8,,11598.83,PENDENTE,2022-07-24
3410,3868,PIX,3,,13105.71,PENDENTE,2024-11-09
3411,7627,PIX,9,,2388.85,PAGO,2025-01-02
3412,5818,Dinheiro,10,,11870.1,ESTORNADO,2023-06-10
3413,909,Dinheiro,2,,3306.87,ESTORNADO,2023-12-22
3414,6012,Cartão,doze,Mastercard,10871.41,PAGO,2024-08-01
3415,10981,Cartão,5,Mastercard,6017.0,PENDENTE,2025-04-07
3416,8995,Cartão,9,Visa,14024.03,pago,2023-10-22
3417,5952,PIX,7,,7651.32,PENDENTE,2024-08-19
3418,6434,Cartão,11,Mastercard,6941.36,ESTORNADO,2023-12-20
3419,4400,Dinheiro,6,,3069.96,PAGO,2022-10-19
3420,8540,Boleto,,,1519.98,PAGO,2025-03-04
3421,3037,Cartão,12,,612.94,ESTORNADO,2024-04-07
3422,3299,pix,9,Hipercard,2486.22,ESTORNADO,2023-08-25
3423,6710,Cartão,6,Elo,9992.65,ESTORNADO,2023-06-02
3424,3253,Dinheiro,12,,3891.62,PENDENTE,2022-12-26
3425,1214,Boleto,6,,14288.16,ESTORNADO,2025-02-03
3426,5764,,1,,2328.88,pago,2025-03-30
3427,9503,Cartão,12,American Express,12398.79,ESTORNADO,2023-01-04
3428,4672,Boleto,12,,2951.11,PENDENTE,2023-04-24
3429,293,Cartao,11,,2444.76,PENDENTE,2022-01-10
3430,7251,Cartão,,,13647.53,PENDENTE,2024-01-05
3431,2797,Boleto,9,,11361.63,ESTORNADO,2024-11-27
3432,9444,Boleto,2,,4862.57,PENDENTE,2023-08-01
3433,5049,Dinheiro,7,,10350.56,PAGO,2025-03-26
3434,8214,Boleto,3,,7019.68,PENDENTE,2024-06-21
3435,6868,Cartao,11,Elo,6660.29,PENDENTE,2022-10-11
3436,8098,PIX,7,,7841.86,PENDENTE,99/99/9999
3437,8576,pix,0,American Express,1776.0,Pago,2025-02-21
3438,5134,Dinheiro,10,,6554.17,PAGO ,2024-09-05
3439,8339,PIX,12,,7480.82,ESTORNADO,2023-09-27
3440,996,Cartão,7,,9375.35,PAGO,2022-12-23
3441,2444,Cartão,4,American Express,10517.84,ESTORNADO,2023-07-21
3442,9539,Dinheiro,6,,13114.49,PAGO,2022-04-05
3443,9128,Boleto,5,,48.86,PAGO,2022-08-11
3444,4806,Dinheiro,10,,,PENDENTE,2022-02-13
3445,11397,Cartão,11,,7773.28,PAGO,2023-07-04
3446,5137,Cartão,1,Mastercard,9152.09,PAGO,2023-03-21
3447,2860,Cartão,doze,Mastercard,2512.95,PAGO,2023-06-05
3448,9571,Boleto,9,,14065.5,PAGO,2025-04-10
3449,1329,PIX,9,,10614.02,ESTORNADO,2023-01-01
3450,4260,Boleto,0,,5370.61,PENDENTE,2024-10-05
3451,4166,Cartão,3,,9871.27,ESTORNADO,2024-06-15
3452,3643,Cartão,12,Hipercard,774.89,PAGO,2024-02-21
3453,5955,Boleto,10,,7791.77,PENDENTE,2022-03-18
3454,8752,Boleto,11,,859.16,PENDENTE,2022-03-31
3455,6567,Cartão,5,American Express,8123.61,ESTORNADO,2024-07-03
3456,1293,Dinheiro,12,,10405.87,PAGO,2022-03-30
3457,7427,Boleto,5,,3921.12,ESTORNADO,2022-04-18
3458,2715,Pix,10,,12734.18,PAGO,2023-10-03
3459,300,Cartão,-5,Mastercard,9388.27,PAGO,2022-11-06
3460,9359,Boleto,12,,452.0,PENDENTE,2025-04-09
3461,7881,PIX,10,,8864.74,ESTORNADO,2022-03-05
3462,7027,Dinheiro,9,,6232.84,PAGO,2024-08-15
3463,8812,Dinheiro,-5,,4103.03,PENDENTE,2024-07-29
3464,1679,PIX,9,,7425.05,PENDENTE,2024-02-02
3465,5634,pix,8,,11683.1,Pagoo,2024-05-05
3466,5987,Dinheiro,3,,0,PENDENTE,2024-06-20
3467,999,Dinheiro,9,,3499.36,ESTORNADO,2025-03-02
3468,8152,Dinheiro,,,,PAGO,2024-08-22
3469,1916,Cartão,12,,6141.14,PENDENTE,2022-07-01
3470,3783,Cartão,3,,7131.61,PENDENTE,2024-06-27
3471,8099,Cartão,5,,4254.7,Pagoo,2023-06-19
3472,95,Dinheiro,2,,3296.12,PENDENTE,2022-03-02
3473,8484,pix,10,,455.64,PAGO,2022-08-17
3474,7836,PIX,1,,2611.3,PENDENTE,2024-11-05
3475,4762,Cartão,0,Mastercard,10093.28,ESTORNADO,17/01/2023
3476,8862,Cartão,,Mastercard,11433.56,PAGO,2022-07-19
3477,9777,Boleto,1,,9233.18,PAGO,2022-07-28
3478,6239,Pix,-5,,9228.22,PAGO,2025-03-13
3479,6115,Dinheiro,9,,4364.65,Pago,2025-01-28
3480,9968,Dinheiro,3,,2105.09,PENDENTE,2022-11-17
3481,3026,Dinheiro,3,,,PENDENTE,2024-06-20
3482,6147,Dinheiro,11,,7284.48,Pagoo,99/99/9999
3483,631,Dinheiro,4,,7011.84,Pagoo,2023-09-14
3484,2987,PIX,10,,5443.76,Estornado,2023-04-04
3485,6579,PIX,12,,2023.81,ESTORNADO,2024-04-30
3486,8853,PIX,6,,8092.5,PENDENTE,2022-06-14
3487,6916,PIX,-5,,8125.95,PENDENTE,2022-04-13
3488,9973,Dinheiro,6,,14954.97,ESTORNADO,2024-11-20
3489,6630,Boleto,2,,1591.22,ESTORNADO,2023-08-24
3490,4673,Dinheiro,11,,6942.98,PENDENTE,2024-04-28
3491,3796,boleto,8,Visa,10596.28,PENDENTE,2024-02-24
3492,6570,PIX,9,,R$500,PENDENTE,2023-07-23
3493,6703,PIX,7,,14632.25,PENDENTE,2023-04-06
3494,1457,Boleto,10,,3749.97,PAGO,2024-03-17
3495,5274,pix,,,7509.95,Pago,2024-04-18
3496,7644,PIX,9,,10768.58,PENDENTE,2024-04-27
3497,2421,Boleto,3,,5329.95,PAGO,2022-11-17
3498,1197,Dinheiro,7,,11184.75,PAGO,2024-08-29
3499,729,PIX,8,,6925.28,PENDENTE,2024-07-22
3500,3313,PIX,3,,14407.37,PAGO,2022-03-03
3501,3626,Dinheiro,6,,1586.72,PAGO,2024-07-18
3502,3157,Cartão,8,Mastercard,7946.98,PAGO,04/02/2022
3503,9835,PIX,5,,13867.63,ESTORNADO,2023-07-11
3504,7996,PIX,,,11878.22,ESTORNADO,2022-03-18
3505,3356,Dinheiro,-5,,,Pago,2025-01-13
3506,7726,Boleto,3,,1231.3,PAGO,2022-10-19
3507,904,Boleto,5,,4262.51,PAGO,2024-04-22
3508,540,Dinheiro,1,,12501.44,PENDENTE,2025-03-25
3509,10952,PIX,,,13150.18,Pagoo,2022-12-15
3510,3495,Cartão,8,Mastercard,12642.03,PENDENTE,2023-03-03
3511,3456,Dinheiro,-5,,13523.18,ESTORNADO,2022-03-03
3512,921,,12,,4441.21,PAGO,2023-07-08
3513,588,,1,,8767.0,,2023-08-21
3514,6428,Boleto,6,,7830.84,PENDENTE,2023-08-24
3515,2320,Cartão,8,Visa,7415.59,PAGO,2022-12-21
3516,6315,PIX,,,14414.49,PENDENTE,2023-04-01
3517,7480,Dinheiro,8,,9349.86,PAGO,2024-10-01
3518,5755,Cartão,4,,10975.26,Pendente,2023-12-31
3519,7439,Dinheiro,6,,,ESTORNADO,2024-10-03
3520,5255,PIX,5,,10046.69,ESTORNADO,2024-07-31
3521,5192,Dinheiro,2,,R$500,ESTORNADO,2024-02-20
3522,1416,Boleto,9,,7925.78,PAGO,2024-04-29
3523,10100,Boleto,7,,-500,PENDENTE,2023-12-05
3524,5468,boleto,7,,13147.26,PAGO,2022-12-21
3525,1727,PIX,12,,,PAGO,2023-09-05
3526,9236,PIX,6,,6157.49,Pago,2023-03-06
3527,1093,PIX,9,,,ESTORNADO,2023-08-28
3528,3106,PIX,,,1616.92,PAGO,2022-02-13
3529,4560,PIX,8,,13478.28,PENDENTE,2025-01-27
3530,3105,Pixx,5,,13167.71,PAGO,2023-12-12
3531,8488,Boleto,6,,8044.65,Pago,2024-09-20
3532,2898,Dinheiro,10,,2895.38,ESTORNADO,22/10/2022
3533,9121,Cartão,1,Elo,,ESTORNADO,2023-07-07
3534,3754,Dinheiro,4,,5077.43,ESTORNADO,2023-02-01
3535,5448,Cartão,6,Hipercard,413.46,PAGO,2024-09-03
3536,5563,Dinheiro,,,10689.4,ESTORNADO,09-18-2023
3537,3520,Boleto,3,,14484.23,PAGO,2022-03-09
3538,2053,PIX,6,,9956.44,PENDENTE,2023-09-15
3539,9925,Dinheiro,9,,10427.07,PENDENTE,2024-10-16
3540,8055,Boleto,10,,4687.96,PAGO,2023-01-14
3541,569,PIX,2,,5100.75,PAGO ,2022-05-25
3542,4271,PIX,7,,5581.26,PENDENTE,2022-02-05
3543,3697,Boleto,2,,3020.56,PAGO,2023-11-17
3544,2516,Cartão,12,Visa,,PAGO,2024-06-05
3545,4476,Cartão,4,Elo,11610.1,PENDENTE,2024-02-01
3546,1654,Boleto,11,,8939.26,PENDENTE,2024-03-11
3547,8433,Dinheiro,8,,10353.61,PENDENTE,2024-04-07
3548,4113,PIX,11,,8237.61,PAGO,2023-04-13
3549,9112,pix,5,,14286.33,PAGO,2023-10-15
3550,1989,PIX,8,,R$500,PENDENTE,2024-10-23
3551,3583,Dinheiro,1,,,PAGO,2025-04-07
3552,4182,Dinheiro,1,,12515.28,PAGO,2023-04-12
3553,5488,PIX,9,,1088.01,ESTORNADO,2022-02-07
3554,5279,Boleto,11,,710.13,PENDENTE,2024-09-20
3555,10360,Dinheiro,5,,14491.2,,2024-03-13
3556,2347,Cartão,6,,2105.77,PENDENTE,2023-10-19
3557,7086,Cartão,10,,-500,PENDENTE,2023-07-27
3558,8398,Boleto,7,,10842.43,PAGO,2022-10-08
3559,7382,Boleto,4,,,PAGO,2024-03-24
3560,6081,Dinheiro,11,,11911.36,PENDENTE,14/07/2024
3561,9009,Dinheiro,6,,8081.53,Pendente,2024-06-08
3562,6316,Cartão,7,American Express,2941.52,ESTORNADO,2023-08-05
3563,3000,PIX,1,,3479.0,ESTORNADO,2022-07-09
3564,3292,Boleto,8,,12506.04,pago,2022-09-23
3565,395,PIX,4,,,PAGO,2023-08-31
3566,1283,PIX,4,,9067.67,ESTORNADO,2023-04-05
3567,8992,PIX,12,,308.71,ESTORNADO,08/04/2024
3568,4651,Dinheiro,11,,6222.44,ESTORNADO,2022-01-24
3569,9987,Boleto,11,,13473.76,ESTORNADO,2024-12-06
3570,3447,Cartão,1,,982.49,PAGO,2024-10-16
3571,7206,Cartão,1,Elo,1377.96,PENDENTE,2022-10-11
3572,4917,PIX,8,,7527.52,ESTORNADO,2024-02-06
3573,1123,PIX,1,,,PAGO,2022-11-09
3574,4929,Cartão,6,,710.07,ESTORNADO,2025-01-27
3575,7669,Dinheiro,11,,13816.66,ESTORNADO,2022-02-10
3576,10192,Dinheiro,6,,-500,ESTORNADO,2023-01-02
3577,6340,Boleto,2,,1754.76,PENDENTE,2023-09-27
3578,6825,PIX ,6,,4129.04,ESTORNADO,2023-06-15
3579,815,Boleto,8,,3176.07,PAGO,2023-08-29
3580,3781,Pix,6,Mastercard,8288.99,pago,2023-11-09
3581,385,Dinheiro,3,,7037.34,ESTORNADO,2022-12-09
3582,6442,PIX,5,,1454.1,PAGO,2025-03-18
3583,5037,Boleto,11,,,ESTORNADO,2022-04-01
3584,5553,boleto,9,,1792.02,ESTORNADO,2023-07-20
3585,9330,Boleto,4,,6659.51,PAGO,2023-11-20
3586,11089,Pix,11,,908.2,PAGO,2022-11-10
3587,6056,Pix,4,,12879.42,ESTORNADO,2022-08-23
3588,10922,Dinheiro,,,13570.65,PAGO,2023-03-28
3589,7231,Cartão,5,American Express,12488.84,ESTORNADO,2023-10-19
3590,8099,Boleto,3,,,Estornado,2023-02-09
3591,5475,PIX,9,,3434.97,PAGO,2024-09-26
3592,8468,Boleto,-1,,13730.89,PENDENTE,2024-12-26
3593,4866,PIX,7,,10834.79,ESTORNADO,2023-02-12
3594,2470,PIX,,,5543.12,PAGO,2023-03-25
3595,4464,PIX,6,,13564.76,ESTORNADO,2022-01-24
3596,346,Cartão,1,,778.76,PAGO,2025-01-05
3597,2757,PIX,7,,0,PENDENTE,2023-11-21
3598,345,Cartão,4,,8327.97,ESTORNADO,2025-01-01
3599,473,Dinheiro,4,,11872.92,PAGO,2025-01-17
3600,862,Cartão,3,Mastercard,3007.11,PAGO,2022-11-24
3601,5618,Boleto,10,,-500,PENDENTE,2023-10-30
3602,1523,Boleto,4,,9897.75,ESTORNADO,2022-07-06
3603,1082,PIX ,3,Hipercard,4456.91,PAGO,2024/08/24
3604,5277,Boleto,12,,5873.26,PENDENTE,2024-07-10
3605,9250,Cartão,3,Mastercard,11277.8,ESTORNADO,2024-11-15
3606,2958,Dinheiro,5,,,PENDENTE,2023-01-25
3607,7784,Cartão,7,Elo,4341.3,PAGO,2023-11-05
3608,340,Boleto,doze,,11576.8,ESTORNADO,2023-08-20
3609,6485,Dinheiro,8,,3433.18,PAGO,2023-03-10
3610,9587,Cartão,5,,13648.54,ESTORNADO,2023-11-20
3611,2685,PIX,12,,4883.41,PAGO,09-05-2024
3612,7064,PIX,10,,1401.93,PENDENTE,2023-07-22
3613,4891,Boleto,8,,7197.57,PAGO,2022-07-27
3614,2256,Dinheiro,doze,,2272.52,Pagoo,2023-03-19
3615,9103,PIX,8,,7511.73,PAGO,2022-10-18
3616,9398,Dinheiro,8,,3313.75,ESTORNADO,2024-12-07
3617,33,PIX,10,,4426.52,ESTORNADO,2022-07-23
3618,6744,Cartão,12,Visa,10540.34,ESTORNADO,2024-05-24
3619,8027,Dinheiro,7,,3475.44,Pendente,2025-02-18
3620,3208,Cartão,9,Visa,,Estornado,2025-04-04
3621,8799,Pixx,2,,13753.04,PAGO,2022-10-24
3622,2942,Boleto,5,,12617.46,PENDENTE,2024-04-06
3623,8158,PIX,5,,13605.81,ESTORNADO,2023-01-19
3624,9811,PIX,8,,6090.21,PENDENTE,2024/07/24
3625,4915,Dinheiro,3,,740.21,ESTORNADO,2023-05-30
3626,1815,PIX,12,,6452.63,Pago,2024-02-24
3627,762,PIX,3,,2419.08,PAGO,2023-09-29
3628,4259,Boleto,-5,,10566.37,PAGO,2023-01-23
3629,6599,Boleto,5,,5235.19,PENDENTE,2022-02-23
3630,2896,Dinheiro,3,,7678.3,ESTORNADO,2023-02-07
3631,6642,PIX,5,,,PAGO,2025-01-25
3632,10622,Cartão,4,Visa,11826.73,PENDENTE,2022-04-21
3633,6308,Dinheiro,9,,4725.44,PAGO,2025-01-13
3634,5454,PIX,12,,10395.41,ESTORNADO,2024-08-05
3635,8088,Cartão,4,Visa,14146.43,PAGO,2023-10-02
3636,2019,Cartao,5,,11489.32,PAGO,2023-01-25
3637,4253,Dinheiro,-5,,1023.16,PAGO,2022-12-13
3638,1386,Boleto,2,,5013.89,PENDENTE,2023-06-02
3639,6530,PIX,-5,,4122.68,PAGO,2023-03-07
3640,6407,Dinheiro,0,,3955.41,PAGO,2025-03-31
3641,8264,Cartão,1,Visa,8865.14,PAGO,2024-04-18
3642,8131,Cartão,10,Hipercard,4494.95,PAGO,2022-10-26
3643,5504,Boleto,-1,,5766.92,ESTORNADO,2024-06-22
3644,5925,Dinheiro,12,,1451.86,ESTORNADO,2022-03-14
3645,9777,Boleto,4,,1204.68,PAGO,2022-09-25
3646,8789,PIX,1,,4065.0,PAGO,2023-10-25
3647,8860,Pix,10,,7723.72,ESTORNADO,2025-01-20
3648,4990,Boleto,1,,5946.19,PAGO,2025-03-04
3649,303,,1,Hipercard,11931.57,,2024-08-10
3650,5664,Cartão,10,Elo,7407.9,PAGO,2022-10-21
3651,4073,Cartão,12,American Express,5375.19,ESTORNADO,2022-10-08
3652,1837,PIX,12,,12605.32,Estornado,2022-05-25
3653,8750,PIX,1,,7431.46,PAGO,2023-09-14
3654,10082,PIX,8,,2870.68,PENDENTE,2022-06-04
3655,5611,PIX ,12,,0,PAGO,2024-06-09
3656,6961,Dinheiro,8,,6590.69,PENDENTE,2022-03-13
3657,8568,PIX,,,7620.93,PENDENTE,2023-09-16
3658,8441,Dinheiro,1,,11764.65,ESTORNADO,2024-03-05
3659,5470,PIX,9,,12148.08,ESTORNADO,2024-07-06
3660,8039,Cartão,3,Elo,3751.89,PAGO,31/02/2025
3661,4729,Dinheiro,1,,5376.53,ESTORNADO,2024-02-23
3662,7037,PIX,4,,4162.34,PAGO,2024/06/11
3663,956,Boleto,3,,4009.89,PENDENTE,2022-02-25
3664,5007,Dinheiro,7,,0,ESTORNADO,2024-09-05
3665,9884,Cartão,8,Mastercard,7096.63,PENDENTE,2024-10-03
3666,1737,Cartão,12,Visa,7579.92,PENDENTE,2024/10/31
3667,610,Dinheiro,12,,8280.38,Pagoo,2024-12-03
3668,8247,Pixx,9,,1094.42,PENDENTE,2024-05-08
3669,1140,Cartão,,Elo,5057.57,PAGO,2024-05-10
3670,6150,Cartão,1,,R$500,PAGO,2025-01-11
3671,6343,,4,Elo,4929.9,PAGO,2023-12-27
3672,5962,boleto,5,,12258.5,PAGO,99/99/9999
3673,8414,PIX,10,,4749.47,PAGO,2024-02-07
3674,919,Cartão,2,,1627.49,ESTORNADO,2022-07-11
3675,8289,Dinheiro,6,,13331.08,ESTORNADO,2023-01-21
3676,1421,PIX,6,,3634.69,PAGO,2022-04-18
3677,2322,Dinheiro,8,,R$500,PENDENTE,2022-01-07
3678,6274,Boleto,11,,881.89,,2022-07-16
3679,4658,Dinheiro,4,,275.38,PENDENTE,2024-05-25
3680,9580,Boleto,7,,12601.69,PAGO,2025-02-06
3681,4848,Boleto,4,,10335.27,PAGO,2024-07-19
3682,1076,Boleto,11,,6373.58,PENDENTE,2022-11-27
3683,6598,Cartão,10,,13428.28,PENDENTE,2024-02-25
3684,6694,Boleto,doze,,1658.33,PAGO,2023-12-06
3685,10103,Boleto,0,,14260.26,PENDENTE,2024-05-09
3686,2664,Dinheiro,9,,10456.81,PAGO,2023-09-16
3687,9529,PIX,3,,13315.9,PAGO,2023-09-10
3688,7679,PIX,2,,2382.06,ESTORNADO,2022-02-25
3689,1762,Boleto,1,,37.32,PAGO ,2024-03-30
3690,5499,Pixx,3,,2289.67,PAGO,2022-08-25
3691,2221,PIX,doze,,7623.85,PAGO,31/02/2025
3692,6845,Dinheiro,11,,11872.32,ESTORNADO,2023-12-04
3693,6509,Boleto,10,,9145.97,PAGO,2022-11-10
3694,632,Cartao,2,,10279.16,PAGO,2025-02-01
3695,4828,PIX,doze,,4006.19,PAGO,2022-08-20
3696,7653,Boleto,7,,6450.07,PENDENTE,2022-01-21
3697,9622,Dinheiro,7,,1249.99,,2022-03-11
3698,5440,pix,12,,1735.02,PAGO,2022-06-18
3699,3983,PIX,-5,,1953.82,PAGO,2023-12-21
3700,8050,Cartão,-1,American Express,4133.69,PAGO,2023-12-26
3701,9519,Cartão,3,Mastercard,2735.98,ESTORNADO,2023-12-09
3702,2897,Cartão,3,Hipercard,809.16,pago,2023-11-23
3703,1947,Boleto,4,,2664.38,PAGO,2022-03-20
3704,1866,Dinheiro,9,,51.48,PENDENTE,2024-01-04
3705,3659,Cartao,,,8539.3,PENDENTE,2023-06-21
3706,9439,PIX,doze,,10932.92,PAGO,10-15-2024
3707,4792,PIX,-1,,11790.78,Pendente,2023-04-09
3708,9457,Cartão,9,Visa,12118.73,,99/99/9999
3709,7581,Cartão,0,Mastercard,8123.64,PENDENTE,2022-02-16
3710,113,PIX,12,,14078.64,ESTORNADO,2022-11-02
3711,9618,PIX,4,,13732.12,PENDENTE,2022-09-06
3712,5876,Boleto,5,,14182.88,ESTORNADO,2022-01-20
3713,9934,Cartão,11,Visa,12238.43,PENDENTE,2024-06-06
3714,6503,PIX,9,,11186.93,ESTORNADO,2022-08-31
3715,7125,Cartão,6,Hipercard,-500,PENDENTE,2024-09-10
3716,4669,Dinheiro,10,,11528.32,PAGO,2022-08-24
3717,310,Dinheiro,1,,9492.14,PENDENTE,2022-05-14
3718,225,PIX,8,,9805.29,ESTORNADO,2023-08-31
3719,7989,Cartão,12,Hipercard,8708.89,ESTORNADO,2024-01-10
3720,1859,Cartão,4,Hipercard,3411.9,ESTORNADO,2024-05-06
3721,9038,Cartão,11,Hipercard,13932.66,PENDENTE,2023-07-14
3722,1821,Dinheiro,12,,9375.83,PENDENTE,2023-06-30
3723,9795,Dinheiro,5,,11122.84,ESTORNADO,2024-11-21
3724,11327,Cartão,1,Visa,13027.85,ESTORNADO,03/12/2022
3725,5798,Dinheiro,11,,9708.43,,2023-05-15
3726,7065,PIX ,1,,R$500,Estornado,2023-04-28
3727,8399,Boleto,10,,6910.5,PENDENTE,2024-05-15
3728,81,Cartão,4,Visa,5047.38,ESTORNADO,2023/05/23
3729,1216,PIX,3,,6811.56,ESTORNADO,2024-02-12
3730,3555,PIX,10,,3848.66,ESTORNADO,2023-10-28
3731,5312,Boleto,0,,12595.79,PENDENTE,2023-08-06
3732,2894,Boleto,4,,,PAGO,2023-12-06
3733,7998,PIX,9,,,ESTORNADO,2023-04-28
3734,7780,Cartão,8,Elo,10563.92,PAGO,2023-09-08
3735,6629,Dinheiro,1,,864.76,PENDENTE,2023-04-09
3736,1609,Boleto,,,4477.12,ESTORNADO,2023-05-28
3737,6045,Boleto,11,,4096.59,PENDENTE,2023-05-19
3738,744,pix,,,4931.29,PAGO,2022-10-30
3739,7521,Cartão,3,Mastercard,651.07,PENDENTE,2024-01-07
3740,8390,Dinheiro,doze,,4346.41,ESTORNADO,2024-06-29
3741,9468,Dinheiro,9,,13650.25,ESTORNADO,2023-10-25
3742,9348,Boleto,2,,,PAGO,2023-08-26
3743,6626,PIX,7,,12769.59,ESTORNADO,2025-03-31
3744,8141,Boleto,12,,7296.98,Pagoo,2023-07-11
3745,11775,Cartão,10,Hipercard,5846.77,PAGO,2025-01-28
3746,5126,PIX,6,,1484.6,ESTORNADO,2022-12-30
3747,9659,Boleto,1,,-500,PAGO,2022-03-26
3748,4714,Dinheiro,1,,5931.39,PAGO,2024-02-09
3749,6125,Boleto,8,,6755.38,PAGO,03-10-2023
3750,1220,PIX,9,,1882.91,ESTORNADO,2024-10-19
3751,9160,PIX,10,,10375.86,ESTORNADO,2023-02-06
3752,7104,Pix,1,,8969.18,PAGO,2024-01-08
3753,9764,Cartão,5,American Express,5661.51,ESTORNADO,2022-12-31
3754,8475,PIX,2,,12290.99,PENDENTE,99/99/9999
3755,2224,Dinheiro,11,,8048.18,PENDENTE,2022-07-08
3756,7643,Dinheiro,2,,4526.98,PENDENTE,27/06/2022
3757,875,Cartão,11,American Express,13007.25,PENDENTE,2023-06-29
3758,2459,Dinheiro,-5,,11174.14,PAGO,2023-03-03
3759,4217,boleto,5,Visa,-500,ESTORNADO,2022-09-29
3760,6153,PIX,7,,14423.45,PAGO,2024-10-23
3761,1532,Dinheiro,12,,2647.72,PENDENTE,2024-08-26
3762,10856,PIX,4,,6499.5,PAGO,2022-06-04
3763,6289,Cartão,12,,7976.02,PAGO,2023-03-09
3764,754,Dinheiro,1,,3342.46,ESTORNADO,2023-04-19
3765,5011,Dinheiro,4,,,PENDENTE,2024-02-02
3766,2711,PIX,,,7976.47,PENDENTE,2025-02-05
3767,3805,Cartão,4,Visa,14082.38,PAGO,2022-02-09
3768,7695,Dinheiro,9,,9892.95,Pagoo,2023-07-23
3769,3651,Dinheiro,6,,6584.7,PENDENTE,31/02/2025
3770,5550,Boleto,9,,6844.26,PENDENTE,2023-11-19
3771,1524,Dinheiro,3,,11751.37,PENDENTE,2022-11-24
3772,2844,Cartão,10,Elo,14442.61,ESTORNADO,2022-07-21
3773,256,Boleto,5,,,PAGO,2024-03-25
3774,9687,PIX,0,,9241.24,ESTORNADO,2024-07-29
3775,1254,Boleto,8,,13626.13,ESTORNADO,2024-10-05
3776,11977,Boleto,2,,10977.47,ESTORNADO,2022-05-16
3777,5525,Boleto,12,,1269.15,PENDENTE,2024-09-30
3778,8767,Dinheiro,4,,4092.1,PAGO,2025-03-16
3779,398,Cartão,4,,1426.02,PAGO,2022-07-14
3780,5787,Dinheiro,1,,700.64,PENDENTE,2025-01-02
3781,3099,PIX,4,,8068.02,PENDENTE,2025-02-27
3782,2468,Boleto,10,,,ESTORNADO,2024-06-18
3783,659,Dinheiro,7,,mil,PENDENTE,2022-05-05
3784,8463,Cartão,1,Mastercard,10775.98,,2022-10-05
3785,1382,PIX,7,,mil,PAGO,2025-02-14
3786,3500,Dinheiro,10,,-500,PENDENTE,2023-07-02
3787,1430,PIX,3,,,PAGO,2023-11-29
3788,4318,Cartão,,American Express,378.86,ESTORNADO,2024-07-24
3789,8868,Cartão,1,Elo,13987.86,ESTORNADO,2024-03-23
3790,9083,PIX,10,,14399.98,PENDENTE,2022-12-05
3791,137,Boleto,7,,4194.32,PENDENTE,2023-09-04
3792,10144,Dinheiro,0,,13686.28,PENDENTE,2022-08-04
3793,11921,PIX,8,,5970.42,ESTORNADO,2024-08-18
3794,10072,Cartão,1,Elo,5707.6,PAGO,2023-12-06
3795,8702,Dinheiro,5,,2238.1,ESTORNADO,2024-10-04
3796,1119,Dinheiro,1,,6523.01,PAGO,2024-06-12
3797,3277,Boleto,12,,,ESTORNADO,2023-10-02
3798,9716,PIX,8,,878.43,ESTORNADO,2023-09-01
3799,9321,Cartão,3,,12468.76,PENDENTE,2025-03-16
3800,2672,Boleto,2,,4006.06,ESTORNADO,22/10/2024
3801,2285,PIX,7,,3126.08,PENDENTE,2023-07-29
3802,6916,Dinheiro,7,,5963.47,PENDENTE,2023-07-25
3803,3482,Cartão,5,Visa,11685.75,PAGO,2022-09-30
3804,6539,PIX,1,,264.51,ESTORNADO,2024/01/20
3805,6559,PIX,6,,8938.62,PAGO ,06/07/2022
3806,11912,Boleto,1,,14528.81,ESTORNADO,2022-03-18
3807,9956,Boleto,3,,0,PAGO,2022-07-18
3808,9394,Boleto,10,,9220.95,ESTORNADO,2023-03-20
3809,755,PIX,9,,1312.18,ESTORNADO,2023-08-11
3810,1985,Dinheiro,10,,2357.79,PAGO,2024-04-16
3811,10251,Dinheiro,2,,1790.88,PAGO,2025-04-11
3812,7560,Cartão,2,Mastercard,0,PAGO,2024-03-06
3813,10465,PIX,4,,13832.75,PENDENTE,2022-08-20
3814,154,Boleto,12,,14781.17,PENDENTE,2023-02-18
3815,3095,Boleto,4,,3182.48,ESTORNADO,2023-12-18
3816,8771,Cartão,6,American Express,14379.85,PENDENTE,2023-11-29
3817,7971,PIX,6,,87.89,PAGO,2023-05-24
3818,6617,Dinheiro,4,,1485.39,PAGO,2022-06-12
3819,4708,Cartão,12,Mastercard,5391.63,ESTORNADO,2024-12-26
3820,10111,Boleto,7,,5531.91,ESTORNADO,2023-02-26
3821,8185,Cartão,10,Elo,12702.86,PAGO,2023-05-23
3822,3653,Dinheiro,1,,5892.51,PAGO,2024-08-22
3823,4202,Boleto,7,,10755.03,ESTORNADO,2023-01-10
3824,9784,Boleto,9,,1727.14,ESTORNADO,2025-03-05
3825,5696,PIX,11,,1842.28,ESTORNADO,2023-08-04
3826,711,PIX,5,,6718.79,ESTORNADO,2025-01-23
3827,8457,Boleto,12,,3950.34,PAGO ,2025-01-16
3828,9960,Boleto,2,,2434.47,ESTORNADO,2023-04-15
3829,2034,Cartão,8,Visa,373.51,PENDENTE,2022-08-16
3830,2250,PIX,4,,14677.31,PENDENTE,2024-06-04
3831,4325,Boleto,3,,3984.23,PENDENTE,2024-11-16
3832,5151,Boleto,-5,,12738.66,ESTORNADO,2023-10-06
3833,2230,Cartão,1,American Express,4834.6,ESTORNADO,2025-02-27
3834,3905,Cartão,11,,5503.62,ESTORNADO,2023-12-26
3835,5834,Dinheiro,7,,2850.06,ESTORNADO,2023-07-07
3836,6168,Pixx,8,Visa,4254.32,PENDENTE,2024-11-13
3837,1910,Dinheiro,,,14025.58,PENDENTE,2024-03-10
3838,11798,Cartão,-5,Visa,4104.37,PENDENTE,2023-04-28
3839,7812,pix,10,,R$500,ESTORNADO,2024-08-26
3840,1177,Cartão,11,Hipercard,4818.88,PENDENTE,2024-06-18
3841,3023,,2,,5441.36,PAGO,2023-10-25
3842,2022,Boleto,3,,2220.32,PAGO,2023-03-21
3843,6282,pix,8,,201.31,Pagoo,2023-04-15
3844,4514,,-1,,11184.99,ESTORNADO,2022-07-27
3845,2400,Boleto,7,,R$500,,2025-01-29
3846,6303,Boleto,9,,10440.58,PENDENTE,2022-02-25
3847,6706,Boleto,6,,11336.02,ESTORNADO,2025-03-03
3848,4000,Cartao,5,,12284.37,ESTORNADO,2022-05-07
3849,2763,Cartão,1,,7215.1,PENDENTE,2025-02-13
3850,10149,PIX,9,,3763.92,PENDENTE,2022-04-23
3851,721,Boleto,8,,68.96,ESTORNADO,2024-08-20
3852,1054,Boleto,2,,14373.33,PAGO,2022-05-26
3853,5845,,5,,12086.85,PAGO,2022-08-07
3854,7502,Dinheiro,3,,2418.33,ESTORNADO,2023-12-29
3855,9152,PIX,12,,692.67,Estornado,2024-08-23
3856,1449,PIX,1,,11899.68,PENDENTE,2023-12-12
3857,4844,Boleto,1,,9971.44,PENDENTE,2024-12-04
3858,1335,PIX,doze,,14526.6,PAGO,2024-01-15
3859,8772,Dinheiro,1,,3791.25,PENDENTE,2023-07-10
3860,6261,PIX,8,,11776.25,PAGO,2024-04-05
3861,7142,Cartão,10,American Express,5778.92,PENDENTE,2024-03-24
3862,4772,Boleto,7,,12361.87,ESTORNADO,2022-06-07
3863,3760,Cartão,12,Elo,492.8,PENDENTE,2023-12-18
3864,4641,Boleto,7,,2542.03,PAGO,2024-03-02
3865,4716,PIX,8,,843.45,PAGO,2022-03-22
3866,6467,PIX,6,,13084.51,pago,99/99/9999
3867,8226,PIX,8,,12155.95,PENDENTE,2024-02-16
3868,6942,Dinheiro,8,,,Estornado,2025-02-11
3869,11837,PIX,12,,4382.33,PENDENTE,2023-10-18
3870,1520,Dinheiro,2,,7708.07,PENDENTE,2024-06-14
3871,5161,Boleto,,,1191.88,PAGO,2022-03-14
3872,3962,Dinheiro,3,,14677.17,ESTORNADO,2022-06-14
3873,8187,Dinheiro,0,,-500,PAGO,2022-07-07
3874,3322,Cartão,10,Elo,10449.03,PENDENTE,2025-02-19
3875,933,PIX ,-1,Mastercard,4526.18,ESTORNADO,2024-12-12
3876,10166,Cartão,,Mastercard,969.37,ESTORNADO,03-02-2024
3877,2617,Dinheiro,10,,11740.35,ESTORNADO,2023-08-31
3878,355,Boleto,6,,2085.73,PENDENTE,2023-01-31
3879,383,Boleto,12,,4803.72,PAGO,2022-05-26
3880,3852,Dinheiro,12,,,PENDENTE,2023-04-11
3881,2030,Cartão,8,,2112.4,pago,2024-01-29
3882,2883,,2,Visa,12207.79,Pagoo,2022-04-06
3883,1036,Cartão,9,,,ESTORNADO,2024-11-10
3884,9238,Dinheiro,11,,13799.96,ESTORNADO,2025-01-15
3885,6050,PIX,6,,14680.58,ESTORNADO,2023-08-05
3886,4480,Cartão,4,American Express,9848.15,Estornado,08-24-2024
3887,9451,PIX,8,,13610.29,PENDENTE,2025-01-12
3888,3394,Dinheiro,4,,9718.75,ESTORNADO,2023-05-20
3889,8828,Boleto,6,,14448.56,PENDENTE,30/06/2024
3890,1175,Dinheiro,6,,14707.26,ESTORNADO,2022-05-01
3891,9939,Boleto,8,,1860.92,PENDENTE,2024/05/05
3892,11376,Boleto,6,,R$500,ESTORNADO,2024-03-19
3893,1087,PIX,8,,4277.63,PENDENTE,2024-11-04
3894,7806,Cartão,11,Hipercard,mil,PAGO,2023-09-02
3895,9284,Dinheiro,1,,4820.68,PENDENTE,2023-04-11
3896,7700,Cartão,11,American Express,,PENDENTE,2022-09-12
3897,797,PIX,6,,11184.84,PENDENTE,2023-11-21
3898,8427,Boleto,7,,2132.7,PAGO,2024-03-28
3899,4972,PIX,2,,11711.35,ESTORNADO,2022-09-16
3900,5830,PIX,4,,11256.08,ESTORNADO,2024-06-04
3901,7319,PIX,9,,11971.89,ESTORNADO,2023-09-30
3902,7327,Cartão,8,,3976.6,ESTORNADO,2023-01-25
3903,8402,PIX,11,,2192.38,PAGO,2022-02-11
3904,1688,Boleto,12,,5056.62,ESTORNADO,2022-09-19
3905,10032,Dinheiro,0,,11367.35,PENDENTE,2024-11-26
3906,6675,PIX,2,,10189.81,PENDENTE,2023-02-03
3907,526,Dinheiro,10,,7795.34,PAGO,2023-04-26
3908,3987,PIX,1,,1639.73,PAGO,2024-02-15
3909,6476,Dinheiro,5,,13124.99,PENDENTE,2024-02-22
3910,8559,Boleto,9,,0,PAGO,2023-03-29
3911,1542,Boleto,0,,12764.87,PENDENTE,2022-11-18
3912,4855,PIX,12,,11915.39,PENDENTE,11-06-2022
3913,1407,Pix,10,,10200.3,pago,2023-01-26
3914,277,PIX,7,,8070.72,PAGO,2023-01-22
3915,121,PIX,12,,,ESTORNADO,2022/07/26
3916,5207,boleto,1,,4205.42,ESTORNADO,2022-10-07
3917,10053,PIX,4,,10066.93,PAGO,2025-03-29
3918,2225,Boleto,9,,13412.49,PENDENTE,10/07/2022
3919,9826,Boleto,4,,10244.67,PAGO,2022-07-01
3920,4044,Boleto,2,,10681.21,ESTORNADO,2022-02-14
3921,9742,PIX,2,,R$500,PAGO,2025-02-20
3922,449,pix,5,,9974.5,PENDENTE,2025-02-27
3923,11306,Dinheiro,3,,5611.29,ESTORNADO,2022-05-27
3924,2333,,10,,4674.43,PENDENTE,2025-04-09
3925,713,Dinheiro,11,,2980.55,PENDENTE,2022-10-07
3926,2310,Boleto,5,,695.61,PAGO,2024-06-03
3927,2130,Cartão,6,American Express,11963.62,PENDENTE,31/02/2025
3928,584,Boleto,11,,11140.4,PENDENTE,2023-07-09
3929,5888,Cartão,4,Visa,8175.58,PAGO,2022-04-13
3930,2503,Pix,11,,,PENDENTE,2022-06-11
3931,7714,Boleto,12,,3670.56,ESTORNADO,2025-02-27
3932,2296,PIX,10,,5593.01,Pago,2023-08-07
3933,9563,Boleto,5,,13640.92,PAGO,2024-04-20
3934,11978,Boleto,10,,12872.93,ESTORNADO,2023-02-08
3935,2761,PIX,1,,14962.8,PENDENTE,2022-08-04
3936,7112,Dinheiro,6,,R$500,PENDENTE,31/02/2025
3937,4839,PIX,8,,10001.24,ESTORNADO,2024-06-26
3938,5574,Cartão,12,,7576.49,ESTORNADO,2024-05-17
3939,5964,Pix,11,,5911.4,PENDENTE,2025-03-14
3940,7530,Dinheiro,10,,3397.6,PAGO,2023-10-09
3941,6809,Cartão,12,American Express,0,PENDENTE,2022-04-19
3942,8811,Dinheiro,8,,R$500,ESTORNADO,2024-01-13
3943,8850,PIX,11,,10173.89,PAGO,2024-03-12
3944,421,Cartão,7,,13149.5,PAGO,2022-10-18
3945,3666,Dinheiro,7,,11221.8,PENDENTE,2024-10-16
3946,10531,Cartão,7,Hipercard,5614.46,PENDENTE,06-07-2023
3947,2586,Dinheiro,2,,14201.12,ESTORNADO,2023-06-22
3948,1432,Dinheiro,7,,,ESTORNADO,2022-05-26
3949,4002,Cartão,9,Hipercard,9574.33,PAGO,2023-05-24
3950,11165,Boleto,2,,8998.74,PAGO,05-11-2022
3951,221,PIX ,6,,7928.21,PAGO,2022-07-20
3952,59,Dinheiro,4,,4931.62,ESTORNADO,2022-02-10
3953,100,Boleto,11,,7187.54,PAGO ,2023-03-18
3954,9804,Cartão,8,Elo,8529.82,PAGO,2022-02-17
3955,7171,Cartão,11,American Express,951.51,PAGO,2023-08-28
3956,6584,Dinheiro,4,,6529.68,PAGO,2024-08-01
3957,3255,Boleto,7,,8272.7,PAGO,2023-05-12
3958,1958,Dinheiro,3,,9149.0,PAGO,2022-02-03
3959,5288,Dinheiro,5,,9261.88,PAGO,2024/07/08
3960,6063,Dinheiro,doze,,,PENDENTE,2025-03-28
3961,8998,Dinheiro,8,,4604.19,PAGO,2022-08-20
3962,5943,Dinheiro,4,,3703.35,PAGO,2022-02-14
3963,6539,Dinheiro,3,,,PENDENTE,2023-07-11
3964,719,Dinheiro,3,,7624.14,ESTORNADO,2022-06-07
3965,8609,Cartão,10,Elo,2416.77,PAGO,2023-06-26
3966,10054,Dinheiro,12,,,PAGO,2023-07-05
3967,5598,PIX ,9,,7782.84,PAGO,2024-11-14
3968,7855,Boleto,3,,1480.2,ESTORNADO,2024-11-12
3969,3808,Cartao,2,,7825.13,PENDENTE,2025-02-05
3970,6158,,7,,11756.79,PAGO,2025-04-12
3971,4913,Cartão,11,,11271.1,ESTORNADO,2024-03-04
3972,668,Boleto,8,,9785.82,ESTORNADO,2023-06-21
3973,4703,PIX,9,,6733.07,,2023-06-11
3974,10213,Boleto,2,,5774.89,ESTORNADO,2022-03-03
3975,6740,Cartão,-5,Elo,6185.23,PAGO,2023-11-22
3976,5493,Dinheiro,9,,5765.54,PENDENTE,2023-07-22
3977,7037,PIX,6,,13200.43,,2024-05-08
3978,8736,PIX,9,,2174.1,PAGO,2023-05-18
3979,8041,Cartão,3,Hipercard,4104.5,ESTORNADO,2024-07-02
3980,8250,Boleto,2,,1802.79,ESTORNADO,2024-04-02
3981,7613,Dinheiro,2,,1419.51,ESTORNADO,2024-06-07
3982,745,Cartão,6,American Express,9932.16,ESTORNADO,2023-10-08
3983,8989,Boleto,3,,12711.27,PENDENTE,2024-12-02
3984,9184,PIX,5,,14542.05,ESTORNADO,2024-09-27
3985,2838,Dinheiro,11,,4559.48,pago,2023-04-24
3986,9529,PIX,10,,14318.95,PAGO,06-06-2024
3987,10247,Boleto,3,,10131.36,ESTORNADO,2022-09-16
3988,5780,Dinheiro,3,,3801.33,PAGO,2024-01-22
3989,6891,pix,1,,13836.48,PENDENTE,2023-12-25
3990,8318,Cartão,6,American Express,11632.9,PENDENTE,2025-02-13
3991,6611,PIX,12,,957.51,ESTORNADO,2022-09-02
3992,7035,Cartão,4,American Express,9038.31,PENDENTE,2022-12-29
3993,157,PIX,-5,,,PENDENTE,2024-06-28
3994,8879,Dinheiro,doze,,13895.15,PENDENTE,2024-05-17
3995,10191,PIX,12,,R$500,PENDENTE,2022-09-21
3996,9634,Cartão,,Visa,5828.1,PAGO,2024-10-22
3997,2147,PIX,2,,8273.69,PAGO,2024-05-27
3998,4619,Dinheiro,9,,13779.27,ESTORNADO,2024-10-03
3999,2132,Cartão,11,Mastercard,,ESTORNADO,2023-08-08
4000,441,Boleto,,,4473.75,PENDENTE,2022-11-20
4001,4905,PIX,5,,10123.54,PAGO,2022/01/22
4002,4978,Boleto,8,,9107.04,PAGO,2023-02-16
4003,4190,Boleto,5,,8549.78,Estornado,2022-11-29
4004,763,PIX,,,1464.04,PAGO,2025-03-25
4005,10421,Dinheiro,1,,14085.46,ESTORNADO,2023-04-01
4006,6230,Cartão,5,,5977.46,PAGO,2023-08-07
4007,5368,PIX,0,,14829.8,PENDENTE,2022-01-22
4008,1236,PIX,11,,5442.67,PAGO,99/99/9999
4009,11394,Boleto,8,,8670.09,PENDENTE,2023-05-15
4010,9657,Pixx,9,Hipercard,8027.61,PENDENTE,2025-02-04
4011,8048,Boleto,8,,mil,ESTORNADO,2024-04-13
4012,1543,Dinheiro,,,12898.97,PENDENTE,2024-05-10
4013,7998,Cartão,10,Hipercard,14590.67,PAGO,2022-12-30
4014,3298,PIX,0,,6545.05,ESTORNADO,2024-12-13
4015,7237,Dinheiro,3,,,ESTORNADO,2022-11-01
4016,2268,Dinheiro,1,,630.7,ESTORNADO,2025-02-23
4017,1253,Cartão,3,,1327.85,PENDENTE,2022-03-06
4018,4469,,,,,PAGO,2022-09-10
4019,1036,Boleto,1,,-500,PENDENTE,99/99/9999
4020,2978,Dinheiro,,,12035.24,PAGO,2022-08-09
4021,517,Boleto,6,,1680.22,PAGO,2025-02-11
4022,4848,Cartão,6,Mastercard,13963.11,PAGO,2022-04-25
4023,3762,Cartão,12,Hipercard,9914.39,Pagoo,2024-02-12
4024,4426,PIX,11,,14035.22,ESTORNADO,2024-06-25
4025,5913,Dinheiro,,,,pago,2023-02-28
4026,11276,Cartão,9,American Express,mil,PAGO,2024-05-28
4027,1018,Boleto,4,,3924.01,PENDENTE,2023-07-29
4028,9866,Cartão,7,Mastercard,5994.86,PENDENTE,2023-01-22
4029,4985,PIX,6,,13741.54,PAGO,2022-08-29
4030,6428,PIX,1,,1231.78,PAGO,2024-08-02
4031,11596,Cartão,10,,12811.04,PAGO,2022-01-11
4032,3064,Boleto,0,,8792.86,PENDENTE,2024-01-28
4033,11350,pix,4,,6911.79,ESTORNADO,2022-08-02
4034,11733,Pix,8,Mastercard,8559.86,Estornado,2024-12-15
4035,10419,Dinheiro,1,,3890.45,PENDENTE,2022-09-04
4036,6199,Boleto,1,,R$500,PENDENTE,2022-10-24
4037,1342,Cartão,1,Elo,mil,PAGO,2024-08-05
4038,8284,Dinheiro,10,,11783.0,PENDENTE,2025-04-08
4039,11893,Cartão,2,Visa,9496.54,PAGO,2022-05-26
4040,964,Cartão,12,,11567.83,PENDENTE,2024-08-11
4041,353,Dinheiro,2,,9758.05,PENDENTE,2024-09-07
4042,2615,Dinheiro,5,,14255.96,ESTORNADO,2023-10-03
4043,1392,PIX,9,,6861.48,PAGO,2022-05-21
4044,8517,Cartão,3,,933.75,PENDENTE,2025-04-13
4045,9982,Dinheiro,11,,2063.21,PENDENTE,2022-07-17
4046,365,Dinheiro,3,,3930.81,PAGO,2024-07-22
4047,153,Dinheiro,9,,0,PENDENTE,2023-03-17
4048,4375,boleto,-1,,6376.1,PENDENTE,2022-06-03
4049,7770,Cartão,2,,10183.18,PAGO,2022-12-12
4050,8220,Cartão,10,,6778.91,PENDENTE,2023-04-11
4051,6762,Boleto,10,,4334.53,PAGO,2025-03-18
4052,5990,Boleto,10,,-500,PENDENTE,2022-08-15
4053,6312,Boleto,5,,4663.4,Pago,2024-01-31
4054,4443,Dinheiro,2,,-500,PAGO,2024-08-28
4055,6419,Dinheiro,6,,2986.58,ESTORNADO,2025-04-10
4056,5077,Cartão,,,6273.19,PENDENTE,2022-02-06
4057,6923,Cartao,9,Mastercard,11906.64,Estornado,2025-02-22
4058,6444,PIX,7,,3737.52,PAGO,2022-12-16
4059,1004,PIX,2,,6825.31,PENDENTE,2022-06-05
4060,5911,Cartão,4,Hipercard,14388.84,ESTORNADO,2022-09-11
4061,1317,Dinheiro,5,,13365.56,PAGO,2023-04-04
4062,6299,PIX,12,,9475.86,PAGO,2024-05-17
4063,7846,Cartão,9,Mastercard,12967.18,ESTORNADO,2022-11-04
4064,5412,Dinheiro,2,,7493.53,PENDENTE,2022-06-21
4065,8447,PIX,12,,11161.66,ESTORNADO,2024-10-05
4066,2251,Cartão,3,Mastercard,-500,ESTORNADO,2024-06-17
4067,1360,Boleto,6,,5167.52,ESTORNADO,2025-02-25
4068,3787,Cartão,5,Hipercard,8004.16,PAGO,2023-04-20
4069,3210,PIX,2,,12977.56,PENDENTE,2023-12-22
4070,573,Boleto,8,,1623.96,PENDENTE,2024-02-01
4071,2006,Cartao,6,Visa,11438.15,pago,2022-09-20
4072,1361,Dinheiro,4,,mil,ESTORNADO,2024-04-27
4073,13,Dinheiro,1,,9377.17,PENDENTE,2025-02-22
4074,9440,Cartão,10,American Express,8548.14,PENDENTE,2023-01-25
4075,9316,Cartão,3,Mastercard,14006.11,PENDENTE,2022-06-17
4076,215,Dinheiro,6,,11710.08,PAGO,2023-09-26
4077,1817,PIX,6,,1415.25,ESTORNADO,2024-04-30
4078,10031,Pixx,-1,,2287.06,Pago,2023-09-19
4079,3110,PIX,4,,10418.8,PENDENTE,2022-07-26
4080,134,Boleto,12,,4100.44,,2025-02-18
4081,3389,Cartão,2,,1913.58,ESTORNADO,2024-11-20
4082,7900,PIX,5,,14074.65,ESTORNADO,2023-05-09
4083,11490,PIX,10,,14325.78,PENDENTE,2023-05-04
4084,11933,Boleto,8,,11637.96,PAGO,2025-04-06
4085,5057,Boleto,9,,3347.68,PENDENTE,2024-08-29
4086,6283,Cartão,12,Mastercard,483.63,PENDENTE,2022-09-01
4087,11166,PIX,4,,11819.95,ESTORNADO,2023-11-21
4088,2233,Cartão,5,,14724.86,PAGO,2022-10-17
4089,89,boleto,7,,12340.6,PENDENTE,2022-12-20
4090,8872,Boleto,4,,14923.62,ESTORNADO,2022-11-04
4091,6430,Dinheiro,5,,11148.15,PENDENTE,2024-10-03
4092,6155,Boleto,12,,8794.18,PENDENTE,2022-11-24
4093,7454,Boleto,7,,9225.5,PENDENTE,03-25-2022
4094,8035,Dinheiro,9,,3722.47,PAGO ,2023-10-04
4095,8070,PIX,,,12151.02,Pendente,2022-03-20
4096,3290,PIX,8,,6965.24,PAGO,2025-03-13
4097,6071,Boleto,-1,,,PENDENTE,2024-07-10
4098,6249,Boleto,12,,14513.93,PAGO,2023-05-28
4099,3227,Dinheiro,1,,4103.14,ESTORNADO,99/99/9999
4100,5589,Boleto,6,,858.99,ESTORNADO,2023-09-01
4101,11011,Cartão,0,Mastercard,719.31,pago,04/01/2025
4102,7117,Dinheiro,7,,R$500,ESTORNADO,2025-03-20
4103,4485,Boleto,10,,10650.11,PAGO,2022-10-13
4104,5511,Boleto,8,,,Pagoo,2025-04-07
4105,6238,PIX,7,,8494.93,PAGO,2023-03-26
4106,6329,Boleto,5,,4017.74,PENDENTE,2022-08-21
4107,1791,Boleto,7,,7005.58,ESTORNADO,99/99/9999
4108,11426,Cartão,6,Hipercard,6605.96,PAGO,2023-10-02
4109,6714,Dinheiro,6,,9138.52,PENDENTE,2024-07-01
4110,6905,Boleto,doze,,6684.8,PAGO ,2025-04-06
4111,2306,Boleto,2,,6341.28,PAGO,2023-08-22
4112,6301,Dinheiro,9,,5170.41,PAGO,2023-11-21
4113,640,PIX,12,,9575.44,PAGO,2023-12-11
4114,8247,Boleto,2,,8760.63,PAGO,2023-09-10
4115,6948,PIX,8,,7691.78,ESTORNADO,2022-12-07
4116,10743,PIX,2,,4680.29,PAGO,2023-06-12
4117,11354,boleto,2,Mastercard,11861.75,ESTORNADO,2023-07-22
4118,1255,Cartão,10,Mastercard,9975.3,Pagoo,2024-12-16
4119,4606,Cartão,8,American Express,3269.14,PAGO,2025-01-19
4120,9352,Cartão,doze,Hipercard,857.49,Pagoo,2025-03-22
4121,6010,PIX,8,,R$500,PAGO,02-17-2022
4122,7135,Dinheiro,2,,6192.42,PENDENTE,2024-05-26
4123,1206,Dinheiro,10,,,PENDENTE,2023-07-17
4124,2569,Boleto,,,,ESTORNADO,2022-02-11
4125,2571,PIX,8,,3479.1,ESTORNADO,2025/03/07
4126,1134,Cartão,9,Visa,6285.3,PENDENTE,2024-09-04
4127,7948,Cartão,6,Visa,12553.73,ESTORNADO,99/99/9999
4128,9892,PIX,3,,9377.81,ESTORNADO,2023-10-31
4129,431,Dinheiro,-5,,13019.27,PAGO,2024-02-11
4130,4958,Boleto,,,4899.38,PENDENTE,2024-06-27
4131,3222,Dinheiro,11,,14601.38,PENDENTE,2024-07-21
4132,8862,Cartão,4,Mastercard,11568.34,ESTORNADO,2023-12-19
4133,1091,PIX,1,,14006.05,PENDENTE,2022-05-09
4134,6110,Boleto,3,,9304.19,ESTORNADO,2023-11-15
4135,6765,Dinheiro,9,,12931.04,PENDENTE,2022-11-02
4136,2266,Cartão,1,American Express,14642.0,ESTORNADO,2023-10-03
4137,1754,PIX,,,12579.08,ESTORNADO,2024-06-23
4138,4264,PIX,10,,2640.48,ESTORNADO,2022-03-05
4139,2903,Boleto,10,,977.37,PENDENTE,2024-03-08
4140,3424,PIX,12,,13364.6,,2022-02-27
4141,911,Dinheiro,12,,7704.41,PENDENTE,2024-11-16
4142,7521,Cartão,2,Elo,1327.58,PAGO,2023-04-05
4143,2687,PIX,12,,5615.6,PENDENTE,99/99/9999
4144,10273,Dinheiro,11,,13849.84,PENDENTE,2024-09-16
4145,7998,PIX,9,,11983.7,ESTORNADO,2022-01-29
4146,10117,Dinheiro,2,,12772.35,PAGO,2024-11-03
4147,9527,Dinheiro,10,,9352.52,PAGO,2024-07-26
4148,9477,Dinheiro,10,,14341.6,PENDENTE,2024-01-15
4149,673,PIX,-1,,3243.79,PAGO,2022-02-08
4150,6605,Cartão,8,Hipercard,3300.04,PENDENTE,2022-07-08
4151,8196,Boleto,1,,4874.21,ESTORNADO,2024/08/20
4152,4362,Dinheiro,8,,1536.57,ESTORNADO,2022-07-20
4153,2381,Boleto,10,,7599.66,PAGO,2022-05-19
4154,2190,Dinheiro,2,,14918.49,ESTORNADO,2025-02-21
4155,8043,Dinheiro,12,,9404.55,PENDENTE,2024-06-25
4156,1426,Boleto,3,,12305.01,PENDENTE,2024-04-11
4157,7951,PIX ,7,,,ESTORNADO,2022-04-01
4158,8127,Cartão,10,Mastercard,4569.37,Estornado,31/02/2025
4159,5550,Boleto,11,,39.01,PAGO,2023-08-25
4160,3029,Dinheiro,1,,14597.1,Estornado,2023-06-15
4161,8607,Dinheiro,12,,,PAGO,2023-09-18
4162,8598,,8,,9164.41,ESTORNADO,2024-01-28
4163,278,Dinheiro,6,,7388.24,PENDENTE,2023-09-29
4164,4514,PIX,5,,mil,Estornado,2023-11-09
4165,6914,Dinheiro,10,,9287.47,PENDENTE,2022-05-14
4166,8567,PIX,9,,9162.95,PENDENTE,2022-08-27
4167,9546,Cartão,11,Elo,,PENDENTE,2023-09-24
4168,1164,pix,10,,4462.66,PAGO,2023-04-20
4169,5368,Dinheiro,2,,4239.75,PENDENTE,2023-11-18
4170,5490,Cartão,11,Visa,2038.22,PENDENTE,2022-03-30
4171,10158,Cartão,9,Visa,R$500,Pendente,2024-01-27
4172,4167,Cartão,8,Hipercard,14746.83,ESTORNADO,2024-04-12
4173,7075,PIX,10,,-500,ESTORNADO,2024-02-27
4174,1537,Cartão,,Visa,2196.12,ESTORNADO,2023-10-13
4175,8924,Boleto,10,,,ESTORNADO,2024-04-20
4176,4747,Boleto,4,,13192.99,Pendente,2023-05-20
4177,5350,boleto,doze,,2937.45,PAGO,2022-01-19
4178,8399,Dinheiro,1,,756.54,ESTORNADO,2023-01-21
4179,4653,Dinheiro,7,,4644.06,PENDENTE,2025-04-01
4180,9869,Pix,10,,4706.74,ESTORNADO,2023-11-28
4181,897,Cartão,2,Visa,0,PAGO,2024-05-10
4182,10110,Dinheiro,12,,99.38,Estornado,2024-10-11
4183,10416,Boleto,6,,1749.48,ESTORNADO,2023-04-23
4184,5616,Dinheiro,11,,630.96,ESTORNADO,02-07-2024
4185,6591,Boleto,4,,8466.58,ESTORNADO,2022-05-11
4186,2244,boleto,7,,4049.91,PAGO,2024-04-07
4187,6059,PIX,5,,,PENDENTE,2022-10-30
4188,2542,Boleto,2,,1388.5,PENDENTE,2022-05-16
4189,2167,PIX,12,,11890.66,ESTORNADO,2024-01-30
4190,3812,PIX,1,,11968.73,ESTORNADO,2024-08-25
4191,10810,Dinheiro,,,4704.19,PENDENTE,2023-02-11
4192,1043,PIX ,5,,0,ESTORNADO,2023-01-10
4193,6059,PIX ,3,Mastercard,7500.57,ESTORNADO,2024-09-24
4194,3099,Cartão,11,Elo,7571.63,PENDENTE,2023-07-06
4195,10963,Cartão,12,Hipercard,6355.91,ESTORNADO,2024-08-12
4196,4638,Boleto,1,,950.08,PENDENTE,2023-01-16
4197,7246,Cartão,5,,9521.75,ESTORNADO,2025-04-12
4198,3074,Cartão,6,Hipercard,3004.55,PENDENTE,2023-12-06
4199,10703,Boleto,12,,10101.53,PAGO,2024-12-20
4200,1023,Cartão,5,Elo,7086.63,ESTORNADO,2022-08-03
4201,1152,Cartão,1,Mastercard,12079.34,PAGO,2024-07-15
4202,5841,PIX,10,,6844.73,ESTORNADO,2023-10-30
4203,2315,PIX,1,,14887.98,PENDENTE,2024-12-06
4204,4489,Cartão,9,American Express,13189.79,Pendente,2022-11-15
4205,3959,Cartão,10,Elo,14637.67,PENDENTE,2022/10/21
4206,8569,Boleto,1,,7023.47,PAGO,2024-04-30
4207,5972,Cartão,,American Express,,PAGO,2022-10-05
4208,205,Boleto,1,,7144.31,ESTORNADO,2023-11-16
4209,8276,Dinheiro,4,,4111.21,PENDENTE,2023-01-24
4210,6634,Dinheiro,3,,8340.71,PAGO,2022-03-09
4211,3165,Boleto,,,7903.85,PAGO,2022-11-07
4212,6039,Cartão,7,Elo,4700.24,PAGO,2025-01-03
4213,8445,PIX,,,8710.13,ESTORNADO,2023-12-29
4214,5816,Cartão,,American Express,,PAGO,99/99/9999
4215,7636,Cartão,12,Visa,0,PENDENTE,2023-11-25
4216,8207,Cartão,11,Mastercard,6074.59,PAGO,99/99/9999
4217,8699,Cartão,4,American Express,5894.75,ESTORNADO,2023-08-25
4218,7615,PIX,9,,12052.83,pago,2022-12-01
4219,7341,Cartão,1,American Express,6712.1,PENDENTE,2025-01-28
4220,1621,Cartão,8,Elo,6864.28,ESTORNADO,2022-05-14
4221,2376,Dinheiro,1,,4420.91,PAGO,2023-04-30
4222,8172,Cartão,10,Hipercard,722.31,Estornado,2024-01-03
4223,3205,pix,8,,4476.42,PENDENTE,2022-03-11
4224,11984,Cartão,11,,2345.72,PAGO,2023-06-17
4225,9937,Boleto,12,,6052.9,PAGO,2022-08-29
4226,476,Cartão,,American Express,8099.46,ESTORNADO,2022-12-15
4227,10941,Cartão,doze,Elo,14899.97,PAGO,2023-05-18
4228,4517,Boleto,5,,2080.26,PAGO,2022-11-24
4229,5949,PIX ,6,,6580.93,PAGO,2022-06-18
4230,6181,PIX,2,,12786.65,PAGO,2022-05-12
4231,4431,Boleto,6,,0,PAGO,2023-04-26
4232,2999,Cartão,3,,11298.3,PAGO,2023-12-27
4233,1088,Dinheiro,1,,1844.09,ESTORNADO,2025-02-19
4234,4092,PIX,9,,7098.51,Pendente,2023-01-07
4235,1074,Cartao,7,,1856.55,ESTORNADO,2024-05-06
4236,9736,Dinheiro,8,,7678.52,PAGO,2024-01-21
4237,5112,PIX,9,,5137.51,PENDENTE,2023-06-21
4238,9622,Dinheiro,4,,,ESTORNADO,2023-05-31
4239,9816,boleto,7,American Express,2378.96,PENDENTE,2024-12-04
4240,7286,Cartão,12,Mastercard,3101.43,ESTORNADO,2024-03-27
4241,3834,PIX,4,,1565.15,PENDENTE,2024-07-25
4242,4737,Cartão,2,American Express,8583.39,ESTORNADO,2024-06-10
4243,5566,Dinheiro,1,,1414.43,PENDENTE,2024-02-06
4244,2567,PIX,1,,10810.03,,2023-05-19
4245,2888,boleto,2,,8100.63,PENDENTE,2023-03-29
4246,1765,Cartão,12,Hipercard,7415.13,PAGO,2023-06-14
4247,4564,Dinheiro,1,,12384.62,ESTORNADO,2023-12-13
4248,5973,Boleto,12,,9493.37,PENDENTE,2023-10-19
4249,5668,Cartão,1,Visa,11249.15,PENDENTE,2022-01-20
4250,5923,Cartão,4,Mastercard,5292.75,ESTORNADO,2022-07-18
4251,1025,PIX,7,,3035.74,ESTORNADO,2023-12-05
4252,3129,Boleto,-1,,5011.33,PENDENTE,2024-08-08
4253,4124,PIX,10,,2993.74,PAGO,2023-05-20
4254,424,Boleto,12,,10928.85,ESTORNADO,2023-04-16
4255,8592,PIX,6,,12493.11,ESTORNADO,2024-11-25
4256,5300,Boleto,2,,5262.88,PENDENTE,99/99/9999
4257,7846,PIX,5,,12523.95,ESTORNADO,2024-06-26
4258,3205,Dinheiro,8,,11586.01,ESTORNADO,2022-01-23
4259,9702,PIX,,,13446.01,ESTORNADO,2022-04-17
4260,7996,PIX,4,,,pago,2024-11-04
4261,1115,Dinheiro,7,,12980.34,PENDENTE,2024-04-21
4262,8317,Boleto,6,,10472.4,PAGO,2024-01-15
4263,11106,pix,10,,2756.77,ESTORNADO,2022-05-27
4264,9663,PIX,8,,14463.49,PAGO,2025-03-21
4265,1282,Dinheiro,9,,12640.55,ESTORNADO,2024-04-27
4266,8651,boleto,2,,14025.39,PENDENTE,2024-01-06
4267,5255,PIX,4,,4724.2,ESTORNADO,2024-08-27
4268,10938,PIX,5,,14427.83,PENDENTE,2022-06-22
4269,7640,Boleto,0,,,PAGO,2022-04-14
4270,364,Pix,3,,,PENDENTE,2024-04-06
4271,4845,Boleto,1,,8418.04,PAGO,2022-05-13
4272,3706,Cartão,,,9097.3,PENDENTE,2023-12-01
4273,3508,Boleto,8,,1728.73,ESTORNADO,2023-05-29
4274,2856,Boleto,9,,267.07,PENDENTE,2022-03-08
4275,1248,Dinheiro,,,12080.17,ESTORNADO,12-26-2022
4276,9277,PIX,9,,9770.09,PAGO,2025-02-18
4277,11636,Boleto,0,,2973.62,Estornado,2022-02-05
4278,4670,Dinheiro,3,,855.03,ESTORNADO,2023-02-12
4279,7966,Dinheiro,9,,2156.62,PENDENTE,2023-12-31
4280,7336,Boleto,6,,,Pendente,2023-07-16
4281,4070,Cartão,10,,7284.99,PAGO,2022-01-17
4282,2558,Cartão,9,,7532.87,ESTORNADO,2024-05-17
4283,1879,PIX,9,,4322.89,PAGO,2024-03-15
4284,7936,Dinheiro,4,,13864.02,ESTORNADO,2022-02-09
4285,4374,Cartão,7,,9038.38,Estornado,2022-06-19
4286,9395,PIX,,,4505.16,Pago,2023-02-15
4287,6335,Cartão,9,Visa,5685.64,PAGO,2023-04-04
4288,7003,Boleto,10,,329.6,PAGO,04/06/2022
4289,8884,Boleto,6,,0,PENDENTE,2023-07-03
4290,9848,PIX,8,,9195.11,PAGO,2022-11-06
4291,822,Dinheiro,3,,5800.37,PENDENTE,2024-06-10
4292,3633,Boleto,7,,3221.64,Pendente,2024-03-01
4293,9583,Cartão,7,Elo,3340.18,PENDENTE,2024-12-21
4294,179,PIX,10,,3397.24,PENDENTE,2024-10-03
4295,5546,Dinheiro,2,,369.21,PAGO,2023-06-20
4296,4805,Cartão,1,Hipercard,2292.23,PENDENTE,2023-08-30
4297,7595,Dinheiro,12,,5714.68,PAGO,2022-01-11
4298,11269,Dinheiro,8,,11609.77,PENDENTE,2022-09-12
4299,6113,Dinheiro,6,,14558.1,PAGO,2024-09-12
4300,9972,Cartao,4,Elo,8351.15,ESTORNADO,2022-08-10
4301,1471,Cartão,6,Mastercard,11156.33,PAGO,99/99/9999
4302,400,Dinheiro,8,,14237.83,PAGO,2022-08-25
4303,8708,Boleto,,,-500,PENDENTE,2024-09-07
4304,6757,Dinheiro,9,,5685.11,PAGO,2023-09-10
4305,412,Cartão,2,Hipercard,619.2,PAGO ,2024-09-09
4306,9320,PIX,3,,6874.47,PAGO,2024-01-04
4307,6558,Dinheiro,0,,863.46,PENDENTE,2023-01-28
4308,1973,Dinheiro,-5,,8091.51,PAGO,2025/02/13
4309,6694,PIX,9,,8001.03,PAGO,2024-03-07
4310,5894,Dinheiro,10,,2511.67,PAGO,2023-01-24
4311,2065,Boleto,2,,9131.92,PAGO,2025-02-19
4312,6757,Dinheiro,12,,12879.22,PENDENTE,2024-11-26
4313,9800,Dinheiro,7,,5246.12,PAGO,03/12/2024
4314,5404,PIX,11,,1410.26,pago,2023-10-22
4315,5294,Dinheiro,9,,7858.03,ESTORNADO,2024-03-22
4316,266,Dinheiro,12,,10423.35,PAGO,2022-07-21
4317,8827,PIX,10,,11948.13,PENDENTE,2023-05-07
4318,5573,Boleto,12,,14281.68,PAGO,2024-08-08
4319,1861,Dinheiro,4,,14318.59,PENDENTE,2023-07-26
4320,258,Boleto,9,,5937.51,PENDENTE,2024-05-19
4321,6168,Cartão,10,Elo,277.33,PENDENTE,02-25-2022
4322,11650,PIX,11,,11629.03,Pago,2024-03-08
4323,3838,Cartão,4,American Express,8220.26,ESTORNADO,2023-11-21
4324,11621,Boleto,9,,8632.54,PAGO,2022-02-02
4325,3903,PIX,0,,4649.51,PENDENTE,2023-01-23
4326,6941,Boleto,1,,12357.46,PAGO,2022-05-08
4327,856,PIX,7,,6996.9,Estornado,2022-10-24
4328,8077,Boleto,doze,,2097.81,PENDENTE,2023-11-25
4329,3252,Dinheiro,7,,8249.85,ESTORNADO,2024-11-11
4330,3347,PIX,7,,13821.63,ESTORNADO,2023-09-10
4331,479,Boleto,7,,6104.49,PAGO,2025-01-09
4332,6132,pix,11,Mastercard,14658.95,PAGO,2022-01-05
4333,1593,Boleto,1,,716.25,ESTORNADO,2024-01-10
4334,5462,Boleto,2,,5550.99,PENDENTE,2025-04-05
4335,8057,Boleto,7,,14873.33,PAGO,2025-02-22
4336,8380,Boleto,11,,8032.02,ESTORNADO,2023-12-31
4337,9025,Cartão,9,,175.95,ESTORNADO,03-23-2022
4338,9423,PIX,5,,2442.32,PENDENTE,2024-10-29
4339,606,Dinheiro,2,,5759.25,PAGO,2022-06-26
4340,3012,Dinheiro,7,,14059.48,ESTORNADO,2023-08-12
4341,5106,Dinheiro,2,,1385.68,Pendente,2023-06-09
4342,5070,PIX,6,,13986.71,PENDENTE,2023-04-15
4343,8629,PIX,12,,5667.29,PENDENTE,2022-05-07
4344,6238,Boleto,0,,6325.46,PENDENTE,2023-12-12
4345,2201,Cartão,8,American Express,11725.88,PAGO,2023-08-05
4346,9787,Dinheiro,3,,10067.6,ESTORNADO,2023-03-25
4347,8181,Boleto,10,,8687.46,PAGO,2023-06-02
4348,7195,Boleto,7,,8437.22,ESTORNADO,2025-03-14
4349,1193,Cartão,2,Hipercard,,PENDENTE,2023-08-07
4350,9669,Boleto,5,,6987.12,PAGO,2022-08-03
4351,8660,Cartão,11,,3050.12,PAGO,2024-10-05
4352,9468,Dinheiro,8,,,PAGO,2024-07-19
4353,5062,boleto,9,,4236.83,PAGO,2024-08-05
4354,7958,Cartão,12,Hipercard,9866.61,PENDENTE,2024-04-03
4355,7680,Boleto,10,,,ESTORNADO,2023-06-25
4356,833,PIX,-1,,12913.01,ESTORNADO,2023-05-20
4357,6407,Boleto,1,,11577.94,PENDENTE,2024-04-20
4358,322,Dinheiro,9,,6846.87,PAGO,2022-05-31
4359,6807,Cartão,1,American Express,4197.75,PAGO,2022-12-11
4360,8784,Boleto,4,,7183.29,ESTORNADO,2023-11-10
4361,11252,Boleto,4,,1630.14,PENDENTE,2024-09-16
4362,3544,Cartão,9,Hipercard,9542.61,PENDENTE,2022-03-14
4363,2344,PIX,10,,4033.41,PAGO,2025-01-16
4364,8424,Boleto,6,,4123.09,PAGO,2022-07-22
4365,8187,Dinheiro,11,,4231.52,PENDENTE,2023-01-06
4366,6539,Dinheiro,,,6851.47,PAGO,2022-10-14
4367,8834,PIX,11,,820.61,ESTORNADO,09/02/2024
4368,4194,PIX,12,,2652.34,PAGO,2025-03-21
4369,6805,Boleto,-1,,0,ESTORNADO,31/02/2025
4370,1145,Cartão,5,Visa,13867.97,PAGO,2022-01-25
4371,8532,PIX,7,,4804.23,PAGO,2023-05-29
4372,4722,PIX,12,,5404.53,PENDENTE,2022-11-19
4373,7741,Cartão,11,Mastercard,12706.19,PENDENTE,31/02/2025
4374,3107,Cartão,8,,4478.51,PAGO,2022-07-23
4375,4914,Dinheiro,11,,13090.56,PENDENTE,2022-04-20
4376,4118,Dinheiro,7,,5392.83,PAGO,2024-11-22
4377,10587,Boleto,11,,12622.81,PENDENTE,2022-02-23
4378,5168,PIX,8,,10382.52,ESTORNADO,2023-09-16
4379,1152,Cartão,1,Hipercard,10610.0,PAGO,2024-05-19
4380,3956,Cartão,7,Visa,1248.82,ESTORNADO,2024-10-05
4381,1842,Boleto,11,,1733.94,PENDENTE,2023-08-16
4382,9129,Dinheiro,8,,10180.69,PAGO,2022-06-28
4383,3641,Dinheiro,4,,11550.38,PAGO,2023-09-01
4384,694,Dinheiro,,,13625.91,ESTORNADO,2022-12-21
4385,9757,PIX,5,,0,Estornado,2022-03-17
4386,4801,Dinheiro,8,,13777.65,PENDENTE,2022-12-14
4387,8286,PIX,4,,5661.5,PENDENTE,2022-02-06
4388,9356,Cartão,8,Elo,4986.55,ESTORNADO,2024-08-08
4389,855,PIX,10,,2279.5,ESTORNADO,2022-05-27
4390,5230,PIX,0,,479.86,ESTORNADO,2023-11-02
4391,2502,PIX,7,,8713.02,PENDENTE,2023-07-25
4392,7175,Boleto,4,,11882.02,ESTORNADO,2022-12-10
4393,7917,Cartão,6,,10165.38,ESTORNADO,2023-12-09
4394,6534,Boleto,2,,1241.87,PAGO,2024-05-01
4395,488,Boleto,7,,12734.69,,10/01/2025
4396,6965,Cartão,12,Hipercard,9141.4,PAGO,2024-10-19
4397,7421,Cartão,,Mastercard,8655.43,PENDENTE,2024-09-13
4398,10426,Cartão,6,Visa,,ESTORNADO,2023-12-21
4399,5978,PIX,11,,R$500,ESTORNADO,2022-09-26
4400,4339,Cartão,11,Mastercard,2968.56,ESTORNADO,2024-11-21
4401,10277,Cartão,12,,268.6,PENDENTE,2024-09-17
4402,4320,Boleto,8,,13507.64,PAGO,2025-02-17
4403,6240,Dinheiro,,,4588.01,PAGO,2022-05-23
4404,8314,PIX,4,,2982.9,PENDENTE,2024-02-06
4405,1846,Dinheiro,4,,11997.59,ESTORNADO,2022-12-11
4406,3951,PIX,doze,,4025.49,ESTORNADO,2024-07-11
4407,8480,Cartao,1,,1968.24,ESTORNADO,2023-06-26
4408,9417,Dinheiro,6,,6281.52,ESTORNADO,2022-05-12
4409,618,Cartão,3,American Express,13392.7,PAGO,2023-04-17
4410,1005,PIX,5,,10985.19,PAGO,10/01/2023
4411,7423,Boleto,3,,772.24,ESTORNADO,2022-08-28
4412,10467,Dinheiro,5,,,PENDENTE,2024-09-30
4413,3758,Cartão,6,Mastercard,2074.89,ESTORNADO,2022-10-27
4414,10634,Dinheiro,6,,0,ESTORNADO,2024-01-24
4415,3312,Dinheiro,2,,7726.24,ESTORNADO,2024-11-03
4416,11556,boleto,3,,9887.77,PENDENTE,2022-07-10
4417,6028,Boleto,10,,12849.22,PENDENTE,2025-01-27
4418,9023,Cartao,3,,11850.45,ESTORNADO,2023-12-03
4419,3343,Dinheiro,3,,2159.5,ESTORNADO,2023-04-15
4420,5642,PIX,8,,R$500,PENDENTE,2022-07-21
4421,5167,Cartão,7,American Express,mil,ESTORNADO,2022-03-03
4422,8311,Dinheiro,11,,837.99,Pendente,2024-11-07
4423,8355,PIX,1,,11607.34,ESTORNADO,2023-01-05
4424,2860,Cartão,10,Hipercard,6179.33,PAGO,2023-10-03
4425,1269,Dinheiro,7,,6661.86,PAGO,2025-02-13
4426,7372,Dinheiro,11,,9909.38,PENDENTE,2023-08-02
4427,1864,Dinheiro,1,,13920.85,PAGO,2022-12-03
4428,8502,Cartao,4,,0,PENDENTE,2024-09-13
4429,9622,Boleto,12,,9265.07,PAGO,2022-05-30
4430,1376,Boleto,3,,1245.59,PENDENTE,2025-01-14
4431,5658,PIX,1,,7917.6,Pago,2024-01-07
4432,2244,Cartão,5,American Express,8706.3,PAGO,2022-06-02
4433,7842,Dinheiro,-1,,2159.18,PENDENTE,2024-07-25
4434,2490,PIX,11,,1596.53,PAGO,2024-09-12
4435,623,Boleto,1,,2363.23,PAGO,2024-08-25
4436,6825,Cartão,6,,13407.11,PENDENTE,2023-11-24
4437,4660,Boleto,7,,8631.5,PAGO,2022-12-15
4438,1101,Dinheiro,2,,12159.81,PAGO,2022-10-17
4439,8013,PIX,7,,10816.54,PENDENTE,2023-07-26
4440,7765,PIX,1,,,ESTORNADO,2024-03-27
4441,7024,Boleto,,,12707.05,ESTORNADO,2025-04-14
4442,6420,PIX,1,,5176.68,PAGO,2023-09-01
4443,1225,Cartão,9,Elo,13960.6,PAGO,2022-05-01
4444,6281,PIX,8,,,Pagoo,31/02/2025
4445,2039,Boleto,1,,10073.69,ESTORNADO,2022-10-27
4446,933,Cartão,1,Visa,,PAGO,2024-11-13
4447,4579,Dinheiro,10,,,Pagoo,2023-03-29
4448,8517,Cartão,3,American Express,10258.39,PAGO,2022-03-18
4449,2164,Boleto,1,,9767.24,ESTORNADO,2024-08-10
4450,8265,Dinheiro,2,,2861.69,PAGO,2023-11-17
4451,9231,Dinheiro,6,,6601.19,Estornado,2022-01-05
4452,1260,Boleto,0,,R$500,PAGO,2025-01-14
4453,9089,Boleto,doze,,4969.69,PENDENTE,2022-02-27
4454,8548,Cartão,3,,11689.8,PENDENTE,2022-11-03
4455,6669,Cartão,11,,,PENDENTE,2023-05-11
4456,5125,PIX,12,,11194.42,ESTORNADO,2023-01-10
4457,5815,PIX,3,,14112.46,ESTORNADO,2022-07-31
4458,7131,Cartao,9,Mastercard,5739.75,pago,2024/08/03
4459,4703,PIX,-5,,7656.22,PAGO,2024-06-27
4460,3607,Dinheiro,5,,2540.51,PENDENTE,2022-08-13
4461,3893,Boleto,4,,11848.07,Pago,2024-10-28
4462,3334,Dinheiro,4,,5845.16,PAGO,2022-09-09
4463,4506,Dinheiro,9,,8705.78,PAGO,2023-10-21
4464,7487,Pix,6,Visa,0,PAGO,2022-03-28
4465,5988,Cartão,4,Visa,10300.87,PENDENTE,2024-05-02
4466,3749,Cartão,-1,Hipercard,1054.57,ESTORNADO,2024-03-31
4467,8809,PIX,10,,mil,ESTORNADO,02/03/2022
4468,7171,PIX ,10,,13870.5,Pagoo,31/02/2025
4469,8085,Boleto,,,1183.58,ESTORNADO,2022-02-05
4470,4597,PIX ,1,,6971.74,ESTORNADO,2025-02-15
4471,1157,PIX,3,,10978.69,PENDENTE,2023-08-20
4472,4402,PIX ,,,5948.89,PENDENTE,2022-04-01
4473,2276,Dinheiro,11,,4384.03,ESTORNADO,01-10-2025
4474,898,Boleto,3,,11066.91,PENDENTE,2023-03-26
4475,353,Pix,1,Mastercard,12172.99,ESTORNADO,2025-03-19
4476,5191,Dinheiro,,,,PAGO,2022-03-30
4477,6096,Boleto,2,,3648.88,ESTORNADO,2022-02-03
4478,3584,Boleto,6,,5680.35,PAGO,2024-01-01
4479,5821,Boleto,2,,9950.28,ESTORNADO,2022-10-28
4480,8222,Dinheiro,7,,-500,ESTORNADO,26/01/2022
4481,9018,PIX,3,,13101.26,PAGO,2022-11-19
4482,4592,Boleto,6,,13548.1,PAGO,2023-05-09
4483,9583,Dinheiro,8,,14163.68,ESTORNADO,2023-01-29
4484,7685,Cartão,7,Elo,202.27,PAGO,2023-06-25
4485,7987,Pixx,,American Express,8598.61,PAGO,2023-07-06
4486,3413,Cartão,-5,American Express,14704.27,PAGO,2022-05-26
4487,6764,Dinheiro,7,,-500,PAGO,2023-03-17
4488,10726,Boleto,3,,5979.96,ESTORNADO,2022-11-17
4489,9477,PIX,12,,,PAGO,2024-12-13
4490,7987,Dinheiro,11,,14421.19,PAGO,2024-07-11
4491,4635,Boleto,5,,1643.26,PENDENTE,2024-12-17
4492,8732,pix,4,,2198.95,ESTORNADO,2023-01-23
4493,6399,Boleto,1,,12037.99,PAGO,2022-04-24
4494,10365,Boleto,7,,3785.13,PENDENTE,2023-01-15
4495,2153,Dinheiro,4,,2942.34,PAGO,2022-10-26
4496,7097,PIX,6,,8304.02,PAGO,2025-02-21
4497,3537,PIX ,12,,mil,PAGO,2024-12-31
4498,3750,Dinheiro,3,,9584.41,PENDENTE,2024-09-08
4499,2659,Boleto,-5,,12923.2,PENDENTE,2023-08-04
4500,820,PIX,4,,9306.83,PAGO,2024-10-13
4501,7692,Cartão,8,Elo,-500,PAGO,2022-04-26
4502,6820,pix,2,Elo,6355.67,ESTORNADO,31/02/2025
4503,6304,PIX,7,,4011.93,PENDENTE,2024-11-12
4504,5801,Cartão,9,Elo,6354.55,ESTORNADO,2023-05-02
4505,5621,Boleto,3,,4753.85,PENDENTE,2025-02-06
4506,6066,PIX,7,,3234.63,PAGO ,2025-02-09
4507,3871,Boleto,3,,12255.61,Pago,2024-03-18
4508,2883,Boleto,9,,,PENDENTE,2024-04-25
4509,5106,Dinheiro,2,,,PAGO,2022-08-20
4510,3657,Dinheiro,9,,0,PAGO,2024-11-23
4511,6123,Dinheiro,4,,,PAGO,2023-02-01
4512,7021,PIX,11,,4676.45,ESTORNADO,2024-02-06
4513,9705,Cartão,4,Hipercard,3678.77,PENDENTE,2023/07/08
4514,7410,Dinheiro,,,,PENDENTE,2023-08-07
4515,4204,PIX,9,,7468.44,ESTORNADO,2024-01-15
4516,1875,Dinheiro,5,,13490.78,ESTORNADO,2023-06-01
4517,5221,Cartão,2,,10984.02,PAGO,2024-08-26
4518,8769,Boleto,3,,6578.38,Pendente,2022-05-06
4519,9821,Cartão,7,American Express,3425.18,PAGO ,2023-05-29
4520,9313,Dinheiro,0,,10492.34,PAGO,31/02/2025
4521,6796,PIX,9,,mil,PAGO,2024-08-23
4522,7161,Boleto,7,,4061.23,ESTORNADO,01-24-2025
4523,2902,PIX,11,,9194.16,PENDENTE,2022-09-30
4524,7760,Boleto,3,,12370.93,PAGO,2022-02-17
4525,5581,Cartão,7,American Express,,PENDENTE,2023-04-18
4526,7936,Dinheiro,7,,14025.67,PAGO,2022-12-24
4527,7880,Boleto,doze,,1791.36,PENDENTE,2023-12-20
4528,576,Dinheiro,1,,mil,ESTORNADO,2023-11-25
4529,108,Dinheiro,2,,13277.33,pago,2024-07-12
4530,9125,Pixx,1,,3669.28,PAGO,2023-09-24
4531,10009,Cartão,5,Elo,9520.99,PENDENTE,2025-04-10
4532,7653,Cartão,0,,13424.12,PAGO ,2023-01-19
4533,9261,PIX,9,,2573.5,PAGO,2022-05-15
4534,5461,Boleto,9,,14568.9,PENDENTE,2022-10-16
4535,2753,Boleto,8,,4613.25,PENDENTE,2023-12-21
4536,9524,Dinheiro,10,,6868.06,ESTORNADO,2023-04-04
4537,3533,Dinheiro,10,,3318.17,PENDENTE,2022-07-17
4538,4250,Dinheiro,9,,9492.43,PAGO,2022-10-03
4539,9949,Cartão,8,Visa,11221.96,PAGO,2022-08-04
4540,11257,PIX,,,6188.36,PAGO,2022-03-17
4541,11850,PIX,2,,0,ESTORNADO,31/02/2025
4542,6875,Boleto,11,,1204.37,PAGO,2023-11-24
4543,3014,Cartão,2,American Express,3902.69,PAGO,2024-09-06
4544,2740,Dinheiro,3,,10960.65,PENDENTE,2024-06-24
4545,3264,PIX,9,,7141.34,Estornado,2023/08/12
4546,6255,Dinheiro,7,,5500.0,PAGO,2024-02-25
4547,10149,Dinheiro,5,,,PENDENTE,2022-10-10
4548,8311,Cartão,0,Elo,3036.39,PENDENTE,31/02/2025
4549,6662,Boleto,5,,6132.31,PENDENTE,2023-02-20
4550,4552,Cartão,-5,Elo,4017.1,PENDENTE,31/02/2025
4551,11811,Boleto,5,,471.24,PAGO,2024-06-04
4552,9982,Dinheiro,5,,4536.04,ESTORNADO,2025-02-28
4553,7436,Cartão,5,American Express,7510.27,PENDENTE,2022-09-17
4554,6598,PIX,6,,10329.55,Pago,2022-05-11
4555,6083,pix,4,,0,ESTORNADO,2022-04-16
4556,8560,Dinheiro,12,,1036.56,Estornado,2024-07-15
4557,2913,Cartão,3,Hipercard,3652.44,PAGO,2023-02-27
4558,9413,PIX,3,,4103.03,PAGO,2024-04-10
4559,11449,Cartão,8,Mastercard,7674.98,PENDENTE,2023-07-05
4560,3830,Cartão,11,Visa,,ESTORNADO,2023-02-01
4561,7160,Boleto,11,,12953.92,PENDENTE,2024-01-31
4562,6125,PIX,3,,1469.48,PENDENTE,2024-11-13
4563,9042,PIX,9,,5263.93,PAGO,2024-07-08
4564,5317,Pix,1,,66.27,PENDENTE,2022-04-07
4565,1418,PIX,7,,10598.26,PAGO,2023-12-28
4566,3667,Cartão,12,Elo,7419.79,PENDENTE,2022-12-19
4567,6480,Cartão,9,American Express,2496.09,PENDENTE,2025-01-05
4568,3569,Dinheiro,12,,11052.59,ESTORNADO,2022-07-15
4569,506,Dinheiro,2,,9421.78,PAGO,2022-05-10
4570,3296,Cartão,1,American Express,10724.94,PAGO,2022-12-15
4571,8724,PIX,1,,10914.24,PENDENTE,2023-01-14
4572,6558,Boleto,10,,12938.88,ESTORNADO,2023-01-30
4573,556,Boleto,5,,6702.09,PENDENTE,2022-11-13
4574,11328,Cartão,7,American Express,5941.38,ESTORNADO,2022-02-15
4575,7014,PIX,3,,14809.07,ESTORNADO,2023-03-04
4576,1587,Dinheiro,7,,,ESTORNADO,2022-03-04
4577,2482,PIX,11,,8163.55,PENDENTE,2022-06-05
4578,2121,Dinheiro,10,,4527.85,PENDENTE,2022-03-24
4579,2657,Cartão,2,,11315.86,PAGO,2023-08-27
4580,8159,Boleto,10,,3001.3,PAGO,2023-09-24
4581,422,Cartão,10,Mastercard,1702.6,PAGO,2024-04-21
4582,8201,PIX,7,,3884.67,PAGO,2022-03-03
4583,4010,PIX,10,,6783.06,Pagoo,2025-01-03
4584,3866,Dinheiro,8,,5439.5,PAGO,2023-05-15
4585,3167,Cartão,11,,4001.95,,2023-05-14
4586,8480,PIX,3,,4872.56,Pendente,2024-01-18
4587,6663,Dinheiro,9,,10351.29,PENDENTE,2024-12-16
4588,11432,PIX,7,,14817.03,PAGO,2022-07-02
4589,2883,Cartão,12,Visa,14494.69,PENDENTE,20/11/2024
4590,1389,PIX,2,,10076.06,ESTORNADO,2022-03-13
4591,8648,PIX,1,,9500.93,PENDENTE,2024-02-01
4592,2599,Boleto,8,,6276.78,PAGO,02-14-2022
4593,7011,Boleto,11,,8781.73,PENDENTE,2023-12-01
4594,5920,Dinheiro,10,,12838.16,ESTORNADO,2024-01-04
4595,2932,Cartão,10,Hipercard,12319.66,ESTORNADO,2024-08-14
4596,4092,Dinheiro,11,,1984.09,PENDENTE,2024-12-09
4597,4128,Dinheiro,11,,6999.55,ESTORNADO,2023-03-24
4598,11175,Dinheiro,,,2732.24,Pendente,2023-11-29
4599,265,Cartão,8,,mil,PAGO,2023-04-21
4600,2890,Dinheiro,12,,3573.91,PENDENTE,2022-05-06
4601,4652,Dinheiro,2,,7460.14,PENDENTE,2023-11-20
4602,7083,PIX,1,,,PENDENTE,31/02/2025
4603,7073,PIX,doze,,13550.57,ESTORNADO,2022-11-12
4604,2318,PIX,,,3028.16,PAGO,2024-07-18
4605,1751,Cartão,12,Mastercard,6277.98,PAGO,2025-03-12
4606,4221,Cartão,1,American Express,5758.15,PENDENTE,2024-05-29
4607,5210,Cartão,3,American Express,346.02,PAGO,2022-05-09
4608,4878,Dinheiro,8,,2287.89,ESTORNADO,2023-03-01
4609,3273,Boleto,2,,3918.42,PAGO,2023-09-05
4610,7506,Dinheiro,3,,,ESTORNADO,2022-08-11
4611,7823,Dinheiro,2,,7188.12,PENDENTE,2023-12-17
4612,8329,pix,doze,,,PAGO,2022-07-29
4613,494,Dinheiro,12,,3510.37,Estornado,2024-12-27
4614,7566,Cartão,10,Elo,7303.92,PAGO,2023-06-01
4615,9659,Boleto,11,,12440.45,PAGO,2022-08-02
4616,3357,boleto,4,Mastercard,3613.97,PAGO,2024-03-24
4617,2836,Cartão,6,American Express,6312.44,PAGO,2023-05-22
4618,3431,PIX,9,,14020.39,ESTORNADO,2023-08-07
4619,7056,PIX,2,,12879.09,PENDENTE,2022-04-16
4620,6061,Dinheiro,12,,,PAGO,2023-11-09
4621,1407,Cartão,8,,1522.67,PAGO,2025-01-24
4622,7230,Dinheiro,9,,13018.95,ESTORNADO,2024-08-04
4623,9627,Dinheiro,1,,14061.08,PAGO,31/02/2025
4624,353,Boleto,1,,,PAGO,2024/07/14
4625,7616,PIX,1,,7598.85,PENDENTE,2023-06-18
4626,2751,PIX,10,,8223.84,ESTORNADO,2025-03-03
4627,7233,PIX,-5,,8813.18,pago,2024-04-08
4628,11736,PIX,1,,1891.22,PENDENTE,2024-11-17
4629,6003,Dinheiro,10,,0,PAGO,2022-08-15
4630,5078,Cartão,3,American Express,1413.19,PENDENTE,2024-03-03
4631,7271,Pix,4,,12415.19,PENDENTE,2023-01-17
4632,1702,Cartão,-5,,1403.8,PENDENTE,2022-11-24
4633,8951,Cartão,9,American Express,7885.3,PAGO,2023-03-05
4634,2521,Boleto,10,,10541.68,ESTORNADO,2022-08-13
4635,5413,,9,,8763.64,ESTORNADO,2023-03-15
4636,4007,Boleto,2,,11072.42,PAGO,2023/08/08
4637,100,Boleto,7,,1450.96,PENDENTE,2023-04-10
4638,143,PIX,7,,2851.28,PAGO,2023-04-12
4639,6346,PIX,,,11532.45,PENDENTE,2025-02-27
4640,5040,Dinheiro,6,,5235.95,PAGO,2022-04-14
4641,1907,Cartão,5,Visa,9225.22,PENDENTE,30/01/2024
4642,9039,PIX,12,,9070.71,ESTORNADO,2023-07-08
4643,11098,PIX,5,,,PAGO,2023-11-12
4644,4861,Boleto,11,,mil,ESTORNADO,2025-02-16
4645,1196,Boleto,3,,13892.38,PENDENTE,2024-06-06
4646,5444,Cartão,1,Hipercard,4165.47,PENDENTE,2024-04-06
4647,11099,Boleto,12,,3153.06,PAGO,2022-07-24
4648,6889,Boleto,3,,13694.13,PAGO,2022-05-12
4649,4462,Dinheiro,6,,14655.7,PAGO,2024-04-26
4650,1535,Pixx,9,Visa,,PAGO,02-06-2022
4651,1054,PIX,9,,mil,ESTORNADO,2024-12-07
4652,792,Cartão,6,Hipercard,11265.48,PAGO,2022-11-01
4653,3982,Cartão,11,Hipercard,7516.6,PENDENTE,2023-01-05
4654,1414,Cartão,8,Hipercard,2226.38,PAGO,2023-09-22
4655,7554,Dinheiro,9,,13833.06,PENDENTE,2023-08-31
4656,9924,Boleto,5,,13925.36,ESTORNADO,2024-01-07
4657,5703,Boleto,6,,0,PENDENTE,2022-11-21
4658,9445,Cartão,2,,13085.26,PENDENTE,2024-10-27
4659,6967,Dinheiro,2,,9067.02,PENDENTE,2024-08-29
4660,7407,Boleto,12,,1895.65,ESTORNADO,2023-04-17
4661,7709,Boleto,11,,9978.51,PENDENTE,31/02/2025
4662,9755,Boleto,4,,11346.76,PAGO,2022-03-05
4663,10973,,10,,13878.05,PAGO,2022-05-16
4664,2456,Dinheiro,11,,866.04,ESTORNADO,2024-03-28
4665,10126,Dinheiro,5,,13505.22,Estornado,15/01/2023
4666,1993,PIX,7,,12495.41,ESTORNADO,2024-04-27
4667,4599,Boleto,7,,4644.1,PAGO,12-08-2022
4668,5354,Cartão,1,Elo,7096.64,PENDENTE,2023-02-19
4669,7697,PIX,2,,11763.38,PENDENTE,2023-09-19
4670,8474,Boleto,8,,9695.91,PENDENTE,2022-05-12
4671,4232,PIX,6,,-500,PAGO,2023-11-16
4672,1485,PIX,11,,2572.25,ESTORNADO,2022-02-28
4673,1416,Boleto,10,,4471.26,PAGO,2024-03-05
4674,9592,,11,,9899.85,PENDENTE,2023-11-16
4675,9489,Dinheiro,4,,14850.59,ESTORNADO,2023-02-01
4676,9666,Boleto,4,,4542.01,ESTORNADO,2024/09/21
4677,5228,Boleto,6,,2874.67,ESTORNADO,2024-09-20
4678,5002,Cartão,9,American Express,2180.23,PENDENTE,2025-02-09
4679,744,Boleto,2,,10399.63,PAGO,2023-06-27
4680,7954,Cartão,4,,5781.61,PAGO,2023-06-13
4681,7980,Boleto,9,,10794.81,PAGO,2022-06-02
4682,10108,PIX,1,,9811.33,PAGO,2024-03-15
4683,4577,Boleto,0,,7395.13,ESTORNADO,2024-01-05
4684,3009,PIX,5,,11288.39,,2022-09-14
4685,2148,Cartão,7,Hipercard,50.73,ESTORNADO,2022-06-28
4686,3240,Cartão,3,Elo,456.01,PAGO,2024-02-27
4687,2089,Dinheiro,12,,13759.51,PENDENTE,2025-04-09
4688,5784,PIX,9,,9466.9,ESTORNADO,2025-03-09
4689,2654,Dinheiro,2,,7086.28,PAGO,2022-04-23
4690,3567,Dinheiro,11,,1337.16,ESTORNADO,2023-08-17
4691,11761,Cartão,8,,6318.72,Pagoo,2022-09-18
4692,7437,PIX,8,,7347.7,PAGO,2022-07-01
4693,7043,PIX,6,,4047.71,PAGO,2023-07-30
4694,8098,Boleto,-5,,10744.7,PENDENTE,2022-01-19
4695,5972,PIX,2,,5418.2,PAGO ,2023-06-09
4696,5587,Boleto,11,,2307.78,PAGO,2025/02/22
4697,7473,Dinheiro,12,,12360.0,,99/99/9999
4698,7321,Dinheiro,4,,14877.27,PAGO,2022-06-06
4699,9487,Boleto,8,,9294.3,PAGO,2023-12-08
4700,11666,Cartão,,Mastercard,6074.18,PENDENTE,2024-10-06
4701,7055,PIX,,,1219.73,PAGO,2024-11-09
4702,6067,Boleto,,,10542.33,ESTORNADO,2023-08-09
4703,6327,Dinheiro,-5,,8231.82,PENDENTE,2023-02-20
4704,4483,Cartão,11,Mastercard,13821.22,PAGO,2022-08-03
4705,3698,Boleto,12,,5191.16,ESTORNADO,2024-03-07
4706,5251,Boleto,4,,14387.08,PENDENTE,2024-10-10
4707,9429,Boleto,-5,,1619.13,ESTORNADO,2022-02-26
4708,3915,Dinheiro,5,,10737.68,PENDENTE,2023-12-08
4709,3217,Boleto,5,,R$500,ESTORNADO,2024-12-05
4710,7944,Boleto,8,,8994.5,ESTORNADO,2023-02-06
4711,4310,PIX,5,,12350.3,PENDENTE,2025-01-15
4712,7904,Cartão,8,Elo,10536.72,PAGO,2022-02-06
4713,11077,PIX,1,,5825.53,PENDENTE,2023-03-18
4714,859,PIX,11,,,PENDENTE,2024-03-30
4715,2586,PIX,9,,2534.55,PENDENTE,2025-01-08
4716,9741,PIX,4,,5901.65,ESTORNADO,2022-06-01
4717,10398,PIX ,8,,8226.82,PAGO,2024-09-20
4718,8538,Cartão,11,Elo,12288.32,PENDENTE,2023-05-15
4719,298,Cartão,2,Mastercard,0,PENDENTE,2023-01-14
4720,7687,Boleto,8,,R$500,PAGO,2024-05-28
4721,9127,Boleto,8,,11798.03,PAGO,2023-05-07
4722,153,Cartão,11,American Express,12537.37,PENDENTE,2025-03-03
4723,7120,Dinheiro,-1,,8643.84,ESTORNADO,2023-12-08
4724,6193,Dinheiro,,,R$500,PENDENTE,2022-09-25
4725,454,Dinheiro,5,,14410.45,ESTORNADO,2022-05-10
4726,9639,PIX,2,,4073.61,PENDENTE,2022-01-22
4727,1726,Pixx,2,,6967.12,PENDENTE,2023/06/29
4728,2675,Pix,6,,8837.04,Pagoo,2024/01/14
4729,8062,Dinheiro,3,,3657.53,PENDENTE,2023-11-19
4730,128,Cartão,4,Hipercard,5385.25,PENDENTE,2022-03-19
4731,6439,PIX,4,,573.4,PENDENTE,2022-09-28
4732,2839,PIX,10,,3910.0,ESTORNADO,2022-12-23
4733,3612,PIX,7,,1782.52,PAGO,2022-04-08
4734,1319,Dinheiro,11,,1010.37,PENDENTE,2024-07-11
4735,2159,PIX,11,,9762.6,Pagoo,2023-09-18
4736,6858,Dinheiro,12,,11441.59,PENDENTE,2022-01-23
4737,8405,Dinheiro,,,14550.03,PAGO,2023-10-30
4738,3864,Pix,5,,-500,PAGO,2023-01-23
4739,9781,Dinheiro,3,,13971.71,Pendente,2023-10-24
4740,2318,Boleto,1,,631.44,Pagoo,2024-10-28
4741,4107,Dinheiro,12,,6526.3,PAGO,99/99/9999
4742,3055,PIX,11,,13679.27,PENDENTE,2024-09-30
4743,3698,Dinheiro,5,,804.17,ESTORNADO,2022-01-20
4744,5436,Cartão,2,,2202.58,PENDENTE,2023-09-16
4745,3898,Boleto,11,,8386.9,PENDENTE,99/99/9999
4746,1108,Dinheiro,4,,10282.01,PAGO,2022-12-07
4747,8058,Cartão,9,American Express,9733.1,ESTORNADO,2024-02-25
4748,9990,Pix,5,,10767.88,PAGO,2024-01-07
4749,7820,PIX,6,,7345.88,ESTORNADO,2022-03-19
4750,195,PIX,2,,934.83,PAGO,2024-12-21
4751,1722,Boleto,2,,13363.14,Pago,2023-07-31
4752,9743,Pixx,11,,13453.36,PENDENTE,2022-04-16
4753,3265,Cartão,12,Visa,7812.12,PENDENTE,2022-11-05
4754,6421,Dinheiro,1,,4694.71,Pago,2022-03-23
4755,7109,Cartao,10,,6632.44,PAGO,15/12/2023
4756,6079,Boleto,3,,3088.63,PENDENTE,2022-12-29
4757,8423,PIX,6,,1275.97,PENDENTE,2025-03-31
4758,5664,Boleto,8,,2259.53,ESTORNADO,2023-02-12
4759,2336,Boleto,4,,9500.4,ESTORNADO,2024-01-09
4760,4364,PIX,6,,10930.82,Pendente,2022-10-12
4761,6908,PIX,doze,,8382.16,PENDENTE,2022-11-19
4762,8165,Boleto,4,,3489.05,ESTORNADO,2023-12-31
4763,5272,PIX,4,,10564.81,PENDENTE,2024-11-02
4764,7925,Boleto,2,,6761.9,,2022-08-03
4765,7404,Cartão,7,Mastercard,9760.86,PENDENTE,2023-06-24
4766,1685,PIX,7,,27.36,PAGO,99/99/9999
4767,5918,Boleto,2,,1403.87,ESTORNADO,2024-08-10
4768,995,Cartão,11,Visa,6934.72,PAGO,2024-05-07
4769,7063,PIX,7,,3162.68,ESTORNADO,2022-05-06
4770,5558,Boleto,11,,,ESTORNADO,2022-08-02
4771,6411,pix,5,,R$500,PAGO,2024-12-14
4772,3323,Boleto,1,,12974.07,ESTORNADO,2024-04-11
4773,8337,Dinheiro,8,,6128.77,PENDENTE,2022-10-23
4774,8187,boleto,3,,13580.14,PENDENTE,2022-10-07
4775,5102,Cartão,9,,3730.88,ESTORNADO,2023-06-19
4776,2488,Cartão,7,Elo,128.3,PAGO,2022-04-18
4777,9799,Boleto,6,,13270.15,PAGO,31/02/2025
4778,6098,Dinheiro,11,,8679.17,PAGO,2024-02-27
4779,3839,Boleto,3,,8355.31,PAGO,2022-01-24
4780,3164,Boleto,5,,11941.8,PENDENTE,2024-04-22
4781,9787,Dinheiro,3,,13388.86,PAGO,2022-01-09
4782,5857,PIX,9,,4241.95,ESTORNADO,2024-10-25
4783,2852,PIX,10,,,PENDENTE,2023-01-03
4784,9264,Boleto,2,,14169.61,ESTORNADO,2022-03-18
4785,5527,Dinheiro,2,,11875.53,ESTORNADO,2022-06-01
4786,7166,PIX,5,,12270.91,PENDENTE,2025-01-03
4787,1625,PIX,5,,4805.87,PENDENTE,2024-09-12
4788,1896,Dinheiro,-5,,12206.32,ESTORNADO,2022-04-26
4789,5906,Pix,8,,14999.95,PAGO,2022-01-15
4790,9511,Cartão,11,American Express,3171.91,PAGO,2023-05-14
4791,10241,Dinheiro,doze,,8760.52,ESTORNADO,2023-12-29
4792,11400,Dinheiro,12,,3088.59,ESTORNADO,2024-01-14
4793,6481,Dinheiro,9,,417.51,Pendente,2024-12-27
4794,7284,Pixx,-5,,8686.44,PAGO,2023-06-14
4795,7769,Dinheiro,11,,8494.65,ESTORNADO,2023-07-25
4796,481,Boleto,12,,4370.79,PAGO,2023-12-16
4797,11185,Boleto,1,,2989.25,ESTORNADO,2024-02-17
4798,298,PIX,4,,10067.36,ESTORNADO,2024-12-19
4799,6687,Cartão,4,American Express,13700.62,PAGO,2022-04-13
4800,1245,Boleto,7,,8145.66,PAGO,2022-04-24
4801,1973,Cartão,7,Mastercard,6373.23,Estornado,2022-03-05
4802,2931,Boleto,12,,13654.05,PENDENTE,2024-12-04
4803,7792,Cartão,,Visa,10906.2,ESTORNADO,2023-06-12
4804,4909,Dinheiro,4,,0,PAGO,2025-03-24
4805,2385,PIX,8,,3894.05,PAGO,2024-05-08
4806,303,Dinheiro,-1,,14681.49,ESTORNADO,2024-05-28
4807,7533,Cartão,4,Hipercard,7952.16,ESTORNADO,2023-11-24
4808,9152,PIX,6,,13390.0,PAGO,2025-03-30
4809,7410,PIX,5,,3331.47,PAGO,2024-10-29
4810,9987,Dinheiro,11,,,Pago,2024-04-18
4811,150,PIX,12,,1782.16,ESTORNADO,08-04-2023
4812,11789,Boleto,10,,14250.45,ESTORNADO,2022-06-19
4813,9586,Dinheiro,9,,13185.87,PAGO,2023-09-22
4814,7699,Boleto,doze,,6033.49,PENDENTE,2024-02-04
4815,3581,PIX,4,,,PAGO,2023-07-28
4816,1318,Pixx,7,,7751.6,ESTORNADO,2022-09-04
4817,4741,Boleto,doze,,6981.15,ESTORNADO,2022-08-23
4818,5556,PIX,3,,11580.21,PAGO,2023-05-12
4819,1842,Cartão,8,American Express,2868.19,PENDENTE,2024-11-09
4820,6238,Cartão,11,Mastercard,,PENDENTE,2023-12-05
4821,5203,Cartão,,Hipercard,0,ESTORNADO,2025-04-01
4822,9795,Cartão,1,Visa,11922.61,PENDENTE,2023-08-04
4823,6592,Boleto,0,,8237.35,PAGO,2022-05-10
4824,1742,Cartão,6,Hipercard,8100.51,PENDENTE,2023-04-11
4825,6698,PIX,12,,1944.31,PENDENTE,2023-07-02
4826,1738,Boleto,2,,R$500,PENDENTE,2022-12-02
4827,1810,PIX,11,,4486.86,PENDENTE,2022-01-27
4828,1297,Cartão,7,American Express,13978.52,PAGO,2023-03-27
4829,11679,Dinheiro,3,,-500,PENDENTE,2025-03-01
4830,3198,Boleto,7,,5991.03,ESTORNADO,2023-01-18
4831,4928,Boleto,6,,9915.68,PAGO,2025-01-08
4832,8877,Dinheiro,0,,1208.25,Estornado,08-24-2022
4833,3828,PIX,2,,11753.85,PAGO,2024-04-15
4834,8694,Dinheiro,8,,3029.4,PENDENTE,2022-01-30
4835,6566,PIX,6,,6304.08,PAGO,2024-02-19
4836,10908,,3,,9732.28,ESTORNADO,2022-07-03
4837,1539,Dinheiro,2,,514.65,PAGO,2022-10-16
4838,631,PIX,5,,10927.72,ESTORNADO,2023-07-06
4839,3985,pix,9,,9040.99,PAGO,2022-02-20
4840,244,Boleto,1,,10615.39,ESTORNADO,2025-01-05
4841,902,Cartão,11,Mastercard,9477.99,PAGO,2022-07-24
4842,1470,Dinheiro,1,,9169.15,ESTORNADO,2024-06-11
4843,6363,Pixx,,,8160.01,PENDENTE,2023-10-27
4844,2014,Cartão,8,Hipercard,12095.28,PENDENTE,2022/05/26
4845,2110,,2,,6151.84,ESTORNADO,2025-01-10
4846,45,Boleto,12,,4525.57,PAGO,2023-10-11
4847,4981,Cartão,7,American Express,14421.52,ESTORNADO,31/02/2025
4848,9137,pix,,Hipercard,12090.52,PAGO,2025-03-04
4849,10144,PIX,-5,,8283.26,PENDENTE,2024-08-25
4850,331,Cartão,,Visa,14883.56,PENDENTE,2022-09-20
4851,4092,Boleto,5,,790.59,PENDENTE,2022-09-25
4852,9762,Dinheiro,11,,,PENDENTE,2022-05-07
4853,7121,Dinheiro,5,,7284.09,PAGO,2023-11-30
4854,5383,Dinheiro,10,,7859.77,PAGO,2023-04-20
4855,966,PIX,-5,,12555.92,ESTORNADO,2023-04-23
4856,5446,Dinheiro,9,,3460.84,PENDENTE,2023-03-20
4857,2801,Cartão,,Hipercard,2321.54,PAGO,2022-11-04
4858,4958,Pix,6,Hipercard,2199.33,ESTORNADO,2023-09-04
4859,7629,PIX,9,,7974.2,PAGO,2024-11-28
4860,7002,PIX,-1,,mil,PAGO,2023-09-27
4861,2990,Boleto,10,,8226.29,PENDENTE,2023-10-21
4862,1673,Boleto,4,,573.33,ESTORNADO,2023-12-27
4863,719,Boleto,0,,3375.68,ESTORNADO,2024-09-11
4864,11960,Dinheiro,2,,14301.13,PENDENTE,2022-06-25
4865,1829,Cartão,8,Visa,2582.56,PENDENTE,2024-07-11
4866,11861,Cartão,6,Mastercard,5155.58,ESTORNADO,02-26-2022
4867,8748,PIX,9,,5178.68,ESTORNADO,2022-08-24
4868,8367,Dinheiro,9,,3703.39,Pagoo,2023-03-03
4869,9948,PIX,doze,,7671.43,ESTORNADO,2023-05-22
4870,6767,Cartão,3,Mastercard,9057.29,PAGO,2023-06-28
4871,1000,Boleto,2,,7863.86,PENDENTE,2024-10-20
4872,9588,Dinheiro,3,,,PAGO,2022-11-24
4873,3638,PIX,8,,4139.1,ESTORNADO,2022-09-08
4874,5200,Boleto,doze,,9613.87,PENDENTE,2024-09-19
4875,5404,Dinheiro,4,,-500,PENDENTE,2022-01-22
4876,6060,Cartão,-1,Elo,10692.41,PAGO,2024-01-29
4877,2417,Dinheiro,8,,13704.35,PENDENTE,2022-06-02
4878,131,Cartão,11,Mastercard,-500,PAGO ,2023-01-14
4879,8192,Cartão,9,,1088.07,PAGO,2023-06-24
4880,8012,Dinheiro,3,,9577.27,PAGO,2024-03-03
4881,9755,Dinheiro,7,,mil,ESTORNADO,2022-08-13
4882,3490,PIX,9,,2773.88,PENDENTE,2023-11-15
4883,6794,PIX,3,,0,PENDENTE,2024-07-31
4884,4794,Boleto,8,,12083.59,ESTORNADO,2023-10-17
4885,659,Boleto,8,,,PENDENTE,99/99/9999
4886,6110,Dinheiro,7,,7733.12,PAGO,2024-05-14
4887,1925,Boleto,8,,4194.93,PAGO,2022-11-14
4888,8157,Cartão,3,,3839.3,PAGO,2023-08-29
4889,10832,Cartão,9,Elo,11851.09,PENDENTE,10-05-2022
4890,560,PIX,7,,880.09,PAGO,2025-03-16
4891,5014,Dinheiro,11,,7799.63,PENDENTE,2025-03-24
4892,3225,Cartão,10,American Express,10129.09,PAGO,2024-04-27
4893,2827,,12,,mil,ESTORNADO,2023-05-30
4894,6529,PIX,3,,11269.92,PENDENTE,2023-05-26
4895,11934,Boleto,9,,,PENDENTE,2022-02-21
4896,1816,PIX,11,,14924.04,PAGO,2024-11-10
4897,11317,Dinheiro,-1,,679.4,Pago,2024-03-19
4898,2289,Cartão,8,Hipercard,622.2,ESTORNADO,2023-01-09
4899,8732,Cartão,,Visa,,PAGO,2023-03-09
4900,1838,Cartão,5,Hipercard,11213.43,PENDENTE,2025-04-02
4901,1365,Dinheiro,11,,11664.49,ESTORNADO,2022-06-14
4902,2223,Dinheiro,9,,12325.85,PENDENTE,2023-01-09
4903,6982,Cartão,6,Elo,6607.0,PENDENTE,2025-01-01
4904,3266,PIX,5,,0,ESTORNADO,2022-01-18
4905,4847,PIX,3,,3765.22,Estornado,2022-11-03
4906,7148,PIX,11,,11115.18,PENDENTE,2023-10-07
4907,118,Cartão,12,Visa,10276.94,PAGO,2024-04-08
4908,11026,PIX,,,1335.54,PENDENTE,2022-09-09
4909,355,Cartão,,Mastercard,,ESTORNADO,2024-07-29
4910,5745,Pixx,3,,1848.14,PAGO,2023-05-15
4911,3133,Boleto,2,,10271.16,PAGO,2023-01-24
4912,3246,PIX,2,,5459.83,PENDENTE,2023-12-03
4913,8092,Dinheiro,4,,3940.62,ESTORNADO,2022-04-21
4914,11354,Dinheiro,5,,1473.39,PAGO,2023-03-25
4915,7802,PIX,3,,7410.77,PENDENTE,2022-11-12
4916,7438,Cartão,7,,5117.07,PAGO,2022-11-17
4917,6161,Dinheiro,2,,8258.18,PAGO,2023-04-25
4918,10992,PIX,1,,,PAGO,2022-08-17
4919,11878,,1,,13328.69,ESTORNADO,2023-04-20
4920,9220,Dinheiro,-1,,2883.87,PENDENTE,2024-08-21
4921,4699,Boleto,7,,0,ESTORNADO,2024-10-30
4922,1017,Boleto,5,,12860.46,PAGO,31/02/2025
4923,3448,PIX ,5,,,ESTORNADO,2022-05-18
4924,7036,PIX ,1,,11836.17,PAGO,2023-05-20
4925,3448,Dinheiro,6,,5600.48,PENDENTE,2024-03-27
4926,4825,Dinheiro,6,,9823.91,ESTORNADO,2024-05-22
4927,2926,Dinheiro,-5,,2148.99,Pago,2023-02-28
4928,1934,Dinheiro,-5,,,PAGO ,2023-05-17
4929,368,Cartão,8,Hipercard,12512.04,PENDENTE,2022-10-17
4930,3689,Cartão,,Visa,2552.83,PAGO,2024-04-12
4931,4853,Cartão,7,,3752.64,PAGO,2023/09/29
4932,6042,PIX,7,,13811.92,PAGO,2023-07-26
4933,6847,PIX,8,,13166.08,PENDENTE,2022-11-03
4934,8169,Boleto,8,,299.88,ESTORNADO,2023-01-30
4935,3118,PIX,8,,14596.26,PENDENTE,2024-07-30
4936,9248,Dinheiro,8,,3356.71,PENDENTE,2023-05-28
4937,5545,Dinheiro,1,,12584.31,ESTORNADO,2022-11-07
4938,10897,Cartão,5,Mastercard,2080.1,ESTORNADO,2023-01-03
4939,3651,Cartão,12,Hipercard,8365.11,ESTORNADO,2025-03-27
4940,3981,Boleto,8,,-500,PENDENTE,2024-06-18
4941,378,PIX,-1,,1134.02,PENDENTE,2024-06-23
4942,11029,Cartão,7,,3434.63,PENDENTE,2023-11-04
4943,2400,Boleto,9,,9181.32,PENDENTE,31/02/2025
4944,76,PIX,5,,5970.87,PENDENTE,2022-10-07
4945,7949,PIX,4,,13201.98,PAGO,2024-07-11
4946,228,Dinheiro,7,,0,PENDENTE,2022-06-26
4947,8751,PIX,7,,R$500,PAGO,2023-05-01
4948,7710,PIX,4,,6097.11,ESTORNADO,2025-01-19
4949,5697,Cartão,7,American Express,4004.13,PENDENTE,2024-07-31
4950,9891,PIX,7,,7895.87,ESTORNADO,2023-10-04
4951,695,Boleto,12,,3182.81,PENDENTE,2022-09-02
4952,4182,PIX,1,,,ESTORNADO,2022-09-17
4953,6266,Dinheiro,10,,,ESTORNADO,2023-01-15
4954,5395,Boleto,10,,14784.65,PAGO,2024-09-21
4955,1564,Dinheiro,1,,13877.39,PAGO,2024-01-13
4956,6892,PIX,3,,13196.29,ESTORNADO,2023-08-17
4957,10596,Dinheiro,5,,,PAGO,2024-01-13
4958,8142,pix,4,,13190.24,PAGO,2022-01-04
4959,8012,Boleto,5,,11777.75,Pendente,2024-06-27
4960,6996,Cartão,3,Mastercard,,PENDENTE,2024-01-05
4961,8904,PIX,9,,,PENDENTE,2022-10-12
4962,3344,Cartão,1,Elo,,PENDENTE,2023-08-31
4963,7137,Dinheiro,7,,10654.04,PENDENTE,2022-04-05
4964,11030,Pix,12,,783.59,PAGO,2023-09-29
4965,6824,Boleto,4,,13132.56,ESTORNADO,2024-06-27
4966,11565,PIX,4,,1902.9,ESTORNADO,2023-06-02
4967,501,Cartão,4,Visa,3827.27,PENDENTE,2023-12-15
4968,2878,PIX,10,,4089.31,ESTORNADO,2025-01-09
4969,3168,Dinheiro,8,,12862.28,PAGO,99/99/9999
4970,7846,Cartão,11,,289.67,ESTORNADO,2022-10-12
4971,6801,Cartão,3,,977.87,PENDENTE,2023-03-18
4972,6710,Dinheiro,1,,4154.64,PAGO,2022-08-10
4973,4715,Dinheiro,,,9861.72,ESTORNADO,2025-02-24
4974,2728,pix,3,,7906.57,PAGO,2022-09-08
4975,1786,Cartão,3,Elo,13221.41,PAGO,2024-10-16
4976,396,Cartão,7,Visa,209.73,PENDENTE,2023-06-26
4977,6121,Dinheiro,11,,10812.15,PENDENTE,2022-12-19
4978,3436,Cartão,3,,10974.17,PAGO ,2024-01-10
4979,6628,Cartão,7,Hipercard,,PENDENTE,2023-01-16
4980,4541,Boleto,1,,mil,PENDENTE,2023-02-22
4981,9505,PIX,5,,4676.15,ESTORNADO,2022-03-23
4982,3075,Cartão,1,Hipercard,13310.71,PENDENTE,2022-10-28
4983,8676,Cartão,5,,13539.07,PENDENTE,2023-01-29
4984,7809,Cartão,6,American Express,1553.68,PAGO,2024-12-29
4985,6020,Boleto,4,,8977.92,PENDENTE,2022-06-07
4986,1311,PIX,12,,5540.58,ESTORNADO,2023-09-19
4987,2692,Cartão,7,Elo,4776.56,ESTORNADO,2024-10-06
4988,6166,Pixx,2,,,PENDENTE,2024-11-15
4989,6166,Cartão,8,Hipercard,485.49,PAGO,2024-08-05
4990,7766,Cartão,9,Hipercard,0,PAGO,2023-03-23
4991,9598,PIX,2,,8156.82,ESTORNADO,2022-03-18
4992,1816,Cartão,11,Hipercard,4516.5,PAGO,2023-05-09
4993,1337,Dinheiro,11,,3921.78,ESTORNADO,2024-02-05
4994,8476,PIX,7,,1297.04,PENDENTE,2023-08-06
4995,8677,Boleto,7,,13153.58,PENDENTE,2022-01-12
4996,9618,Cartão,,,3039.58,ESTORNADO,2025-01-15
4997,3698,PIX,12,,,PAGO,2024-03-11
4998,5840,PIX,6,,2386.14,Pagoo,2022-12-24
4999,1302,PIX,2,,12489.04,Estornado,2024-01-22
5000,8575,Dinheiro,6,,10639.45,ESTORNADO,2023-01-21
5001,7069,Cartão,1,Mastercard,7271.04,ESTORNADO,2022-12-28
5002,5720,Cartão,8,American Express,6297.07,ESTORNADO,31/02/2025
5003,1506,PIX,2,,14671.05,ESTORNADO,2024-02-21
5004,4715,Cartão,11,Mastercard,2608.48,ESTORNADO,2022-03-22
5005,9193,PIX,7,,0,PENDENTE,2024-02-01
5006,9214,Cartão,3,Mastercard,4081.06,PENDENTE,2023-08-21
5007,11329,Cartão,0,,7727.86,PENDENTE,2022-08-09
5008,4155,Boleto,-5,,4502.65,ESTORNADO,2024-02-11
5009,266,Dinheiro,4,,12218.71,PENDENTE,2023-08-27
5010,9452,PIX,5,,11230.51,PAGO,2022-11-07
5011,7497,Cartão,4,Elo,8313.86,PENDENTE,2024-08-08
5012,3221,Cartão,2,,9582.55,ESTORNADO,2022-12-14
5013,998,Boleto,0,,993.47,PENDENTE,26/11/2023
5014,5018,Cartão,2,American Express,7276.17,PAGO,2022-10-19
5015,4803,Boleto,12,,12077.98,ESTORNADO,2022-01-08
5016,7689,Cartão,4,American Express,12076.97,PENDENTE,2023-07-31
5017,10959,Dinheiro,1,,5377.92,PENDENTE,2022-04-18
5018,9333,Cartão,4,Mastercard,2969.82,ESTORNADO,2022-04-10
5019,6806,PIX,7,,,ESTORNADO,2025-02-08
5020,7968,PIX,0,,834.33,PAGO,2024-01-26
5021,3710,Dinheiro,11,,3398.29,PENDENTE,05-02-2024
5022,3520,Cartão,7,Hipercard,12894.57,PAGO,2022-07-27
5023,5418,PIX,9,,1502.73,PENDENTE,2022-11-19
5024,1799,Dinheiro,5,,11027.25,PENDENTE,2024-04-02
5025,10423,Cartão,6,,12719.84,PENDENTE,2024-08-20
5026,1220,PIX,10,,mil,ESTORNADO,2022-06-27
5027,6074,Dinheiro,,,,ESTORNADO,2024-05-27
5028,5364,PIX,11,,8143.58,PENDENTE,2023/02/23
5029,8529,Cartão,7,,4879.54,PENDENTE,2023-09-28
5030,8806,Dinheiro,12,,13031.02,PAGO,2025-03-18
5031,8220,Dinheiro,3,,13171.0,PAGO,2022-12-10
5032,4612,Cartão,9,,11557.02,ESTORNADO,2023-04-07
5033,228,PIX,3,,1447.82,ESTORNADO,2025-04-04
5034,9436,Cartão,8,Mastercard,11239.76,PAGO,2022-03-28
5035,8711,Boleto,1,,14677.0,PENDENTE,2025-03-12
5036,699,PIX,4,,13004.68,PAGO,2022-12-01
5037,11177,Cartão,6,Elo,13910.6,PENDENTE,2024-01-09
5038,9686,PIX,4,,13533.1,PENDENTE,2023-05-19
5039,3333,boleto,3,American Express,mil,ESTORNADO,2022-01-19
5040,3494,Dinheiro,10,,6325.52,PENDENTE,2023-09-22
5041,7232,Cartão,8,Visa,6188.88,ESTORNADO,2023-04-08
5042,5171,PIX,11,,6915.45,,2024-09-16
5043,1257,PIX,10,,5921.83,PENDENTE,31/02/2025
5044,9337,Boleto,6,,1278.34,PENDENTE,2024-04-20
5045,9180,PIX,3,,8359.08,ESTORNADO,2023-12-04
5046,9536,Boleto,-5,,3265.15,ESTORNADO,2024-04-05
5047,3516,PIX,9,,4928.05,PENDENTE,2024-09-18
5048,9123,Dinheiro,12,,13626.14,ESTORNADO,2025-04-04
5049,5993,Dinheiro,12,,0,ESTORNADO,2024-12-11
5050,6630,Boleto,8,,12084.21,ESTORNADO,2022-02-18
5051,1834,Cartão,10,Visa,698.13,Pendente,24/09/2023
5052,520,Cartão,8,Elo,1935.9,PAGO,2022-02-10
5053,10954,PIX,9,,2155.64,PAGO,2024-02-23
5054,2823,Cartão,7,,40.71,ESTORNADO,2022-07-08
5055,68,PIX,5,,14535.22,ESTORNADO,2024-02-03
5056,1129,Cartão,12,,878.23,ESTORNADO,2024-11-19
5057,609,Dinheiro,6,,13429.04,PAGO,2024-08-31
5058,9888,PIX,3,,2923.87,PAGO,99/99/9999
5059,5067,Dinheiro,3,,13603.22,PENDENTE,2024-03-26
5060,9215,Cartao,12,,2838.39,PAGO,2022-01-12
5061,4023,Dinheiro,7,,7963.32,ESTORNADO,2024-03-17
5062,4209,Cartão,12,Hipercard,-500,ESTORNADO,2024-12-03
5063,7298,Dinheiro,4,,14998.38,PAGO,2023-07-06
5064,7741,Boleto,-1,,5977.5,PENDENTE,2022-01-02
5065,4794,Dinheiro,6,,2008.29,ESTORNADO,2023-03-13
5066,10462,Boleto,7,,8831.48,PAGO,2023-06-23
5067,4690,PIX,12,,7624.28,ESTORNADO,2023-01-24
5068,6755,Cartão,,Mastercard,9364.82,ESTORNADO,2024-12-05
5069,4469,PIX,,,11401.31,PAGO,10/08/2022
5070,7133,Cartão,9,Visa,,ESTORNADO,2023-04-20
5071,7463,PIX,-5,,11179.88,ESTORNADO,04-25-2024
5072,1645,Dinheiro,,,5245.0,PAGO,2023-07-12
5073,10833,PIX,3,,,,99/99/9999
5074,4966,Dinheiro,2,,6018.79,PENDENTE,2022-03-09
5075,428,PIX,,,7056.53,ESTORNADO,2024-04-04
5076,5296,Dinheiro,9,,mil,PENDENTE,2024-05-30
5077,684,Cartão,3,,14834.12,ESTORNADO,31/02/2025
5078,6572,Boleto,1,,202.02,ESTORNADO,2023-09-24
5079,5671,Dinheiro,9,,7736.67,ESTORNADO,2024-06-05
5080,5431,boleto,10,,mil,PENDENTE,2023-11-22
5081,3116,Cartão,10,American Express,1246.69,ESTORNADO,2022-10-10
5082,4173,Cartao,9,Visa,10628.8,PAGO,2022-05-08
5083,5738,Boleto,4,,2979.25,PAGO,2023-08-07
5084,1699,Boleto,4,,,ESTORNADO,2023-05-31
5085,2386,Cartão,2,Mastercard,3411.4,ESTORNADO,2022-06-06
5086,1534,Boleto,4,,,ESTORNADO,2024-03-02
5087,830,Dinheiro,1,,9068.46,PAGO,2023-11-12
5088,474,PIX,12,,11141.6,PAGO,2024-08-05
5089,9550,Dinheiro,7,,mil,Pagoo,2022-08-20
5090,8055,,2,,8175.35,PENDENTE,2023-01-06
5091,2109,Dinheiro,-1,,6280.8,PENDENTE,2023-02-23
5092,3147,PIX,10,,600.15,PENDENTE,2023-09-12
5093,1338,Dinheiro,10,,5396.16,ESTORNADO,99/99/9999
5094,9073,Cartao,2,Mastercard,2587.27,PAGO,2024-02-21
5095,7723,Boleto,7,,8821.5,PENDENTE,2023-09-13
5096,5262,Dinheiro,8,,523.55,ESTORNADO,2024-01-01
5097,4987,PIX,7,,14893.68,PENDENTE,2024-06-22
5098,4500,Boleto,1,,3248.67,ESTORNADO,2022-05-15
5099,4197,Cartão,3,,1244.92,ESTORNADO,2024-08-06
5100,5757,Cartão,5,Visa,11895.66,ESTORNADO,2024-10-06
5101,6144,Dinheiro,11,,2462.82,PAGO,2024-11-13
5102,3014,Dinheiro,11,,13905.72,PAGO,31/02/2025
5103,7121,PIX ,6,,,PENDENTE,2022-04-19
5104,125,PIX,10,,5578.84,PENDENTE,2022-05-27
5105,2244,Boleto,-1,,1659.38,PAGO,2024-09-09
5106,8109,Dinheiro,4,,14083.98,ESTORNADO,2023-09-25
5107,6978,Cartão,,Elo,14523.51,PENDENTE,2022-04-17
5108,8173,Dinheiro,10,,12048.49,PENDENTE,2024-06-17
5109,5984,Cartão,6,Hipercard,11962.57,ESTORNADO,2022-02-09
5110,3405,PIX,4,,6987.6,PENDENTE,2022-09-25
5111,784,PIX ,12,American Express,1286.65,ESTORNADO,2023-06-11
5112,10211,Boleto,10,,2453.09,PAGO,2022-08-05
5113,1662,Pixx,12,,11378.5,ESTORNADO,2022-04-23
5114,3230,Cartão,8,Visa,14411.5,ESTORNADO,05/02/2023
5115,5093,Boleto,,,2586.61,PENDENTE,2024-10-28
5116,1993,PIX,1,,10590.8,PAGO,2024-01-29
5117,3584,Cartão,5,American Express,11382.2,ESTORNADO,2024-06-27
5118,8481,PIX,9,,6522.55,PENDENTE,2024-03-02
5119,1194,Dinheiro,9,,mil,PENDENTE,2023-08-28
5120,7714,PIX,8,,8461.63,PAGO,2022-07-05
5121,8747,Boleto,6,,0,PAGO,2022-01-02
5122,3138,Dinheiro,11,,1434.78,PAGO,2025-01-22
5123,8483,PIX,4,,11412.89,ESTORNADO,2024-07-04
5124,4320,Cartão,5,,3538.17,PAGO,2022-07-29
5125,9882,Dinheiro,10,,5870.3,ESTORNADO,2023-03-10
5126,7648,Boleto,3,,3056.8,ESTORNADO,2024-06-26
5127,5604,Dinheiro,2,,11730.23,ESTORNADO,2024-07-21
5128,2129,PIX,9,,7009.43,PENDENTE,2025-03-07
5129,7726,Boleto,2,,3247.72,PAGO,2024-11-14
5130,3704,Dinheiro,1,,13467.16,PAGO,2023-03-17
5131,1326,Cartão,10,Hipercard,14541.12,ESTORNADO,2024-02-22
5132,4977,Cartão,9,Hipercard,2657.5,PENDENTE,2022-10-18
5133,7998,Dinheiro,9,,8473.54,PAGO,2025-01-18
5134,4011,Boleto,5,,8250.5,ESTORNADO,2022-11-30
5135,7098,Cartão,10,Elo,1927.14,ESTORNADO,2023-11-23
5136,8350,Boleto,-1,,14311.88,PAGO,2022-04-07
5137,7626,Cartão,2,,,PAGO,2023-06-05
5138,3879,Dinheiro,6,,mil,PENDENTE,2025-03-21
5139,8665,Dinheiro,5,,10854.04,PENDENTE,06-15-2022
5140,11164,PIX,1,,2791.93,ESTORNADO,2022-01-28
5141,9854,Cartão,3,,11013.16,PAGO,10-21-2024
5142,5493,Cartão,9,American Express,9774.88,PAGO,2024-09-05
5143,10113,PIX ,3,,14075.48,PENDENTE,2022-07-14
5144,898,Dinheiro,0,,5399.39,ESTORNADO,2022-04-21
5145,5704,PIX,6,,2019.94,PAGO,2024-08-15
5146,6843,Boleto,3,,4005.41,ESTORNADO,2022-11-06
5147,3856,Cartão,6,Hipercard,8186.09,PAGO,2023-04-06
5148,6490,PIX,3,,11452.06,PAGO,12-06-2024
5149,8402,Cartão,12,American Express,11110.97,ESTORNADO,2023-01-18
5150,8646,PIX ,4,,12443.34,ESTORNADO,2024-01-12
5151,6044,Cartão,4,Mastercard,R$500,PENDENTE,2022-10-31
5152,3898,Dinheiro,4,,12201.74,Estornado,2024-02-06
5153,11020,PIX,3,,3275.15,ESTORNADO,2022-02-28
5154,6616,Cartão,3,Mastercard,11108.75,PENDENTE,2024-04-23
5155,2053,Dinheiro,7,,3738.09,PENDENTE,2023-04-19
5156,4834,Cartão,4,Hipercard,4760.88,PENDENTE,31/02/2025
5157,8298,Dinheiro,7,,11363.94,ESTORNADO,2024-03-13
5158,3706,Pixx,9,Visa,8298.42,PAGO,2024-01-28
5159,6856,PIX,-5,,4756.09,ESTORNADO,2024-04-07
5160,5658,Pix,5,,9909.29,PENDENTE,2022-03-25
5161,3011,Boleto,5,,9567.38,PENDENTE,2024-12-22
5162,5858,Cartão,10,American Express,5787.64,PENDENTE,2022-09-07
5163,6109,PIX,7,,1588.55,ESTORNADO,2024-12-11
5164,5085,Dinheiro,11,,8867.11,Pendente,2024-07-02
5165,2870,Cartão,12,,9194.83,PAGO,2023-12-22
5166,5683,Cartão,3,Hipercard,0,ESTORNADO,2024-02-22
5167,7748,Dinheiro,7,,10232.78,ESTORNADO,2022/06/07
5168,9333,Boleto,6,,5426.75,PENDENTE,2022-01-27
5169,10156,Dinheiro,5,,2863.96,PENDENTE,2022-10-01
5170,5884,Boleto,11,,4339.52,ESTORNADO,2024-10-10
5171,826,Dinheiro,2,,10244.75,ESTORNADO,2023-05-26
5172,3813,Cartão,4,Elo,8190.87,PAGO,2024-10-21
5173,8641,Dinheiro,5,,13402.35,ESTORNADO,99/99/9999
5174,20,Boleto,10,,10289.94,ESTORNADO,2023-10-17
5175,9650,Cartão,3,American Express,1698.28,PENDENTE,2023-02-21
5176,6423,Boleto,4,,7048.08,PENDENTE,2022-11-30
5177,4700,Dinheiro,1,,3658.63,ESTORNADO,2025-02-06
5178,8263,Cartão,2,American Express,6831.43,PENDENTE,2022-10-14
5179,10028,PIX,,,7003.84,ESTORNADO,2023-09-16
5180,8051,Boleto,1,,14437.07,PENDENTE,2023-07-28
5181,6561,Dinheiro,4,,12053.51,ESTORNADO,2022-07-20
5182,7571,Dinheiro,12,,8576.66,ESTORNADO,2024-07-18
5183,3136,Boleto,-5,,6877.54,PAGO ,2023-06-27
5184,3732,Dinheiro,4,,8768.69,ESTORNADO,2022-04-26
5185,1718,Cartão,6,,11746.8,PENDENTE,2022-11-17
5186,5880,Boleto,6,,1802.92,Pagoo,2022-10-25
5187,5045,Dinheiro,0,,1964.03,Pendente,2024-05-23
5188,7269,Boleto,10,,13871.32,PENDENTE,2023-10-18
5189,2251,PIX,9,,,PENDENTE,2024-10-27
5190,5095,Cartao,4,,0,ESTORNADO,2025-01-24
5191,8598,PIX,2,,7919.74,PAGO,2024-12-16
5192,5493,PIX,4,,12957.47,PENDENTE,2024-12-12
5193,1393,Boleto,10,,364.03,PENDENTE,2022-09-21
5194,3395,PIX ,12,,7396.34,ESTORNADO,2023-06-03
5195,9394,Cartao,8,,13794.21,ESTORNADO,2022-09-03
5196,9704,Cartão,11,Mastercard,7284.3,PAGO,2022-11-03
5197,8312,PIX,9,,1831.87,PENDENTE,2023-10-11
5198,7912,PIX,4,,11551.27,PENDENTE,2022-12-08
5199,5221,Dinheiro,doze,,2479.27,PENDENTE,2022-04-18
5200,3201,Cartão,3,,50.83,PENDENTE,2022-08-17
5201,7718,Dinheiro,-1,,9337.74,PAGO,2022-12-11
5202,6413,Boleto,,,12313.63,PENDENTE,2022-12-26
5203,6,,9,,12052.03,PAGO,2023-07-21
5204,317,Cartão,8,American Express,12615.06,PAGO,2024-10-20
5205,6994,Cartão,2,,5268.79,ESTORNADO,2023-09-21
5206,1867,Dinheiro,2,,,PENDENTE,01-25-2023
5207,3906,Boleto,10,,8936.22,PAGO,2023-01-18
5208,237,Boleto,9,,,PENDENTE,2023-02-05
5209,6682,Cartão,,Visa,79.42,ESTORNADO,2024-12-31
5210,746,Boleto,,,6902.22,ESTORNADO,2024-02-02
5211,11551,Cartão,6,Elo,3674.89,PENDENTE,2023/07/10
5212,9471,Cartão,8,,1266.86,PAGO,2023-06-23
5213,8508,Dinheiro,6,,,PAGO,2022-10-14
5214,3967,PIX,,,13164.97,PAGO,08-23-2023
5215,4681,Boleto,12,,12349.49,PENDENTE,2023-04-14
5216,8229,Dinheiro,1,,1585.31,ESTORNADO,2024-11-26
5217,5832,Dinheiro,8,,,ESTORNADO,2023-08-16
5218,7414,Dinheiro,9,,13611.79,PAGO,2022-06-10
5219,3411,Boleto,12,,12744.95,PENDENTE,31/02/2025
5220,11540,PIX,2,,13130.17,PAGO,02-18-2024
5221,4967,Pix,4,,14058.56,PAGO,2025-04-01
5222,11817,PIX,12,,6627.96,PENDENTE,2024-08-28
5223,3,Cartão,-5,Visa,14825.16,PAGO,2022-02-02
5224,2038,PIX,6,,923.77,PAGO,2023-12-28
5225,5377,Cartão,12,Hipercard,5972.82,ESTORNADO,2025-01-25
5226,5152,Boleto,,,12318.99,ESTORNADO,2024-12-26
5227,782,Boleto,6,,2656.55,ESTORNADO,2024-09-15
5228,4492,PIX,12,,R$500,PENDENTE,2023-08-21
5229,3807,Dinheiro,9,,2983.88,ESTORNADO,2024-07-09
5230,11204,Dinheiro,4,,8272.55,PENDENTE,2024-08-18
5231,6172,Cartão,6,Hipercard,9641.13,PENDENTE,2023-09-07
5232,5939,Cartão,12,Mastercard,12427.43,PENDENTE,2023-12-08
5233,11073,Dinheiro,1,,7247.89,ESTORNADO,2023-02-26
5234,2346,Boleto,6,,8864.39,PENDENTE,2024-11-03
5235,9399,PIX,11,,1395.01,PAGO,2024-01-12
5236,256,Dinheiro,4,,5113.01,PAGO,2024-06-30
5237,7492,Boleto,5,,mil,ESTORNADO,2023-10-30
5238,8755,Cartão,11,,11997.38,ESTORNADO,2025-02-03
5239,2477,Pixx,2,,9133.71,PENDENTE,2022-08-31
5240,4825,Dinheiro,7,,2522.0,PENDENTE,2022-01-01
5241,7181,Dinheiro,11,,3700.05,PAGO,2022-06-18
5242,3293,Boleto,11,,3165.54,PENDENTE,2022-05-06
5243,8763,pix,7,,5887.75,PENDENTE,27/05/2022
5244,9646,PIX,11,,1370.32,PENDENTE,99/99/9999
5245,5590,Cartão,12,,12601.91,ESTORNADO,2022-03-25
5246,7886,Dinheiro,1,,1944.58,PAGO,2023-01-05
5247,2172,PIX,9,,9038.08,ESTORNADO,2025-03-14
5248,2775,Boleto,4,,11067.11,PENDENTE,2023-05-02
5249,7193,Boleto,4,,4486.88,PENDENTE,2024-05-16
5250,3248,Cartão,2,American Express,1801.99,PENDENTE,2023-02-08
5251,11041,PIX,7,,3720.05,PAGO,2022-04-18
5252,8847,Dinheiro,1,,11026.55,PENDENTE,99/99/9999
5253,224,Dinheiro,9,,13384.32,Pagoo,2022-12-24
5254,3901,boleto,12,,10776.53,PENDENTE,2022-05-16
5255,4697,Boleto,4,,7889.15,PENDENTE,2022-12-07
5256,8009,Boleto,7,,286.92,PAGO,2022-08-04
5257,2415,Boleto,1,,7410.28,ESTORNADO,2024-06-03
5258,2511,Cartão,11,Hipercard,8226.51,PAGO,2024-03-24
5259,9030,Dinheiro,9,,0,ESTORNADO,2024-05-03
5260,563,Cartão,5,Elo,8869.12,PAGO,2022-01-20
5261,10378,PIX,10,,10502.35,PAGO,2024-05-22
5262,7191,Pix,5,,6412.8,ESTORNADO,2022-10-18
5263,8111,Boleto,3,,14950.73,PAGO,2024-09-13
5264,5723,PIX,8,,14223.23,Pendente,2024-06-17
5265,846,Boleto,12,,13995.18,Pagoo,2025-01-18
5266,4379,Dinheiro,7,,12641.54,PAGO,2024-03-23
5267,3293,PIX,7,,12265.72,PENDENTE,2023-11-03
5268,4253,Cartão,,Visa,10067.72,PENDENTE,2022-05-11
5269,4477,Boleto,6,,6465.83,ESTORNADO,2023-03-10
5270,2659,Cartão,6,Hipercard,14029.84,ESTORNADO,2022-03-13
5271,823,Dinheiro,9,,1162.59,PAGO,2025-01-17
5272,2518,Boleto,11,,707.21,ESTORNADO,2022-07-23
5273,8724,PIX,12,,13339.96,PAGO,2022-05-21
5274,4172,Cartão,3,Elo,-500,PENDENTE,2023-03-28
5275,4407,PIX,8,,7595.27,PENDENTE,2024-08-28
5276,3924,Boleto,11,,5159.03,ESTORNADO,2024-05-23
5277,2817,Dinheiro,11,,13169.99,ESTORNADO,2024-05-19
5278,7644,Boleto,4,,6202.99,PAGO,2022-05-04
5279,7938,Boleto,7,,-500,ESTORNADO,2023-10-09
5280,1314,Boleto,12,,8302.48,PAGO,2023-10-27
5281,1428,Dinheiro,1,,14205.95,PENDENTE,2024-07-21
5282,2064,Dinheiro,4,,10698.18,ESTORNADO,2024-02-13
5283,7290,PIX,doze,,770.63,ESTORNADO,2024-04-09
5284,6166,Boleto,-1,,2422.0,ESTORNADO,31/02/2025
5285,6346,Dinheiro,8,,9977.94,ESTORNADO,2024-05-25
5286,8604,Cartão,10,,8252.41,ESTORNADO,2022-04-27
5287,1289,Dinheiro,11,,2786.16,PENDENTE,2022-11-02
5288,8741,Pix,4,,6491.13,PENDENTE,2023-11-02
5289,8220,PIX,1,,,ESTORNADO,2024-04-09
5290,5681,Cartão,8,Visa,-500,PENDENTE,2022-01-15
5291,2955,Boleto,11,,4178.94,PAGO,2023-10-15
5292,2604,Boleto,5,,8382.51,ESTORNADO,2022-03-05
5293,3585,Dinheiro,9,,5956.59,PAGO,2024-10-01
5294,1640,boleto,10,Elo,10134.72,PAGO,2023-04-25
5295,10357,Cartão,1,American Express,,PAGO,2023-07-30
5296,865,Dinheiro,,,3268.26,PENDENTE,2022-06-02
5297,5826,Cartão,1,Hipercard,7798.26,PENDENTE,2024-05-27
5298,1718,PIX,4,,14134.24,PAGO,2024-05-06
5299,7839,Dinheiro,4,,4055.04,ESTORNADO,2022-09-14
5300,2748,Dinheiro,12,,6881.47,Pendente,2023-09-20
5301,9392,Cartão,11,Elo,13170.61,PENDENTE,2023-01-10
5302,9064,pix,9,,13400.31,ESTORNADO,2024-08-27
5303,6851,PIX,9,,6894.73,PAGO,2024-11-30
5304,6596,Boleto,7,,,PAGO,2023-03-17
5305,8735,PIX,11,,14673.73,PENDENTE,2023-01-08
5306,7651,PIX,,,8185.69,PAGO,2025-03-29
5307,11824,Dinheiro,5,,6710.42,PAGO ,2023-09-28
5308,8402,,1,,,Estornado,2025-01-10
5309,9508,Boleto,,,11439.05,PAGO,2022-12-13
5310,5791,Cartão,,Visa,mil,ESTORNADO,2025-02-01
5311,10413,Boleto,8,,5120.88,PENDENTE,2023-02-23
5312,3225,PIX,7,,5437.42,PENDENTE,2023-09-21
5313,6974,Boleto,6,,3105.24,ESTORNADO,2024-08-08
5314,7305,PIX,9,,8163.87,PAGO,2023-11-07
5315,8702,Dinheiro,9,,,PENDENTE,2023-07-04
5316,6221,Cartão,2,,14823.44,PAGO,2023-08-28
5317,10446,Dinheiro,11,,1365.68,PAGO,2022-06-28
5318,7488,Boleto,8,,3643.9,Pendente,2023-07-01
5319,9222,Dinheiro,4,,3010.68,Estornado,2022-04-18
5320,4435,Dinheiro,2,,3203.32,PENDENTE,2024-08-11
5321,3801,PIX,,,10014.42,PAGO,2024-10-11
5322,5317,PIX,2,,10108.91,ESTORNADO,2022-05-30
5323,7270,Boleto,2,,6034.26,PENDENTE,2022-11-17
5324,355,Dinheiro,5,,8307.06,PENDENTE,2022-09-02
5325,9377,Boleto,2,,13535.16,PAGO ,2023-01-02
5326,2949,Boleto,2,,14150.95,PAGO,2023/06/15
5327,4403,PIX,9,,8854.92,PENDENTE,2025-02-23
5328,5150,PIX,,,8635.71,ESTORNADO,2023-07-29
5329,5390,Dinheiro,2,,9557.4,PAGO,21/04/2023
5330,8831,PIX,10,,2675.21,ESTORNADO,2023-11-14
5331,11822,Dinheiro,1,,13524.57,PAGO,2024-05-19
5332,6232,Dinheiro,10,,R$500,PENDENTE,2023-12-26
5333,2123,Cartão,9,Mastercard,8746.4,PENDENTE,2023-05-02
5334,715,Cartão,9,Hipercard,8875.32,PAGO,2022-05-29
5335,6242,Pixx,doze,,13607.55,PAGO,2022-10-29
5336,9154,Cartão,12,Mastercard,11469.6,PAGO,2025-03-24
5337,9072,PIX,1,,9985.51,ESTORNADO,2025-02-03
5338,3444,Cartão,3,Elo,10027.14,PAGO,2023-10-01
5339,8571,PIX,6,,1081.02,PENDENTE,2024-04-18
5340,5763,PIX,5,,12899.94,ESTORNADO,2022-06-18
5341,7965,PIX,8,,6640.23,pago,2023-06-25
5342,11919,Dinheiro,9,,8734.71,PENDENTE,2024-09-23
5343,6160,Cartão,10,,6098.23,ESTORNADO,2024-09-26
5344,8911,Cartão,-1,Elo,14434.02,PENDENTE,2022-08-22
5345,3831,Dinheiro,4,,1213.43,PENDENTE,2023-07-20
5346,10749,Pixx,12,,13101.22,PENDENTE,2024-08-27
5347,6022,Boleto,3,,5702.66,PENDENTE,2022-04-16
5348,7512,Boleto,,,9547.13,,2022-01-26
5349,6546,Cartão,11,American Express,11978.06,ESTORNADO,2023-06-14
5350,5584,PIX,11,,14105.36,PENDENTE,2023-07-17
5351,9501,,12,,2792.38,PAGO,2024-02-06
5352,4652,,2,Elo,12694.9,PENDENTE,2024-07-08
5353,10107,Boleto,3,,14013.87,PENDENTE,2024-07-11
5354,6499,Cartão,2,Visa,7601.27,Pago,2024-05-15
5355,7015,PIX,5,,-500,PAGO,2024-05-06
5356,5047,Cartão,11,Visa,6794.92,ESTORNADO,2023-10-20
5357,5931,Dinheiro,6,,9868.59,ESTORNADO,2022-04-08
5358,4197,Dinheiro,4,,4104.03,PENDENTE,2024-04-04
5359,3207,PIX,-1,,2707.62,ESTORNADO,2022-12-10
5360,6464,Dinheiro,12,,,Pago,2023-04-23
5361,4450,Cartão,1,Mastercard,9917.26,ESTORNADO,2023-11-25
5362,8120,Dinheiro,10,,14350.18,ESTORNADO,2023-07-16
5363,8006,Dinheiro,,,8125.74,PENDENTE,2022-07-22
5364,9318,Dinheiro,10,,12104.59,,2023-10-25
5365,5175,Cartão,4,Hipercard,5650.03,PAGO,2025-01-01
5366,3777,Dinheiro,12,,707.87,ESTORNADO,2022-06-03
5367,4414,Boleto,,,13901.56,ESTORNADO,2023-08-06
5368,501,Cartão,6,Mastercard,,ESTORNADO,2024-01-23
5369,5049,Boleto,8,,13977.15,ESTORNADO,2024-04-21
5370,5980,PIX ,6,,10333.58,ESTORNADO,2022-03-22
5371,4724,PIX,6,,13601.88,PAGO,2024-05-20
5372,5249,Boleto,6,,7993.93,ESTORNADO,2023-11-15
5373,6441,Dinheiro,-5,,384.22,PAGO,2022-01-10
5374,7817,Cartão,2,,7392.35,ESTORNADO,2022-10-10
5375,6407,PIX,8,,3785.64,PENDENTE,2023-09-26
5376,3026,PIX,12,,7995.96,PENDENTE,2025-03-14
5377,3757,Dinheiro,5,,1560.61,ESTORNADO,2023-02-17
5378,10195,Dinheiro,7,,13104.18,PAGO,2024-06-28
5379,4442,Cartão,8,,0,PAGO,2023-11-21
5380,9118,Boleto,12,,14138.26,PENDENTE,2025-03-17
5381,7859,PIX,1,,8704.19,ESTORNADO,2022-05-11
5382,2302,PIX,10,,6756.99,PENDENTE,2024-05-17
5383,3822,PIX,10,,450.69,PAGO,2023-06-27
5384,2505,PIX,,,664.42,ESTORNADO,2024-08-22
5385,8723,PIX,doze,,13608.63,ESTORNADO,2022-06-07
5386,398,Dinheiro,,,13247.15,PAGO,2024-10-22
5387,11645,Cartão,2,Hipercard,14628.74,ESTORNADO,2022-04-24
5388,6000,Dinheiro,3,,3795.83,PENDENTE,2024-03-24
5389,5903,PIX,4,,13268.31,ESTORNADO,2022-10-26
5390,4698,Boleto,10,,12568.87,ESTORNADO,2024-12-29
5391,5808,Boleto,8,,12645.93,PAGO,2022-03-10
5392,2072,PIX,9,,R$500,ESTORNADO,2025-04-12
5393,1523,Dinheiro,11,,1736.87,ESTORNADO,2022-02-10
5394,6080,Dinheiro,1,,5006.45,ESTORNADO,2023-11-17
5395,3563,PIX,10,,1752.98,PENDENTE,2022-04-05
5396,9980,Cartão,10,Mastercard,R$500,Pendente,2023-02-25
5397,2860,Dinheiro,1,,8344.69,ESTORNADO,2023-11-07
5398,11421,Boleto,,,7965.43,ESTORNADO,2022-01-25
5399,10852,PIX,7,,8377.32,PENDENTE,2023-02-17
5400,7601,Cartão,12,,3411.63,ESTORNADO,2022-09-07
5401,5607,Cartão,10,Hipercard,813.12,PAGO,2023-10-02
5402,1735,Dinheiro,4,,,PAGO,2022-08-06
5403,9126,Cartão,1,Mastercard,,PENDENTE,2023-06-09
5404,7248,Cartão,8,American Express,12532.78,PENDENTE,2023-07-10
5405,1562,Pix,7,,4210.21,ESTORNADO,2025-03-28
5406,9264,PIX,10,,100.91,PENDENTE,2024-10-21
5407,100,Boleto,,,1930.99,ESTORNADO,2022-08-10
5408,6724,PIX,7,,4210.17,PENDENTE,2022-05-27
5409,9306,Dinheiro,10,,2568.88,PAGO,2024-07-11
5410,6980,Cartão,9,Elo,5091.78,ESTORNADO,2023-12-08
5411,9184,PIX,11,,5081.02,PAGO,2024-03-14
5412,708,Boleto,3,,2699.31,PAGO,2022-09-24
5413,4409,PIX,3,,14397.78,ESTORNADO,2024-03-10
5414,7120,Dinheiro,11,,1742.14,PAGO ,25/07/2022
5415,1672,boleto,,,2252.23,ESTORNADO,2025-03-31
5416,1767,Boleto,7,,2283.13,PAGO,2024-05-10
5417,618,PIX,8,,1969.41,PAGO,2022-11-12
5418,2569,Boleto,11,,R$500,PAGO,2024-07-19
5419,5577,PIX,10,,11864.97,PAGO,2024-09-17
5420,3879,PIX,11,,436.81,PAGO,2024-09-13
5421,597,Cartão,1,,3053.68,PAGO ,2022-03-31
5422,1031,Cartão,5,Elo,14791.73,PENDENTE,2022-08-28
5423,9655,Boleto,1,,1764.39,PENDENTE,2024-10-26
5424,9058,Cartão,6,,456.36,ESTORNADO,2025-04-09
5425,9337,Pix,5,,2834.0,PAGO,2024-11-01
5426,7231,Boleto,10,,0,ESTORNADO,2024-04-08
5427,338,Boleto,4,,,ESTORNADO,2024-12-19
5428,6042,Dinheiro,8,,3684.67,PENDENTE,2022-01-15
5429,1712,PIX,3,,4929.59,ESTORNADO,2022-05-29
5430,2549,PIX,6,,617.97,ESTORNADO,2022-10-05
5431,777,PIX,4,,12230.04,PAGO,2024-06-18
5432,2959,Cartão,doze,Elo,5255.72,ESTORNADO,2023-09-14
5433,7049,Boleto,12,,8446.81,PAGO,2022-06-08
5434,2202,Cartão,8,,11705.41,PENDENTE,2024-04-17
5435,1239,Cartão,6,,10375.88,ESTORNADO,2023-12-21
5436,8930,PIX,1,,1173.24,PAGO,2024-12-31
5437,192,Dinheiro,10,,1070.24,PAGO,2024-08-18
5438,11174,Dinheiro,-1,,11082.83,ESTORNADO,2022-10-28
5439,4459,Cartão,12,American Express,12033.75,Pago,2022-06-12
5440,9108,Cartão,3,Visa,5324.95,pago,2023-08-09
5441,2832,Dinheiro,5,,2144.11,PAGO,2023-05-05
5442,3644,Cartão,7,Hipercard,,PAGO,2023-09-26
5443,5118,PIX,-1,,9487.47,PENDENTE,2025-01-11
5444,8144,PIX,2,,6518.29,ESTORNADO,2023-01-29
5445,7739,Dinheiro,4,,763.84,PAGO,2022-08-08
5446,3251,PIX,4,,3758.7,PENDENTE,2022-12-03
5447,4421,Boleto,7,,13534.64,ESTORNADO,2024-09-14
5448,9320,Dinheiro,4,,14516.39,PAGO,2023-06-12
5449,5101,Dinheiro,2,,13370.41,PENDENTE,2022-02-09
5450,8304,PIX,-1,,1240.69,PENDENTE,2023-08-01
5451,780,Boleto,12,,13498.73,PENDENTE,2022-03-12
5452,10853,Dinheiro,1,,4879.35,PENDENTE,2023-03-27
5453,8991,PIX,3,,3986.4,PENDENTE,2023-10-08
5454,2286,PIX,3,,3788.19,ESTORNADO,2025-02-16
5455,7050,PIX,6,,9676.9,PENDENTE,2022-08-10
5456,7756,Cartão,11,,1591.05,PAGO,2024-08-09
5457,5923,PIX,8,,11842.15,PAGO,2024-11-18
5458,10810,Cartão,,Visa,7752.3,ESTORNADO,2023-07-25
5459,10806,PIX,8,,13253.3,ESTORNADO,2023-10-10
5460,2174,Boleto,4,,2233.63,PENDENTE,2023-05-06
5461,517,Dinheiro,4,,4246.8,PENDENTE,2023-06-10
5462,3597,,6,,6720.3,Pagoo,2023-04-15
5463,4431,Boleto,7,,6548.18,Pendente,2025-03-18
5464,1522,Cartão,12,Mastercard,13020.46,PAGO,2023-10-11
5465,3655,pix,6,,13286.93,PAGO,2022-05-04
5466,8967,Boleto,5,,9355.51,PAGO,2023-04-30
5467,3472,Dinheiro,8,,R$500,PAGO,2022-07-06
5468,10981,boleto,2,,7423.97,ESTORNADO,2023-03-17
5469,5428,Dinheiro,6,,6779.06,PAGO,2024-03-09
5470,3785,Cartão,9,,9211.38,PENDENTE,2022-01-22
5471,3954,Cartão,11,American Express,14206.21,,2023-12-08
5472,9177,PIX,11,,3092.28,PENDENTE,2023-05-23
5473,6623,Dinheiro,1,,1019.22,PAGO,2024-06-27
5474,4641,Dinheiro,,,13339.69,ESTORNADO,2023-11-04
5475,655,Cartão,5,Visa,13885.85,PENDENTE,2022-09-14
5476,9804,Dinheiro,1,,8670.5,ESTORNADO,2023-11-14
5477,3374,Cartão,10,American Express,5560.36,ESTORNADO,2024-03-16
5478,986,PIX,,,13618.82,PAGO,03/07/2022
5479,2274,PIX,8,,10021.61,PAGO,2024-03-03
5480,8166,Dinheiro,4,,13785.52,PENDENTE,2024-05-01
5481,8098,PIX,6,,4675.89,PENDENTE,2024-05-23
5482,5497,Dinheiro,4,,1266.46,PENDENTE,2023-01-07
5483,9078,PIX,,,-500,ESTORNADO,2024-11-15
5484,887,PIX,12,,7443.41,PAGO,2024-03-25
5485,9640,PIX,9,,13544.27,PAGO,2024-11-07
5486,4585,pix,10,,8236.19,PAGO,2024-07-11
5487,4442,Cartão,11,Hipercard,10023.17,PENDENTE,2025-03-04
5488,5952,Boleto,1,,R$500,ESTORNADO,2023-12-03
5489,6059,Cartão,12,American Express,,ESTORNADO,2023-12-14
5490,4781,Cartão,3,Visa,9563.46,ESTORNADO,2023-07-27
5491,3629,Cartão,3,,,ESTORNADO,2025-02-09
5492,8674,Boleto,3,,14216.11,PENDENTE,2022-03-30
5493,6468,Dinheiro,5,,,PAGO,2023/08/19
5494,1080,PIX,6,,11720.89,PAGO,2024-10-22
5495,7409,Dinheiro,7,,2403.45,ESTORNADO,2024-02-05
5496,8592,Dinheiro,4,,571.94,PENDENTE,2025-02-07
5497,7308,PIX,4,,3745.05,ESTORNADO,99/99/9999
5498,248,Cartão,0,,7254.51,PAGO,2022-06-29
5499,3971,Dinheiro,12,,3500.77,PAGO,2025-04-10
5500,1868,PIX,8,,13793.75,PENDENTE,2025-01-07
5501,2435,Boleto,12,,,Pendente,2023-01-12
5502,6472,PIX,12,,5967.21,PENDENTE,2024-09-09
5503,1347,boleto,3,,14271.95,ESTORNADO,2023/10/14
5504,7203,Cartão,8,,7351.51,PENDENTE,2023-10-02
5505,9051,Cartão,6,,10862.44,PAGO,2024-07-27
5506,4689,Boleto,8,,12229.11,PENDENTE,2024-11-11
5507,4162,PIX,11,,1162.89,PENDENTE,2023-08-31
5508,1424,PIX,12,,12567.52,PENDENTE,2022-08-08
5509,3269,Cartão,10,Hipercard,5468.12,PAGO,2022-02-11
5510,9598,Dinheiro,3,,2602.11,PAGO,2022-01-22
5511,4277,Boleto,11,,4417.64,PENDENTE,2024-07-15
5512,5784,Dinheiro,-1,,1875.91,ESTORNADO,2024-01-16
5513,8254,Dinheiro,11,,7402.88,PENDENTE,99/99/9999
5514,6713,PIX,1,,12451.46,PAGO,2022-03-22
5515,7390,Boleto,0,,,ESTORNADO,2023-11-14
5516,3668,Dinheiro,1,,5846.07,PAGO,2022-09-30
5517,5458,PIX,10,,13390.74,PAGO,2022-03-17
5518,7247,Boleto,-5,,1796.3,ESTORNADO,2024-03-13
5519,8303,Boleto,12,,mil,PENDENTE,2023-09-23
5520,10537,,11,,7783.59,PAGO,2022-09-28
5521,11398,Boleto,2,,3369.54,ESTORNADO,2023-02-21
5522,3705,Boleto,-5,,6623.68,ESTORNADO,2023-05-19
5523,8196,Dinheiro,8,,7814.64,PAGO,2024-09-01
5524,652,Boleto,11,,1374.04,ESTORNADO,2022-08-13
5525,263,PIX,3,,8203.62,ESTORNADO,2022-09-20
5526,4823,Cartão,10,Hipercard,3342.41,PENDENTE,2024-11-19
5527,7307,Cartão,2,Visa,11502.74,PENDENTE,2022-01-17
5528,7706,PIX,6,,11929.68,PENDENTE,2022-05-22
5529,9564,Cartão,2,Mastercard,9231.55,ESTORNADO,2024-05-08
5530,8308,PIX ,,,,ESTORNADO,2024-04-11
5531,2422,PIX,1,,738.25,ESTORNADO,2024-10-01
5532,10542,Cartão,-1,Hipercard,6299.53,ESTORNADO,2025-01-21
5533,4791,Cartão,2,,13735.01,PAGO,2023-01-11
5534,6160,Boleto,12,,10164.21,ESTORNADO,2024-06-29
5535,5299,Dinheiro,7,,2613.21,ESTORNADO,2023-01-04
5536,7295,PIX,3,,13649.82,PAGO,2025-01-29
5537,9088,Boleto,12,,9864.23,PENDENTE,2022-01-26
5538,6811,Dinheiro,10,,12566.83,PAGO,2023-02-20
5539,1894,Dinheiro,3,,1722.93,ESTORNADO,2024-11-17
5540,7074,Dinheiro,6,,12405.77,PAGO,2023-02-17
5541,7842,Dinheiro,2,,12571.04,ESTORNADO,2025-02-13
5542,2659,Boleto,,,14844.74,PAGO,2022-12-03
5543,1035,Dinheiro,,,,Pendente,2023-03-31
5544,5433,PIX,0,,2292.85,,2023-01-15
5545,5078,Cartão,8,Mastercard,14053.75,PENDENTE,2024-03-24
5546,8005,Dinheiro,5,,6214.45,PAGO,2024-05-15
5547,4066,Boleto,9,,7470.97,,2024-11-21
5548,650,,11,,10800.37,PENDENTE,2024/01/05
5549,4477,Boleto,,,14868.53,PAGO,2023-01-04
5550,6786,Boleto,1,,404.95,ESTORNADO,2022-05-05
5551,6651,Dinheiro,doze,,2965.24,PENDENTE,2022-07-14
5552,8354,PIX,8,,6883.78,PENDENTE,2023-05-09
5553,8075,Boleto,3,,,PAGO,2022-04-02
5554,647,Cartao,11,,11700.01,PENDENTE,2022-12-22
5555,9177,PIX,9,,9224.45,ESTORNADO,2023-03-03
5556,10106,Cartão,5,Visa,11769.22,ESTORNADO,2023-06-17
5557,4891,Cartão,11,Elo,,PENDENTE,2023/04/11
5558,2443,Dinheiro,1,,3051.98,PENDENTE,2023-12-28
5559,4477,PIX,,,11447.15,ESTORNADO,2022-12-04
5560,3389,PIX,11,,3759.94,PENDENTE,2023-11-20
5561,10328,Boleto,9,,11519.11,PAGO,2023-05-14
5562,147,Cartão,1,,6695.56,PAGO,2022-07-22
5563,10956,Boleto,5,,,PAGO,99/99/9999
5564,7557,Cartão,6,,7659.34,Pagoo,2022-02-13
5565,11199,Cartão,8,Visa,988.04,ESTORNADO,2022-10-04
5566,8658,Cartão,7,Elo,5326.73,PAGO,2022/06/25
5567,2618,Boleto,12,,13929.44,PAGO,2022-01-13
5568,323,Cartão,9,Visa,8657.41,PAGO,2023-05-30
5569,3906,Boleto,3,,9198.19,ESTORNADO,2022-01-22
5570,1152,PIX,2,,R$500,ESTORNADO,2023-11-19
5571,6735,Boleto,11,,9090.51,PENDENTE,2023-07-15
5572,2009,Dinheiro,7,,3736.57,PAGO,2025-04-04
5573,8242,Cartão,6,Elo,8144.26,PENDENTE,2022-08-08
5574,6847,Boleto,9,,12857.31,Pendente,2022-06-10
5575,7993,PIX,10,,9545.68,Pagoo,2023-08-14
5576,3642,Boleto,6,,9636.76,PAGO,2024-02-01
5577,9278,Dinheiro,8,,9721.77,PENDENTE,2022-11-30
5578,8182,Boleto,doze,,12735.31,ESTORNADO,2024-08-15
5579,9967,Dinheiro,11,,9357.85,PENDENTE,2022-12-23
5580,9008,PIX,1,,,PAGO,2023-03-20
5581,3601,Dinheiro,6,,13731.42,ESTORNADO,2024-05-20
5582,9393,Dinheiro,2,,4193.02,ESTORNADO,2022-11-21
5583,778,Cartão,4,,14429.28,ESTORNADO,2024-07-19
5584,7321,Cartão,10,American Express,7738.15,ESTORNADO,2024-02-13
5585,8235,Boleto,,,562.13,PENDENTE,03-26-2024
5586,11328,Dinheiro,2,,5144.22,PAGO,2024-11-14
5587,17,Dinheiro,4,,2879.37,PAGO,2024-02-01
5588,3245,Cartão,4,Elo,12791.05,ESTORNADO,2023-07-04
5589,8122,Dinheiro,,,479.86,PAGO,2024-08-06
5590,3943,Boleto,1,,3667.89,ESTORNADO,2022-12-17
5591,20,Dinheiro,7,,6820.12,ESTORNADO,2023-09-04
5592,10641,Boleto,1,,8231.75,PAGO,2023-06-10
5593,1306,Boleto,10,,R$500,PENDENTE,2024-06-18
5594,2264,Cartão,7,American Express,5011.71,ESTORNADO,2023-05-20
5595,11864,Cartão,4,,13866.54,PAGO,2025-03-13
5596,5565,Dinheiro,5,,13512.97,ESTORNADO,2022-08-31
5597,10562,Boleto,7,,231.45,PENDENTE,99/99/9999
5598,4520,pix,1,,5110.54,PENDENTE,2023-10-15
5599,6033,Cartão,4,,mil,ESTORNADO,2023-06-10
5600,5858,Cartão,12,Mastercard,70.62,ESTORNADO,2023-04-23
5601,9142,Dinheiro,11,,5071.75,PENDENTE,2024-02-28
5602,9998,PIX,9,,11069.78,PENDENTE,2024-11-05
5603,7877,Boleto,7,,14541.99,PENDENTE,2024-02-20
5604,5255,PIX,,,13282.3,ESTORNADO,2024-11-05
5605,6460,Dinheiro,1,,6525.5,ESTORNADO,2022-12-10
5606,7918,PIX,-5,,9688.1,ESTORNADO,2025-03-22
5607,9691,PIX,6,,8809.77,PENDENTE,2022-02-06
5608,3610,Boleto,9,,14393.29,PAGO,2025-02-16
5609,7864,Boleto,2,,9642.63,,2024-01-10
5610,1453,Dinheiro,3,,13859.02,ESTORNADO,2023-05-30
5611,8946,PIX,12,,7844.76,ESTORNADO,2023-03-26
5612,7569,Dinheiro,1,,417.55,pago,2024-02-21
5613,2923,Boleto,11,,14996.32,ESTORNADO,2025-02-06
5614,919,Boleto,5,,2315.92,PAGO,2024-12-24
5615,6644,Boleto,,,11822.9,PAGO,2025/01/04
5616,187,PIX,12,,9283.91,ESTORNADO,2022-02-15
5617,3664,Dinheiro,3,,818.1,ESTORNADO,2023-06-23
5618,10842,PIX,,,3589.27,PAGO,2024-10-27
5619,8754,,4,,,PAGO,2025-03-14
5620,1542,PIX,2,,5975.4,ESTORNADO,2022-03-26
5621,10044,Dinheiro,6,,0,ESTORNADO,2023-07-21
5622,2290,pix,5,,,PENDENTE,20/11/2024
5623,3665,Cartão,3,American Express,7165.95,PAGO,2023-12-16
5624,6958,Dinheiro,2,,9379.04,,2022-02-23
5625,8106,Boleto,4,,10167.63,ESTORNADO,2025-01-11
5626,10671,Cartão,12,Elo,8518.09,PENDENTE,2024-02-05
5627,10155,PIX,1,,1921.89,Pendente,2024-01-07
5628,1876,PIX,6,,5479.06,PENDENTE,2024-08-04
5629,8700,Dinheiro,12,,3243.1,ESTORNADO,2023-06-09
5630,3108,PIX,8,,6687.53,PAGO ,2024-08-12
5631,6702,Boleto,5,,9753.05,PENDENTE,2022-09-23
5632,2832,Dinheiro,12,,1409.69,ESTORNADO,2024-09-19
5633,6287,PIX,2,,11368.39,PAGO,25/03/2025
5634,3348,Dinheiro,3,,412.67,ESTORNADO,2024-09-07
5635,2240,PIX,,,6350.21,PENDENTE,2023-08-23
5636,2181,Cartão,12,,13126.03,PAGO,2023-08-10
5637,7348,Boleto,8,,9523.59,PAGO,2022-01-09
5638,6369,PIX,5,,8996.2,ESTORNADO,2023-06-17
5639,7656,Cartão,2,Elo,3352.01,PAGO,2023-11-13
5640,9347,Dinheiro,4,,2337.44,ESTORNADO,2022-08-25
5641,6551,PIX,11,,5077.29,ESTORNADO,2023-01-30
5642,5705,Dinheiro,6,,13561.73,PENDENTE,2024-05-13
5643,8423,Boleto,9,,14136.76,ESTORNADO,2024-04-02
5644,9145,PIX,,,0,PAGO,2024-10-08
5645,4731,PIX,,,688.41,ESTORNADO,2023-11-26
5646,2475,Cartão,7,American Express,10794.34,ESTORNADO,99/99/9999
5647,4296,Dinheiro,12,,11418.05,PAGO,2024-05-15
5648,1920,Dinheiro,5,,10408.45,PENDENTE,2022-11-30
5649,2548,Cartão,11,Visa,7289.29,PAGO,2023-03-08
5650,3060,Boleto,11,,603.9,ESTORNADO,2022-01-28
5651,204,Boleto,-5,,10828.28,PAGO,2024-10-07
5652,1258,Cartão,9,,4150.35,PENDENTE,2023-08-09
5653,185,Dinheiro,11,,mil,PAGO,2024-11-14
5654,4650,Cartão,doze,Hipercard,10737.23,Pagoo,2025-02-18
5655,6465,Boleto,4,,,PENDENTE,2023-07-13
5656,3819,Cartão,2,Elo,12369.26,PENDENTE,2024-08-18
5657,7987,Dinheiro,11,,8862.05,PENDENTE,2024-05-18
5658,10916,Cartão,2,Hipercard,6977.52,,2023-08-25
5659,3047,PIX,4,,1701.81,ESTORNADO,14/01/2024
5660,11372,Boleto,0,,11457.14,PAGO,2022-10-25
5661,9096,PIX,1,,6079.21,Pagoo,2022-10-26
5662,2112,Cartão,-1,Mastercard,1536.06,PENDENTE,2023-08-27
5663,277,Boleto,5,,10800.3,PAGO,2023-11-22
5664,5982,Cartão,9,Elo,9384.21,ESTORNADO,2024-01-20
5665,9375,Cartão,4,,6043.76,PENDENTE,2025-03-24
5666,3376,Cartão,0,Hipercard,5552.41,PENDENTE,2023-05-03
5667,4502,Cartão,8,,3918.72,PAGO,2024-10-27
5668,1096,Dinheiro,-1,,,ESTORNADO,99/99/9999
5669,1587,Boleto,10,,10585.71,PAGO,2022-12-03
5670,4454,PIX,7,,3785.31,PAGO,2024-06-08
5671,9608,Dinheiro,1,,0,PAGO,2023-12-21
5672,6597,Boleto,8,,mil,PENDENTE,2023-06-23
5673,10194,PIX,11,,3615.98,PAGO,2022-03-08
5674,11900,PIX,2,,mil,PENDENTE,2024-06-02
5675,4392,Cartão,11,Elo,3669.7,ESTORNADO,2024-05-13
5676,3424,PIX,2,,7873.82,pago,2022-08-19
5677,9258,Boleto,5,,3468.98,PAGO,2022-01-21
5678,6148,Dinheiro,3,,7699.91,ESTORNADO,2022-07-06
5679,3403,Cartão,8,Elo,13435.72,PAGO,2025-02-12
5680,5976,Cartão,3,,466.76,ESTORNADO,2024-09-01
5681,63,,9,,1671.91,PAGO,2024-07-04
5682,8465,Dinheiro,10,,8248.03,PENDENTE,2022-10-23
5683,7026,Cartão,6,Elo,,ESTORNADO,31/02/2025
5684,8728,Cartão,10,Hipercard,9605.14,PAGO,2024-03-14
5685,7187,PIX,7,,9696.61,Pago,2022-07-24
5686,714,Cartão,7,American Express,R$500,ESTORNADO,2023-08-21
5687,4672,Pixx,9,,1599.5,PAGO ,2024-05-05
5688,2150,PIX,2,,8290.57,PAGO,99/99/9999
5689,9866,pix,1,,7406.08,PENDENTE,2023-01-01
5690,203,Boleto,9,,427.35,ESTORNADO,2024-07-24
5691,3015,Boleto,10,,6576.51,ESTORNADO,16/12/2022
5692,10473,Boleto,5,,3623.2,PAGO,01-27-2025
5693,7354,Dinheiro,-5,,1080.47,ESTORNADO,2023-05-16
5694,1719,Cartão,5,Visa,-500,PAGO,2024-06-21
5695,1026,Boleto,3,,13380.68,PAGO,2022-05-01
5696,318,PIX,9,,mil,PENDENTE,2025-03-11
5697,10442,Dinheiro,6,,-500,PAGO,2024-07-20
5698,2405,Cartão,5,American Express,6046.45,PAGO,2022-10-26
5699,6014,PIX,2,,3938.93,ESTORNADO,2024-02-18
5700,9850,Dinheiro,2,,6664.91,PAGO,2022-12-08
5701,4206,Cartão,6,,1613.85,ESTORNADO,2024-06-01
5702,5244,Boleto,7,,7205.13,PAGO,2024-08-15
5703,10319,Dinheiro,5,,5027.97,ESTORNADO,99/99/9999
5704,4973,Dinheiro,3,,4776.57,ESTORNADO,2022-05-29
5705,59,PIX,1,,2722.13,PENDENTE,2022-12-31
5706,4221,Dinheiro,12,,8842.8,PENDENTE,2023-01-16
5707,4037,PIX,9,,12042.95,PAGO,2023-05-13
5708,10884,PIX ,11,,13181.04,ESTORNADO,2022-03-22
5709,497,Cartão,12,,12195.7,ESTORNADO,2022-05-27
5710,7806,Boleto,5,,10333.96,PAGO,2023-07-17
5711,6544,Boleto,doze,,mil,pago,2022-05-08
5712,8594,Dinheiro,2,,1492.45,PENDENTE,2024-05-04
5713,4493,pix,2,,12646.19,ESTORNADO,2023-09-24
5714,10294,Dinheiro,3,,mil,ESTORNADO,2024-05-19
5715,2375,boleto,8,,12697.9,Pagoo,2025-02-04
5716,7378,PIX,5,,3762.23,,10/02/2022
5717,3975,Cartão,1,Visa,,ESTORNADO,2022-04-16
5718,5660,Boleto,1,,4767.73,PENDENTE,2023-12-16
5719,7373,Dinheiro,10,,9618.0,PAGO,04-07-2025
5720,2589,Boleto,9,,11411.87,PAGO,2022-05-22
5721,1943,Boleto,1,,2428.25,Estornado,2024-07-28
5722,3927,PIX,8,,mil,PAGO,2023-01-01
5723,7841,Dinheiro,2,,11172.61,ESTORNADO,2024-06-07
5724,6536,Boleto,4,,9255.41,PENDENTE,2024-06-19
5725,9367,Boleto,6,,13656.2,PENDENTE,2022-08-21
5726,9748,Cartão,,Hipercard,12782.07,Pendente,2023-07-15
5727,6573,Dinheiro,,,3821.92,PENDENTE,2025-03-22
5728,1239,Cartão,,Hipercard,1890.63,PENDENTE,2022-07-15
5729,6593,,2,Visa,4570.36,ESTORNADO,2024-12-05
5730,9935,Dinheiro,11,,2829.36,PENDENTE,2023-08-05
5731,2089,Dinheiro,3,,,PENDENTE,10-27-2023
5732,2111,PIX,10,,14780.0,ESTORNADO,2023-06-11
5733,9155,Boleto,10,,7406.48,ESTORNADO,2023-05-18
5734,1251,Dinheiro,8,,5696.18,PENDENTE,2024-11-11
5735,4018,Boleto,doze,,R$500,ESTORNADO,2023-03-10
5736,5894,Boleto,8,,1288.93,Pago,2024-05-01
5737,4245,Dinheiro,10,,mil,ESTORNADO,2023-12-11
5738,647,PIX,12,,2699.13,pago,2024-11-16
5739,7104,Cartão,6,Visa,7388.94,PAGO,2024-03-14
5740,3680,Cartão,2,American Express,5935.77,PAGO,2024-12-26
5741,560,Cartão,1,Hipercard,845.09,PAGO,2022-04-05
5742,7159,Cartão,7,Elo,13303.87,PENDENTE,2022-09-21
5743,2366,Dinheiro,8,,11017.88,PAGO,2023-12-08
5744,11864,Cartão,10,,9076.45,PAGO,2024-07-24
5745,10116,Boleto,12,,2670.61,PAGO,2024-06-24
5746,6804,Cartão,3,Visa,6041.12,PENDENTE,2024-11-25
5747,6474,Boleto,5,,6953.82,ESTORNADO,31/02/2025
5748,7953,Dinheiro,9,,883.9,PAGO,28/01/2025
5749,171,Dinheiro,doze,,938.3,PENDENTE,2023-12-16
5750,5318,Cartão,6,,,ESTORNADO,2024-03-27
5751,10015,,8,,,PENDENTE,2024-06-07
5752,3664,Cartão,5,,9003.41,ESTORNADO,2022-12-08
5753,4387,Cartão,9,Hipercard,12369.69,PAGO,2022-09-13
5754,6364,Boleto,5,,12306.11,PENDENTE,2024-02-09
5755,9452,Boleto,3,,11506.59,PENDENTE,2024-05-21
5756,5430,PIX,10,,10214.47,PENDENTE,2022-01-04
5757,7840,PIX,6,,8680.22,PAGO,2024-11-11
5758,7156,Cartão,8,Hipercard,11104.63,PAGO,2023-08-31
5759,487,Dinheiro,0,,12677.57,PAGO,2022-10-06
5760,7217,Cartão,,,,PAGO,2023-11-10
5761,5709,Pixx,11,American Express,8538.32,PAGO,2024-05-06
5762,1546,PIX,4,,1425.91,ESTORNADO,2023-04-27
5763,1284,Dinheiro,5,,5350.23,PENDENTE,2025-01-01
5764,1619,Dinheiro,8,,R$500,ESTORNADO,2023-09-01
5765,6705,Dinheiro,8,,13829.05,PAGO,2025-01-31
5766,6975,PIX,10,,7341.79,PENDENTE,2023-01-20
5767,2593,Cartão,9,American Express,12307.89,PAGO,2023-04-18
5768,7816,boleto,4,,3673.92,ESTORNADO,2023/04/09
5769,448,Dinheiro,5,,1586.92,ESTORNADO,2022-04-17
5770,9727,Boleto,,,6953.75,PAGO,2024-12-31
5771,3099,PIX,,,9293.85,PAGO,2025-02-27
5772,2784,PIX,,,9211.42,PAGO,2024-04-16
5773,6179,Dinheiro,3,,9104.56,PAGO,2023-03-02
5774,5266,Dinheiro,10,,11377.89,ESTORNADO,2023-05-05
5775,9044,Boleto,3,,1724.1,ESTORNADO,2022-03-15
5776,9110,Boleto,12,,12255.82,PENDENTE,2024-11-18
5777,1968,Dinheiro,9,,417.93,,2024-12-27
5778,4168,PIX,8,,,Pendente,2024-01-08
5779,8018,Cartão,8,American Express,7211.23,PAGO,2023-08-12
5780,2947,Cartão,1,Elo,2991.18,PENDENTE,2022-07-23
5781,5190,PIX,4,,6122.23,PENDENTE,2023-04-12
5782,6478,Cartão,11,Elo,0,ESTORNADO,2023/08/27
5783,7961,Dinheiro,8,,8805.04,PAGO,2023-10-26
5784,4392,Dinheiro,2,,3094.56,PENDENTE,2022-01-06
5785,10258,Boleto,7,,2754.16,ESTORNADO,2024-02-27
5786,6790,Boleto,1,,14412.72,PAGO ,2022-08-23
5787,7095,Pixx,8,,1024.43,ESTORNADO,2024-09-21
5788,6852,Dinheiro,10,,,PAGO,2023-09-27
5789,6808,Cartão,2,Mastercard,9939.76,PAGO,2022-10-28
5790,492,Dinheiro,5,,12849.52,ESTORNADO,2023-01-18
5791,1110,Cartão,2,Hipercard,,PAGO,2024-05-11
5792,8003,PIX,7,,13924.83,PAGO,99/99/9999
5793,1423,Dinheiro,9,,13881.96,PENDENTE,2023-02-25
5794,4715,Cartão,12,,3446.52,ESTORNADO,2024-11-23
5795,7119,Cartão,,,5753.2,ESTORNADO,2022-05-19
5796,3593,Dinheiro,1,,7535.16,PENDENTE,2023-08-07
5797,9727,PIX,7,,11158.9,ESTORNADO,2022-09-13
5798,5311,Boleto,,,5234.73,PENDENTE,2023-12-08
5799,5834,Dinheiro,12,,11576.97,PAGO,2022-04-18
5800,11293,Cartão,doze,American Express,691.76,PENDENTE,2024-09-08
5801,2165,Cartao,5,Visa,2743.47,ESTORNADO,2022-11-17
5802,11474,PIX,9,,11333.06,PENDENTE,2023-11-19
5803,6763,PIX,6,,2723.58,ESTORNADO,2024/10/21
5804,2672,PIX,1,,298.45,PAGO,2025-01-20
5805,9401,Cartão,2,American Express,9662.48,ESTORNADO,2023-07-21
5806,944,Cartão,12,American Express,11885.76,ESTORNADO,2023-03-02
5807,6009,PIX,12,,11572.75,PENDENTE,2024-03-12
5808,8537,Cartão,11,Visa,9274.51,ESTORNADO,2023-05-19
5809,9908,Boleto,12,,13594.7,PAGO,2024-08-25
5810,7480,PIX,11,,mil,ESTORNADO,2024-08-01
5811,4030,Pixx,11,,6009.46,Estornado,2022-02-26
5812,9919,Pix,1,,,PAGO,2022-08-15
5813,8255,Boleto,9,,3185.18,PENDENTE,2022-03-28
5814,2226,Boleto,2,,10497.31,ESTORNADO,99/99/9999
5815,1569,Dinheiro,6,,14350.23,Pagoo,2022-03-31
5816,7127,Boleto,3,,8716.28,PAGO,2024-03-17
5817,4030,PIX,4,,276.87,PENDENTE,2024-10-08
5818,3237,PIX,7,,8448.34,ESTORNADO,2024-01-02
5819,3036,Boleto,4,,12903.99,PAGO,2023-01-06
5820,9159,Pix,11,,13066.74,PENDENTE,2022-03-05
5821,7703,Boleto,9,,11417.14,PENDENTE,2023-02-12
5822,2964,Boleto,5,,7568.02,ESTORNADO,2022-03-01
5823,8635,Dinheiro,0,,6603.85,PENDENTE,2022-07-06
5824,3915,Boleto,11,,14999.15,ESTORNADO,2022-06-30
5825,7902,Dinheiro,10,,2547.35,PENDENTE,2024-02-16
5826,8490,Cartão,12,Mastercard,14105.47,ESTORNADO,2025-02-06
5827,5683,Boleto,8,,9042.42,ESTORNADO,2022-12-10
5828,9374,boleto,11,,9292.06,PENDENTE,2022-04-06
5829,10540,Dinheiro,,,8702.75,PENDENTE,2022-09-12
5830,1341,Dinheiro,8,,9507.15,PAGO,2022-01-24
5831,10703,Boleto,1,,7819.66,PAGO,2022-03-05
5832,2090,Dinheiro,11,,13296.48,ESTORNADO,2022-10-20
5833,3981,Dinheiro,8,,,ESTORNADO,2022-11-22
5834,1851,Pixx,11,,8134.9,,2023-01-16
5835,10935,PIX,6,,4532.23,ESTORNADO,2024-12-13
5836,4642,Dinheiro,9,,0,ESTORNADO,2022-03-16
5837,9159,Dinheiro,2,,0,PENDENTE,2022-06-18
5838,5363,Cartão,9,Visa,9850.2,ESTORNADO,2022-11-15
5839,131,Boleto,9,,9942.38,,2022-04-14
5840,4256,PIX,2,,12741.25,PENDENTE,2023-10-31
5841,458,Dinheiro,-5,,11035.61,ESTORNADO,2022-08-07
5842,7083,Boleto,-5,,R$500,ESTORNADO,31/02/2025
5843,2390,Dinheiro,6,,11278.12,PAGO,2022-10-23
5844,5683,Cartão,4,American Express,4476.21,ESTORNADO,2022-03-23
5845,7425,Cartão,,Visa,5015.86,PAGO,11/11/2023
5846,6070,PIX,12,,12285.96,PAGO,2022-10-29
5847,5875,Dinheiro,,,6728.74,PAGO,2022-09-28
5848,5913,Dinheiro,3,,5122.26,ESTORNADO,2022-04-16
5849,7500,Cartão,5,Elo,13808.48,ESTORNADO,2022-08-07
5850,4282,PIX,5,,4868.34,PENDENTE,2022-11-28
5851,9533,Cartão,8,American Express,1609.24,PENDENTE,2024-12-26
5852,2718,Cartão,5,Mastercard,13816.92,ESTORNADO,2024-12-07
5853,7652,Dinheiro,,,8308.91,ESTORNADO,2023-05-01
5854,10819,Cartão,11,Elo,2666.12,PAGO,2022-01-25
5855,2626,PIX,4,,10332.63,PAGO,2022-10-15
5856,3410,Cartão,9,American Express,6513.95,PAGO,2024-07-05
5857,4452,PIX,6,,2899.13,ESTORNADO,2024-09-15
5858,734,PIX,2,,-500,Estornado,2024-11-21
5859,1405,PIX,2,,14260.69,PAGO,2024-05-17
5860,4855,Dinheiro,12,,-500,,2022-01-04
5861,1765,Dinheiro,12,,R$500,ESTORNADO,2022-06-23
5862,2142,Boleto,doze,,7343.74,PENDENTE,2022-06-17
5863,8378,Cartão,4,American Express,957.8,ESTORNADO,2024-08-13
5864,3493,Boleto,8,,4085.79,PENDENTE,2022-11-18
5865,2381,Cartão,doze,,-500,ESTORNADO,2022-08-18
5866,5746,Dinheiro,10,,1596.68,PAGO,2024-03-19
5867,8048,PIX,10,,14279.82,ESTORNADO,2024-02-04
5868,5919,Boleto,12,,13810.84,PENDENTE,2022-06-28
5869,2710,PIX,6,,6131.07,PAGO,2023-08-09
5870,7330,PIX,1,,2161.76,ESTORNADO,2023-06-13
5871,4596,PIX ,2,,12249.34,PENDENTE,2022-05-15
5872,8827,Cartão,,Elo,6608.03,PAGO,2023-03-25
5873,9535,PIX ,1,,872.15,PENDENTE,2022-10-28
5874,2224,Dinheiro,2,,10927.17,PAGO,13/05/2023
5875,5989,Dinheiro,10,,13954.77,PAGO,2023-12-28
5876,7644,Boleto,12,,6781.82,PENDENTE,2023-05-04
5877,7355,PIX,8,,6037.65,PAGO,2023-05-30
5878,9586,Boleto,10,,7190.11,PENDENTE,2022-05-22
5879,2825,Cartão,12,Mastercard,8121.56,ESTORNADO,2024-02-18
5880,7480,Cartão,3,American Express,1727.08,ESTORNADO,2024-05-22
5881,8448,PIX,8,,7552.07,PENDENTE,2025-01-29
5882,3143,Cartão,5,Mastercard,10653.7,PAGO,2023-01-21
5883,4517,PIX,1,,9583.12,PAGO,2024-06-10
5884,816,Cartão,6,Mastercard,2407.07,PAGO,2022-10-15
5885,9425,Cartão,,Mastercard,4138.64,ESTORNADO,2022-09-15
5886,11971,PIX,1,,8233.94,PAGO,2022-04-16
5887,615,Cartão,2,Visa,mil,ESTORNADO,2023-11-12
5888,8120,Dinheiro,doze,,7600.28,PENDENTE,2023-09-04
5889,4300,Pixx,8,,6104.44,PENDENTE,2022-10-11
5890,597,Cartão,12,Hipercard,8118.55,ESTORNADO,2022-10-19
5891,9480,PIX,9,,2047.43,Pendente,2023-04-26
5892,2712,Cartão,7,,13341.75,pago,99/99/9999
5893,7302,Boleto,5,,2053.46,ESTORNADO,2024-11-13
5894,11229,Cartao,2,,5359.09,ESTORNADO,2022-12-01
5895,1223,PIX,12,,14534.34,PENDENTE,06/01/2025
5896,4596,Dinheiro,12,,8513.45,PENDENTE,2023-01-25
5897,4465,PIX,2,,11571.03,ESTORNADO,05-28-2023
5898,2738,Boleto,11,,7536.91,PAGO,2023-08-01
5899,5738,Dinheiro,,,1785.9,ESTORNADO,2025-03-01
5900,6440,Boleto,10,,7799.61,PENDENTE,2024-06-13
5901,5230,Boleto,7,,4913.11,PENDENTE,2022-07-28
5902,10731,Cartão,5,,7786.7,PENDENTE,2022-05-30
5903,2116,Cartao,12,,4103.21,ESTORNADO,2023-01-29
5904,2934,Boleto,5,,14519.97,ESTORNADO,2022-08-21
5905,6644,PIX,1,,3234.98,PAGO,2022-06-09
5906,6680,Cartão,1,Hipercard,3662.12,PAGO,2024-04-30
5907,11982,Dinheiro,2,,,PENDENTE,2024-06-05
5908,6665,Dinheiro,7,,11448.53,PENDENTE,2022-08-31
5909,3396,Boleto,11,,4942.46,PENDENTE,2022-06-20
5910,9746,Cartão,10,Visa,1704.83,ESTORNADO,2023-02-26
5911,11187,PIX,12,,3994.83,PENDENTE,2023-02-07
5912,4446,Boleto,10,,7527.56,PENDENTE,2023-04-23
5913,9966,Boleto,1,,2281.46,PAGO,2025-01-23
5914,10221,Boleto,8,,5721.51,PENDENTE,2023-08-02
5915,9057,PIX,7,,6952.15,PENDENTE,12/07/2022
5916,2852,Pixx,2,,0,pago,2025-03-05
5917,1586,Dinheiro,7,,3556.93,ESTORNADO,2025-02-21
5918,5071,Cartao,6,,2084.25,PENDENTE,2024-12-19
5919,900,PIX,8,,5965.66,PAGO,2024-09-15
5920,9542,boleto,5,,5344.4,ESTORNADO,2023-07-02
5921,8039,pix,4,,3523.31,PAGO,2024-08-10
5922,9011,Boleto,8,,1091.18,PAGO,2024-12-03
5923,10449,Boleto,,,,PAGO,2024-05-21
5924,7366,Cartão,10,Mastercard,7120.4,PAGO,31/02/2025
5925,919,PIX,12,,2750.72,ESTORNADO,2022-10-31
5926,10791,Cartão,10,Hipercard,7888.86,PAGO,2024-06-17
5927,4839,Dinheiro,3,,9894.17,PAGO,2023-04-24
5928,5523,Pix,11,Hipercard,8702.3,Pendente,2025-03-12
5929,8867,Cartão,7,American Express,11139.74,PENDENTE,2022-02-14
5930,5479,Dinheiro,10,,979.98,ESTORNADO,2022-01-04
5931,7078,Boleto,11,,2367.87,ESTORNADO,2023-07-10
5932,10469,PIX,11,,14352.12,ESTORNADO,2023-08-09
5933,4879,Boleto,8,,12583.98,PAGO,2025-03-30
5934,4568,Boleto,6,,11616.55,Pago,2023-07-19
5935,3890,Cartão,9,,10888.63,PAGO,2022-08-12
5936,8976,Pixx,doze,,9020.64,PAGO,2023-06-19
5937,3714,Cartão,doze,Visa,1322.19,PAGO,2025-03-27
5938,34,Boleto,4,,14970.4,PENDENTE,2024-11-10
5939,10607,pix,6,,,ESTORNADO,2023-02-10
5940,4353,Cartão,6,Mastercard,0,PENDENTE,2022-12-23
5941,5623,Boleto,5,,8632.23,PAGO,2022-06-07
5942,6372,Dinheiro,8,,4622.37,PENDENTE,2022-12-14
5943,10425,Cartão,6,Visa,2145.02,ESTORNADO,2023-06-11
5944,79,Boleto,1,,0,PENDENTE,2022-05-15
5945,5153,Cartão,10,Elo,,PENDENTE,2022-02-06
5946,4129,Dinheiro,6,,13211.24,ESTORNADO,2023-05-09
5947,2413,Dinheiro,,,2812.08,PAGO,2023-07-18
5948,9891,Cartão,8,American Express,14256.16,ESTORNADO,2022-09-10
5949,8061,Boleto,4,,5765.73,PENDENTE,99/99/9999
5950,6879,Dinheiro,9,,2187.57,ESTORNADO,2024-03-31
5951,4836,PIX,11,,11219.74,PAGO,2022-11-03
5952,8719,Dinheiro,3,,4541.39,PAGO,2022-06-08
5953,11952,Cartão,12,,5217.48,PENDENTE,2022-01-26
5954,11942,Dinheiro,11,,9243.35,PAGO,2023/08/31
5955,5959,Boleto,doze,,12462.42,PAGO,2024-02-05
5956,151,Dinheiro,12,,9255.75,pago,2023-09-13
5957,10616,PIX,,,14961.6,ESTORNADO,2025-01-03
5958,5996,,8,,5781.78,PAGO,2024-05-13
5959,550,Boleto,2,,4814.59,PAGO,2024-07-08
5960,11687,Boleto,12,,1886.36,ESTORNADO,2023-10-28
5961,5651,Dinheiro,1,,7203.52,PENDENTE,2023-10-15
5962,11310,Cartão,6,Mastercard,10620.66,PAGO,2022-08-02
5963,4694,Boleto,12,,-500,PAGO,2023-06-17
5964,6892,Cartão,11,Elo,12872.4,PENDENTE,2023-01-03
5965,5221,Boleto,2,,10731.33,PAGO,2024-06-20
5966,11860,Dinheiro,7,,5567.33,PAGO,2024-05-30
5967,450,Boleto,4,,9261.25,PAGO,2023-12-09
5968,5194,,-5,,14437.09,PENDENTE,2024-10-23
5969,2047,Boleto,12,,5975.95,PENDENTE,31/02/2025
5970,4697,Boleto,5,,,PENDENTE,2022-05-11
5971,9294,Boleto,11,,13063.78,PENDENTE,2022-10-11
5972,9261,Dinheiro,7,,5227.93,ESTORNADO,2023-03-24
5973,8523,Dinheiro,8,,,PENDENTE,2024-09-16
5974,10294,Cartão,6,,6205.32,Pagoo,2022-01-23
5975,3619,PIX,5,,14220.11,PAGO,2022-03-26
5976,8976,Cartão,11,,12538.48,PAGO,31/02/2025
5977,1343,Cartão,2,,1499.78,PAGO,2022-08-15
5978,5446,Cartão,12,,14796.37,PENDENTE,2024-08-14
5979,7481,PIX,4,,10766.97,ESTORNADO,2022-01-11
5980,672,Dinheiro,5,,4182.28,PAGO,2023-12-01
5981,4147,PIX,8,,9304.54,PAGO,2024-04-14
5982,9981,PIX,0,,2192.22,PENDENTE,2022-06-07
5983,5696,Cartão,11,,5914.12,ESTORNADO,2022-12-28
5984,3914,Boleto,,,3243.99,PAGO,2023-09-22
5985,3976,PIX,2,,mil,PAGO,2023-05-05
5986,7220,Dinheiro,4,,0,ESTORNADO,2023-12-23
5987,3043,PIX,1,,13898.64,PAGO,2022-03-02
5988,6592,Cartão,5,American Express,14027.84,ESTORNADO,2024-01-11
5989,2314,PIX,,,3254.77,pago,2023-10-22
5990,9578,PIX,6,,13208.1,PENDENTE,2022-05-05
5991,10825,Dinheiro,8,,6872.09,PAGO,2024-03-20
5992,4054,Cartão,0,,8443.47,Pendente,2023-07-25
5993,7189,Dinheiro,,,,ESTORNADO,2024-06-28
5994,5975,Cartão,doze,Mastercard,11976.44,ESTORNADO,2022-10-13
5995,7500,Cartão,9,American Express,2776.01,ESTORNADO,2023-06-30
5996,4558,Dinheiro,1,,10870.29,ESTORNADO,2023-02-11
5997,6195,Cartão,-5,Visa,13861.24,PAGO,2023-01-19
5998,8361,PIX,7,,1771.6,PAGO,2024-11-13
5999,6938,Dinheiro,6,,6844.52,PAGO,2022-12-24
6000,2478,Boleto,5,,8498.57,PAGO,2022-04-28
6001,8038,Dinheiro,7,,7107.37,ESTORNADO,2022-03-27
6002,3983,Dinheiro,1,,11998.18,ESTORNADO,2025-02-17
6003,648,Dinheiro,2,,5796.95,PAGO,2024-10-14
6004,9963,Boleto,5,,257.63,ESTORNADO,2023-04-30
6005,2435,Cartão,doze,Elo,12736.18,PAGO,31/02/2025
6006,7034,Cartao,2,,13796.68,PENDENTE,2023-12-05
6007,2190,Pix,7,Elo,9594.07,PENDENTE,2024-06-14
6008,5307,PIX,2,,9629.85,ESTORNADO,2023-10-16
6009,10250,Dinheiro,8,,1701.57,PAGO,2023-12-30
6010,7518,Boleto,,,mil,PENDENTE,2023-09-06
6011,4047,Boleto,3,,7721.58,ESTORNADO,2024-08-02
6012,3575,Cartão,10,,R$500,ESTORNADO,2022-10-09
6013,5933,PIX,4,,11010.67,ESTORNADO,2024-03-06
6014,1480,Dinheiro,6,,7270.58,ESTORNADO,2023-03-10
6015,472,Dinheiro,7,,572.26,PENDENTE,2024-10-19
6016,9188,PIX,6,,11868.9,PAGO,2025-01-26
6017,3448,PIX,8,,13585.95,PENDENTE,2022-03-01
6018,8746,Dinheiro,0,,6793.8,ESTORNADO,2024-02-06
6019,4609,Dinheiro,5,,1300.2,PENDENTE,2024-01-18
6020,3728,Boleto,,,6128.06,PAGO,2022-10-16
6021,924,PIX,6,,3132.57,PAGO,2023-08-19
6022,6419,Boleto,11,,1216.0,PAGO,2022-02-26
6023,8194,Boleto,-1,,850.89,PENDENTE,2023-10-25
6024,4770,PIX,1,,,PENDENTE,2024-11-22
6025,9104,Dinheiro,12,,0,PAGO,2022-11-24
6026,8391,Dinheiro,6,,4311.04,ESTORNADO,2022-11-20
6027,7508,Cartão,5,,3222.91,PAGO,2022-11-27
6028,1728,PIX ,,,4455.96,PAGO,2022-04-13
6029,4340,Dinheiro,5,,,PENDENTE,2024-03-05
6030,2688,Dinheiro,9,,1262.9,ESTORNADO,2024-06-09
6031,1389,PIX,5,,10876.76,PAGO,2025-02-20
6032,6112,Dinheiro,2,,10204.02,ESTORNADO,2022-01-23
6033,5616,PIX,11,,12965.37,ESTORNADO,2022-08-31
6034,2422,Boleto,4,,242.92,ESTORNADO,2023-01-20
6035,2849,PIX,8,,1087.16,ESTORNADO,2022-08-25
6036,5785,PIX,7,,10794.28,ESTORNADO,2024-05-07
6037,7629,Cartão,2,Visa,14178.41,PAGO,2023-12-20
6038,3982,Boleto,11,,mil,PAGO,2025-04-01
6039,143,PIX,5,,10332.9,Pendente,31/02/2025
6040,8721,Cartão,4,Elo,1595.45,PENDENTE,2025-01-13
6041,1424,boleto,12,American Express,14893.47,PENDENTE,2024-04-10
6042,2948,Dinheiro,2,,9736.76,PENDENTE,2022-09-17
6043,7727,Boleto,8,,3099.41,ESTORNADO,2025-01-13
6044,5932,Boleto,7,,8462.61,PENDENTE,2024-06-19
6045,2831,Dinheiro,4,,517.38,PAGO,2023-04-12
6046,6205,PIX,8,,357.36,ESTORNADO,2023-10-07
6047,9063,Cartão,-1,Mastercard,0,PENDENTE,2024-04-18
6048,3319,PIX,,,109.37,ESTORNADO,2022-05-26
6049,9717,PIX ,2,Visa,R$500,PENDENTE,2023-01-07
6050,9598,PIX,-1,,1686.42,PAGO,2023-01-21
6051,1695,PIX,1,,9377.57,ESTORNADO,2023-02-20
6052,7990,Cartão,10,Mastercard,3205.8,PAGO,2024-06-01
6053,8470,Dinheiro,5,,7316.72,PAGO,2024-03-24
6054,398,PIX,,,9219.39,PENDENTE,2022-10-22
6055,3425,PIX,12,,2224.54,PAGO,2024-01-27
6056,4947,Boleto,4,,-500,PAGO,2025-02-26
6057,484,Dinheiro,doze,,9512.87,ESTORNADO,2022-08-10
6058,2957,Dinheiro,2,,12911.51,PENDENTE,2025-01-10
6059,3363,Cartão,,,14852.32,ESTORNADO,2023-01-29
6060,3988,Cartão,,,14442.51,PAGO,2022-09-02
6061,8639,Dinheiro,1,,3595.88,PAGO,2022-03-10
6062,5593,Cartão,3,Elo,7102.0,PAGO,2024-05-11
6063,10045,Boleto,,,R$500,PAGO,2023-03-13
6064,8829,Cartão,11,Mastercard,,PENDENTE,2024-08-17
6065,5640,PIX,10,,9714.14,PENDENTE,2023-10-25
6066,7706,Cartão,2,American Express,0,PENDENTE,2024-04-08
6067,3699,Boleto,4,,12810.22,PAGO,2024-12-29
6068,5752,PIX,11,,8002.79,Pagoo,31/02/2025
6069,2386,Dinheiro,-5,,5595.9,PENDENTE,30/01/2023
6070,3862,pix,2,,11016.48,PAGO,2023-04-01
6071,8954,Boleto,5,,10191.22,PENDENTE,2024-11-09
6072,8939,Boleto,12,,12800.04,PAGO,2024-12-07
6073,723,Cartão,10,Hipercard,2987.17,ESTORNADO,2023-04-09
6074,11315,PIX,4,,mil,PENDENTE,2022-12-19
6075,669,Dinheiro,9,,13348.02,Pendente,2024-05-06
6076,860,PIX,4,,14516.32,ESTORNADO,2023-10-08
6077,3174,Boleto,12,,14935.36,ESTORNADO,2023-03-18
6078,1522,Boleto,8,,11817.94,PENDENTE,2023-11-25
6079,8055,Cartão,5,American Express,11381.82,PENDENTE,2024-01-27
6080,7065,PIX,5,,14645.2,Pagoo,2024-05-24
6081,8760,Dinheiro,5,,R$500,PAGO,2023-08-13
6082,6257,PIX,6,,4324.76,ESTORNADO,2024-09-09
6083,6138,Cartão,12,,8922.12,PAGO,2024-09-22
6084,261,Dinheiro,10,,0,PENDENTE,2023-07-10
6085,958,Cartão,11,Elo,5409.14,PAGO,31/02/2025
6086,3079,Dinheiro,7,,13501.1,PENDENTE,2024-07-23
6087,3164,Cartão,1,Mastercard,9110.98,PAGO,2024-04-03
6088,2430,Cartão,3,American Express,3232.34,PAGO,2025-03-11
6089,7724,Dinheiro,5,,,PENDENTE,2023-05-08
6090,982,Cartão,5,Visa,12883.26,PENDENTE,2022-07-23
6091,10364,Cartão,3,Visa,6744.04,ESTORNADO,2024-03-08
6092,6427,PIX,1,,12184.87,PENDENTE,99/99/9999
6093,8434,Cartão,doze,,6316.43,PENDENTE,2023-12-20
6094,1070,PIX ,,,14506.41,PENDENTE,2023-10-25
6095,9393,PIX,5,,651.23,PENDENTE,2023-03-24
6096,518,PIX,,,4717.99,PENDENTE,2023-02-15
6097,7813,Dinheiro,10,,6150.02,PENDENTE,2022-11-14
6098,4078,Dinheiro,4,,8800.08,PENDENTE,2024-10-26
6099,4021,Boleto,5,,12395.92,ESTORNADO,2023-10-20
6100,9812,Cartão,12,Elo,12455.79,ESTORNADO,2022-10-19
6101,9078,Cartão,5,,1474.75,ESTORNADO,2024-11-14
6102,9400,PIX,,,8555.72,PAGO,2024-09-03
6103,8596,Boleto,11,,7754.01,ESTORNADO,2024-02-24
6104,1650,Cartão,4,Visa,12046.11,ESTORNADO,2024-01-02
6105,10119,Dinheiro,9,,2899.35,PENDENTE,2024-01-12
6106,8406,Boleto,7,,8104.49,PENDENTE,2022-12-13
6107,7747,Dinheiro,-1,,2700.56,pago,2023-04-06
6108,9964,pix,7,,7916.32,ESTORNADO,2024-02-14
6109,3427,PIX,12,,12429.06,ESTORNADO,2024-02-21
6110,6252,Boleto,4,,9729.27,PAGO,2023-12-30
6111,2771,Boleto,,,-500,ESTORNADO,2024-07-09
6112,7755,Cartão,10,Mastercard,,Pago,2023-01-03
6113,5390,Boleto,10,,846.54,PENDENTE,2022-04-10
6114,6733,Dinheiro,10,,8224.52,PAGO,2023-09-21
6115,3154,Cartão,9,Mastercard,11181.5,ESTORNADO,2025-01-01
6116,4105,PIX,1,,10658.96,PAGO,2022-01-05
6117,4125,Boleto,5,,4354.12,pago,2023-06-27
6118,8695,PIX,-1,,4755.74,PAGO,2024-07-30
6119,9306,Boleto,4,,8472.22,PAGO,2023-11-10
6120,2382,PIX,9,,7381.45,PENDENTE,2024-10-11
6121,3865,PIX,11,,R$500,ESTORNADO,2022-07-20
6122,1042,Boleto,1,,10153.14,PAGO,2023-09-01
6123,7130,Pix,4,,mil,ESTORNADO,2024-08-31
6124,7645,PIX,,,2006.39,PAGO,2024-09-24
6125,8433,Boleto,6,,2903.9,PENDENTE,2024-12-15
6126,3284,Boleto,9,,3785.51,PAGO,2022-02-10
6127,9751,PIX,10,,14031.98,ESTORNADO,31/02/2025
6128,3277,boleto,10,Mastercard,9159.1,ESTORNADO,2023/12/08
6129,5523,Cartão,1,,,PENDENTE,2024-06-21
6130,7104,Boleto,6,,5547.51,PENDENTE,2023-11-17
6131,5681,Cartão,9,Mastercard,,ESTORNADO,2022-04-16
6132,3758,Cartão,11,Visa,6074.07,ESTORNADO,2022-05-08
6133,11137,PIX,11,,5374.69,PENDENTE,10/01/2024
6134,1890,Dinheiro,7,,13980.21,pago,2022-01-04
6135,209,,3,,5139.36,ESTORNADO,2023-01-21
6136,1811,Cartão,5,American Express,9323.78,ESTORNADO,2022-11-16
6137,8018,Cartão,3,Mastercard,13201.03,ESTORNADO,2024-07-23
6138,9343,Boleto,4,,2021.45,ESTORNADO,2024-04-12
6139,9279,Dinheiro,6,,3838.63,ESTORNADO,02-15-2023
6140,1414,PIX,11,,10361.56,PAGO,2022-12-01
6141,7035,Dinheiro,11,,14897.65,PAGO,2025-01-28
6142,6220,Boleto,11,,11459.35,ESTORNADO,2023-07-02
6143,4912,Boleto,10,,12820.73,ESTORNADO,2022-09-15
6144,7324,Dinheiro,3,,12465.8,PAGO,2024-03-19
6145,6490,PIX,3,,8318.92,PAGO,2023-10-18
6146,7475,Cartão,2,American Express,2156.5,PENDENTE,2022-02-25
6147,2715,PIX,6,,14901.6,PENDENTE,2023-07-01
6148,1392,PIX,10,,11922.09,PENDENTE,08-18-2022
6149,7681,PIX,4,,-500,PENDENTE,2022-01-07
6150,3389,Dinheiro,1,,12051.51,ESTORNADO,2022-10-10
6151,9490,Cartão,8,Mastercard,,PAGO,2024-11-20
6152,9898,Dinheiro,8,,5422.12,PENDENTE,2023-06-04
6153,2318,Boleto,1,,1011.98,ESTORNADO,2024-11-22
6154,1856,Boleto,6,,5553.46,PAGO,2024-09-24
6155,8548,Dinheiro,9,,3860.45,PENDENTE,2024-03-19
6156,2986,Cartão,doze,Visa,-500,Pago,2022-10-21
6157,6879,Boleto,4,,,PAGO,2022-01-04
6158,8830,Dinheiro,11,,10112.32,PENDENTE,2022-02-13
6159,25,Cartão,6,Elo,3737.38,PAGO,2024-04-08
6160,148,Dinheiro,5,,2145.76,ESTORNADO,2023-03-21
6161,9328,PIX,0,,,PENDENTE,2023-07-10
6162,552,Boleto,9,,6536.89,ESTORNADO,2024-04-20
6163,6403,PIX,5,,12464.53,ESTORNADO,2022-07-22
6164,5778,PIX,-5,,5987.52,PAGO,2022-12-07
6165,4203,Dinheiro,9,,2929.39,PAGO,2022-04-05
6166,7533,Cartão,7,,0,ESTORNADO,2023-12-31
6167,8757,PIX,7,,5544.31,PENDENTE,99/99/9999
6168,2875,Cartão,12,Hipercard,6993.07,PAGO,2022-11-21
6169,1577,Cartão,7,Mastercard,5179.05,ESTORNADO,2023-06-03
6170,11699,Dinheiro,12,,11910.99,PENDENTE,2022-05-09
6171,8675,Cartão,5,,3098.52,PENDENTE,2024-09-26
6172,2542,PIX,1,,,PAGO,2024-06-26
6173,4369,Boleto,-1,,4372.25,PAGO,2022-06-23
6174,6138,PIX,11,,2822.48,PAGO,2023-02-02
6175,2791,pix,10,,859.66,PAGO,2025-01-30
6176,11826,Boleto,11,,2624.67,PAGO,2022-02-12
6177,4769,Pixx,12,Hipercard,3410.89,ESTORNADO,2022-07-23
6178,4900,PIX,10,,2479.85,Pago,2024-01-25
6179,4871,Dinheiro,9,,9580.74,ESTORNADO,2023-10-04
6180,53,Cartão,5,,13436.59,PAGO,2024-02-14
6181,3017,Dinheiro,5,,,PENDENTE,2023-11-25
6182,33,Dinheiro,5,,6799.34,PENDENTE,2024-05-14
6183,1104,,4,,3964.13,ESTORNADO,2024-07-26
6184,4526,PIX,10,,10078.06,PENDENTE,06/01/2023
6185,9660,PIX,2,,7421.76,PENDENTE,2024-11-16
6186,4953,Cartão,2,,10112.78,PENDENTE,2022-11-21
6187,3435,Dinheiro,10,,9792.28,PAGO,2025-04-06
6188,5250,Boleto,,,1347.59,ESTORNADO,2023-08-12
6189,733,Boleto,3,,0,PAGO,2024-09-07
6190,11430,Boleto,-5,,6911.2,PAGO,2024-07-02
6191,9463,Cartão,3,Mastercard,334.57,PAGO,2024-11-22
6192,7150,PIX,7,,8941.08,ESTORNADO,2025-01-10
6193,2852,Dinheiro,4,,1843.32,PENDENTE,2024-06-01
6194,7874,PIX,11,,R$500,PAGO,2022-12-16
6195,2678,Dinheiro,7,,,PENDENTE,2022-05-26
6196,5218,Cartão,5,Mastercard,7132.97,,2024-08-05
6197,8862,pix,1,,14330.27,PAGO,2024-12-14
6198,6454,Dinheiro,1,,5712.1,PAGO,2024-08-13
6199,6547,PIX,9,,4769.56,Pendente,2025-01-23
6200,1355,Boleto,4,,,ESTORNADO,2024-08-11
6201,9512,Boleto,12,,10148.59,ESTORNADO,2023-11-21
6202,11138,Dinheiro,12,,7554.61,PAGO,2022-11-13
6203,642,Dinheiro,4,,11811.94,ESTORNADO,2022-07-16
6204,1166,Boleto,11,,9571.28,ESTORNADO,2024-10-11
6205,299,Cartão,2,Visa,5358.98,ESTORNADO,2023-12-19
6206,2630,,12,,mil,ESTORNADO,2023-05-15
6207,4699,Cartão,6,,11764.42,PAGO,2023-07-29
6208,2223,PIX,3,,2913.23,ESTORNADO,2023-05-27
6209,2442,PIX,1,,,ESTORNADO,2025-03-11
6210,4457,Cartão,8,Visa,11418.07,ESTORNADO,2022-11-17
6211,6332,Cartão,4,Hipercard,787.74,PAGO,2023-08-09
6212,9930,Boleto,,,R$500,PAGO,2023-03-28
6213,76,PIX,10,,8006.61,ESTORNADO,2022-09-10
6214,6542,Cartão,10,,7578.42,ESTORNADO,2024-04-27
6215,8699,Dinheiro,9,,10194.92,ESTORNADO,2024-04-29
6216,4609,PIX,3,,10488.17,ESTORNADO,2022-06-05
6217,4697,Dinheiro,10,,7777.43,PAGO,2022-04-26
6218,214,Pix,7,,9486.72,PENDENTE,2023-04-24
6219,4900,Cartão,10,American Express,1762.7,ESTORNADO,2023-01-09
6220,2598,PIX,0,,9484.73,PAGO,2022-07-17
6221,6768,Boleto,7,,,PAGO,2022-04-12
6222,9636,Cartão,10,Mastercard,0,PAGO,28/03/2022
6223,10212,PIX,4,,R$500,PENDENTE,27/01/2022
6224,8309,PIX ,2,,R$500,PAGO,2023-01-03
6225,3820,Dinheiro,,,4632.03,PAGO,2023-10-30
6226,6337,Dinheiro,5,,8932.88,PENDENTE,2025-03-08
6227,6101,Cartão,9,,0,ESTORNADO,2022-07-26
6228,2292,PIX,3,,-500,PENDENTE,2022-08-01
6229,4404,Cartão,10,American Express,11833.42,PENDENTE,2023-04-06
6230,3294,Boleto,11,,2319.86,PENDENTE,2023-09-30
6231,6864,Cartão,4,,2772.17,ESTORNADO,2022-10-08
6232,4574,PIX,10,,14186.9,ESTORNADO,2025-01-12
6233,2038,Dinheiro,3,,3121.86,ESTORNADO,2022-01-22
6234,7612,Cartão,doze,Mastercard,11396.78,PENDENTE,2022-12-30
6235,3655,Cartão,,Mastercard,5024.01,PAGO,99/99/9999
6236,9770,PIX,1,,6117.83,PAGO,2024-05-17
6237,9999,Cartão,8,Elo,3417.84,PENDENTE,2022-07-13
6238,9660,Boleto,0,,6988.29,ESTORNADO,2024-03-31
6239,2399,Cartão,9,Hipercard,1461.8,Pagoo,2024-09-18
6240,7321,Boleto,9,,5354.59,PAGO,2022-06-29
6241,8576,Cartão,2,Visa,1264.01,PAGO,2022-10-28
6242,2587,Boleto,9,,4354.77,PENDENTE,2025-01-13
6243,2435,Cartão,11,Visa,7406.33,PENDENTE,2025-02-19
6244,9468,Boleto,2,,1133.08,ESTORNADO,2025-03-03
6245,9821,Boleto,12,,1164.37,ESTORNADO,2022-12-12
6246,7138,PIX ,5,Mastercard,5301.56,ESTORNADO,2023-09-11
6247,4460,Boleto,,,3427.71,PENDENTE,2023-04-30
6248,3244,Dinheiro,2,,9875.62,PAGO ,2023-11-25
6249,3886,PIX,doze,,13419.57,PENDENTE,2023-03-22
6250,10934,PIX,3,,6318.48,PAGO,2025-03-10
6251,1141,Cartão,1,American Express,1586.07,PENDENTE,2023-10-22
6252,2792,Boleto,5,,5630.24,ESTORNADO,2025/03/23
6253,4211,PIX,4,,13240.74,PAGO,2022-01-05
6254,7958,Cartão,2,Visa,4663.63,ESTORNADO,2024-03-02
6255,2362,Pix,7,,314.09,ESTORNADO,2022-11-24
6256,4356,Boleto,10,,7063.65,PENDENTE,2025-03-07
6257,574,PIX,5,,-500,PENDENTE,10/04/2022
6258,9871,Cartão,,American Express,11110.79,ESTORNADO,2024-01-04
6259,8904,Boleto,7,,9209.75,ESTORNADO,2022-08-03
6260,8641,Cartão,9,American Express,229.53,Pagoo,2024-06-14
6261,5485,Cartão,9,Hipercard,4155.98,pago,2022-03-08
6262,7472,Dinheiro,12,,9172.77,PAGO,20/02/2025
6263,4276,Cartão,2,Mastercard,14868.07,ESTORNADO,2023-12-19
6264,7036,Cartão,5,Hipercard,4164.98,ESTORNADO,2022-04-04
6265,1945,PIX,12,,13942.16,PENDENTE,2024-01-01
6266,5200,Dinheiro,2,,6776.93,ESTORNADO,07-04-2023
6267,5276,,3,,11483.78,ESTORNADO,2023-05-14
6268,158,PIX,9,,2287.32,PAGO,2024-05-25
6269,3488,Boleto,8,,6935.11,PAGO,2024-05-19
6270,6599,Boleto,8,,10960.06,PAGO,2023-01-28
6271,5446,Cartão,9,,8964.37,ESTORNADO,2022-03-26
6272,3329,Cartão,8,Hipercard,920.12,ESTORNADO,2024-09-09
6273,2452,PIX,12,,0,PAGO,2022-12-18
6274,2754,Cartão,12,Elo,12045.64,PENDENTE,2023-04-08
6275,8357,Boleto,8,,11585.1,PAGO,2023-03-27
6276,3738,PIX,5,,10797.89,ESTORNADO,2022-10-29
6277,3054,Boleto,7,,2574.99,PENDENTE,2024-06-23
6278,9078,PIX,,,mil,ESTORNADO,2024-04-14
6279,2173,Boleto,12,,4307.74,ESTORNADO,2024-08-08
6280,1108,Boleto,5,,14457.49,PENDENTE,2022-09-07
6281,7130,PIX,6,,9939.67,PENDENTE,2022-04-08
6282,7193,PIX,1,,11991.69,ESTORNADO,2023-01-06
6283,6509,Cartão,10,Mastercard,5489.97,ESTORNADO,2024-10-22
6284,3016,Boleto,11,,10272.99,PENDENTE,2022-11-26
6285,7797,PIX,4,,2836.96,ESTORNADO,2023-03-04
6286,9869,PIX,12,,,PAGO,99/99/9999
6287,7171,PIX,3,,4795.09,PENDENTE,2024-09-15
6288,670,PIX ,7,,14488.88,PAGO,2023-02-20
6289,7453,Cartão,10,American Express,14660.65,ESTORNADO,2022-05-16
6290,10668,Boleto,9,,13759.36,PENDENTE,2023-03-31
6291,1193,PIX,1,,13138.14,PENDENTE,2022-08-22
6292,9306,Cartão,9,American Express,5874.8,PAGO,2022-12-02
6293,1057,Dinheiro,12,,1765.58,ESTORNADO,2022-01-05
6294,7838,Boleto,2,,7859.86,PAGO,2023-03-24
6295,6469,Cartão,3,Hipercard,10846.36,ESTORNADO,2024-11-16
6296,8947,PIX,9,,9856.06,ESTORNADO,08-26-2023
6297,6097,Dinheiro,-5,,6907.14,PENDENTE,2025-01-08
6298,3179,Dinheiro,2,,1463.97,Pago,2022-01-17
6299,3494,Cartão,5,Hipercard,123.81,ESTORNADO,2022-01-11
6300,2425,,5,,mil,pago,99/99/9999
6301,5538,Cartão,12,,12477.74,ESTORNADO,2022-04-04
6302,1507,Dinheiro,2,,912.81,ESTORNADO,2024-12-08
6303,3129,PIX,1,,0,PAGO,2023-11-04
6304,11297,Dinheiro,1,,7317.69,PAGO,2022-03-24
6305,1523,Dinheiro,4,,13466.39,ESTORNADO,2023-10-08
6306,9046,Boleto,7,,8878.3,PENDENTE,2022-09-02
6307,2552,Cartão,-5,American Express,,ESTORNADO,2022-08-10
6308,7119,PIX,7,,5924.3,Estornado,2022-07-08
6309,5541,Dinheiro,,,10645.1,PENDENTE,2022-08-18
6310,11754,PIX,7,,8473.76,ESTORNADO,2022-03-20
6311,2282,Boleto,5,,7597.21,ESTORNADO,2024-01-15
6312,873,Boleto,4,,11400.77,PENDENTE,2022-02-20
6313,70,Dinheiro,5,,8666.39,ESTORNADO,2023-03-05
6314,4402,Cartão,4,Hipercard,99.2,PENDENTE,2025-01-07
6315,8960,Boleto,7,,14310.06,PAGO,2025-01-09
6316,5508,Cartão,7,,4217.64,PAGO,2022-06-06
6317,6337,Cartão,9,American Express,7316.13,,2024-06-05
6318,3328,Cartão,5,Hipercard,4316.01,PAGO,2022-11-22
6319,9567,Dinheiro,2,,10248.49,ESTORNADO,2023-04-21
6320,1460,PIX,4,,12623.03,ESTORNADO,2023-05-03
6321,5262,PIX,2,,1151.25,ESTORNADO,2022-03-12
6322,7647,Dinheiro,1,,,PAGO,2022-03-30
6323,7642,Cartão,3,Hipercard,13925.67,PAGO,2024-01-24
6324,3256,Boleto,10,,,PENDENTE,2022-07-11
6325,3904,Cartão,12,Hipercard,9369.3,ESTORNADO,2022-05-08
6326,2275,Cartão,doze,American Express,0,Pago,2023-06-17
6327,9474,Cartão,8,Mastercard,9254.16,PENDENTE,2022-08-04
6328,8902,Boleto,5,,2711.4,PENDENTE,2023-11-12
6329,7511,Cartão,7,,10298.63,ESTORNADO,2022-07-13
6330,360,Cartão,-5,Visa,1001.63,ESTORNADO,2024-01-14
6331,5363,Cartão,doze,,,ESTORNADO,2022-09-12
6332,7336,Cartão,6,,2964.8,PENDENTE,2023-11-28
6333,5925,PIX,5,,1279.92,PAGO,2024-10-31
6334,10464,Cartão,3,Visa,1346.67,ESTORNADO,2023-04-23
6335,3267,Cartão,8,,,PAGO,99/99/9999
6336,9860,PIX,5,,9971.13,PENDENTE,2022-11-04
6337,2373,Boleto,10,,0,PAGO,2024-08-08
6338,2203,Dinheiro,6,,5036.31,PAGO,2024-11-01
6339,1014,Boleto,12,,12142.51,ESTORNADO,2022-05-12
6340,3367,PIX,4,,mil,Pagoo,2024-02-06
6341,1770,Cartão,10,Visa,8438.12,PENDENTE,2024-11-03
6342,11361,Cartão,3,,12787.64,ESTORNADO,2022-11-16
6343,565,Cartão,10,,781.59,ESTORNADO,2024-06-20
6344,2706,Cartão,9,,921.72,PENDENTE,2024-06-10
6345,6836,Dinheiro,3,,10588.01,ESTORNADO,2022-01-23
6346,11346,Dinheiro,9,,3896.75,PENDENTE,2023-04-06
6347,443,PIX,doze,,11927.07,PAGO,2023-09-19
6348,3017,PIX,doze,,6545.31,PENDENTE,2024-09-30
6349,7312,Cartão,9,,12948.53,PAGO,2022-05-28
6350,2649,Boleto,5,,3022.29,PAGO,2024-10-11
6351,9073,Pix,1,,,ESTORNADO,2024-12-24
6352,6100,PIX,7,,5698.36,ESTORNADO,2023-11-27
6353,8661,Dinheiro,-5,,11570.44,PAGO,31/02/2025
6354,3549,PIX,3,,9920.77,PAGO,2022-07-15
6355,130,Cartão,7,Elo,14768.12,PENDENTE,2022-10-31
6356,5566,Cartão,10,Elo,,ESTORNADO,2023-09-08
6357,58,Dinheiro,6,,2706.95,PENDENTE,2024-05-13
6358,1494,Cartão,,Visa,10382.56,ESTORNADO,2023-04-21
6359,7898,PIX,2,,9964.4,PAGO,2023-02-11
6360,7224,PIX,4,,1959.96,ESTORNADO,2024-02-06
6361,47,Boleto,doze,,3909.63,PENDENTE,2022-07-25
6362,9902,PIX,7,,5302.0,PAGO,2023-12-05
6363,6155,Cartão,6,Mastercard,8544.81,ESTORNADO,2023-07-31
6364,8861,PIX,12,,4830.21,ESTORNADO,2023-05-15
6365,3256,Cartão,5,American Express,11211.49,ESTORNADO,2023-08-26
6366,1198,Cartão,8,Mastercard,11553.27,PENDENTE,2022-03-20
6367,9035,Boleto,4,,12920.1,ESTORNADO,2022-05-21
6368,7657,Boleto,3,,10420.56,PENDENTE,2024-03-28
6369,9936,Boleto,3,,13285.0,PENDENTE,2022-11-29
6370,3754,PIX,1,,6905.92,ESTORNADO,2023-03-19
6371,8119,Cartão,9,,8374.96,PAGO,2024-06-18
6372,1256,Dinheiro,8,,131.37,PENDENTE,2022-05-24
6373,10328,Boleto,4,,14451.96,PENDENTE,31/02/2025
6374,929,Boleto,11,,5337.37,PENDENTE,2024-04-21
6375,8751,Boleto,-1,,10351.61,ESTORNADO,2024-01-14
6376,6186,Cartão,12,Mastercard,5456.98,PAGO,2024-06-18
6377,530,PIX,2,,10635.02,Estornado,2023-11-29
6378,2416,pix,1,,0,PENDENTE,2023-05-28
6379,6386,Boleto,10,,1337.96,PAGO,2023-07-30
6380,8779,PIX,10,,2346.92,ESTORNADO,2023-05-08
6381,8253,Pixx,11,,11546.64,PENDENTE,2023-12-17
6382,5194,Dinheiro,8,,-500,ESTORNADO,2023-05-31
6383,1020,Boleto,7,,5601.6,ESTORNADO,2022-09-11
6384,331,PIX,8,,8000.5,PAGO,2024-12-22
6385,4555,PIX,3,,0,PAGO,2025-02-17
6386,4912,PIX,11,,7150.39,ESTORNADO,2023-10-06
6387,4429,boleto,8,,1692.5,PENDENTE,2022-06-15
6388,2048,Boleto,-5,,443.35,PAGO ,2023-08-17
6389,842,Boleto,1,,7979.76,ESTORNADO,2022-12-03
6390,4888,PIX,2,,13524.06,ESTORNADO,2022-10-10
6391,2739,Cartão,9,Hipercard,2806.64,PENDENTE,2023-09-22
6392,5335,PIX,8,,11234.19,ESTORNADO,2024-09-11
6393,1323,Cartão,2,Visa,4500.77,Estornado,2023-04-26
6394,1763,Cartão,8,Elo,6940.2,ESTORNADO,2022-08-01
6395,9903,Dinheiro,10,,448.38,PENDENTE,2024-04-09
6396,4639,Dinheiro,11,,12721.87,PAGO,2023-08-20
6397,6476,Boleto,9,,127.91,PENDENTE,2023-09-23
6398,5764,PIX,6,,13716.5,ESTORNADO,2022-01-13
6399,6622,PIX,11,,7523.07,PAGO,2022-09-30
6400,8986,Boleto,5,,2919.77,PENDENTE,2025-03-30
6401,2408,Cartão,4,Hipercard,4640.51,PAGO,2024-11-08
6402,3600,Cartão,5,,5117.12,PAGO,2023-08-28
6403,9771,Boleto,10,,11197.07,PAGO,2022-09-04
6404,3496,PIX,,,14640.63,ESTORNADO,2022-08-14
6405,6068,Cartão,5,Visa,mil,PAGO,2024-12-07
6406,7132,Boleto,2,,,PENDENTE,2025-03-09
6407,2666,Boleto,12,,13250.37,ESTORNADO,2022-03-29
6408,4061,Boleto,5,,5498.66,PAGO,2022-06-19
6409,165,Boleto,12,,7961.49,ESTORNADO,2022-09-14
6410,5194,Dinheiro,-5,,14455.71,Estornado,2022-02-15
6411,8922,Boleto,12,,8638.2,PAGO,2022-12-30
6412,6667,Dinheiro,,,10282.61,PAGO,2025-03-02
6413,4541,Cartão,8,Elo,14778.72,ESTORNADO,2023-09-26
6414,11760,PIX,3,,10072.39,PAGO,2022-01-09
6415,6285,pix,3,,10835.07,,2024-04-21
6416,10809,Boleto,3,,13402.03,ESTORNADO,2025-02-23
6417,3451,Cartão,5,Elo,10612.01,ESTORNADO,2023-11-11
6418,4299,Cartão,9,Visa,12628.22,PAGO,2023-07-22
6419,1197,Dinheiro,5,,R$500,ESTORNADO,2023-11-06
6420,10309,Boleto,2,,4965.43,pago,2023-01-22
6421,2234,Cartão,12,Hipercard,12046.81,PENDENTE,2024-08-23
6422,8111,PIX,8,,,PENDENTE,2024-12-25
6423,7603,Dinheiro,10,,7242.64,ESTORNADO,2022-09-24
6424,5556,PIX,4,,5800.91,ESTORNADO,2024-08-23
6425,909,Cartão,10,American Express,14482.89,PENDENTE,2024-12-24
6426,1154,Cartão,8,American Express,2252.77,PAGO,2023-02-09
6427,325,Dinheiro,12,,0,PAGO,2022-06-09
6428,9564,PIX,7,,8131.41,PENDENTE,2022-10-26
6429,9609,Cartão,4,,9929.66,PAGO,2023-10-10
6430,11232,PIX,9,,476.19,PAGO,2023-09-21
6431,6783,Dinheiro,1,,6408.76,PAGO,2024-02-19
6432,11403,Dinheiro,4,,13726.74,ESTORNADO,2022-12-03
6433,10982,Boleto,doze,,14080.86,PENDENTE,2024-10-27
6434,5559,Cartão,doze,Mastercard,13552.22,ESTORNADO,2025-01-15
6435,7328,Dinheiro,12,,6744.77,PENDENTE,2024-04-04
6436,8312,PIX,8,,8700.2,PENDENTE,2022-07-04
6437,1039,Cartão,5,Hipercard,6731.44,ESTORNADO,2022-05-15
6438,1653,PIX,6,,1820.23,PENDENTE,2025-02-25
6439,7116,Cartao,4,,9437.48,PENDENTE,2024-05-04
6440,401,Dinheiro,9,,12845.2,PAGO,2023-03-23
6441,1683,Dinheiro,3,,6709.93,ESTORNADO,2024/09/23
6442,5785,Cartão,8,,14889.8,pago,2023-03-07
6443,5325,Cartão,8,,792.57,ESTORNADO,2023-03-19
6444,9817,PIX,11,,10995.63,PAGO,2024-04-29
6445,9300,Boleto,9,,5550.66,ESTORNADO,2023-11-15
6446,2896,Boleto,1,,12134.57,PENDENTE,2023/11/21
6447,2723,Dinheiro,1,,10264.34,ESTORNADO,2024-08-25
6448,5903,Dinheiro,7,,,PAGO,2024-11-06
6449,4050,Boleto,1,,8691.94,ESTORNADO,2024-05-28
6450,4777,Boleto,5,,12161.19,ESTORNADO,2024-08-25
6451,8046,Boleto,11,,9520.88,PENDENTE,2025-01-20
6452,5098,Boleto,12,,R$500,PAGO,2022-05-15
6453,496,PIX,-5,,9264.92,PENDENTE,2022-12-09
6454,2145,PIX,7,,6513.21,PENDENTE,2024-03-02
6455,9201,Boleto,10,,2373.2,PAGO,2024-10-24
6456,2114,Boleto,8,,7999.39,PAGO,2023-06-10
6457,8281,Dinheiro,7,,8515.73,PENDENTE,2025-02-05
6458,6765,Cartão,8,American Express,8342.97,PAGO,2023-09-13
6459,7543,Cartão,8,Hipercard,,PAGO,2024-05-04
6460,3730,PIX,-1,,2974.26,PENDENTE,2022-01-19
6461,6325,Dinheiro,4,,3520.3,PENDENTE,2023-11-24
6462,7962,Cartão,9,Visa,916.23,ESTORNADO,2024-01-31
6463,954,Cartão,,Mastercard,4369.29,PENDENTE,2023-07-03
6464,1752,Boleto,10,,7323.29,PENDENTE,2024-02-03
6465,5588,Cartao,1,,7683.92,PENDENTE,2022-07-26
6466,1063,Boleto,2,,5057.52,PENDENTE,05/03/2023
6467,9339,Cartão,,Hipercard,2854.96,PENDENTE,2022-05-21
6468,4545,Cartão,9,,2642.31,PAGO,2025-01-02
6469,7205,PIX,2,,R$500,PENDENTE,2024-07-07
6470,3023,Cartão,11,Hipercard,1479.87,PENDENTE,2024-05-06
6471,7244,Dinheiro,,,7139.28,PAGO,2024-06-23
6472,8413,Cartão,8,Elo,5060.66,PENDENTE,2023-09-04
6473,7736,Boleto,9,,10378.01,PENDENTE,2024-03-17
6474,3323,PIX,2,,7372.39,PAGO,2023-06-29
6475,3184,Cartão,4,Visa,6277.8,PENDENTE,2023-03-16
6476,11905,boleto,12,,2604.0,ESTORNADO,2023-02-06
6477,93,PIX,,,761.8,ESTORNADO,2025-02-08
6478,8470,Dinheiro,8,,11384.22,PENDENTE,2022-10-09
6479,3624,Cartão,4,,6881.95,PENDENTE,2023-07-30
6480,1048,PIX,7,,10889.27,PENDENTE,2024-08-25
6481,6877,Boleto,11,,7580.67,ESTORNADO,2024-06-28
6482,6114,Cartão,4,,2909.43,ESTORNADO,2024-10-04
6483,8065,Dinheiro,3,,14849.8,PENDENTE,2022-08-17
6484,9620,PIX,11,,0,PENDENTE,31/02/2025
6485,4128,Cartão,2,Elo,7268.2,ESTORNADO,04/03/2025
6486,8756,Boleto,1,,13815.16,PAGO,2024-04-11
6487,4207,Cartão,6,Hipercard,,PAGO,2022-12-11
6488,5618,PIX,10,,10857.55,PENDENTE,2022-12-13
6489,2707,Cartão,9,Hipercard,7994.4,PENDENTE,2024-01-15
6490,1232,Dinheiro,1,,8553.83,PAGO,99/99/9999
6491,853,PIX,9,,9494.88,ESTORNADO,2025-02-15
6492,172,Cartão,2,Visa,383.33,PENDENTE,2023-06-20
6493,7544,Boleto,3,,,PENDENTE,2023-03-30
6494,8739,PIX,-1,,12267.47,ESTORNADO,2024-05-07
6495,6049,pix,12,,728.4,Pagoo,2025-04-03
6496,5203,Dinheiro,6,,4750.52,PENDENTE,2022-12-14
6497,2651,PIX,1,,3373.67,PENDENTE,2022-09-01
6498,8916,Boleto,9,,10030.82,PAGO,2022-03-13
6499,6972,Boleto,11,,2190.57,PAGO,2023-01-09
6500,5073,Boleto,5,,13820.33,PENDENTE,2022-10-17
6501,8982,Cartão,3,American Express,7900.48,ESTORNADO,2024-07-22
6502,2019,Boleto,7,,6731.91,PENDENTE,2024-09-20
6503,5747,Boleto,11,,,Pagoo,2024-02-11
6504,2513,Cartão,5,American Express,14189.62,PAGO,2024-10-14
6505,7329,Dinheiro,12,,,ESTORNADO,2024-01-04
6506,1355,Dinheiro,10,,2819.6,pago,31/02/2025
6507,5100,Cartão,9,Hipercard,14273.69,PAGO,2024-10-11
6508,43,Boleto,7,,10641.61,PENDENTE,2022-06-27
6509,3356,Boleto,4,,14600.9,ESTORNADO,2025-04-08
6510,5262,Dinheiro,,,11309.3,ESTORNADO,2024-08-07
6511,9244,Boleto,2,,4445.96,PENDENTE,2022-04-30
6512,10102,Cartão,1,Hipercard,10454.02,PAGO,2022-07-08
6513,2739,Dinheiro,11,,0,PENDENTE,99/99/9999
6514,5575,Dinheiro,5,,5710.04,PAGO,2023-06-25
6515,1814,Boleto,2,,8306.14,ESTORNADO,2024-02-27
6516,6211,Boleto,4,,8254.34,ESTORNADO,2023-04-11
6517,11110,Cartão,1,,14320.28,PENDENTE,2023-09-07
6518,5320,Cartão,2,Elo,9318.78,PENDENTE,2023-08-20
6519,6105,PIX,1,,6983.14,PENDENTE,2022-07-28
6520,4872,Boleto,11,,11223.88,ESTORNADO,2022-02-08
6521,270,Cartão,11,Mastercard,10752.48,PENDENTE,2024-05-24
6522,3677,Dinheiro,12,,11842.77,PAGO,2023-08-11
6523,6937,Cartão,0,American Express,-500,pago,2025-02-10
6524,3936,PIX,8,,4155.46,ESTORNADO,2023-07-27
6525,1492,Dinheiro,,,13394.97,PENDENTE,2022-08-22
6526,830,Cartão,6,Hipercard,9697.0,PENDENTE,2024-10-05
6527,8173,,9,,3355.29,PAGO,2022-01-18
6528,2876,Dinheiro,10,,12269.82,Estornado,2022-07-24
6529,1431,Boleto,9,,14802.65,PAGO,2024-05-13
6530,578,Boleto,1,,1618.68,PENDENTE,2023-07-14
6531,4508,PIX,7,,1302.25,PAGO,2024-11-22
6532,11936,Cartão,2,Visa,2440.83,PENDENTE,2023-11-14
6533,1583,PIX,10,,6982.12,Pendente,2023-08-30
6534,8114,Cartão,9,Mastercard,6147.9,PENDENTE,2023-10-26
6535,11462,Cartão,-1,,10989.42,PENDENTE,2022-04-22
6536,4154,Dinheiro,7,,3297.55,ESTORNADO,2024-06-10
6537,6003,PIX,4,,-500,PAGO,2024-04-27
6538,4528,Cartão,doze,Visa,8531.32,PENDENTE,2025-03-19
6539,771,Dinheiro,9,,11865.89,ESTORNADO,2024-08-05
6540,5885,Boleto,11,,0,PENDENTE,2022-03-15
6541,7265,Dinheiro,3,,10172.05,PAGO,2022-10-10
6542,5087,Boleto,4,,,PENDENTE,2023-06-09
6543,7809,Dinheiro,6,,4407.69,PENDENTE,2023-03-21
6544,5624,Boleto,4,,,ESTORNADO,2024-09-12
6545,7579,Cartão,-1,Elo,4676.72,ESTORNADO,2024-04-10
6546,8840,Dinheiro,6,,,PENDENTE,2024-05-23
6547,7586,Boleto,11,,5727.92,PENDENTE,2023-08-25
6548,7908,Cartão,12,Hipercard,6776.55,ESTORNADO,2023-07-02
6549,11100,PIX,-1,,5021.69,PENDENTE,2023-12-05
6550,1845,Cartão,5,Hipercard,8327.89,PENDENTE,2022-07-07
6551,7824,PIX,8,,12617.61,ESTORNADO,2023-05-11
6552,6533,Dinheiro,2,,3569.19,PENDENTE,2024-06-25
6553,11945,Dinheiro,12,,8582.38,PENDENTE,2022-11-24
6554,9125,PIX,9,,mil,ESTORNADO,2023-05-11
6555,3566,Cartão,3,Hipercard,2926.1,ESTORNADO,2022-03-26
6556,144,Boleto,3,,9174.13,PENDENTE,2023-10-22
6557,8196,Cartão,-1,,9543.16,PAGO,2022-05-18
6558,6916,Cartao,,,0,PAGO,2022-11-30
6559,3849,PIX,3,,5975.91,ESTORNADO,2022-11-22
6560,4837,PIX,8,,12950.4,PAGO,2022-09-15
6561,6792,PIX,2,,8756.55,ESTORNADO,2022-03-15
6562,38,Boleto,11,,11186.03,PAGO,2023-04-12
6563,4626,Dinheiro,-5,,5635.03,ESTORNADO,2024-10-23
6564,1092,pix,5,,307.99,PAGO,2024-09-23
6565,4360,Dinheiro,9,,4157.4,PAGO ,2022-06-04
6566,10071,Cartão,5,,2263.99,PAGO,2024-02-09
6567,4304,Boleto,1,,11943.4,PAGO,2024-03-19
6568,1082,PIX,5,,972.66,PAGO,2024-11-10
6569,11206,Cartão,12,Visa,1742.67,PAGO,2024-12-18
6570,4524,Dinheiro,,,14317.48,ESTORNADO,2024-05-21
6571,8251,Boleto,4,,6664.13,ESTORNADO,2024-04-17
6572,7727,Dinheiro,5,,4802.63,PENDENTE,2024-07-16
6573,6551,Cartao,9,,,ESTORNADO,2023-04-22
6574,611,PIX,6,,10558.62,Pagoo,31/02/2025
6575,2536,PIX,,,7368.28,PENDENTE,2024-05-27
6576,6601,Dinheiro,9,,13085.45,PAGO,2024-06-28
6577,4240,Boleto,6,,3205.08,PAGO,2024-07-02
6578,1754,Cartão,3,American Express,6152.7,PENDENTE,2022-10-29
6579,4534,Dinheiro,5,,11991.09,ESTORNADO,2023-03-12
6580,5023,Cartão,5,Elo,13382.56,ESTORNADO,2025-04-08
6581,1816,Cartão,2,Visa,968.91,ESTORNADO,2022-03-18
6582,11608,PIX,9,,5537.44,PENDENTE,2022-05-23
6583,6483,Cartão,11,Visa,12200.65,PENDENTE,2022-05-25
6584,1776,Dinheiro,7,,1319.73,Estornado,2022-09-25
6585,8264,Dinheiro,0,,2307.39,ESTORNADO,2023-05-22
6586,7030,PIX,0,,5496.64,PENDENTE,2022-12-14
6587,1670,PIX,2,,13763.36,PAGO,2024-08-26
6588,712,Dinheiro,1,,11487.81,PAGO,2022-02-25
6589,985,PIX,11,,7320.71,PAGO,2022-04-30
6590,11713,Dinheiro,3,,,ESTORNADO,2023-07-31
6591,9550,Cartão,4,,0,PENDENTE,99/99/9999
6592,4455,Boleto,2,,3188.59,PENDENTE,2023-02-07
6593,6262,PIX ,,Elo,11494.27,PENDENTE,2023-10-28
6594,1551,Boleto,3,,7979.88,ESTORNADO,2022-01-15
6595,3300,Dinheiro,1,,11926.58,ESTORNADO,2022-12-28
6596,790,Dinheiro,11,,10519.81,PAGO,2023-05-18
6597,4150,PIX,4,,14548.45,PAGO,2022-07-07
6598,6874,PIX,4,,10412.44,PENDENTE,2022-07-13
6599,2747,Cartão,,Hipercard,12128.01,PENDENTE,2023-02-22
6600,5725,PIX,7,,7048.82,ESTORNADO,2024-04-09
6601,7748,Dinheiro,2,,14458.76,PENDENTE,2023-02-12
6602,5720,Cartão,-5,Elo,10964.15,PAGO,2023-11-17
6603,1960,Cartão,4,Mastercard,11586.13,PAGO,2024/05/27
6604,92,Dinheiro,5,,1341.69,PENDENTE,2024-10-26
6605,4037,PIX,11,,12141.19,ESTORNADO,2022-11-11
6606,538,,6,,3326.89,pago,2022-03-19
6607,5130,Pixx,9,,R$500,ESTORNADO,2023-07-24
6608,3463,Boleto,12,,3290.39,ESTORNADO,04/01/2024
6609,10560,PIX,5,,6148.98,PENDENTE,2024-07-25
6610,5920,PIX,5,,11671.69,PENDENTE,2022-05-14
6611,5756,PIX,1,,7046.05,ESTORNADO,2023-12-17
6612,7469,Cartão,8,American Express,4780.64,PENDENTE,2022-10-26
6613,5151,PIX,7,,13569.33,ESTORNADO,2023-07-08
6614,858,Cartão,12,,11009.76,ESTORNADO,2024-01-02
6615,6348,Boleto,8,,10759.95,PAGO,2023-05-18
6616,10946,Boleto,3,,R$500,PAGO,2024-09-18
6617,3859,Boleto,9,,7823.24,ESTORNADO,2023-04-10
6618,4411,PIX,6,,3424.91,PENDENTE,2024-11-03
6619,327,Boleto,6,,13242.85,PAGO,2022-01-28
6620,1218,PIX,9,,5503.47,ESTORNADO,2024-02-17
6621,4519,Cartão,12,American Express,7081.97,PAGO,2022-06-10
6622,1896,Dinheiro,8,,4645.21,PAGO,2022-05-01
6623,11279,Boleto,10,,533.55,PAGO,2022-06-16
6624,8061,Dinheiro,9,,0,PAGO,2025-02-26
6625,5971,Cartão,12,Hipercard,2320.28,PAGO,2022-03-13
6626,6335,Boleto,9,,341.85,ESTORNADO,2022-04-06
6627,9383,Cartão,5,American Express,11294.29,PAGO,2023-01-21
6628,6656,Cartão,1,,0,PENDENTE,2023-04-17
6629,9382,PIX,2,,12247.68,ESTORNADO,2025-02-05
6630,3383,PIX ,3,,0,PAGO,2025-01-07
6631,6925,Cartão,10,American Express,13832.81,PAGO,2022-07-29
6632,5073,Boleto,5,,2642.01,PAGO,2022-01-08
6633,10077,PIX,5,,14246.98,PAGO,2022-06-04
6634,4101,PIX ,9,,13195.3,Pagoo,2022-05-05
6635,1642,Boleto,8,,8872.35,PAGO,2022-11-30
6636,7524,PIX,8,,2548.49,PENDENTE,2024/02/29
6637,3484,Cartão,1,Elo,11110.81,PENDENTE,2022-03-08
6638,2195,PIX,2,,33.32,PENDENTE,2022-12-25
6639,8313,Dinheiro,12,,6610.15,pago,2024-08-28
6640,11078,Dinheiro,6,,8606.7,PENDENTE,2024-06-30
6641,1088,Cartão,-1,Mastercard,12917.69,PENDENTE,2024-10-24
6642,5308,Boleto,5,,10000.3,ESTORNADO,2024-06-21
6643,7039,Boleto,7,,8329.25,PAGO,2023-05-30
6644,728,Cartão,,Mastercard,185.73,PAGO,2022-04-04
6645,4732,Cartão,5,Hipercard,R$500,ESTORNADO,2022-12-30
6646,11079,Dinheiro,1,,2159.73,PAGO,2023-07-24
6647,3970,Boleto,10,,1717.59,ESTORNADO,2023-05-13
6648,11054,Boleto,2,,12594.87,Pendente,2025-01-02
6649,8352,Dinheiro,3,,3902.55,PAGO,2025-03-11
6650,10227,PIX,11,,10970.39,PENDENTE,2023/12/28
6651,475,Cartão,1,Elo,9014.86,ESTORNADO,99/99/9999
6652,7824,Cartão,-1,Visa,1523.32,Pagoo,2022-11-03
6653,699,Cartão,12,,8778.45,ESTORNADO,2023-11-24
6654,5430,Boleto,4,,3224.97,PAGO,2022-03-15
6655,738,Cartão,1,American Express,14786.43,PENDENTE,2024-04-23
6656,1475,Dinheiro,3,,2141.36,PENDENTE,2022-01-20
6657,8712,PIX,3,,12097.82,PAGO,2022-07-12
6658,2657,Dinheiro,12,,7757.29,PAGO,2024-02-13
6659,2504,Boleto,7,,7115.23,PAGO,2022-05-30
6660,5131,Dinheiro,8,,3608.48,ESTORNADO,2024-03-12
6661,2126,PIX ,5,,3024.96,PENDENTE,2022-02-23
6662,2348,Cartão,11,Visa,1355.68,PENDENTE,2023-11-02
6663,3541,Cartão,3,Hipercard,11063.32,PENDENTE,2024-11-05
6664,9583,Dinheiro,8,,9361.91,PENDENTE,2024-01-16
6665,2659,PIX,12,,6690.93,PENDENTE,2022-09-04
6666,2595,PIX,11,,7651.73,ESTORNADO,2022-02-12
6667,6705,Cartão,11,Hipercard,6531.49,PAGO,2022-06-20
6668,7561,Cartão,3,Elo,12095.43,Pagoo,2022-02-20
6669,10053,PIX,9,,9125.51,PENDENTE,2023-08-03
6670,9514,Dinheiro,12,,14936.73,ESTORNADO,2023-12-05
6671,9930,Cartão,3,Hipercard,1122.34,PENDENTE,2022-09-10
6672,6936,Cartão,6,American Express,9554.87,ESTORNADO,2023-02-14
6673,3734,Boleto,-5,,1203.04,PENDENTE,2022-01-22
6674,7002,PIX,2,,14817.42,PENDENTE,2022-01-15
6675,8433,PIX ,11,,249.77,PENDENTE,2024-10-02
6676,6025,pix,7,,6805.91,ESTORNADO,2023-07-21
6677,7136,PIX,10,,4459.13,PENDENTE,2023-02-18
6678,11146,PIX,8,,10165.24,PENDENTE,2024-02-14
6679,8588,PIX,11,,R$500,PAGO,2024-03-16
6680,6902,Dinheiro,3,,mil,ESTORNADO,2023-08-19
6681,3569,Boleto,7,,12134.07,PAGO,2023-05-07
6682,7633,Cartão,4,Hipercard,2584.24,Pago,2024-09-16
6683,2174,Dinheiro,1,,12795.63,ESTORNADO,2022-11-14
6684,9724,Boleto,1,,,,2022-05-22
6685,9828,PIX,11,,5371.07,ESTORNADO,07-09-2022
6686,1689,PIX,5,,3236.13,ESTORNADO,2022-08-06
6687,9672,PIX,3,,5831.47,ESTORNADO,99/99/9999
6688,7100,Boleto,9,,2578.03,PAGO,2022-09-09
6689,9236,Dinheiro,12,,4440.05,ESTORNADO,2024-03-21
6690,10009,Dinheiro,4,,6844.97,PAGO,2023-01-25
6691,4100,Dinheiro,6,,13389.28,ESTORNADO,2023-01-09
6692,6587,PIX,11,,14624.42,PENDENTE,2024-06-12
6693,8576,PIX,9,,-500,PENDENTE,2022/03/06
6694,1758,Dinheiro,8,,5762.92,ESTORNADO,2025-03-19
6695,869,PIX,5,,14341.41,PAGO,2024-04-03
6696,1274,Cartão,1,Visa,3936.83,PENDENTE,2022-05-16
6697,8048,Dinheiro,8,,,PENDENTE,2025-02-14
6698,5057,Dinheiro,10,,,Estornado,2023-05-26
6699,6387,Cartão,2,Mastercard,4999.18,ESTORNADO,2024-02-08
6700,4650,Cartão,9,American Express,,ESTORNADO,2024-01-23
6701,3854,Boleto,9,,,PENDENTE,2024-09-02
6702,115,Cartão,10,American Express,,PAGO,2023-04-04
6703,911,PIX,12,,3485.31,ESTORNADO,2023-08-28
6704,6633,Dinheiro,11,,1362.5,PENDENTE,2022-10-18
6705,7234,pix,3,,12321.46,PENDENTE,2022-01-02
6706,2401,Boleto,8,,,PAGO,2022-01-23
6707,686,Cartão,10,Mastercard,14265.85,PENDENTE,2022-11-06
6708,8648,Dinheiro,9,,2891.35,PAGO,2022-12-20
6709,5753,PIX,-5,,6274.52,ESTORNADO,2023-08-29
6710,7746,PIX,12,,3335.96,PENDENTE,2025-01-02
6711,2861,Dinheiro,1,,9657.64,PAGO,2022-11-19
6712,1986,Cartão,12,Visa,14327.87,PAGO,2025-03-31
6713,3773,PIX ,11,,2083.45,ESTORNADO,2025-04-15
6714,8031,Boleto,7,,13534.99,ESTORNADO,2022-04-17
6715,608,Dinheiro,3,,9432.68,PENDENTE,2023-08-30
6716,6233,Cartão,8,Elo,796.18,PENDENTE,2024-05-10
6717,5832,Cartão,4,Visa,10385.95,PAGO,2025-01-13
6718,9729,Boleto,7,,2104.52,PAGO,2025-03-11
6719,7370,PIX,7,,10997.92,PENDENTE,2022-09-22
6720,4874,Cartão,6,Elo,12656.13,,2022-10-23
6721,9481,PIX,7,,10309.08,PENDENTE,2024-08-06
6722,9563,Cartão,11,American Express,9742.73,PAGO,2024-01-08
6723,4884,PIX,6,,mil,ESTORNADO,2023-07-06
6724,5049,PIX,4,,9762.29,PAGO,2024-12-15
6725,7920,Boleto,-1,,R$500,ESTORNADO,2024-08-07
6726,7385,Cartão,11,,R$500,PENDENTE,2022-06-10
6727,3098,Cartão,5,Mastercard,,ESTORNADO,2023-05-28
6728,3886,Cartão,3,Elo,11916.38,PAGO,2022-01-08
6729,3242,Cartão,10,Elo,12525.99,ESTORNADO,2022-07-13
6730,2862,PIX,9,,-500,PENDENTE,2025-01-11
6731,3823,Dinheiro,6,,6449.41,PAGO,2024-08-07
6732,2024,Boleto,1,,5594.62,ESTORNADO,2023-02-27
6733,974,Cartão,7,Hipercard,0,PAGO,2023-05-13
6734,7467,Boleto,12,,143.86,PENDENTE,2022-07-26
6735,8190,Cartão,9,,6029.13,ESTORNADO,26/01/2023
6736,8536,Dinheiro,2,,11656.28,PENDENTE,2025-02-11
6737,7407,PIX,2,,10191.87,ESTORNADO,2023-11-14
6738,7923,Dinheiro,11,,5260.21,PAGO,2023-04-24
6739,5313,Boleto,7,,,Pagoo,2022-01-10
6740,2449,PIX,6,,mil,PENDENTE,2022-04-29
6741,2003,PIX,-1,,10914.35,PENDENTE,2022-05-26
6742,1681,Dinheiro,2,,7449.67,PAGO,2022-08-04
6743,1598,Cartão,1,Elo,mil,PENDENTE,2022-05-15
6744,2411,Dinheiro,2,,12216.98,PENDENTE,2022-09-05
6745,2415,Dinheiro,2,,5515.43,PAGO ,2024-04-01
6746,5007,Boleto,,,2058.24,PENDENTE,2024-06-22
6747,10994,Cartao,5,,1354.18,Pendente,2022-06-06
6748,8897,Cartão,12,Hipercard,3118.22,Pago,2024-05-01
6749,9983,Boleto,0,,13744.44,PENDENTE,2024-07-26
6750,1691,Boleto,8,,6829.17,ESTORNADO,2023-09-09
6751,5470,Cartão,12,Hipercard,11385.5,PENDENTE,2022-01-21
6752,7903,Dinheiro,2,,6444.85,ESTORNADO,2024-09-19
6753,10263,Boleto,-5,,14715.56,ESTORNADO,2023-03-10
6754,5134,Cartão,2,Mastercard,13365.75,ESTORNADO,2023-07-18
6755,7260,Cartão,2,American Express,9041.96,,2023-05-31
6756,4268,PIX,10,,6910.76,PENDENTE,2024-02-04
6757,1448,Cartão,3,American Express,2789.13,ESTORNADO,2023-11-12
6758,9622,PIX,1,,9395.74,PENDENTE,2024-04-03
6759,1356,Dinheiro,2,,4433.88,ESTORNADO,2022-08-17
6760,8475,Cartão,11,,2245.13,PENDENTE,2022-07-30
6761,11203,,-5,,10673.25,PAGO,2024-03-23
6762,1750,Boleto,12,,9001.16,PENDENTE,2023-12-13
6763,7532,Cartão,,Visa,13173.76,ESTORNADO,2024-11-01
6764,645,PIX,,,R$500,PENDENTE,2024-05-05
6765,5870,Boleto,4,,7895.82,Pendente,2024-04-16
6766,9556,PIX,1,,68.64,PAGO,2024-08-08
6767,11399,Cartão,1,Visa,1732.76,PENDENTE,2023-05-12
6768,2597,PIX,9,,11614.56,PAGO,2022-03-04
6769,5625,Dinheiro,2,,12123.74,ESTORNADO,2023-01-14
6770,11573,PIX,doze,,R$500,ESTORNADO,2022-11-15
6771,11266,Boleto,6,,3420.4,Pago,2025-02-13
6772,6647,Cartão,11,American Express,6443.16,ESTORNADO,2024-02-29
6773,9675,PIX,11,,2654.88,ESTORNADO,2022-12-13
6774,7950,Cartão,2,,7085.47,ESTORNADO,2023-04-04
6775,9891,Cartão,11,American Express,10197.38,PAGO,2025-04-07
6776,4193,PIX,3,,11545.31,PENDENTE,2023-10-12
6777,8610,PIX,4,,mil,PAGO,2022-06-25
6778,8717,Boleto,12,,9882.44,ESTORNADO,99/99/9999
6779,8906,Dinheiro,6,,5211.2,pago,2024-03-29
6780,538,PIX,10,,10758.3,PENDENTE,2025-01-20
6781,9987,Boleto,9,,10029.13,Estornado,2024-01-28
6782,4258,Dinheiro,7,,13344.18,ESTORNADO,2024-04-28
6783,931,PIX,10,,7409.86,ESTORNADO,2023-10-20
6784,9042,Dinheiro,11,,3963.45,PAGO,2022-03-14
6785,11537,Dinheiro,5,,8190.17,PENDENTE,2025-04-14
6786,7300,Cartão,3,Hipercard,4175.84,ESTORNADO,2023-10-24
6787,2193,Cartão,9,Elo,,ESTORNADO,2022-07-14
6788,2756,Boleto,1,,7342.62,ESTORNADO,2023-08-17
6789,7939,PIX,5,,14683.15,PAGO ,2023-11-13
6790,5552,Boleto,10,,8819.74,PAGO,2022-09-26
6791,2115,Cartão,8,,3967.37,PENDENTE,2023-09-28
6792,4261,PIX,6,,7054.27,ESTORNADO,2023-12-19
6793,11112,Boleto,4,,7965.79,PAGO,2022-12-27
6794,5798,Boleto,2,,4898.55,ESTORNADO,2022-11-28
6795,1191,Dinheiro,6,,11726.17,ESTORNADO,2022-12-22
6796,7266,PIX,3,,7572.04,PAGO,2023-01-12
6797,6535,Boleto,10,,1713.55,ESTORNADO,2025-01-06
6798,7195,Boleto,8,,13935.07,PAGO,2022-10-21
6799,1488,Dinheiro,5,,13350.83,PENDENTE,2022-09-14
6800,3887,Boleto,6,,6988.57,ESTORNADO,2022-03-05
6801,1490,Boleto,6,,234.52,PAGO,31/02/2025
6802,1789,Boleto,5,,,ESTORNADO,2023-11-30
6803,2526,Cartão,8,Hipercard,4217.11,PAGO,2024-12-20
6804,10040,Dinheiro,2,,5794.3,PAGO,2022-01-03
6805,5390,PIX,6,,5498.34,pago,2023-10-09
6806,10833,Dinheiro,2,,14722.5,PAGO,2023-04-08
6807,6481,Boleto,4,,7541.7,ESTORNADO,2023-05-30
6808,202,Dinheiro,11,,,PENDENTE,2024-08-17
6809,8200,Dinheiro,9,,4243.24,ESTORNADO,2024-07-28
6810,2955,PIX,2,,10557.57,PAGO,2023-04-02
6811,11682,PIX,,,14666.73,PAGO,2025-01-17
6812,8268,PIX,6,,3181.59,ESTORNADO,2024-09-25
6813,5279,PIX,3,,14926.73,PENDENTE,2025-02-23
6814,630,Boleto,12,,mil,PAGO,2024-05-06
6815,513,Cartão,9,Hipercard,0,PENDENTE,2023-06-11
6816,854,Dinheiro,7,,2740.28,PENDENTE,2023-05-17
6817,11949,Cartão,3,,765.08,ESTORNADO,2023-04-25
6818,4065,Dinheiro,1,,9685.8,ESTORNADO,2023-09-13
6819,2482,Dinheiro,,,4953.88,ESTORNADO,2022-03-05
6820,1218,PIX,9,,2386.47,ESTORNADO,14/02/2022
6821,3256,Boleto,1,,13555.91,PENDENTE,2024-07-31
6822,5287,Cartão,doze,American Express,8471.3,PENDENTE,2023-03-08
6823,1412,PIX,6,,10985.62,ESTORNADO,2023-10-31
6824,5237,Dinheiro,3,,7705.97,PENDENTE,08-20-2022
6825,9558,Boleto,8,,2057.36,Estornado,2024-11-14
6826,8182,PIX,5,,3669.98,ESTORNADO,2022-08-12
6827,9317,Cartao,11,Hipercard,14093.66,PAGO,2024-10-17
6828,370,Dinheiro,2,,1209.64,PAGO,2024-06-05
6829,10387,Boleto,6,,7949.2,pago,03-22-2023
6830,7225,Cartão,5,American Express,6699.28,PAGO,2022-03-04
6831,8131,Boleto,5,,2086.56,PAGO,2024-10-15
6832,11767,Dinheiro,2,,9903.73,PAGO,31/02/2025
6833,10244,PIX ,8,,9291.17,PAGO,2024-06-04
6834,2707,Cartão,8,Visa,4077.52,PENDENTE,2024-08-02
6835,7635,PIX,11,,10297.99,PENDENTE,2022-10-17
6836,9746,Boleto,2,,11876.44,ESTORNADO,2023-11-11
6837,3363,Cartão,-1,Elo,11438.41,ESTORNADO,2022-01-24
6838,694,PIX,11,,12933.21,PAGO,31/02/2025
6839,10456,Boleto,3,,5773.62,PENDENTE,2022-03-31
6840,8310,Boleto,2,,4851.8,PAGO,2022-02-09
6841,355,Boleto,4,,825.33,PENDENTE,2022-11-21
6842,493,PIX,8,,3602.38,PAGO ,2025-03-01
6843,7691,Boleto,7,,9453.59,Pago,2022-07-17
6844,5204,Cartão,3,Elo,7040.59,PAGO,2022-01-16
6845,3048,Boleto,1,,8045.21,PENDENTE,03-09-2022
6846,2473,Boleto,6,,407.95,ESTORNADO,2022-06-12
6847,4051,PIX,9,,7601.7,PENDENTE,2023-09-23
6848,3823,Cartão,9,Elo,2018.51,PENDENTE,2024-04-12
6849,11623,Boleto,-5,,,PENDENTE,2024-02-06
6850,5344,Pix,11,,R$500,Pago,2024-09-25
6851,2262,Boleto,,,12976.24,PENDENTE,2023-07-31
6852,9523,Boleto,11,,2905.42,PAGO,2022-01-15
6853,5161,PIX,,,12912.01,PENDENTE,2024-04-09
6854,6307,pix,12,American Express,,ESTORNADO,2024-04-26
6855,8214,Boleto,2,,3614.19,ESTORNADO,2023-02-28
6856,9738,PIX ,5,,-500,ESTORNADO,2023-09-02
6857,6811,Boleto,2,,13025.29,ESTORNADO,2024-09-22
6858,10203,Dinheiro,1,,1867.35,PENDENTE,2023-02-16
6859,7777,PIX,10,,6827.83,PENDENTE,2023-11-24
6860,1113,Cartão,0,Elo,4210.74,ESTORNADO,2022-07-15
6861,8717,PIX,9,,14969.29,PENDENTE,2022-08-13
6862,9989,PIX,7,,7342.34,PENDENTE,2022-09-13
6863,8438,PIX,11,,11765.74,PENDENTE,2023-08-14
6864,1311,Boleto,,,11979.39,PENDENTE,2025-04-03
6865,6305,PIX,9,,9503.84,PAGO ,2024-07-25
6866,11485,Boleto,9,,632.91,ESTORNADO,2024-03-02
6867,3776,Cartão,10,Mastercard,7762.81,PAGO,2022-05-11
6868,7852,Dinheiro,12,,5097.0,ESTORNADO,2022-03-11
6869,8722,PIX,7,,8713.59,PENDENTE,23/08/2022
6870,240,PIX,3,,13223.95,PENDENTE,2024-08-29
6871,1182,Cartão,,American Express,mil,ESTORNADO,2024-03-06
6872,8753,PIX,5,,14260.57,PAGO,99/99/9999
6873,10052,Boleto,9,,R$500,Pagoo,2022-04-02
6874,943,PIX,-1,,5556.28,PENDENTE,2024-02-10
6875,6617,Cartão,8,Mastercard,7202.83,PAGO,2023-08-09
6876,1051,Boleto,4,,1731.87,PENDENTE,2022-09-16
6877,8324,Pixx,,,11780.61,PENDENTE,2025-03-16
6878,3299,Cartão,9,Mastercard,0,ESTORNADO,2022-05-14
6879,9861,PIX,12,,7882.71,ESTORNADO,2022-12-14
6880,6303,PIX,11,,8829.23,PAGO,2023-10-30
6881,3300,PIX ,12,,2130.95,PENDENTE,2022-01-25
6882,2866,Boleto,-1,,,PAGO ,99/99/9999
6883,7430,Boleto,3,,9454.61,PENDENTE,13/11/2024
6884,5805,Dinheiro,3,,13214.56,ESTORNADO,2024-09-26
6885,4191,Cartão,7,American Express,5699.59,PAGO,2025-03-30
6886,7387,PIX,0,,5294.73,ESTORNADO,2022-11-19
6887,3450,Dinheiro,12,,mil,PENDENTE,2022-07-01
6888,9716,Boleto,5,,6519.74,PENDENTE,2022-03-22
6889,3033,PIX,7,,5009.61,PENDENTE,2022-07-07
6890,1459,Dinheiro,10,,14654.49,Pagoo,2024-06-26
6891,674,Dinheiro,3,,0,PAGO ,2022-01-26
6892,1414,Boleto,10,,-500,PAGO,2023-12-28
6893,7496,Boleto,8,,R$500,ESTORNADO,2022-02-17
6894,7066,Boleto,0,,4117.14,PENDENTE,2024-09-09
6895,6892,PIX,7,,2590.72,Estornado,2024-12-02
6896,5520,Cartão,0,Elo,2540.86,pago,2024-06-30
6897,6309,Dinheiro,7,,4202.09,PAGO,2023-06-17
6898,4448,PIX,9,,12611.18,ESTORNADO,2024-12-18
6899,6125,PIX,5,,12414.75,ESTORNADO,2024-06-13
6900,775,Cartao,,,1052.73,PAGO,2022-12-08
6901,5094,Cartão,6,Hipercard,,PENDENTE,2024-10-22
6902,8830,PIX,8,,0,ESTORNADO,2022-05-25
6903,11182,PIX,8,,3475.55,ESTORNADO,2025-01-18
6904,590,PIX,doze,,7563.1,PAGO,2022-02-16
6905,6997,Boleto,8,,2718.85,Pago,2023-07-21
6906,8397,PIX,6,,2043.87,PAGO,2023-07-19
6907,1343,Boleto,1,,5080.97,ESTORNADO,2022-05-12
6908,9049,PIX,,,13907.17,PENDENTE,2023-10-28
6909,6540,PIX,2,,4774.1,ESTORNADO,2023-02-01
6910,6808,Boleto,11,,14013.58,ESTORNADO,2023-01-17
6911,262,Boleto,-5,,12535.74,PAGO,2022-12-27
6912,7974,Dinheiro,4,,7775.02,PAGO,2025-01-23
6913,3787,Boleto,-1,,7616.75,PENDENTE,2023-12-10
6914,6079,Boleto,11,,6650.63,PENDENTE,2024-11-09
6915,4388,Dinheiro,1,,8787.81,PAGO,2024-10-06
6916,7070,Boleto,2,,12628.16,PENDENTE,2022-06-11
6917,9821,Dinheiro,2,,5726.69,PENDENTE,2022-11-28
6918,359,Dinheiro,8,,10050.62,PENDENTE,2022-03-01
6919,2418,PIX,5,,5188.04,Pagoo,2025-01-12
6920,131,PIX,1,,14436.39,ESTORNADO,2024-02-03
6921,285,Boleto,12,,10018.48,PAGO,2024-03-02
6922,7982,Cartão,4,Visa,7460.26,PENDENTE,2024-12-15
6923,2802,Cartão,12,Hipercard,7029.36,PENDENTE,2022-05-09
6924,8761,Cartão,8,Mastercard,-500,PENDENTE,2023-06-23
6925,152,Boleto,6,,2111.89,PAGO,2023-03-16
6926,9046,Cartão,-1,Elo,11549.59,PENDENTE,2022-12-06
6927,11677,Cartão,3,Elo,981.12,ESTORNADO,2023-02-13
6928,8465,Boleto,6,,3734.59,PENDENTE,2023-09-29
6929,10946,Cartão,9,Mastercard,mil,ESTORNADO,2022-01-16
6930,7804,Boleto,6,,10536.22,PENDENTE,2022-04-04
6931,3058,Cartão,6,,12106.52,PENDENTE,2025-03-19
6932,8757,Cartão,7,Hipercard,-500,PENDENTE,2024-10-05
6933,1869,PIX,11,,-500,PAGO,2023-08-26
6934,7222,PIX,11,,6601.17,PAGO,2024-05-22
6935,10818,Boleto,,,14429.36,PAGO,2023-08-22
6936,506,Dinheiro,12,,11504.84,PAGO,2023-08-15
6937,9530,PIX,1,,11886.43,PENDENTE,2022-01-24
6938,3079,Cartão,2,Visa,6613.82,PENDENTE,2024-10-12
6939,2745,Boleto,10,,10988.63,ESTORNADO,2023-11-26
6940,5323,Boleto,4,,91.77,PAGO,2024-08-19
6941,4798,Cartão,1,Elo,3108.62,PENDENTE,2022-06-13
6942,745,Cartão,doze,Visa,2607.48,ESTORNADO,2024-03-15
6943,4013,Cartão,,Mastercard,12431.6,ESTORNADO,2023-06-01
6944,6097,Boleto,11,,388.19,PENDENTE,2022-08-14
6945,5029,Boleto,10,,6034.38,ESTORNADO,2024-09-08
6946,6991,boleto,11,,12404.39,PENDENTE,2022-10-19
6947,6125,Dinheiro,8,,9605.75,PAGO,2022-02-06
6948,9666,PIX,7,,813.07,ESTORNADO,2022-01-16
6949,1336,PIX,3,,6472.97,PAGO,2022-01-29
6950,148,Cartão,9,Visa,4687.76,PAGO,2023-07-28
6951,9843,Cartão,12,Elo,5970.73,PENDENTE,2023-12-16
6952,1086,Cartão,1,Visa,4115.71,PENDENTE,2023-11-24
6953,2619,Cartão,8,,2364.62,,2025-02-13
6954,7672,Cartão,7,Visa,,ESTORNADO,2024-08-19
6955,3335,PIX,2,,3409.99,ESTORNADO,2022-10-01
6956,7499,Dinheiro,5,,1341.29,ESTORNADO,2022-08-10
6957,9379,Dinheiro,12,,mil,PAGO,2023-10-25
6958,7354,Cartão,2,Mastercard,3854.78,PAGO,2023-11-17
6959,636,Boleto,5,,5193.21,ESTORNADO,2024-09-13
6960,10854,PIX,3,,7205.27,PENDENTE,2023-12-27
6961,247,PIX,1,,810.42,ESTORNADO,2023-05-02
6962,1707,Boleto,10,,5331.65,PENDENTE,2022-01-27
6963,9832,Dinheiro,2,,12186.85,ESTORNADO,2024-04-24
6964,9612,PIX,8,,7402.77,PAGO,2022/10/22
6965,5765,Cartão,7,,12515.21,PENDENTE,2023-07-28
6966,9937,PIX,-1,,4407.81,ESTORNADO,2022-01-01
6967,6926,Boleto,8,,11881.19,ESTORNADO,2023-03-23
6968,2993,,,,12851.68,Estornado,2023-06-04
6969,4484,Dinheiro,-1,,5635.03,ESTORNADO,2025-02-21
6970,4616,Cartão,4,Elo,6268.05,ESTORNADO,2022-02-19
6971,3648,PIX,5,,3810.67,PENDENTE,2023-11-07
6972,1627,PIX,4,,5662.12,PAGO,2024-05-30
6973,656,Dinheiro,3,,14741.53,ESTORNADO,2022-01-21
6974,9665,PIX,1,,5910.48,PENDENTE,2024-05-12
6975,10176,Cartão,5,Mastercard,497.2,ESTORNADO,2022-10-10
6976,8487,PIX,1,,14352.35,PAGO,2024-09-08
6977,996,Cartão,4,,3944.98,PAGO,2024-02-13
6978,6238,PIX,8,,7073.52,ESTORNADO,2023-04-05
6979,7413,Cartão,11,,11234.88,PENDENTE,10-27-2023
6980,10086,Pixx,,,7380.08,PENDENTE,99/99/9999
6981,5546,PIX,3,,4240.41,PENDENTE,2025-04-08
6982,5525,PIX,9,,13806.76,PAGO,2025-03-15
6983,10372,Dinheiro,5,,12964.32,PAGO,2023-05-30
6984,9374,Cartão,10,Mastercard,13290.12,PENDENTE,2023-06-14
6985,9269,Dinheiro,2,,1782.44,PENDENTE,2023-03-20
6986,3504,Cartão,11,Mastercard,7680.32,PENDENTE,2025-03-18
6987,11502,Dinheiro,doze,,273.32,ESTORNADO,2022-06-12
6988,3449,Dinheiro,10,,9715.67,ESTORNADO,2023-12-13
6989,5491,Dinheiro,5,,9007.93,ESTORNADO,99/99/9999
6990,9565,Boleto,4,,5808.0,PENDENTE,17/08/2022
6991,1257,PIX,12,,12217.16,PAGO,2024-10-06
6992,3615,Cartão,2,,903.72,PENDENTE,2024-01-05
6993,8984,Cartão,1,,5783.27,ESTORNADO,2024-07-27
6994,4822,PIX,2,,7370.29,ESTORNADO,2025-03-28
6995,4342,Boleto,3,,4848.79,PAGO,2024-11-25
6996,8691,PIX,12,,12048.67,PENDENTE,2022-04-17
6997,9413,PIX,5,,11045.75,ESTORNADO,2022-09-23
6998,11207,,,,-500,PAGO,2022-02-12
6999,11387,PIX,-5,,13065.93,ESTORNADO,2022-10-10
7000,9733,Cartão,8,Mastercard,5897.52,PENDENTE,2023-10-06
7001,3678,Dinheiro,11,,1690.0,PENDENTE,2022-01-06
7002,3578,Cartão,9,Mastercard,4364.83,PENDENTE,2023-07-04
7003,6655,Dinheiro,7,,4273.36,PAGO,2023-09-17
7004,2823,Cartão,8,Elo,,PENDENTE,2023-05-23
7005,5853,Boleto,7,,12066.47,PENDENTE,2022-10-03
7006,966,Boleto,0,,3987.47,PAGO,2022-04-07
7007,1000,PIX,3,,,PAGO,2023-02-16
7008,5759,Dinheiro,3,,7908.79,ESTORNADO,2023-06-29
7009,8139,Dinheiro,10,,7724.94,ESTORNADO,2022-11-29
7010,3960,Cartão,4,Mastercard,8009.3,PAGO,2024-04-27
7011,9502,Dinheiro,9,,8278.51,PAGO,2022-01-11
7012,8593,Boleto,12,,7362.35,ESTORNADO,2022-04-01
7013,9778,Cartão,10,American Express,4930.84,ESTORNADO,2022-02-05
7014,9014,Dinheiro,7,,83.65,PAGO,2022-07-13
7015,10599,Dinheiro,10,,2585.03,PAGO,2024-09-04
7016,7612,Dinheiro,-5,,mil,PENDENTE,2023-11-20
7017,5039,Boleto,3,,14023.34,PAGO,2023-05-05
7018,6860,PIX,9,,4874.19,ESTORNADO,2024-08-22
7019,6266,Cartão,-1,Hipercard,5335.78,pago,2022-05-20
7020,6605,PIX,10,,R$500,ESTORNADO,2023-04-24
7021,9155,Cartão,5,Visa,8330.77,PAGO,2022-02-05
7022,8793,Boleto,7,,5149.17,PENDENTE,2023-02-02
7023,5043,Dinheiro,3,,13346.19,Estornado,2022-07-07
7024,6548,Cartão,2,,4113.19,ESTORNADO,2023-05-21
7025,1493,Cartão,3,Hipercard,10681.13,ESTORNADO,2023-11-29
7026,1725,PIX,1,,2323.83,ESTORNADO,2024-11-22
7027,3047,Boleto,5,,8973.46,PAGO,2024-06-02
7028,7802,Boleto,7,,2456.23,PENDENTE,2025-01-10
7029,6731,Boleto,11,,3279.45,PENDENTE,2022-10-28
7030,2310,Dinheiro,4,,,PENDENTE,2024-07-15
7031,8923,Boleto,,,14096.62,PAGO,06-08-2022
7032,4074,Boleto,1,,14744.82,PAGO,2022-04-17
7033,7481,Cartão,11,Hipercard,,PENDENTE,2022-05-05
7034,8387,Cartão,9,Elo,7233.31,PAGO,2022-06-12
7035,2835,PIX,7,,10298.55,PAGO,2024-01-18
7036,10786,Dinheiro,1,,5845.45,PAGO,2022-04-14
7037,4230,PIX,4,,9748.71,PENDENTE,2022-06-19
7038,616,Dinheiro,8,,8909.13,PENDENTE,2023-01-27
7039,11351,Cartão,2,Mastercard,10624.59,ESTORNADO,2023-07-25
7040,9107,Dinheiro,1,,7226.72,PAGO,2025-03-05
7041,1422,Boleto,9,,2932.34,Pagoo,2023-03-27
7042,7781,Cartão,3,Mastercard,4382.22,,2022-02-01
7043,4823,Boleto,4,,204.35,ESTORNADO,2025-02-02
7044,543,PIX,12,,R$500,Pago,2024-02-19
7045,11551,Cartão,8,Mastercard,5121.28,ESTORNADO,2023-06-22
7046,2816,PIX,5,,-500,PAGO,2024-08-09
7047,6876,Cartão,7,Hipercard,6603.47,PAGO,2022-04-24
7048,5395,Boleto,7,,13584.54,PAGO,2023-10-08
7049,7690,PIX,-1,,4233.71,PENDENTE,2024-12-10
7050,7500,Dinheiro,1,,1724.99,PENDENTE,2022-06-26
7051,5581,Dinheiro,7,,7565.09,ESTORNADO,2022-06-14
7052,116,Boleto,10,,14718.26,ESTORNADO,2023-04-06
7053,10515,PIX,-5,,6473.77,PAGO ,2023-08-08
7054,1388,Dinheiro,4,,5952.62,PENDENTE,2023-07-12
7055,4968,Boleto,5,,12019.07,PENDENTE,04-11-2025
7056,8970,Dinheiro,10,,7594.76,PAGO,2024/10/08
7057,532,Cartão,4,,5247.21,PENDENTE,2024-11-20
7058,6171,Cartão,1,American Express,13678.87,ESTORNADO,2025-01-14
7059,3097,Cartão,1,Mastercard,,ESTORNADO,2023-01-30
7060,9916,PIX,7,,1379.94,ESTORNADO,2022-07-04
7061,11979,pix,2,,,ESTORNADO,2025-03-10
7062,475,Cartão,doze,,6038.82,PENDENTE,2024-10-07
7063,10901,Cartão,5,,8204.62,PENDENTE,2023-06-02
7064,385,Cartão,5,American Express,1357.28,ESTORNADO,2022-08-17
7065,9194,Boleto,2,,7160.37,PENDENTE,2025-01-12
7066,11608,Dinheiro,0,,12850.6,PAGO,2025-01-02
7067,6000,PIX,8,,6653.72,PENDENTE,2023/08/09
7068,5046,Boleto,6,,5426.47,PENDENTE,2025-01-06
7069,7942,Dinheiro,6,,11011.24,PAGO,2024-10-01
7070,2078,Cartão,11,Elo,7269.0,PAGO,2024-01-17
7071,1670,boleto,7,,13034.77,ESTORNADO,2022-08-03
7072,10339,PIX,9,,14637.54,PENDENTE,2023-12-16
7073,8360,Dinheiro,12,,872.53,ESTORNADO,2024-06-23
7074,5380,Cartão,5,,9989.51,PENDENTE,2022-07-24
7075,3602,PIX,8,,14195.28,PAGO,2023-11-18
7076,4772,Dinheiro,,,2226.85,ESTORNADO,2022-12-24
7077,6461,Dinheiro,4,,3592.51,PAGO ,2023-02-22
7078,4329,Boleto,-1,,269.68,PAGO,2023/11/13
7079,6733,Cartão,doze,,mil,PAGO,2022-07-24
7080,1921,PIX,11,,11772.33,ESTORNADO,2022-08-20
7081,1545,Boleto,,,2809.79,PAGO,2022-05-14
7082,9050,Cartão,11,Mastercard,3238.58,ESTORNADO,2023-06-22
7083,1116,Cartão,12,Elo,4381.38,PAGO,2024-06-05
7084,4440,Boleto,3,,8427.94,ESTORNADO,2022-07-22
7085,529,Dinheiro,7,,14879.63,PAGO,2023-06-25
7086,8556,Dinheiro,9,,3215.94,ESTORNADO,2022-08-14
7087,3231,Dinheiro,5,,,Pagoo,2025-01-01
7088,6142,Dinheiro,,,5931.66,PAGO,2023-03-15
7089,8520,Boleto,,,5117.21,,2022-07-06
7090,8626,PIX,12,,12401.97,PENDENTE,2022-02-20
7091,7890,Dinheiro,3,,12881.98,PENDENTE,2022-09-01
7092,6873,Dinheiro,6,,12762.87,ESTORNADO,2024-07-10
7093,8825,Dinheiro,6,,10087.87,PENDENTE,2022-12-29
7094,9864,Cartão,0,Mastercard,3291.09,ESTORNADO,2024-06-27
7095,3731,Dinheiro,9,,3382.57,PAGO,2025-03-09
7096,7694,Boleto,11,,3241.41,PENDENTE,2023-07-11
7097,10653,Cartão,8,,7047.63,Pendente,2023-11-14
7098,898,Cartão,8,Mastercard,9174.33,Pago,2022-09-07
7099,9815,PIX,8,,9771.73,PENDENTE,2022-06-04
7100,4198,Pixx,6,,579.98,PENDENTE,2025-04-02
7101,3599,Dinheiro,,,7381.34,ESTORNADO,99/99/9999
7102,9304,Boleto,1,,5014.17,PENDENTE,2022-05-24
7103,3523,Boleto,10,,12594.81,PENDENTE,2023-10-30
7104,8515,Dinheiro,9,,7257.55,PENDENTE,2022-07-06
7105,5261,PIX,11,,1454.21,PENDENTE,2023-08-22
7106,3099,PIX,8,,12239.7,PAGO,31/02/2025
7107,1032,Dinheiro,3,,528.96,ESTORNADO,2022-04-28
7108,8270,Boleto,3,,676.05,ESTORNADO,2022-06-14
7109,7605,Cartão,,American Express,12591.02,Pago,2022-02-27
7110,4908,PIX,,,8230.93,PENDENTE,2023-02-14
7111,10194,Cartão,1,,1697.43,PAGO,2023-11-09
7112,10766,Pixx,8,,1569.9,PAGO,2025-03-13
7113,2155,PIX,7,,12519.94,PENDENTE,2023-05-17
7114,8850,PIX,,,7123.31,PENDENTE,2025-02-24
7115,8550,Boleto,5,,10948.57,PAGO,2023-06-10
7116,4791,Dinheiro,8,,5546.62,pago,2023-07-27
7117,8131,Dinheiro,11,,14614.19,ESTORNADO,2023-09-23
7118,2921,Boleto,7,,6704.15,ESTORNADO,2023-07-27
7119,988,Boleto,,,12636.02,ESTORNADO,2024-01-12
7120,5977,Cartão,7,American Express,3749.1,PAGO,2023-11-07
7121,1214,PIX,5,,,PAGO,2024-09-02
7122,2220,Boleto,,,14434.05,PAGO ,2022-08-06
7123,2098,PIX,9,,1176.13,PAGO,2023-11-02
7124,11097,Dinheiro,5,,8685.24,ESTORNADO,2024-07-27
7125,5271,Cartao,4,,,PAGO,2022-12-13
7126,8040,Boleto,5,,2979.02,PENDENTE,2023-05-25
7127,7172,Cartão,7,Elo,1383.42,ESTORNADO,2023-05-23
7128,10831,Dinheiro,12,,10011.62,PAGO,2023-06-01
7129,7430,Dinheiro,8,,0,ESTORNADO,2022-01-14
7130,4468,Dinheiro,-5,,9324.57,ESTORNADO,2024-10-01
7131,2646,Pixx,,,-500,PAGO,2024-10-25
7132,3429,Dinheiro,12,,3280.3,ESTORNADO,2024-08-31
7133,11068,Cartão,12,Elo,7225.82,PENDENTE,2024-05-30
7134,9878,Dinheiro,6,,14072.65,ESTORNADO,2022-08-31
7135,9559,Cartão,-5,,10719.97,ESTORNADO,2022-01-10
7136,9219,Boleto,11,,13806.9,PENDENTE,2024-12-22
7137,3591,Boleto,6,,12037.14,PAGO,2022-05-14
7138,6596,Boleto,8,,12048.96,PENDENTE,2024-10-30
7139,2453,Dinheiro,11,,6546.93,ESTORNADO,2025-03-04
7140,3093,Dinheiro,8,,5182.05,ESTORNADO,2024-10-31
7141,1698,PIX,12,,4643.61,PENDENTE,2022-05-16
7142,3809,Dinheiro,5,,2582.6,PAGO,2023-06-25
7143,7825,Cartão,11,Hipercard,1786.96,PAGO,2024-11-09
7144,7349,Dinheiro,9,,9082.57,ESTORNADO,2024-02-21
7145,1946,pix,12,,777.36,PAGO,2023-02-15
7146,6730,Dinheiro,2,,12300.11,PAGO,2024-03-03
7147,1684,PIX,1,,6710.04,PENDENTE,2025-02-15
7148,8642,Dinheiro,3,,8023.58,ESTORNADO,01/10/2022
7149,4787,Cartão,12,Mastercard,12004.64,PENDENTE,2022-12-13
7150,11355,Boleto,8,,2521.54,PENDENTE,2024-05-15
7151,9606,Cartão,5,Mastercard,11093.2,PENDENTE,2023-01-07
7152,3841,Cartão,1,,0,PENDENTE,2025-04-01
7153,7877,Cartão,9,,8382.56,ESTORNADO,2025/01/24
7154,8976,PIX,,,7138.81,ESTORNADO,2023-01-28
7155,9968,PIX,7,,,PAGO,2023-07-11
7156,4351,Cartao,9,,11715.89,PENDENTE,2025-02-11
7157,11065,Boleto,9,,4145.81,PENDENTE,2023-05-08
7158,5183,Dinheiro,7,,9932.07,PENDENTE,2024-03-04
7159,6156,Dinheiro,11,,6298.18,PAGO,2023-04-09
7160,2137,Boleto,1,,9728.17,ESTORNADO,2022-06-25
7161,2093,Boleto,5,,2671.8,PAGO,2022-03-10
7162,6199,Cartão,7,Visa,13867.34,PENDENTE,2022/03/30
7163,3757,Boleto,8,,3461.34,PAGO,2024-12-31
7164,4356,Boleto,9,,11563.24,PAGO,2025/01/18
7165,6329,Dinheiro,2,,4921.62,PAGO,2022-09-17
7166,11521,Boleto,7,,6628.56,ESTORNADO,2025-03-03
7167,8190,Cartão,5,,7572.73,PAGO,2022-02-02
7168,9889,Cartão,2,,7380.5,PENDENTE,31/02/2025
7169,3818,Boleto,-5,,10938.76,PENDENTE,2022-02-21
7170,379,Dinheiro,,,9933.59,PENDENTE,2024-09-10
7171,2273,,2,,3604.84,PAGO,2022-12-19
7172,10006,Cartão,5,Hipercard,14684.68,ESTORNADO,2024-06-11
7173,2543,PIX ,2,Mastercard,6096.28,PAGO,2023/03/05
7174,3594,Cartão,4,American Express,8377.76,ESTORNADO,2022-09-17
7175,4562,PIX,1,,,ESTORNADO,2024-07-22
7176,460,Dinheiro,6,,6657.35,PENDENTE,2022-07-19
7177,5329,boleto,9,,4631.84,PAGO,2025-02-16
7178,1876,,2,,5154.93,PAGO,2023-10-31
7179,4005,Boleto,10,,,PAGO,2023-08-12
7180,2593,PIX,10,,9105.29,PENDENTE,2022-08-22
7181,6441,Boleto,1,,5844.89,PAGO,2022-06-08
7182,1401,Cartão,11,Visa,9852.69,ESTORNADO,2024-11-17
7183,3004,Dinheiro,,,810.79,PENDENTE,2025-04-08
7184,285,Dinheiro,7,,30.42,PENDENTE,2023-12-30
7185,477,Cartão,9,Visa,357.67,PENDENTE,10-16-2023
7186,8074,Boleto,12,,-500,PAGO,2023-08-03
7187,4500,Boleto,1,,3944.96,PAGO,2022-07-09
7188,7059,Dinheiro,4,,13368.93,PENDENTE,2024-11-10
7189,1347,PIX,5,,4428.94,PENDENTE,2022-04-14
7190,9340,Dinheiro,7,,R$500,PAGO,2023-10-18
7191,8743,Dinheiro,8,,,PENDENTE,2024-11-19
7192,948,Pix,12,,mil,ESTORNADO,2023-02-21
7193,7214,Cartão,6,,11977.32,ESTORNADO,2022-08-27
7194,1846,Cartão,11,American Express,7868.98,PENDENTE,2022-10-05
7195,84,Dinheiro,,,2313.97,PENDENTE,2023-01-28
7196,7112,Cartão,3,,,ESTORNADO,2024-08-04
7197,6219,Dinheiro,3,,12847.93,PAGO,2022-10-05
7198,6945,Pix,3,,0,PAGO,2024-12-17
7199,6872,Dinheiro,10,,3059.41,ESTORNADO,2024-06-26
7200,2561,Dinheiro,6,,12138.38,ESTORNADO,2024-10-31
7201,5018,Boleto,12,,10819.77,ESTORNADO,2023-01-29
7202,6845,Cartão,7,Hipercard,12431.01,PENDENTE,2023-01-01
7203,3511,Cartão,7,,,ESTORNADO,2024-03-14
7204,1609,Cartão,9,Elo,13472.51,ESTORNADO,01-21-2025
7205,2225,Cartão,4,Hipercard,1405.07,ESTORNADO,2024-10-27
7206,5161,Dinheiro,10,,14776.27,PENDENTE,2022-06-02
7207,44,Dinheiro,2,,4486.52,PAGO,2025/02/09
7208,7459,Dinheiro,3,,1634.81,PAGO,2025-01-23
7209,9302,pix,11,,6206.02,ESTORNADO,2023-04-21
7210,6491,PIX,11,,10688.6,PENDENTE,2023-06-01
7211,547,Boleto,10,,1339.36,ESTORNADO,2022-06-20
7212,4381,Boleto,3,,12986.79,PENDENTE,2023-11-16
7213,4240,Dinheiro,3,,12146.05,PAGO,2023-12-20
7214,2650,Cartão,3,Visa,13482.45,PENDENTE,2025-03-06
7215,2321,PIX,11,,9045.31,PENDENTE,2023-03-01
7216,1439,Boleto,10,,12730.76,PENDENTE,2023-04-05
7217,8339,Dinheiro,3,,5313.97,PENDENTE,2022-07-20
7218,7473,Cartão,5,Visa,13004.22,PAGO,2023-03-31
7219,5100,Boleto,10,,10673.18,PAGO,2022-05-27
7220,7914,Cartão,5,Mastercard,7850.61,PENDENTE,2022-02-26
7221,3965,PIX,6,,8803.53,PAGO,2025-01-24
7222,8098,Pixx,8,,7675.04,ESTORNADO,2022-01-28
7223,1054,Boleto,3,,10768.0,PENDENTE,2023-05-31
7224,8912,Cartão,4,American Express,10339.89,PAGO,2024-04-21
7225,11973,Boleto,12,,3917.99,PENDENTE,2025-02-02
7226,11826,PIX,2,,7433.76,ESTORNADO,2025-01-31
7227,7065,PIX,9,,2528.58,PAGO,2022-09-22
7228,2442,PIX,5,,6084.55,PENDENTE,2023-12-30
7229,7451,Dinheiro,10,,6077.75,,2025-02-20
7230,2366,Cartão,12,Mastercard,7212.52,PENDENTE,2022-08-05
7231,2878,PIX,12,,mil,ESTORNADO,2022-03-28
7232,3515,PIX,,,13849.6,PAGO,2023-10-26
7233,7353,Boleto,10,,7387.43,PENDENTE,12/03/2022
7234,7864,Dinheiro,-1,,,PAGO,2023-06-11
7235,2883,Boleto,doze,,13287.67,ESTORNADO,99/99/9999
7236,3194,PIX,3,,504.25,PENDENTE,2023-03-03
7237,4389,Boleto,9,,-500,ESTORNADO,2022-02-15
7238,8737,PIX,6,,5049.78,ESTORNADO,2025-02-12
7239,4370,PIX,10,,3895.57,PENDENTE,2023-11-03
7240,7766,Boleto,4,,11972.72,pago,2025-02-24
7241,1495,PIX,9,,9354.75,PENDENTE,2023-05-23
7242,5561,Boleto,1,,6760.64,PAGO,2022-09-23
7243,10067,PIX,1,,-500,PAGO,04-09-2025
7244,1006,Cartão,10,,2839.25,PENDENTE,2022-09-23
7245,4364,pix,11,Hipercard,10764.67,ESTORNADO,2025-04-03
7246,2241,Dinheiro,,,3598.32,ESTORNADO,2022-02-23
7247,6068,Dinheiro,2,,R$500,PENDENTE,2023-11-19
7248,9398,PIX,5,,10073.74,PENDENTE,2023-12-06
7249,3779,PIX,3,,1007.26,PAGO,2022-06-23
7250,1539,Dinheiro,10,,11122.12,PAGO,2024-02-19
7251,7302,Boleto,doze,,8495.45,ESTORNADO,31/02/2025
7252,6158,Dinheiro,7,,9800.36,PAGO,2024-09-11
7253,3685,Cartão,7,Elo,11602.86,PENDENTE,2023-02-15
7254,1495,Pixx,1,,0,PENDENTE,2023-08-12
7255,3623,PIX,5,,3842.59,PAGO,2024-03-11
7256,1715,PIX,10,,3696.67,PENDENTE,2022-12-21
7257,11211,Cartão,,Elo,10822.22,ESTORNADO,2024/03/27
7258,589,PIX,11,,,PENDENTE,2023-12-30
7259,9226,Boleto,11,,117.56,PENDENTE,04-12-2023
7260,6404,PIX,11,,10703.3,ESTORNADO,2024-04-12
7261,4528,Cartão,,Mastercard,13543.1,ESTORNADO,2023-09-07
7262,4004,Cartão,5,Elo,,PAGO,2025-02-19
7263,8394,PIX,10,,14204.29,PENDENTE,31/02/2025
7264,1225,Boleto,7,,1498.95,PAGO,2023-06-15
7265,2824,Dinheiro,11,,794.63,PENDENTE,2022-10-27
7266,7573,Boleto,11,,7696.3,PAGO,2023-04-05
7267,6304,Boleto,1,,12304.77,PENDENTE,2023-04-24
7268,10966,Dinheiro,3,,2379.21,PENDENTE,2023-10-19
7269,3058,Dinheiro,4,,9490.76,PAGO,2022-01-17
7270,8707,PIX,6,,5996.43,PAGO,2022-12-13
7271,8259,Boleto,doze,,4291.72,PAGO,2023-04-06
7272,11726,Boleto,-1,,11228.02,ESTORNADO,2022-08-06
7273,10738,PIX,doze,,11099.96,PAGO,2024-03-14
7274,7193,Cartão,0,Visa,12895.38,ESTORNADO,2024-03-19
7275,9701,Dinheiro,8,,6194.57,ESTORNADO,2024-06-17
7276,7756,Dinheiro,9,,1586.4,PENDENTE,2025-02-26
7277,9946,PIX,5,,,ESTORNADO,2023-10-09
7278,8889,Dinheiro,4,,529.33,PENDENTE,2024-02-29
7279,5383,Boleto,2,,,ESTORNADO,2023-10-26
7280,783,,12,,6713.7,PAGO,2022-08-29
7281,10695,PIX,-5,,8001.78,PAGO,2024-08-27
7282,2335,PIX,7,,6819.0,PAGO,2022-08-15
7283,4796,PIX,6,,5300.41,ESTORNADO,2023-12-18
7284,5471,Cartão,6,Hipercard,5301.87,ESTORNADO,2025-01-04
7285,11982,PIX ,5,,12586.75,PENDENTE,2024-01-28
7286,6908,PIX,12,,9474.04,ESTORNADO,09/09/2023
7287,8239,PIX,2,,5683.07,ESTORNADO,2023-08-30
7288,48,Boleto,12,,-500,ESTORNADO,2022-08-04
7289,5770,PIX,,,10242.67,PAGO,2022-09-03
7290,3748,Boleto,10,,740.36,PENDENTE,2024-11-25
7291,6635,PIX,3,,5844.77,PENDENTE,2024-11-26
7292,3143,Cartão,8,,,PENDENTE,2024-04-25
7293,4861,Cartão,11,Visa,10120.11,ESTORNADO,2023-03-11
7294,5978,PIX,-5,,,PAGO,2022-04-16
7295,5440,Cartão,11,Mastercard,2835.04,PENDENTE,2022-08-01
7296,5690,PIX,5,,mil,PENDENTE,2024-06-18
7297,9554,Cartão,8,Hipercard,13745.89,ESTORNADO,2025-02-13
7298,9295,Boleto,4,,3286.9,PENDENTE,2024-05-20
7299,1154,pix,doze,,4369.61,ESTORNADO,2025-04-08
7300,8210,Cartão,2,Elo,9998.18,PAGO,2024-12-09
7301,9210,PIX,6,,87.86,PENDENTE,2022-04-19
7302,6938,Dinheiro,7,,2403.46,PAGO,2022-11-30
7303,5205,Dinheiro,9,,11451.16,Estornado,2024-04-13
7304,10632,Cartão,3,Mastercard,8140.3,PENDENTE,13/11/2023
7305,5306,PIX,1,,4786.23,ESTORNADO,2025-01-08
7306,3946,Cartão,4,Visa,mil,PENDENTE,2022-09-17
7307,3426,Dinheiro,2,,,ESTORNADO,2025-04-12
7308,7248,Dinheiro,0,,10540.65,ESTORNADO,2023-04-28
7309,4497,Cartão,5,,9455.54,PAGO,2022-08-02
7310,8997,Cartão,3,Visa,6875.2,ESTORNADO,2022-08-14
7311,7771,Cartão,8,American Express,4635.21,PENDENTE,2025-03-30
7312,7137,PIX,12,,14936.18,PENDENTE,2023-04-20
7313,1003,Boleto,6,,13215.41,ESTORNADO,2022-01-19
7314,11452,Boleto,9,,7291.65,PAGO,2024-02-09
7315,4364,Cartão,5,Hipercard,14246.69,PENDENTE,2023-01-15
7316,6873,PIX,2,,2002.72,ESTORNADO,2024-07-10
7317,2839,Boleto,4,,12679.44,PAGO,2023-07-22
7318,4780,Pixx,9,Hipercard,14785.28,PAGO,2022-10-29
7319,7374,Dinheiro,7,,14409.45,PAGO,2023-02-11
7320,11188,PIX,12,,3357.88,ESTORNADO,2023-12-03
7321,11310,PIX ,8,,4360.11,PAGO,2024-11-23
7322,2818,PIX,-5,,1707.88,PAGO,2024-05-19
7323,3500,Dinheiro,2,,10900.82,Pendente,99/99/9999
7324,3808,PIX,7,,10696.67,PAGO,2022-02-17
7325,2615,PIX,9,,5769.35,PAGO,2023-04-21
7326,2649,Boleto,8,,8418.95,Pago,99/99/9999
7327,8499,PIX,10,,,PAGO,2022-08-27
7328,7870,Boleto,6,,9306.67,ESTORNADO,2023-07-06
7329,8234,Boleto,2,,1974.33,PAGO ,2023-07-22
7330,2220,Cartão,7,Hipercard,13728.27,PAGO,2025-03-25
7331,1232,PIX,6,,13377.5,PAGO,2023-03-26
7332,11213,Boleto,8,,7724.83,ESTORNADO,2023-10-04
7333,4301,PIX,2,,7195.77,PAGO,2024-03-26
7334,6257,Cartão,,,8226.0,PAGO,2022-09-22
7335,1197,Dinheiro,11,,11727.54,ESTORNADO,2024-01-03
7336,11949,PIX,5,,8179.72,PAGO,2022-01-09
7337,3721,Cartão,12,Hipercard,14227.2,PENDENTE,2022-12-28
7338,6481,,11,,9812.42,PAGO,2022-04-04
7339,10309,PIX,7,,mil,PAGO,2023-10-31
7340,11398,PIX,11,,5541.94,PAGO,2024-10-28
7341,8264,Dinheiro,8,,521.11,Pendente,2023-09-08
7342,7385,Dinheiro,5,,2250.77,PENDENTE,2022-06-20
7343,1734,Dinheiro,6,,838.85,PAGO,2023-10-30
7344,5347,Cartão,4,Visa,10530.48,PAGO,2023-11-27
7345,6050,PIX,2,,12098.2,ESTORNADO,2024-01-08
7346,10105,PIX,7,,4424.67,ESTORNADO,2024-02-20
7347,3259,Boleto,,,,PENDENTE,2022-03-30
7348,9932,Dinheiro,2,,6867.1,PAGO,2023-05-25
7349,4273,PIX,5,,2973.29,PAGO ,2022-03-06
7350,7351,PIX,9,,12495.44,PENDENTE,2022-05-26
7351,9147,Dinheiro,6,,1956.3,PENDENTE,2022-02-12
7352,6243,Dinheiro,2,,12734.94,ESTORNADO,2025-03-10
7353,6405,PIX,5,,8898.59,ESTORNADO,2024-10-23
7354,11795,PIX,3,,7964.31,ESTORNADO,2023-08-03
7355,11967,PIX,4,,3024.4,PAGO,2024-11-23
7356,9270,Cartão,4,Elo,4457.79,Pendente,10-15-2023
7357,10468,Dinheiro,8,,6150.96,PENDENTE,2024-05-18
7358,2280,PIX,6,,14415.57,PAGO,2022-12-21
7359,3136,pix,2,Hipercard,8265.12,PAGO,2025-02-16
7360,316,Dinheiro,,,7965.54,PAGO,2023-05-21
7361,6465,Cartão,8,Mastercard,5736.23,ESTORNADO,2022-03-23
7362,3147,Dinheiro,5,,,PENDENTE,2023-08-13
7363,1963,PIX,9,,14981.93,PENDENTE,2022-08-09
7364,4210,Dinheiro,9,,13339.39,ESTORNADO,2024-02-03
7365,1014,Dinheiro,7,,3943.9,PAGO,2025-04-11
7366,4097,Boleto,5,,10375.76,PENDENTE,2022-04-02
7367,4305,Boleto,12,,5197.42,ESTORNADO,2023-12-02
7368,4769,Cartão,1,Elo,10597.03,ESTORNADO,99/99/9999
7369,1373,PIX,11,,8789.75,PENDENTE,2023-07-04
7370,9239,Cartao,2,Elo,11500.23,PENDENTE,2022-05-21
7371,4713,Boleto,12,,,ESTORNADO,2023-11-21
7372,4200,Cartão,8,,7425.27,,2023-12-05
7373,10807,Cartao,-1,,11952.77,PENDENTE,2022-02-09
7374,2432,Dinheiro,8,,144.08,ESTORNADO,2023-08-12
7375,8838,Boleto,11,,mil,ESTORNADO,2023/05/16
7376,6679,Cartão,7,American Express,,PAGO,2024-09-14
7377,11591,pix,10,,5137.68,ESTORNADO,2022-09-21
7378,8139,Dinheiro,12,,mil,PENDENTE,2024-04-23
7379,5478,Dinheiro,11,,9004.86,ESTORNADO,2023-04-16
7380,9459,Boleto,5,,R$500,ESTORNADO,2023-10-24
7381,2289,Dinheiro,2,,8030.9,PAGO,2023-06-20
7382,4996,Dinheiro,10,,11889.56,PENDENTE,2022-08-23
7383,5723,PIX,4,,,PAGO ,2022-07-04
7384,7366,Boleto,3,,8357.31,ESTORNADO,2023-05-26
7385,3643,PIX,-5,,13991.57,pago,2024-10-26
7386,6497,Dinheiro,,,7572.08,ESTORNADO,2022-10-21
7387,9185,PIX,3,,14337.47,PENDENTE,2023-11-12
7388,6701,Dinheiro,4,,8993.48,PAGO,2023-01-24
7389,7291,Cartão,,,8716.49,PAGO,99/99/9999
7390,6778,Boleto,1,,11955.14,PENDENTE,2024-06-22
7391,6123,Cartão,12,Mastercard,11373.56,PENDENTE,2024-01-25
7392,9469,Cartão,11,American Express,1783.14,PAGO,2024-12-22
7393,8546,Cartão,6,Hipercard,10283.3,PAGO,2022-12-18
7394,5126,PIX,4,,14503.47,PAGO,2022-08-17
7395,7858,Dinheiro,11,,12982.62,PAGO,2024-04-04
7396,864,Cartão,2,Elo,9907.29,PENDENTE,2024-06-24
7397,4814,Dinheiro,4,,10354.39,PAGO,2022-12-31
7398,1265,PIX,6,,10339.51,PENDENTE,2023-06-22
7399,767,Dinheiro,2,,12773.12,PAGO,2022-09-05
7400,9175,Cartão,12,Elo,1558.08,PAGO,2023/06/15
7401,9753,PIX,4,,14378.48,PENDENTE,2024-12-18
7402,20,PIX,8,,,PAGO,2025-01-02
7403,2326,PIX,5,,3052.83,ESTORNADO,2024-08-11
7404,3316,Dinheiro,2,,9561.09,ESTORNADO,2023-01-04
7405,3477,PIX,2,,11068.83,PAGO,2022-10-27
7406,9799,Pix,-1,,5757.1,ESTORNADO,2023-10-13
7407,2540,PIX,6,,13323.7,ESTORNADO,2024-03-06
7408,4707,PIX,,,12884.62,ESTORNADO,2023-07-14
7409,3267,Cartão,1,,284.13,PAGO,2022-09-06
7410,2262,PIX,8,,11529.04,PAGO,2024-10-05
7411,3908,Pix,3,Visa,2268.01,ESTORNADO,2022-09-01
7412,3054,Boleto,7,,8518.82,ESTORNADO,2023-06-08
7413,875,PIX,3,,5315.93,PAGO,2024-06-18
7414,5650,Cartão,4,Mastercard,13643.93,ESTORNADO,2025-03-25
7415,3164,Boleto,-1,,3691.08,ESTORNADO,2023-10-13
7416,4857,PIX ,5,,mil,PAGO,2025-01-16
7417,4495,Pix,8,Elo,3303.56,PAGO,2022-04-06
7418,4250,Cartão,2,Mastercard,7449.97,,2024-08-20
7419,7659,PIX,12,,0,Pago,2025-04-11
7420,8209,Boleto,5,,6407.26,ESTORNADO,2023-02-09
7421,1340,Dinheiro,,,4107.7,ESTORNADO,2022-06-17
7422,7035,PIX,7,,1607.55,PAGO,2022-04-18
7423,3722,Dinheiro,3,,4753.76,PAGO,2023-01-30
7424,5295,PIX,7,,7016.38,ESTORNADO,2022-05-10
7425,8622,PIX,-1,,11169.64,PENDENTE,2023-07-22
7426,1597,PIX,3,,7998.45,ESTORNADO,04-29-2022
7427,3541,Cartão,11,Visa,2194.02,PENDENTE,2025-03-25
7428,1258,PIX,5,,12766.37,ESTORNADO,2022-07-26
7429,8444,Dinheiro,2,,12355.75,PAGO,2024-09-27
7430,3670,Boleto,3,,7889.22,PAGO,2024-08-22
7431,8763,Boleto,doze,,3702.72,ESTORNADO,2024-09-30
7432,8807,Boleto,4,,610.4,PAGO,2024-08-09
7433,6362,Dinheiro,4,,3753.06,ESTORNADO,2023-02-07
7434,4053,Boleto,,,12453.15,PAGO,2022-01-12
7435,2076,Boleto,11,,,ESTORNADO,2024-04-11
7436,5356,pix,5,,12503.43,PENDENTE,11-18-2022
7437,4679,Cartão,2,American Express,5005.54,ESTORNADO,2023-07-14
7438,4034,Boleto,1,,11301.33,Pago,2024-12-02
7439,6842,Dinheiro,10,,,Pagoo,2025-02-13
7440,6774,Dinheiro,9,,5286.99,Pendente,2023-12-17
7441,10729,Boleto,7,,7581.53,ESTORNADO,2024-10-14
7442,9686,boleto,3,,4414.08,PAGO,2023-03-01
7443,1754,Boleto,5,,644.09,PENDENTE,2024-07-22
7444,8936,Cartão,-1,,5029.02,PAGO,2023-04-14
7445,5341,Cartão,9,,4496.72,ESTORNADO,2022-07-11
7446,2126,PIX,2,,13939.44,PAGO,2022-06-07
7447,6756,PIX,,,9874.77,Estornado,2023-09-12
7448,2278,Boleto,12,,7244.41,PENDENTE,2024-02-05
7449,229,PIX,1,,11153.55,PAGO,2023-08-31
7450,5096,Cartão,6,Visa,10761.62,PENDENTE,2024-06-18
7451,6885,Dinheiro,,,13931.87,PAGO,2024-05-14
7452,4649,PIX,10,,5839.1,PENDENTE,2022-01-10
7453,2519,Boleto,10,,,PENDENTE,2023-01-09
7454,3053,PIX,1,,8443.0,ESTORNADO,2022-09-12
7455,7845,Pix,,,4463.0,PENDENTE,2022-08-25
7456,6196,Cartão,2,Mastercard,7972.49,PAGO,2022-10-12
7457,1820,Cartão,11,Elo,9028.7,PAGO,2023-05-31
7458,10462,Cartão,7,Mastercard,9328.88,ESTORNADO,2023-09-15
7459,5252,PIX,3,,9017.03,ESTORNADO,2023-02-10
7460,554,Boleto,9,,7880.32,PENDENTE,2025-01-11
7461,1061,PIX,2,,7854.86,PENDENTE,2024/02/04
7462,8703,Boleto,8,,1446.46,ESTORNADO,2024-07-25
7463,2168,PIX,8,,-500,ESTORNADO,2024-12-17
7464,7468,PIX,4,,3131.32,PAGO,2023-06-19
7465,7350,Cartão,5,Visa,5906.66,ESTORNADO,2024-01-11
7466,4106,PIX,4,,414.6,ESTORNADO,2022-11-15
7467,105,Cartão,3,,380.18,PAGO,2023-08-10
7468,9220,Cartao,8,,2417.03,ESTORNADO,2022-11-18
7469,7863,Dinheiro,9,,4559.28,ESTORNADO,2022-10-09
7470,5673,PIX,5,,992.34,PAGO,2023-02-12
7471,10549,PIX,5,,627.91,ESTORNADO,2024-09-04
7472,9031,PIX,10,,6510.29,ESTORNADO,2024-03-06
7473,43,Dinheiro,-1,,2620.8,ESTORNADO,2024-02-24
7474,2763,PIX,1,,8677.97,PAGO,2024-11-02
7475,9328,Boleto,12,,3871.04,PENDENTE,2022-10-01
7476,8804,PIX,2,,4268.34,PENDENTE,31/02/2025
7477,354,PIX,11,,9649.45,PENDENTE,2022-12-09
7478,254,Boleto,2,,21.22,PAGO,2023-04-21
7479,609,Boleto,-1,,8244.73,ESTORNADO,2022-12-12
7480,7169,Cartão,4,Hipercard,10445.22,PAGO,2024-07-29
7481,853,PIX,12,,2567.33,ESTORNADO,2024-09-11
7482,9051,Cartão,8,Hipercard,,ESTORNADO,2023-01-20
7483,6026,Boleto,9,,12719.23,ESTORNADO,99/99/9999
7484,8059,Pix,1,,2373.11,ESTORNADO,01-21-2024
7485,8628,PIX,6,,6957.92,PAGO,2024-09-11
7486,2235,PIX,10,,7263.71,PENDENTE,25/09/2022
7487,510,Cartão,9,Visa,13386.41,PENDENTE,2022-06-20
7488,4226,Cartão,12,Hipercard,13085.6,ESTORNADO,2022-12-31
7489,10930,Cartão,4,Mastercard,2642.98,PAGO,2023-06-19
7490,2304,Dinheiro,12,,3772.66,PAGO,2024-10-27
7491,950,Cartão,3,Elo,10604.66,PAGO,2024-07-04
7492,9333,PIX ,-5,,11669.96,PENDENTE,2025-01-28
7493,7801,PIX,4,,mil,ESTORNADO,2024-02-26
7494,1194,Dinheiro,-1,,12076.75,PAGO,2023-06-07
7495,483,Dinheiro,,,,PAGO,2023-11-28
7496,8359,Dinheiro,9,,10287.96,PENDENTE,2022-07-18
7497,6973,Boleto,4,,-500,PENDENTE,2023-02-09
7498,1083,pix,5,,12431.88,PAGO,2024-02-04
7499,865,Dinheiro,1,,2331.48,PENDENTE,99/99/9999
7500,8581,PIX,1,,9589.78,PAGO,2022-03-23
7501,8553,Cartão,6,Hipercard,2708.6,ESTORNADO,2022-02-25
7502,9809,Cartão,2,,12441.79,PENDENTE,2022-04-06
7503,11698,PIX,12,,11962.66,ESTORNADO,2023-11-10
7504,4303,Boleto,8,,5431.48,PAGO,2023-04-13
7505,2331,PIX,11,,14661.22,ESTORNADO,2024-05-19
7506,8394,Cartão,1,Elo,600.86,ESTORNADO,2024-07-09
7507,375,Cartão,3,Elo,7176.29,PENDENTE,2022-01-20
7508,7944,PIX,11,,4899.14,ESTORNADO,2022-05-18
7509,3242,Boleto,6,,5773.7,ESTORNADO,31/02/2025
7510,4951,Dinheiro,5,,9942.82,PAGO,06-06-2022
7511,1042,Boleto,11,,14908.97,PAGO,2023-08-20
7512,6869,Cartão,4,Elo,2880.84,PENDENTE,2024-07-08
7513,8433,Dinheiro,3,,10625.28,PENDENTE,2024-05-27
7514,1987,Cartão,10,Visa,673.87,PAGO,2025-02-19
7515,3617,Boleto,6,,1708.08,ESTORNADO,2022-03-08
7516,4369,Dinheiro,4,,12609.54,PENDENTE,2022-04-30
7517,7643,PIX,7,,783.27,ESTORNADO,2024-01-06
7518,7760,PIX,7,,4663.12,PAGO,2023-06-20
7519,1205,Boleto,3,,14019.11,PAGO,2023-10-24
7520,6665,PIX,,,13374.75,ESTORNADO,06-01-2024
7521,6640,Cartão,1,American Express,13589.59,ESTORNADO,2023-03-04
7522,498,Boleto,11,,8056.77,PAGO,2022-08-20
7523,505,PIX,3,,12001.98,ESTORNADO,2024-11-15
7524,674,pix,11,,6152.45,PAGO,2024-02-14
7525,7898,PIX,doze,,2127.95,PENDENTE,2023-05-29
7526,7164,Cartão,1,Elo,6867.92,PENDENTE,2023-04-18
7527,4810,Dinheiro,10,,10205.09,PAGO ,2023-11-12
7528,272,Cartao,11,,14247.48,PENDENTE,2025-02-10
7529,3024,Boleto,7,,7337.6,PAGO,2025-03-12
7530,7765,pix,3,,10529.41,PENDENTE,2022-06-18
7531,5970,Dinheiro,5,,0,PENDENTE,2022-10-11
7532,8568,Boleto,11,,3575.0,ESTORNADO,2024-03-18
7533,1792,Pix,11,,1090.82,PAGO,2024-11-24
7534,4805,PIX,5,,4766.84,ESTORNADO,2025-01-10
7535,8207,Boleto,8,,,PENDENTE,2022-02-03
7536,7726,Dinheiro,1,,8192.28,PENDENTE,2023-02-08
7537,8284,Cartão,12,Elo,8559.23,PENDENTE,2024-07-20
7538,4546,Boleto,4,,9924.71,ESTORNADO,2023-10-27
7539,9321,Cartão,6,Mastercard,6919.05,PENDENTE,2023-09-10
7540,7756,Boleto,10,,7141.66,PENDENTE,2025-03-09
7541,7900,Boleto,6,,-500,PAGO,2025-03-08
7542,1771,Dinheiro,9,,3736.11,ESTORNADO,2024-07-15
7543,11699,Dinheiro,,,6068.44,PAGO,2024-05-10
7544,7803,Cartao,6,,11153.88,PENDENTE,2022-05-07
7545,2766,Boleto,2,,12531.35,PAGO,2022-07-21
7546,1730,Cartão,11,Elo,445.31,Estornado,2024-12-30
7547,1806,Cartão,1,American Express,10274.22,PAGO ,2022-11-27
7548,2386,Dinheiro,,,599.76,PAGO,2022-02-06
7549,8867,Cartão,,,7152.82,PENDENTE,2025-01-01
7550,9243,Cartão,9,Mastercard,6599.11,PAGO,2023/03/20
7551,2965,PIX,,,,PAGO,2024-04-25
7552,2166,PIX,5,,5682.12,,2024-01-22
7553,1149,PIX,4,,4629.3,PENDENTE,2023-07-04
7554,1224,Cartão,2,American Express,0,PAGO,2022-03-21
7555,11041,Boleto,2,,mil,ESTORNADO,2024-03-12
7556,50,Cartão,12,Mastercard,2413.57,PENDENTE,2023-01-12
7557,7577,Cartão,3,Elo,12800.44,pago,2022-10-08
7558,1781,Boleto,9,,8257.84,PENDENTE,2023-06-18
7559,4730,Boleto,8,,,PENDENTE,2023-08-02
7560,2212,Cartão,7,Hipercard,9628.94,PAGO,2022-02-19
7561,4300,PIX,6,,4200.09,PAGO,2023-10-15
7562,1567,Dinheiro,2,,7369.09,PENDENTE,2024-09-26
7563,9566,Boleto,6,,10063.37,PAGO,2022-02-21
7564,5990,Boleto,10,,501.27,ESTORNADO,2023-10-21
7565,1747,Boleto,3,,690.47,PENDENTE,2025-02-03
7566,9745,Cartão,6,,160.76,PENDENTE,2022-10-31
7567,7952,Cartão,12,American Express,9070.6,PENDENTE,2022-08-29
7568,6088,PIX,4,,9624.9,ESTORNADO,2024-11-08
7569,4251,Boleto,3,,14399.52,PAGO,2024-01-27
7570,7813,Dinheiro,3,,5972.8,PENDENTE,2024-02-20
7571,6711,Dinheiro,9,,12369.56,PAGO,2023-02-22
7572,1623,Boleto,1,,2998.52,ESTORNADO,2024-03-28
7573,9704,PIX,4,,6616.1,PENDENTE,2022-03-24
7574,6501,Dinheiro,1,,13106.83,PENDENTE,2024-04-14
7575,7189,Dinheiro,12,,5936.17,PAGO,2022-11-12
7576,1337,Cartão,8,Elo,13484.16,PAGO,2022-07-15
7577,3360,Dinheiro,1,,12169.5,ESTORNADO,2022-12-31
7578,7033,Cartão,11,Hipercard,14231.34,pago,2022-07-21
7579,7181,pix,5,,4132.25,PAGO,2022-10-15
7580,4189,pix,3,,4524.59,PENDENTE,2024-05-28
7581,63,Dinheiro,5,,8510.45,PENDENTE,2023-02-15
7582,8807,Dinheiro,3,,4974.57,PENDENTE,2024-09-15
7583,5525,Dinheiro,12,,0,ESTORNADO,2025-02-05
7584,3563,PIX,6,,,PAGO,2024-11-17
7585,10963,Boleto,9,,mil,ESTORNADO,2024-03-02
7586,4268,Dinheiro,,,5442.47,ESTORNADO,2023-04-29
7587,8941,Boleto,8,,8039.04,PAGO,2023-09-25
7588,3678,Boleto,9,,7426.04,PAGO,2022-08-13
7589,2047,Dinheiro,3,,9472.23,PAGO,22/10/2024
7590,4507,Pixx,4,,6031.75,PAGO,2022-01-02
7591,7013,Boleto,1,,12568.31,PAGO,2023/02/23
7592,9450,Boleto,10,,R$500,PENDENTE,2024-02-23
7593,8630,Cartão,2,American Express,12222.51,PAGO,2022-09-29
7594,3127,Cartão,3,American Express,5648.33,PAGO,2023-02-08
7595,8120,Boleto,9,,10557.45,ESTORNADO,2022-03-10
7596,5264,Dinheiro,9,,14607.89,PAGO,2025-01-31
7597,6933,Dinheiro,8,,9453.38,PENDENTE,2022-04-01
7598,4853,Dinheiro,2,,11853.38,PAGO,2023-10-31
7599,8386,PIX,4,,1168.89,PAGO,2023-02-05
7600,5448,Cartão,5,,5206.2,PAGO,2022-06-08
7601,3159,Dinheiro,10,,6887.09,PAGO,2023-12-18
7602,2351,Cartão,8,Hipercard,3710.91,PAGO,2024-09-11
7603,898,Dinheiro,4,,10895.9,PENDENTE,2022-01-16
7604,451,Boleto,-5,,2660.86,PAGO,2023-08-13
7605,6285,Cartão,10,,5210.83,ESTORNADO,2022-02-20
7606,8724,Cartão,12,Hipercard,484.02,PENDENTE,2025-01-07
7607,3768,Cartão,1,Visa,8410.38,PAGO,2022-01-08
7608,6073,PIX,3,,1418.59,Estornado,2022-01-29
7609,9989,Pix,0,,9067.53,PAGO,2024-04-21
7610,11970,PIX,5,,12171.41,PAGO,2022-10-26
7611,8051,PIX,0,,4774.95,PENDENTE,2023-03-04
7612,341,Dinheiro,5,,2269.35,ESTORNADO,2023-04-03
7613,3862,PIX,7,,7714.09,Pago,2023-12-23
7614,3569,Cartão,5,Elo,0,PAGO,2025-01-13
7615,3773,Dinheiro,12,,7516.32,PENDENTE,2023-08-18
7616,4245,Dinheiro,,,1374.27,Pendente,2022-02-18
7617,1418,Dinheiro,12,,4653.27,PENDENTE,2023-01-08
7618,11590,Cartão,4,Elo,4807.1,PAGO,2024-11-01
7619,8488,PIX ,5,Hipercard,4234.99,PENDENTE,99/99/9999
7620,11473,PIX,4,,1876.72,ESTORNADO,2022-08-29
7621,4004,Boleto,,,2952.2,PAGO,24/10/2024
7622,4596,PIX,11,,14393.57,PENDENTE,2023-05-09
7623,5860,Pix,9,,5080.17,PENDENTE,04/05/2024
7624,2792,Cartão,1,Elo,9328.49,PENDENTE,2023-09-02
7625,9200,Dinheiro,11,,4653.58,PENDENTE,99/99/9999
7626,5283,Boleto,4,,12576.71,ESTORNADO,2022-09-25
7627,2613,PIX,5,,2378.55,ESTORNADO,2024-05-09
7628,2472,Dinheiro,2,,9345.46,PENDENTE,2022-10-10
7629,3076,PIX,,,3936.33,ESTORNADO,2023-11-26
7630,843,Dinheiro,12,,5246.17,ESTORNADO,2024-08-19
7631,8458,PIX,5,,13141.16,PAGO,2024-08-02
7632,11495,Boleto,10,,7026.71,ESTORNADO,2023-03-02
7633,10894,Dinheiro,11,,mil,PAGO,2025-04-09
7634,8894,Boleto,doze,,1650.99,PENDENTE,2024-04-18
7635,3540,Boleto,11,,10042.78,ESTORNADO,2022-12-27
7636,4730,PIX,6,,1374.27,PENDENTE,2023-10-02
7637,8717,Dinheiro,9,,6013.42,pago,2024/10/02
7638,2412,pix,8,,13724.99,ESTORNADO,2024-01-02
7639,1345,Cartão,11,Hipercard,1099.83,PAGO,2023-05-02
7640,8401,Boleto,10,,4299.5,PENDENTE,2024-07-14
7641,11796,Boleto,4,,8991.81,PAGO,2024-03-20
7642,8701,PIX,6,,4228.4,PAGO,2024-08-24
7643,2431,Cartão,6,Visa,1243.5,PENDENTE,2023-08-28
7644,1676,Boleto,11,,1507.33,pago,2023-02-13
7645,2512,Dinheiro,6,,,PENDENTE,2023-08-26
7646,8606,Dinheiro,9,,8558.27,PENDENTE,2024-06-30
7647,7135,Boleto,,,4589.59,PENDENTE,2022-04-01
7648,7237,PIX,,,9611.59,pago,2024-12-07
7649,8873,Dinheiro,10,,8715.98,ESTORNADO,99/99/9999
7650,11468,Dinheiro,-5,,3085.11,PAGO,2024-09-29
7651,5042,Dinheiro,7,,12187.54,PAGO,2023-11-11
7652,6273,Boleto,4,,4517.62,PENDENTE,2024-05-13
7653,6243,PIX,7,,R$500,ESTORNADO,2024-06-20
7654,5777,Cartão,8,Elo,8964.95,PAGO,2023-12-21
7655,1206,Dinheiro,9,,9977.24,ESTORNADO,2024-05-12
7656,149,Boleto,,,2930.59,PAGO,2024-03-30
7657,4283,PIX,6,,1123.84,ESTORNADO,2022/03/07
7658,6847,Cartão,5,American Express,9577.88,PAGO,2022-12-19
7659,9282,Cartão,12,Visa,3393.94,PENDENTE,2023-11-29
7660,343,PIX,9,,1988.85,PENDENTE,2022-05-03
7661,6671,Dinheiro,4,,6757.8,ESTORNADO,2025-01-31
7662,921,Cartão,1,American Express,11103.96,PAGO,2024-09-21
7663,7857,boleto,7,,125.09,Pago,2023-03-06
7664,11623,PIX,11,,5643.16,ESTORNADO,2023-03-25
7665,9208,PIX,2,,4060.53,PAGO,2024-10-08
7666,616,PIX,2,,8512.06,ESTORNADO,2023-02-02
7667,9542,PIX,,,578.04,PAGO ,2023-04-19
7668,7772,Boleto,9,,9294.71,PENDENTE,2025-01-26
7669,11669,PIX,6,,10100.17,PENDENTE,2022-04-13
7670,2741,Dinheiro,7,,,ESTORNADO,2024-05-17
7671,6362,PIX,8,,13168.73,ESTORNADO,2022-08-10
7672,6987,Dinheiro,1,,4180.17,PAGO,2023-12-09
7673,9119,Dinheiro,12,,3246.63,Pagoo,2023-02-21
7674,6879,Dinheiro,3,,5819.77,ESTORNADO,2024-04-20
7675,11838,Dinheiro,3,,4490.18,PAGO,2022-03-04
7676,8579,Cartão,7,,12276.02,PENDENTE,2022-03-01
7677,1469,Cartao,8,,6430.92,ESTORNADO,2022-09-16
7678,112,Dinheiro,3,,4855.2,ESTORNADO,2022-04-15
7679,3887,Cartão,3,Elo,8219.11,PENDENTE,2024/08/05
7680,4893,PIX,10,,10740.56,ESTORNADO,2022-11-07
7681,6004,Cartão,3,,4035.87,PAGO,2024-05-17
7682,11042,Dinheiro,,,1358.31,ESTORNADO,2023-03-22
7683,2424,PIX,4,,5424.19,PENDENTE,2024-11-21
7684,4069,Cartao,7,,13113.21,PENDENTE,2023-10-28
7685,1515,Cartão,,Visa,10538.09,ESTORNADO,2022-06-30
7686,1309,Cartão,12,,2401.57,PENDENTE,2024-06-24
7687,5595,Boleto,3,,376.85,PENDENTE,2023-03-20
7688,5767,Dinheiro,,,13305.71,ESTORNADO,2025-04-07
7689,1763,Boleto,12,,11278.33,PENDENTE,2024-02-24
7690,6434,PIX,2,,10592.43,PAGO,2023-01-19
7691,3060,PIX,11,,mil,PAGO,2023-05-30
7692,5682,Cartão,1,,9994.99,ESTORNADO,2022-06-28
7693,100,Cartão,,American Express,6267.93,ESTORNADO,2023-12-12
7694,1582,Dinheiro,12,,14828.57,Pendente,2024-10-15
7695,4161,PIX,8,,13916.06,PENDENTE,2023-03-08
7696,197,Cartão,10,,2554.98,PAGO,99/99/9999
7697,2411,Dinheiro,-5,,162.31,ESTORNADO,2024/01/19
7698,4472,Dinheiro,1,,,PENDENTE,2024-11-05
7699,7938,Cartão,2,Elo,12116.35,ESTORNADO,99/99/9999
7700,7377,Dinheiro,6,,2181.84,Estornado,2022-03-28
7701,427,PIX,12,,8063.04,PAGO,2023-07-09
7702,6916,boleto,10,,12038.18,PAGO,2022-09-11
7703,6160,PIX,4,,7216.75,PAGO,2022-11-28
7704,6537,Cartão,9,American Express,2652.91,PENDENTE,2023-01-30
7705,248,Boleto,8,,9905.71,PENDENTE,2023-05-24
7706,5950,Cartão,6,Elo,5187.33,PAGO,99/99/9999
7707,1702,Cartão,6,Elo,9644.85,Pago,09-07-2022
7708,643,PIX,1,,12497.49,PAGO,2022-07-24
7709,8705,,10,,450.97,ESTORNADO,2025-04-07
7710,8206,Dinheiro,3,,2609.55,PAGO,2022-05-24
7711,4143,PIX,,,7412.79,PAGO,2023-02-16
7712,8432,Cartão,4,American Express,12574.53,PAGO,2023-08-15
7713,8551,PIX,1,,10511.56,PAGO,2022-09-20
7714,6707,PIX,1,,13322.9,PAGO,2022-02-07
7715,2097,pix,6,,13334.17,ESTORNADO,2022-03-16
7716,9491,PIX,5,,1900.24,ESTORNADO,2024-07-04
7717,4690,Cartão,11,Elo,4497.09,PAGO,2024-09-16
7718,9331,Boleto,7,,7178.2,PAGO,06-05-2024
7719,5017,Dinheiro,5,,13163.41,PAGO ,2024-10-31
7720,499,Cartão,,Hipercard,10047.19,PAGO,2023/02/15
7721,2945,Cartão,,American Express,10714.04,PAGO,2023-06-19
7722,5905,Dinheiro,1,,10909.06,ESTORNADO,2024-05-14
7723,2944,Cartão,1,Mastercard,,PENDENTE,2024-03-25
7724,5721,Pixx,5,,3689.33,PAGO,2024-11-21
7725,1967,PIX,8,,mil,PENDENTE,2024-08-22
7726,3643,PIX,8,,1603.73,ESTORNADO,2022-02-23
7727,5520,Boleto,2,,11045.52,ESTORNADO,2023-06-21
7728,3837,PIX ,2,Hipercard,5943.47,PAGO,2022-10-20
7729,4052,Dinheiro,7,,2665.89,PAGO,2022-05-30
7730,8199,Dinheiro,7,,0,PENDENTE,31/02/2025
7731,1780,Cartão,7,Visa,8343.91,PAGO,31/02/2025
7732,5935,Boleto,8,,6556.87,PENDENTE,2023-01-09
7733,6719,pix,9,,12806.17,PENDENTE,2024-05-09
7734,11569,Dinheiro,2,,1758.45,PENDENTE,2025-02-20
7735,10585,Boleto,2,,9978.56,PENDENTE,2022-03-04
7736,3498,PIX,5,,11819.78,PAGO,2024-08-28
7737,1816,Cartão,3,,12394.16,PENDENTE,2023-08-20
7738,3179,Boleto,6,,13474.65,PENDENTE,2024-05-11
7739,9644,Dinheiro,7,,9596.69,Pendente,2024-02-16
7740,5938,Dinheiro,11,,4619.8,PAGO,2024-11-21
7741,10245,Boleto,5,,7872.77,PAGO,2022-09-20
7742,10195,Cartão,1,Hipercard,9068.26,PAGO,2023-11-19
7743,9795,Pixx,0,,7665.42,ESTORNADO,2023-08-11
7744,3956,PIX,12,,9598.86,ESTORNADO,2023-10-05
7745,10404,PIX,6,,8444.76,PAGO,2022-12-16
7746,5035,Dinheiro,12,,10063.9,,2025-02-19
7747,6638,Cartão,6,Hipercard,,PAGO,2023-12-26
7748,2765,Boleto,10,,6853.81,PAGO,2022-11-05
7749,11415,PIX,,,3339.05,ESTORNADO,2024-01-14
7750,7604,Boleto,,,4313.39,PAGO,2025-01-09
7751,8881,Boleto,doze,,2461.64,PAGO,2023-04-03
7752,3315,Cartão,2,American Express,6225.16,PAGO,2022-02-19
7753,3841,PIX,8,,7298.51,,99/99/9999
7754,2055,PIX,9,,4787.08,PENDENTE,2023-05-08
7755,7453,PIX,1,,175.36,PENDENTE,2023-04-26
7756,1918,Dinheiro,8,,0,PAGO,2022-11-14
7757,4949,Dinheiro,11,,,Estornado,2022-07-26
7758,5089,Dinheiro,9,,R$500,PAGO,2025-01-04
7759,5220,Dinheiro,5,,5490.96,PAGO,2023-02-09
7760,1963,Cartão,5,Mastercard,8939.37,PENDENTE,2024-06-28
7761,6001,Boleto,4,,-500,PAGO,2024-04-22
7762,2133,PIX,9,,2914.51,ESTORNADO,2022-04-14
7763,1939,PIX,10,,12419.09,ESTORNADO,2024/02/26
7764,3375,Dinheiro,4,,12656.88,ESTORNADO,2024-10-08
7765,11020,Dinheiro,8,,6122.27,PAGO,2022-08-31
7766,9061,Dinheiro,1,,0,ESTORNADO,2024-11-29
7767,9794,PIX,5,,13554.83,PENDENTE,2023-04-07
7768,5668,PIX,,,,PENDENTE,2022-12-26
7769,4232,Boleto,9,,5975.09,ESTORNADO,2024-10-27
7770,7127,Boleto,11,,6600.49,PAGO,2023-10-14
7771,2707,Dinheiro,9,,12153.2,PAGO,2025-02-27
7772,1015,Dinheiro,7,,5558.9,ESTORNADO,2024-05-22
7773,4718,Boleto,1,,12531.6,PAGO,2024-11-26
7774,10131,Cartão,1,,7440.06,PENDENTE,2022-07-23
7775,7758,Boleto,1,,,ESTORNADO,2023-10-07
7776,2126,Cartao,9,,427.31,PAGO,2022-05-10
7777,1404,Cartão,7,Hipercard,2117.19,ESTORNADO,2024-11-17
7778,9742,PIX,11,,9120.05,,2022-06-27
7779,5085,Cartão,9,Visa,9515.39,ESTORNADO,2023-03-20
7780,3591,PIX,6,,1048.36,ESTORNADO,2023-10-16
7781,9485,pix,11,,4075.69,PENDENTE,31/02/2025
7782,7265,Boleto,12,,mil,PAGO,2023-10-25
7783,7311,Cartão,3,Mastercard,7081.21,PENDENTE,2023-08-14
7784,10022,Boleto,7,,R$500,PAGO,2022-04-23
7785,6621,Dinheiro,0,,R$500,PENDENTE,2023/09/23
7786,404,Dinheiro,,,9963.5,ESTORNADO,2025-03-24
7787,9429,PIX,5,,7782.38,PAGO,2025-02-20
7788,2156,Dinheiro,,,6338.36,ESTORNADO,2024-12-25
7789,2434,pix,,,1862.86,ESTORNADO,2022-01-14
7790,8485,Cartão,8,Elo,8095.01,ESTORNADO,2024-09-10
7791,2705,PIX,doze,,752.95,ESTORNADO,2022-10-15
7792,4533,Dinheiro,11,,6587.03,ESTORNADO,2022-03-21
7793,8948,boleto,9,,3084.8,PENDENTE,2025-03-30
7794,4197,Cartão,1,Elo,5922.93,PAGO ,2022-09-19
7795,6142,Pixx,,,14297.69,PAGO,2024-03-14
7796,11085,Cartão,5,American Express,,PAGO,2022-02-01
7797,8727,Boleto,5,,12193.25,ESTORNADO,2022-07-26
7798,10489,Cartão,5,Visa,6747.89,PAGO,2024-05-10
7799,2309,Dinheiro,,,979.21,PENDENTE,2023-12-28
7800,9252,Dinheiro,4,,13132.47,PAGO,2025-03-15
7801,4816,Boleto,12,,367.94,PAGO,2023-07-07
7802,3318,Boleto,5,,4910.97,PAGO,04-29-2023
7803,2097,PIX,11,,4717.7,ESTORNADO,2023-12-15
7804,2098,Cartão,12,Elo,0,PENDENTE,2022-12-09
7805,3277,Dinheiro,6,,0,PAGO,05/11/2024
7806,11885,Cartão,8,,11008.26,PENDENTE,2025-02-07
7807,5236,Dinheiro,4,,1900.75,PENDENTE,2022-10-24
7808,481,boleto,11,,mil,Pago,2022-01-20
7809,4670,Boleto,9,,10553.57,PENDENTE,2022-11-23
7810,5058,PIX,8,,4997.52,ESTORNADO,2023-07-19
7811,3044,PIX,2,,9229.41,PENDENTE,2025-02-19
7812,11614,PIX,10,,10506.74,ESTORNADO,2024-03-06
7813,3815,Boleto,5,,6659.29,PAGO,2024-08-10
7814,9754,Dinheiro,9,,10718.01,PAGO,2024-11-21
7815,9336,Boleto,12,,6265.91,PAGO,2023-05-25
7816,1627,PIX,7,,,,2023-04-09
7817,3527,Dinheiro,7,,1596.41,PAGO,2023-05-24
7818,5815,Dinheiro,5,,7758.17,PENDENTE,2022-12-03
7819,8035,PIX,2,,12077.18,ESTORNADO,2022-10-03
7820,6470,,4,American Express,3477.96,PENDENTE,03/02/2025
7821,1428,Cartão,9,Elo,6975.08,ESTORNADO,2023-04-01
7822,10910,Cartão,4,,3131.75,PENDENTE,2023-02-01
7823,5149,Boleto,8,,3474.3,PENDENTE,2022-07-30
7824,4242,PIX,,,10730.25,ESTORNADO,2022-04-01
7825,7967,Cartão,11,Visa,4737.55,PAGO,2023-08-29
7826,5908,Cartão,-1,,6281.81,ESTORNADO,2023-09-09
7827,2754,Cartão,0,Hipercard,9810.42,PAGO,2022-08-31
7828,2802,Cartão,11,Mastercard,14818.64,ESTORNADO,2023-02-07
7829,8708,PIX,7,,2214.64,PAGO,2024-12-18
7830,3895,boleto,9,,9289.17,PENDENTE,2022-11-25
7831,4131,PIX,,,,ESTORNADO,2023-01-09
7832,8696,Pixx,2,,R$500,PAGO,2022-09-07
7833,3290,Cartão,8,Elo,7125.52,ESTORNADO,2022-08-31
7834,7871,Boleto,5,,11174.94,ESTORNADO,99/99/9999
7835,5767,Cartão,1,American Express,6769.77,PENDENTE,2023-07-13
7836,8534,Boleto,,,7629.73,Pendente,2025-01-28
7837,3260,PIX,6,,2929.84,PAGO,2025-01-05
7838,5569,PIX,2,,6432.4,PAGO,2022-01-23
7839,4093,Dinheiro,12,,4468.72,PENDENTE,2022-03-23
7840,556,Cartão,3,Elo,3657.82,Estornado,2022-11-15
7841,5063,PIX,7,,,PAGO,2025-03-07
7842,8038,PIX,1,,13204.0,PAGO,2023-05-20
7843,7737,Dinheiro,11,,11350.23,PAGO,2023-11-18
7844,11831,PIX,12,,3173.62,ESTORNADO,2022-09-05
7845,3700,boleto,5,,14104.67,PAGO,2023-02-28
7846,4080,Boleto,2,,-500,ESTORNADO,99/99/9999
7847,1161,Boleto,12,,2279.24,Estornado,2022-08-28
7848,6016,PIX,,,12632.19,ESTORNADO,2024-12-06
7849,2863,Cartão,2,Hipercard,185.44,PENDENTE,2024-09-14
7850,7754,Boleto,-1,,9673.65,ESTORNADO,2024/01/22
7851,7030,PIX,,,,PENDENTE,2022-10-30
7852,1765,Boleto,6,,2914.55,ESTORNADO,2023-06-02
7853,1573,Dinheiro,10,,6451.73,Pendente,2023-05-28
7854,3604,Boleto,5,,,PENDENTE,2025-03-27
7855,8737,pix,9,,4803.06,PENDENTE,2023-06-15
7856,8617,PIX,9,,248.23,PAGO,2023-12-20
7857,1078,Dinheiro,11,,1601.59,PENDENTE,2024-09-03
7858,4991,Dinheiro,6,,14291.62,PAGO,2022-12-11
7859,10443,PIX ,9,,12970.98,PENDENTE,2022-08-30
7860,3893,Boleto,9,,13034.45,PENDENTE,2022-08-12
7861,937,Dinheiro,6,,13437.95,ESTORNADO,2023-12-28
7862,3949,PIX,,,6140.69,PAGO,2022-11-20
7863,4527,Cartão,9,Visa,80.17,ESTORNADO,2022-10-22
7864,8870,Dinheiro,9,,3308.72,PAGO,2024-08-24
7865,5995,Cartão,5,Mastercard,10399.56,PENDENTE,2023-01-03
7866,8131,Cartão,2,American Express,1984.65,ESTORNADO,2022-06-17
7867,287,Dinheiro,-5,,14091.88,ESTORNADO,2024-12-26
7868,3573,Dinheiro,9,,4287.86,PENDENTE,2024-10-17
7869,838,Boleto,1,,4520.37,pago,2024-11-26
7870,3816,Cartão,8,Visa,4349.77,ESTORNADO,2022-06-10
7871,2612,Dinheiro,5,,259.61,PAGO,2024-03-02
7872,7597,Dinheiro,12,,11713.76,PENDENTE,02-01-2024
7873,3984,Dinheiro,10,,,PENDENTE,2022-07-13
7874,5817,PIX,3,,5266.56,PAGO,2024-07-10
7875,7431,Cartão,7,,5170.62,PAGO,2024-10-30
7876,7749,PIX,4,,7755.39,PENDENTE,31/02/2025
7877,5104,Pix,11,,2860.87,PAGO,2024-04-20
7878,1613,Cartão,4,Elo,6574.56,PAGO,2024-12-17
7879,4528,Cartão,5,Visa,12153.23,PAGO,2023-11-16
7880,3841,Boleto,11,,1522.97,PENDENTE,2022-04-27
7881,3849,Boleto,8,,3449.48,PENDENTE,2024-10-27
7882,6827,PIX,2,,2341.95,ESTORNADO,2022-12-11
7883,3519,Boleto,5,,7749.92,ESTORNADO,2024-01-07
7884,4439,PIX,4,,1393.58,PENDENTE,2025-04-14
7885,10744,Cartão,11,Mastercard,6089.54,PAGO,2025-01-01
7886,6882,PIX,10,,13410.83,PAGO,02-29-2024
7887,8064,Boleto,2,,4146.82,PAGO,2024-02-03
7888,6813,Boleto,4,,11981.75,ESTORNADO,2023-05-18
7889,8922,Boleto,10,,7731.0,ESTORNADO,2023-05-14
7890,4351,Cartão,3,Visa,1892.7,ESTORNADO,2023-05-24
7891,2800,boleto,2,Mastercard,9668.22,ESTORNADO,2022-09-09
7892,10392,PIX,8,,11825.03,PENDENTE,2022-08-26
7893,8509,Cartão,-5,Elo,12043.95,PAGO,2024-07-12
7894,9176,Dinheiro,6,,4992.03,ESTORNADO,2023-07-26
7895,2480,PIX,4,,8214.76,PAGO,2024-05-09
7896,2804,PIX,-5,,14111.95,ESTORNADO,2023-05-16
7897,7437,Boleto,11,,,PAGO,31/02/2025
7898,6406,Cartão,2,Elo,12620.46,PENDENTE,2024-09-03
7899,2676,Cartão,6,,2167.32,ESTORNADO,2024-03-12
7900,1988,Cartão,-1,Elo,3688.04,PAGO,2024-03-21
7901,7415,PIX,-5,,11573.64,ESTORNADO,2025-02-13
7902,6443,boleto,1,,9385.85,PAGO,2022-04-14
7903,5152,PIX,12,,7225.57,PENDENTE,2022-12-20
7904,176,Cartão,5,Mastercard,,PENDENTE,2024-01-17
7905,8231,Cartão,doze,,10258.82,PAGO,2023-09-24
7906,1781,PIX,10,,7192.79,PAGO,2024-09-12
7907,452,pix,1,,10187.65,ESTORNADO,2023-08-05
7908,891,Cartão,8,Elo,2427.38,PAGO,2024-12-05
7909,8032,PIX,4,,9171.26,PAGO,2024-08-26
7910,5471,PIX,4,,12475.31,PENDENTE,2024-06-28
7911,4262,Dinheiro,3,,9999.88,PENDENTE,2023-12-15
7912,4221,,9,,480.16,PAGO,2023-12-23
7913,3965,Cartão,6,Visa,-500,PAGO,2022-01-10
7914,4078,Cartão,2,Visa,11584.7,PAGO,2023-11-19
7915,1564,Cartão,10,Elo,7371.48,ESTORNADO,2022-12-05
7916,7750,Boleto,1,,10807.98,ESTORNADO,2022-01-12
7917,9502,PIX,7,,14071.06,PAGO ,2024-11-09
7918,2264,Dinheiro,6,,13321.1,PAGO,2024-03-09
7919,4372,Cartão,doze,Hipercard,6781.1,Pagoo,2024-04-30
7920,3378,Dinheiro,4,,5449.17,PAGO,2024-04-14
7921,2118,Boleto,11,,14561.32,PENDENTE,2022-10-05
7922,6221,Cartão,6,Mastercard,7341.3,ESTORNADO,2023-03-30
7923,4971,Boleto,9,,14726.87,PAGO,2024-01-06
7924,4989,Dinheiro,6,,,PENDENTE,2024-08-05
7925,6681,PIX,6,,155.59,PENDENTE,2024-10-30
7926,2868,Cartao,8,,,PENDENTE,2022-10-05
7927,6900,Dinheiro,-1,,12976.37,PAGO,99/99/9999
7928,3192,Boleto,5,,6344.48,PENDENTE,2025-01-10
7929,840,Dinheiro,10,,,ESTORNADO,2023-04-24
7930,1893,Dinheiro,11,,7173.2,PENDENTE,2023-06-07
7931,7956,Dinheiro,1,,8591.27,ESTORNADO,2024-08-09
7932,4226,Dinheiro,3,,10070.31,PAGO,2023-07-09
7933,2427,PIX,12,,mil,PENDENTE,2024-11-21
7934,10195,Dinheiro,7,,14519.59,PENDENTE,2023-02-22
7935,3351,PIX,12,,13760.43,ESTORNADO,2024-02-23
7936,7151,Dinheiro,4,,-500,PENDENTE,2024-09-29
7937,10458,Cartão,1,Visa,8821.75,ESTORNADO,2023-01-03
7938,193,PIX ,,,7094.62,Estornado,2024-01-15
7939,7474,Boleto,6,,11970.98,ESTORNADO,2022-02-20
7940,4352,Dinheiro,7,,12718.7,PENDENTE,2022-06-15
7941,6890,PIX,2,,3627.04,PENDENTE,2022-02-03
7942,4217,Dinheiro,1,,1585.71,PAGO,2023-05-26
7943,6535,Cartão,9,Mastercard,-500,ESTORNADO,2024-09-14
7944,9650,Boleto,12,,4088.38,Pagoo,2022-12-27
7945,3913,Boleto,12,,4959.83,ESTORNADO,2022-04-17
7946,5369,Cartão,10,,-500,PAGO,2024-05-25
7947,580,Dinheiro,9,,753.07,PAGO,2023-11-07
7948,6313,Cartão,7,Visa,3142.1,PENDENTE,2025-04-03
7949,2485,,2,,8300.57,PENDENTE,2023-06-14
7950,4464,PIX,8,,7219.94,ESTORNADO,31/02/2025
7951,5108,Cartão,10,Mastercard,-500,PAGO,2022-04-06
7952,10334,PIX,8,,14733.41,ESTORNADO,2024-07-30
7953,2689,Boleto,12,,4799.19,ESTORNADO,2022-10-17
7954,4029,PIX,,,11423.77,PENDENTE,2022-08-12
7955,7882,Dinheiro,10,,0,ESTORNADO,2025-01-06
7956,6842,Cartão,10,Elo,5047.78,PENDENTE,2023-06-13
7957,8167,Cartão,9,,6477.24,ESTORNADO,2024-04-27
7958,9872,PIX,2,,5703.17,PAGO,2023-08-22
7959,345,Pix,1,,1019.79,PENDENTE,2023-04-13
7960,65,PIX,-1,,,PAGO,2023-04-10
7961,6512,Boleto,9,,1250.24,PAGO,2023-01-11
7962,5054,Boleto,10,,10035.62,PAGO,2024-03-18
7963,4211,Cartão,8,American Express,12175.54,PAGO,2022-12-30
7964,1671,Boleto,6,,5233.24,Pendente,2022-05-23
7965,4221,Dinheiro,,,2451.52,PENDENTE,2022-07-08
7966,4741,Dinheiro,8,,R$500,PENDENTE,12-30-2024
7967,3946,Cartão,,Mastercard,11584.44,PENDENTE,2024-11-17
7968,5760,Cartão,7,American Express,3765.11,ESTORNADO,2025-03-08
7969,6986,Dinheiro,10,,1709.59,PAGO,2025-01-03
7970,2197,Cartão,1,American Express,4564.67,PENDENTE,2023-08-04
7971,7148,Cartão,2,Visa,2493.57,PENDENTE,2024-03-16
7972,8906,Cartão,6,,12346.87,PAGO,2025-01-14
7973,5160,Cartão,0,Elo,11198.9,PENDENTE,2022-12-14
7974,989,PIX,9,,10278.81,ESTORNADO,2024-08-28
7975,897,Boleto,3,,561.84,PAGO,2022-12-12
7976,6050,PIX,9,,8681.19,PAGO,2023-03-16
7977,7176,Pix,7,,6323.02,PAGO,2022-01-27
7978,1415,Cartão,9,Hipercard,11381.79,ESTORNADO,2024-08-15
7979,1529,Boleto,5,,1544.43,ESTORNADO,2023-01-12
7980,3524,Dinheiro,12,,11528.58,PAGO,2024-08-17
7981,2658,Dinheiro,7,,393.7,ESTORNADO,2024-04-13
7982,11013,PIX,12,,8437.67,PENDENTE,2023-07-26
7983,278,Dinheiro,6,,7527.91,PENDENTE,2023-05-17
7984,5038,Boleto,,,3106.99,pago,2025-04-01
7985,1969,PIX,12,,696.52,PENDENTE,08-30-2023
7986,7431,Boleto,3,,1049.16,ESTORNADO,31/02/2025
7987,9198,Cartão,9,Elo,8018.89,ESTORNADO,2024-07-02
7988,7164,Dinheiro,3,,2932.44,PENDENTE,2024-02-11
7989,2648,PIX,10,,7093.05,ESTORNADO,2023-02-02
7990,41,Dinheiro,1,,41.21,PENDENTE,2022-01-23
7991,8365,Boleto,8,,,ESTORNADO,2024-05-07
7992,1702,Dinheiro,9,,13251.55,PAGO,2022-05-31
7993,5127,Dinheiro,8,,8628.94,PAGO,2023-05-20
7994,9577,PIX,6,,11134.47,PAGO,2024-02-28
7995,3146,Dinheiro,4,,0,ESTORNADO,2022-01-13
7996,654,Cartão,5,American Express,5314.15,ESTORNADO,2024-12-18
7997,358,Boleto,10,,6900.71,PENDENTE,2022-09-17
7998,7363,Cartão,1,Elo,5892.31,Estornado,2023-10-19
7999,4309,PIX,11,,6910.56,PENDENTE,2022-11-23
8000,6532,PIX,10,,7565.81,Pagoo,2024-03-24
8001,2022,Dinheiro,5,,9880.24,PAGO,2022-05-16
8002,6807,Boleto,7,,8158.9,ESTORNADO,2022-01-18
8003,8781,PIX,5,,1314.6,PENDENTE,2024-09-22
8004,7950,Cartão,5,Hipercard,mil,ESTORNADO,2023-07-23
8005,61,Dinheiro,7,,-500,ESTORNADO,2022-10-16
8006,3552,Boleto,,,9794.97,PENDENTE,2024-05-04
8007,6304,PIX,3,,8762.21,PAGO,2024-01-11
8008,4372,Boleto,1,,9040.64,PENDENTE,2023-11-06
8009,2283,PIX,1,,12418.21,ESTORNADO,2024-10-18
8010,3623,PIX,7,,5711.98,ESTORNADO,2023-08-05
8011,3792,Boleto,3,,,PAGO,2024-07-29
8012,6808,Boleto,11,,8900.72,PAGO,2022-06-28
8013,4034,Cartão,9,Mastercard,4783.38,PAGO,2024-12-20
8014,7242,Boleto,4,,12533.81,PAGO,2024-11-17
8015,8897,Cartão,7,Elo,13869.5,PENDENTE,2023-06-11
8016,9723,Cartão,10,Hipercard,5201.4,pago,2022-08-27
8017,2845,Boleto,-5,,11763.71,PAGO,2024-07-02
8018,9773,Boleto,10,,4347.61,PAGO,2023-07-09
8019,2534,Cartão,9,,2696.27,ESTORNADO,2023-07-18
8020,9839,PIX,2,,14509.84,PENDENTE,2023-05-23
8021,11900,Pix,6,,7222.8,PENDENTE,17/09/2023
8022,11379,Dinheiro,,,0,PENDENTE,31/02/2025
8023,5275,Dinheiro,11,,1002.33,PENDENTE,2025-02-16
8024,9519,Cartão,10,Mastercard,8905.74,Pago,2023-09-12
8025,5186,Dinheiro,4,,,PENDENTE,2024-12-06
8026,3500,PIX,-5,,446.34,PENDENTE,2024-10-08
8027,11986,Pix,6,,2447.73,ESTORNADO,2023-08-09
8028,2128,Dinheiro,6,,7697.82,PAGO,2024-02-05
8029,7291,PIX,5,,4654.63,PAGO,2023-11-18
8030,9027,Boleto,4,,2831.97,PAGO,2025-04-10
8031,7980,Cartão,4,,576.17,ESTORNADO,31/02/2025
8032,4540,Boleto,1,,12035.04,PENDENTE,2022-07-07
8033,4016,Dinheiro,doze,,13838.78,PENDENTE,2023-06-08
8034,6453,Dinheiro,1,,3687.54,PAGO,2025-03-05
8035,4064,Cartão,6,American Express,1239.73,PAGO,2022-10-16
8036,7601,Cartão,2,Mastercard,9605.86,PENDENTE,2024-06-01
8037,16,Cartão,1,Mastercard,207.14,PAGO,2023-06-25
8038,648,Cartao,1,,7422.65,ESTORNADO,2023-11-01
8039,1716,PIX,8,,497.51,PAGO,2024-04-07
8040,3188,Boleto,3,,10024.98,ESTORNADO,2025-04-07
8041,3922,Cartão,8,Hipercard,6862.26,ESTORNADO,2025-02-01
8042,4172,Boleto,9,,1788.94,Pagoo,2023-01-23
8043,1542,PIX,3,,,ESTORNADO,2024-10-10
8044,1152,PIX,10,,5579.08,PENDENTE,2024-03-24
8045,6586,PIX ,5,Mastercard,R$500,ESTORNADO,2023-03-27
8046,6217,Boleto,2,,3003.84,PAGO,2023-09-05
8047,9677,boleto,2,,R$500,PENDENTE,2023-09-13
8048,9212,PIX,1,,4330.37,ESTORNADO,2024-12-13
8049,5227,PIX,4,,4468.67,PENDENTE,2023-12-21
8050,7297,,8,,6255.74,PENDENTE,2022-12-08
8051,4824,Dinheiro,12,,R$500,PAGO,2023-05-21
8052,10120,PIX,5,,9762.79,Estornado,2022-05-31
8053,956,Dinheiro,11,,13830.12,PAGO,2022-02-11
8054,8040,Cartão,8,Hipercard,7338.59,ESTORNADO,2022-01-29
8055,249,PIX,4,,12649.28,ESTORNADO,2022-08-06
8056,7580,PIX,1,,14906.47,ESTORNADO,2024-08-17
8057,4939,Cartão,,American Express,3396.74,PENDENTE,2022-12-13
8058,7335,Dinheiro,4,,4291.48,PENDENTE,2024-02-15
8059,4955,Boleto,6,,mil,PENDENTE,05-26-2022
8060,6639,PIX,12,,10759.59,PENDENTE,2023-10-26
8061,10715,PIX,11,,9158.45,ESTORNADO,2024-09-04
8062,4185,Boleto,9,,12312.71,PAGO,2024-08-18
8063,10105,Cartão,12,Visa,76.27,PENDENTE,2022-11-01
8064,7909,Cartão,8,,1865.19,PENDENTE,2023-09-08
8065,240,Cartão,2,Elo,9764.33,PENDENTE,2023-02-13
8066,3566,Dinheiro,10,,mil,PAGO,2024-06-13
8067,325,Boleto,1,,6743.25,ESTORNADO,2023-09-17
8068,1691,Cartão,2,,6040.3,PAGO,2024-06-13
8069,862,Cartão,4,American Express,4236.36,ESTORNADO,2024-03-13
8070,11197,pix,,,147.28,PAGO,2024-10-05
8071,9811,Boleto,1,,10189.11,PAGO,2023-05-03
8072,6908,Dinheiro,4,,,ESTORNADO,2024-06-11
8073,4382,Cartão,-5,Elo,4570.21,PENDENTE,2024-04-18
8074,3330,Cartão,12,Hipercard,5827.54,PAGO,2023-05-15
8075,10373,PIX,-1,,11938.14,PAGO,2023-03-24
8076,876,Boleto,7,,,ESTORNADO,30/01/2025
8077,11850,Cartão,6,Hipercard,5227.67,PAGO,2022-09-28
8078,2838,Dinheiro,3,,1502.5,ESTORNADO,2022-07-04
8079,8022,Dinheiro,2,,10164.14,ESTORNADO,2023-10-18
8080,8435,PIX,3,,R$500,PENDENTE,2022-12-21
8081,9342,,4,,12876.57,ESTORNADO,2022-07-06
8082,10494,Dinheiro,9,,11188.56,PENDENTE,2024-06-05
8083,1656,Cartão,11,Hipercard,8396.23,PAGO,2024-07-11
8084,3338,,9,,10332.17,PAGO,2024-04-30
8085,2918,PIX,3,,R$500,PENDENTE,2023-06-12
8086,4959,Dinheiro,7,,6562.07,PAGO,2022-12-09
8087,8160,Cartão,12,Elo,122.16,PENDENTE,2023-07-21
8088,5441,Boleto,7,,8813.0,PAGO,2023-10-14
8089,5261,Boleto,11,,7392.32,PENDENTE,2022-02-22
8090,2634,Cartão,3,Hipercard,7098.38,ESTORNADO,2024-05-05
8091,4540,Cartão,6,Elo,2030.03,PENDENTE,2024-10-24
8092,2458,Boleto,4,,6147.94,PAGO,2025-02-14
8093,6255,PIX,12,,9195.87,ESTORNADO,2023-04-28
8094,3190,Cartão,9,,4222.92,,2022-05-12
8095,1390,Boleto,10,,7140.67,PAGO,2024-11-28
8096,5688,Dinheiro,doze,,8980.39,PENDENTE,2022-10-26
8097,5611,PIX,3,,306.85,Pagoo,2022-06-05
8098,5913,Dinheiro,-1,,6744.86,PENDENTE,2022-08-21
8099,6285,Cartão,12,,4147.26,Estornado,2023-04-27
8100,9205,Dinheiro,-5,,0,PENDENTE,2022-07-16
8101,2843,Boleto,11,,5302.38,PENDENTE,2023-05-13
8102,6720,PIX,8,,8185.33,PAGO,2024-10-18
8103,11,Boleto,9,,5639.84,PENDENTE,2022-03-18
8104,9792,Boleto,2,,,PAGO,2024-10-24
8105,8441,Cartão,6,American Express,1542.41,PAGO,2025-03-17
8106,8022,Cartão,11,Mastercard,3244.02,ESTORNADO,2024-02-08
8107,3076,Boleto,3,,4940.44,PENDENTE,2024-11-11
8108,2614,Boleto,10,,7111.57,PAGO,2023-10-06
8109,9945,Pix,8,Elo,14630.49,ESTORNADO,2023-03-28
8110,9060,Boleto,doze,,4429.45,PAGO,2023-10-05
8111,7501,PIX,4,,7622.28,PAGO ,2024-04-10
8112,1183,Cartão,2,Visa,8730.0,Pagoo,2022-08-29
8113,3520,PIX,10,,9532.55,PENDENTE,2024-05-19
8114,3243,PIX,6,,5710.52,ESTORNADO,2023-12-28
8115,69,Cartão,5,Mastercard,9880.67,PAGO,2023-09-25
8116,2716,Cartão,6,Mastercard,8740.94,PENDENTE,2022-06-29
8117,5818,Dinheiro,6,,2446.09,PAGO,2024-05-14
8118,1608,Cartão,9,American Express,14801.15,PAGO,2024-12-20
8119,7855,Dinheiro,11,,13135.85,PAGO,2024-07-09
8120,1080,Dinheiro,5,,2830.23,ESTORNADO,2025-03-11
8121,5149,Dinheiro,12,,11152.82,ESTORNADO,11-19-2023
8122,8717,PIX,4,,9378.08,ESTORNADO,2022-08-15
8123,4589,Boleto,7,,1008.0,PAGO,2024-09-11
8124,915,boleto,,,5558.0,PAGO,2024-09-11
8125,9640,Boleto,1,,76.22,PAGO,2024-07-15
8126,3299,Cartão,7,American Express,,PENDENTE,2024-02-01
8127,6560,Dinheiro,3,,10357.23,PAGO ,2022-07-16
8128,7611,Boleto,0,,9490.08,PENDENTE,2022-12-06
8129,5500,Cartão,11,Visa,6949.24,PENDENTE,31/02/2025
8130,4565,PIX,8,,6655.95,PENDENTE,2024-09-26
8131,6575,Cartão,3,Visa,7674.39,PAGO,2023-12-23
8132,9875,Boleto,5,,1978.92,PAGO,2022-08-05
8133,420,PIX,1,,14854.51,Estornado,2024-12-08
8134,4761,Cartão,2,Visa,8074.91,PAGO,2024-02-06
8135,2229,Boleto,6,,2787.35,PAGO,2022-06-25
8136,2528,Boleto,5,,1105.67,PAGO,2023-09-03
8137,5813,Dinheiro,6,,,ESTORNADO,2022-05-27
8138,8416,Boleto,10,,10684.13,Pagoo,2024-01-04
8139,1696,Dinheiro,,,11693.29,PAGO,2025-01-23
8140,599,PIX,10,,46.05,PAGO,05/09/2022
8141,5076,Cartão,7,Hipercard,,PENDENTE,2023-01-18
8142,4968,Cartão,6,Mastercard,10211.99,ESTORNADO,2022-05-11
8143,4889,Boleto,8,,430.85,PAGO,31/02/2025
8144,2083,Dinheiro,5,,,PENDENTE,2024-08-23
8145,11594,PIX,8,,,PENDENTE,2023-08-07
8146,11843,Boleto,2,,7422.71,PAGO,2024-03-11
8147,5281,Dinheiro,7,,13182.18,Pendente,2023-04-16
8148,4514,Cartão,7,Hipercard,5234.28,,2024-02-28
8149,7703,PIX,3,,,PENDENTE,2024-03-13
8150,5664,Dinheiro,1,,203.9,ESTORNADO,2024-10-26
8151,1813,Dinheiro,-1,,13460.38,ESTORNADO,2024-07-06
8152,4519,PIX,,,14519.48,PAGO,2024-10-15
8153,9747,Boleto,10,,32.95,PENDENTE,31/02/2025
8154,1436,Cartão,1,Elo,2582.52,PENDENTE,2022-01-17
8155,7012,PIX,1,,3219.27,PAGO,2024-08-30
8156,2516,PIX,12,,11645.94,PAGO,2023-05-14
8157,9976,Boleto,1,,6477.46,PAGO,2025-02-13
8158,7145,Boleto,,,5998.79,PAGO,02-26-2024
8159,9888,PIX ,11,,3669.06,ESTORNADO,2024-05-20
8160,5836,Dinheiro,12,,11587.19,PENDENTE,2024-12-21
8161,512,PIX,8,,11192.56,PENDENTE,2022-07-11
8162,5825,Dinheiro,4,,1487.05,ESTORNADO,2025-04-03
8163,9013,Dinheiro,3,,10189.16,ESTORNADO,2023-02-20
8164,11360,Boleto,8,,10680.84,ESTORNADO,2024-04-06
8165,8539,Boleto,12,,7355.52,PENDENTE,2022-05-12
8166,587,Cartão,6,Elo,9020.78,PENDENTE,2024-06-12
8167,5960,Dinheiro,8,,13592.58,PENDENTE,2024-06-16
8168,8971,Dinheiro,doze,,10340.31,PAGO,2024-10-12
8169,2097,Cartão,9,Mastercard,10285.56,PAGO,2022-07-17
8170,6024,Boleto,5,,14841.31,ESTORNADO,31/02/2025
8171,11960,Boleto,11,,8998.83,PENDENTE,2024-01-26
8172,838,PIX,6,,11497.51,PENDENTE,2025-01-26
8173,7934,Cartão,1,Visa,7114.47,PENDENTE,2023-07-18
8174,2040,Boleto,1,,1927.5,ESTORNADO,2022-05-19
8175,5717,Cartão,6,,7227.75,ESTORNADO,2024-06-22
8176,3098,Pixx,,Visa,6965.37,PAGO,2023-08-17
8177,836,Dinheiro,7,,,Pago,2023-09-15
8178,7476,Dinheiro,5,,-500,ESTORNADO,2023-06-01
8179,8065,Boleto,6,,14097.65,ESTORNADO,2022-04-11
8180,6337,Boleto,10,,8116.67,PAGO,2024-02-14
8181,5152,Cartão,4,Elo,10191.9,PENDENTE,2023-01-25
8182,140,Cartão,4,Mastercard,10089.11,ESTORNADO,2024-08-26
8183,5771,Pixx,12,Visa,,PENDENTE,2022/10/17
8184,10312,Dinheiro,10,,6648.73,PENDENTE,2023-02-28
8185,5809,PIX,1,,13168.08,ESTORNADO,2025-03-20
8186,7790,PIX,3,,5338.17,ESTORNADO,2024-07-19
8187,2576,PIX,7,,,PAGO,2023-12-27
8188,2172,Cartao,6,Mastercard,8258.12,PENDENTE,2024-05-20
8189,2968,Dinheiro,2,,7450.93,ESTORNADO,2023-09-11
8190,5451,Dinheiro,9,,1763.32,PENDENTE,31/02/2025
8191,7660,PIX,2,,8312.62,ESTORNADO,2023-06-15
8192,6135,PIX,3,,3664.73,PENDENTE,2023-01-26
8193,380,PIX,2,,,PENDENTE,2023-11-28
8194,2795,Cartão,9,American Express,8794.6,PENDENTE,2023-06-27
8195,8261,Cartao,9,American Express,2726.66,PENDENTE,2024-11-09
8196,4292,PIX,5,,8014.44,PAGO,2025-03-08
8197,6035,Boleto,4,,mil,PAGO,2024-09-18
8198,9837,Boleto,6,,8858.01,ESTORNADO,2023-05-23
8199,1306,Cartão,11,Mastercard,-500,PENDENTE,2024-03-16
8200,1136,PIX,10,,-500,ESTORNADO,2023-03-21
8201,971,Dinheiro,1,,6043.21,PENDENTE,2023-10-06
8202,3413,PIX,4,,14876.11,PENDENTE,2023-05-12
8203,6571,Boleto,,,6527.64,PAGO,2022-05-29
8204,7516,Cartão,6,Hipercard,9031.58,PAGO,2022-03-18
8205,8585,Boleto,4,,966.79,PENDENTE,2024-05-17
8206,5881,Boleto,11,,9335.39,PENDENTE,2025-04-04
8207,9908,PIX,2,,-500,ESTORNADO,2022-01-08
8208,3018,Boleto,4,,-500,PENDENTE,2024-01-12
8209,7344,Cartão,5,,10187.28,PENDENTE,2022-11-24
8210,3284,Cartao,4,,9256.59,PAGO,2022-10-15
8211,11809,Dinheiro,4,,10835.19,PAGO,2022-04-29
8212,5884,Boleto,6,,9828.44,PENDENTE,2023-12-05
8213,9025,PIX,7,,11580.82,ESTORNADO,2022-01-23
8214,8970,PIX,2,,9151.48,PAGO ,2022-12-17
8215,8074,Boleto,0,,10015.77,PAGO,2023-04-16
8216,2039,Dinheiro,4,,4063.03,PENDENTE,2023-12-04
8217,9771,PIX,5,,9306.71,ESTORNADO,2023-01-13
8218,6169,Boleto,9,,9652.16,ESTORNADO,2024-10-19
8219,2449,Dinheiro,6,,2056.45,ESTORNADO,2022-02-13
8220,4732,PIX,7,,10615.84,PAGO,2024-12-10
8221,7292,PIX ,6,,3481.45,PAGO,2022-03-22
8222,2286,PIX,4,,4907.17,PAGO,2025-02-09
8223,9372,Dinheiro,11,,588.78,PENDENTE,2024/11/27
8224,10018,PIX ,7,,-500,PAGO,2023-05-20
8225,4890,Cartão,5,American Express,1423.75,PAGO,2024-01-11
8226,10374,Boleto,11,,10919.46,PENDENTE,2024-09-15
8227,2146,Cartão,7,Mastercard,13523.9,PAGO,2025/01/18
8228,1397,Dinheiro,3,,13618.65,ESTORNADO,2022-06-22
8229,3170,Cartão,10,,5514.37,PENDENTE,2024-10-22
8230,5208,PIX,12,,12042.71,ESTORNADO,10-16-2023
8231,3332,Dinheiro,2,,4588.44,PENDENTE,2024-05-26
8232,2077,Boleto,4,,4113.93,ESTORNADO,2024-04-04
8233,4899,PIX,11,,6716.35,ESTORNADO,2024-08-10
8234,5575,Cartão,1,Elo,,PENDENTE,2022-05-14
8235,6101,Cartão,11,,12970.41,PAGO,2023-12-08
8236,9203,Cartão,8,Visa,10403.12,PENDENTE,2024-12-12
8237,3031,Cartão,6,Elo,mil,PAGO,2022-07-01
8238,572,Boleto,12,,12664.51,ESTORNADO,2023-12-31
8239,5507,Dinheiro,12,,5139.96,PAGO,03-18-2022
8240,3570,Cartão,12,Hipercard,7498.04,PENDENTE,2022-04-08
8241,8410,PIX,6,,13988.01,PAGO,2023-04-28
8242,8828,PIX,6,,12024.81,ESTORNADO,2023-02-13
8243,4570,Dinheiro,0,,4966.87,ESTORNADO,31/02/2025
8244,4447,,4,,12381.55,PENDENTE,2024-01-06
8245,2478,Boleto,5,,8293.36,PENDENTE,99/99/9999
8246,5065,Boleto,8,,R$500,PAGO,2024-03-16
8247,8281,Boleto,2,,12378.88,ESTORNADO,99/99/9999
8248,1932,Boleto,8,,14454.82,ESTORNADO,2023-06-04
8249,3075,Cartão,5,Mastercard,10419.18,ESTORNADO,2024-12-24
8250,1587,Cartão,-1,Visa,5092.04,PAGO,2022-02-24
8251,1306,PIX,10,,mil,PENDENTE,2025-01-18
8252,6445,PIX,1,,,PAGO,2022-07-24
8253,5933,Dinheiro,,,14379.98,PENDENTE,2022-07-22
8254,5617,Boleto,0,,-500,ESTORNADO,2024-08-09
8255,9610,Dinheiro,1,,14438.45,PENDENTE,99/99/9999
8256,2985,Boleto,10,,10275.46,PENDENTE,2022-09-21
8257,5628,Pixx,5,,,PENDENTE,2023-12-04
8258,9689,PIX,12,,3566.2,ESTORNADO,2024/12/26
8259,9888,PIX,12,,,ESTORNADO,2024-12-25
8260,28,Dinheiro,2,,3220.53,ESTORNADO,2023-12-11
8261,7572,Dinheiro,3,,2823.72,PENDENTE,2022-07-07
8262,1222,Cartão,4,Elo,0,PENDENTE,2022-08-28
8263,4729,PIX,10,,13880.3,PENDENTE,2022-01-13
8264,5081,PIX,9,,12134.83,ESTORNADO,2022-10-04
8265,5687,Dinheiro,3,,2350.98,PENDENTE,2022-06-26
8266,1208,Pixx,,Visa,,PENDENTE,2023-12-01
8267,2052,Cartão,7,Hipercard,6137.92,ESTORNADO,2023-11-27
8268,771,PIX,doze,,4809.59,PENDENTE,2024-01-03
8269,8255,Cartão,10,Mastercard,5396.37,PAGO,2022-03-29
8270,1585,Boleto,2,,13484.6,ESTORNADO,2023-05-07
8271,10017,PIX,-1,,2359.29,pago,2023-05-29
8272,4162,Dinheiro,1,,2792.39,ESTORNADO,2022-01-21
8273,896,Boleto,12,,5330.58,PENDENTE,2023-10-17
8274,8672,Cartão,2,Visa,6524.01,ESTORNADO,2024-08-11
8275,2583,Cartão,10,Mastercard,7161.1,PENDENTE,2022-09-26
8276,6616,Dinheiro,9,,10672.42,PENDENTE,2024-03-24
8277,7856,PIX,2,,7530.85,Estornado,2022-04-12
8278,4197,Dinheiro,-1,,6195.46,ESTORNADO,2024-11-18
8279,4161,Dinheiro,7,,6805.95,PENDENTE,2023-07-08
8280,11478,Boleto,9,,6959.83,ESTORNADO,2022-01-04
8281,4593,Boleto,6,,1261.9,PAGO ,2023-12-16
8282,2782,Boleto,11,,13742.43,PENDENTE,2023-08-10
8283,5633,PIX,12,,7285.29,PENDENTE,2024-07-30
8284,6829,PIX,2,,8632.67,PENDENTE,2024-11-02
8285,7408,PIX,5,,5252.92,ESTORNADO,2023-11-15
8286,8320,PIX,doze,,,ESTORNADO,2024-09-29
8287,4696,Cartão,4,Hipercard,9790.08,PENDENTE,10-25-2023
8288,4545,Cartão,0,American Express,12522.93,ESTORNADO,2023-04-18
8289,8057,Dinheiro,6,,mil,PAGO,2024-01-03
8290,6713,PIX,8,,5533.25,PAGO,2023-07-16
8291,5694,Cartão,7,Mastercard,913.3,PAGO,2024-01-03
8292,4181,Dinheiro,0,,202.3,PAGO,2024-04-15
8293,8053,PIX,doze,,267.61,ESTORNADO,2025-04-14
8294,5563,Boleto,6,,11693.98,PAGO,18/10/2023
8295,9093,Dinheiro,7,,mil,PAGO,2023-07-10
8296,9356,Boleto,1,,14684.52,ESTORNADO,2022-08-22
8297,1967,Dinheiro,9,,12486.3,ESTORNADO,2025-03-19
8298,2182,Cartão,11,,8110.22,PENDENTE,2023-02-06
8299,5139,Boleto,3,,8545.8,ESTORNADO,2023-11-17
8300,7492,Dinheiro,11,,13754.49,PENDENTE,2023-05-06
8301,9045,Boleto,4,,5345.52,PAGO,2023-07-31
8302,7009,PIX,10,,R$500,PENDENTE,2025-03-26
8303,895,PIX,5,,11399.17,ESTORNADO,2023-04-30
8304,7111,Cartão,10,Elo,3646.1,PENDENTE,2022-08-06
8305,566,PIX,2,,14094.39,ESTORNADO,2024-04-23
8306,9843,Dinheiro,10,,288.03,ESTORNADO,2023-12-04
8307,6242,Cartão,12,Mastercard,2154.06,ESTORNADO,99/99/9999
8308,8810,Cartão,8,Elo,14079.43,PENDENTE,2022-11-19
8309,146,PIX,1,,12106.5,Pagoo,2025-02-12
8310,828,Dinheiro,3,,1412.04,ESTORNADO,2023-02-27
8311,9783,Boleto,10,,,PAGO,2022-03-23
8312,519,Boleto,1,,290.7,PAGO,2024-03-05
8313,7481,Dinheiro,,,518.29,ESTORNADO,2022-01-23
8314,9885,Dinheiro,4,,0,PENDENTE,2023-03-18
8315,10106,Dinheiro,-5,,6542.42,PAGO,11-21-2024
8316,4192,Boleto,5,,,PAGO,2024-11-27
8317,3827,Dinheiro,0,,3232.17,PAGO,2023-05-01
8318,505,Boleto,7,,10221.94,PAGO,2024-08-30
8319,330,PIX,7,,6202.95,PENDENTE,2023/09/11
8320,8983,Boleto,1,,4281.56,Pendente,2022-08-16
8321,8946,PIX,4,,604.96,ESTORNADO,2024-10-25
8322,6025,Boleto,10,,1829.96,ESTORNADO,2024-04-11
8323,7657,Boleto,2,,3382.32,PENDENTE,2023-07-17
8324,8298,PIX ,5,,0,PAGO,2023-08-27
8325,520,Dinheiro,12,,,ESTORNADO,2023-02-07
8326,3623,PIX,1,,929.57,PAGO,2023-08-16
8327,7000,Cartão,3,Hipercard,2920.85,PAGO,2023-01-07
8328,5887,Dinheiro,10,,10743.43,ESTORNADO,2024-02-23
8329,2495,Boleto,9,,1403.74,PAGO,31/02/2025
8330,8640,Cartão,1,,8069.38,,2022-03-11
8331,11701,Cartão,12,Visa,6319.96,PAGO,2022-08-29
8332,142,Cartão,8,Hipercard,,PAGO,2023-06-11
8333,9408,Boleto,3,,3704.94,PENDENTE,2025-01-14
8334,6756,Cartão,4,,6989.03,PENDENTE,2023-07-26
8335,8022,Boleto,,,7025.66,PAGO,2024-10-07
8336,681,Cartao,3,,,PAGO,2023-05-03
8337,4315,PIX,2,,R$500,PAGO,2022-05-29
8338,3358,Dinheiro,1,,4228.55,PAGO,2022-09-20
8339,6572,PIX,11,,,PAGO,2023-10-12
8340,11659,Pixx,10,,7589.32,PAGO,2023-03-18
8341,3454,PIX,11,,9445.7,ESTORNADO,2023-02-03
8342,5773,Dinheiro,-1,,10958.45,PENDENTE,2024-12-04
8343,1720,Cartão,4,Elo,10688.11,PAGO,2024-08-02
8344,24,PIX ,12,Hipercard,13074.25,ESTORNADO,2023-06-08
8345,1142,Dinheiro,9,,737.8,PAGO,2022-05-05
8346,5660,Dinheiro,12,,7181.09,PENDENTE,99/99/9999
8347,11620,PIX,7,,4129.22,ESTORNADO,2023-05-08
8348,3439,Boleto,6,,5797.5,PENDENTE,2023-06-14
8349,3467,Cartão,3,Visa,13106.4,ESTORNADO,2024-09-04
8350,7273,Cartão,4,,3298.06,PENDENTE,31/02/2025
8351,3462,PIX,12,,4077.36,PENDENTE,2023-04-07
8352,7460,Boleto,-5,,14072.98,PAGO,2022-10-17
8353,10723,PIX,1,,7293.2,PAGO,2022-12-17
8354,3259,PIX,,,14132.07,ESTORNADO,2022-03-13
8355,11108,Boleto,10,,9069.17,ESTORNADO,2025-02-09
8356,8477,PIX,2,,6875.23,ESTORNADO,2024-06-11
8357,10723,PIX,1,,5817.16,PAGO,2023-11-08
8358,874,PIX,5,,12581.11,PAGO,2022-04-22
8359,5468,Boleto,6,,13283.78,ESTORNADO,2023-06-09
8360,451,Dinheiro,10,,4620.09,PENDENTE,2024-02-07
8361,8205,Boleto,9,,,PENDENTE,2024-03-21
8362,2058,PIX,10,,4396.42,PAGO,2023-11-23
8363,11792,Dinheiro,12,,14335.73,PAGO,2022-01-28
8364,3478,Dinheiro,6,,4489.79,PAGO,2022-08-18
8365,7079,Cartão,7,Mastercard,10666.47,PENDENTE,2023-08-24
8366,6250,PIX,-5,,10052.75,PAGO,2024-04-03
8367,548,Dinheiro,8,,7096.85,ESTORNADO,2024-05-18
8368,10984,Dinheiro,4,,11661.75,PAGO,2024-04-04
8369,9540,Cartão,4,American Express,12118.23,ESTORNADO,05-05-2022
8370,5434,Cartão,doze,,5788.42,PAGO,2022-08-30
8371,9934,Cartão,5,American Express,14716.46,ESTORNADO,2024-11-01
8372,8119,Boleto,3,,6230.54,PAGO,2022-09-29
8373,6984,Boleto,8,,6691.24,PAGO,2024-11-09
8374,6568,Dinheiro,0,,289.99,PAGO,2024-05-19
8375,1094,Cartão,11,Elo,5435.61,pago,2023-01-01
8376,8287,PIX,6,,604.17,ESTORNADO,2024-01-08
8377,476,Cartao,6,,,PENDENTE,2023-08-28
8378,4533,PIX,11,,8385.43,PENDENTE,2025-02-28
8379,1977,Boleto,7,,9267.58,PAGO,2023-08-01
8380,8016,Dinheiro,12,,7966.26,PAGO,2024-04-21
8381,9212,PIX,3,,9397.66,ESTORNADO,2024-02-27
8382,9182,Cartão,4,Visa,1911.58,ESTORNADO,2022-11-15
8383,5843,,1,,12850.83,PAGO,2023-08-03
8384,7599,PIX,9,,,PENDENTE,2023-02-24
8385,1316,Dinheiro,5,,8261.28,ESTORNADO,2022-10-13
8386,3805,PIX,11,,3125.72,PAGO,2024-11-01
8387,11802,Cartão,5,Visa,,PENDENTE,2025-03-12
8388,931,Dinheiro,6,,14155.85,PAGO,2023-06-03
8389,5824,PIX,8,,7311.93,PENDENTE,2025-01-27
8390,11277,Boleto,,,208.29,PENDENTE,2022-04-24
8391,9468,Dinheiro,2,,245.79,ESTORNADO,2022-07-09
8392,1658,Boleto,9,,12223.81,PAGO,2022-02-10
8393,4058,PIX,,,9636.4,PENDENTE,2025-01-23
8394,3356,PIX,-5,,10680.84,PENDENTE,03-29-2023
8395,2965,Dinheiro,2,,10075.23,PAGO,2023-10-14
8396,5520,PIX,7,,621.59,ESTORNADO,2023-02-03
8397,4793,Boleto,doze,,1976.3,ESTORNADO,2023-10-29
8398,5755,Boleto,7,,10269.44,ESTORNADO,2024-08-15
8399,11278,Cartão,4,Hipercard,14386.75,PAGO,2022-09-02
8400,5767,Boleto,11,,5505.94,ESTORNADO,2024-03-24
8401,2032,Boleto,1,,10172.35,PENDENTE,2025-02-09
8402,3749,PIX,6,,8694.17,PENDENTE,31/02/2025
8403,2798,Cartao,1,,2857.89,PENDENTE,2025-03-24
8404,1600,PIX,12,,3904.99,ESTORNADO,2023-03-05
8405,7516,PIX,3,,14946.0,ESTORNADO,2023-02-01
8406,3193,Cartão,3,Elo,6971.75,pago,2023-09-06
8407,2004,Cartão,4,Mastercard,10508.27,ESTORNADO,23/09/2022
8408,8586,PIX,12,,10989.16,PAGO,2022-07-07
8409,2479,PIX,11,,2124.83,Pagoo,2024-06-20
8410,8752,Dinheiro,2,,8305.58,ESTORNADO,2023-09-06
8411,2587,Cartão,10,Visa,10726.81,PENDENTE,2023-08-14
8412,8686,Pix,12,Elo,2634.98,PAGO,2023-08-30
8413,2155,Boleto,1,,11635.82,PENDENTE,2023-03-21
8414,7229,PIX,12,,,ESTORNADO,2023-04-18
8415,5411,PIX,7,,8002.91,PAGO,2024-06-20
8416,1190,Dinheiro,2,,3224.19,PAGO,2022-02-26
8417,8710,Cartão,10,American Express,6188.17,PAGO,2022-01-14
8418,6524,Dinheiro,12,,13895.81,Pendente,2022-11-21
8419,1577,Boleto,3,,8050.78,PAGO,2024-03-21
8420,2352,Boleto,,,12009.17,Pago,2024-08-26
8421,3053,Boleto,12,,9120.1,PAGO,2023-11-28
8422,11670,PIX,6,,12466.19,ESTORNADO,2024-06-26
8423,8804,Boleto,-5,,6145.71,PENDENTE,99/99/9999
8424,9294,Boleto,3,,11982.38,PAGO,2023-10-20
8425,9866,PIX,12,,9328.5,PENDENTE,2023-03-25
8426,8482,Cartão,2,Mastercard,5001.09,PENDENTE,01-28-2022
8427,9710,Cartão,1,Mastercard,9950.23,PAGO,31/02/2025
8428,4889,Dinheiro,7,,3679.5,PAGO,2022-02-06
8429,8261,Boleto,10,,3498.91,ESTORNADO,2025-02-11
8430,4134,Boleto,,,11458.16,PENDENTE,2022-02-19
8431,589,Cartão,,Mastercard,9415.81,ESTORNADO,2023-08-08
8432,6269,Cartão,1,Hipercard,2130.19,PAGO,01-01-2023
8433,6168,Cartao,9,American Express,6409.02,Pago,2024-04-11
8434,4344,PIX,8,,6751.08,PAGO,2023-07-12
8435,5705,PIX,4,,5604.82,ESTORNADO,2024-08-02
8436,11808,PIX,7,,8007.83,PENDENTE,2022-08-19
8437,9262,Cartão,10,Mastercard,7438.28,PENDENTE,2024-03-01
8438,6954,Cartão,10,Elo,7433.7,PENDENTE,2022-05-09
8439,5350,Boleto,1,,,ESTORNADO,2024-10-06
8440,8249,boleto,12,,11924.37,PENDENTE,2022-09-21
8441,3326,Cartão,9,,3281.53,ESTORNADO,2024-03-20
8442,1796,Dinheiro,7,,7034.56,PENDENTE,2023-03-07
8443,7919,Dinheiro,11,,2376.61,ESTORNADO,2022-08-24
8444,4751,PIX,12,,-500,PAGO,2023-05-24
8445,1101,Boleto,6,,5906.48,Pagoo,2024-10-30
8446,1774,Boleto,8,,-500,PAGO,2024-04-06
8447,2345,Dinheiro,3,,3601.78,ESTORNADO,2025-03-30
8448,11913,Pixx,11,,6484.78,PENDENTE,2022-12-29
8449,2292,Dinheiro,4,,,PENDENTE,2022-08-03
8450,7590,PIX,4,,4672.32,PENDENTE,2025-01-05
8451,1549,Cartão,4,Visa,,PAGO,2022-12-02
8452,10476,pix,6,,1020.32,PENDENTE,2022-01-31
8453,1593,,6,Visa,8046.4,PAGO,10-11-2023
8454,9190,Cartão,8,,12179.38,ESTORNADO,2024-12-25
8455,7750,Cartão,9,,14899.56,PENDENTE,2024-11-17
8456,8404,Dinheiro,3,,11668.55,PAGO,2023-01-06
8457,4681,PIX,8,,960.77,ESTORNADO,12-31-2022
8458,4613,Cartão,7,Elo,9862.21,ESTORNADO,2024-01-06
8459,7355,Boleto,5,,10685.3,PENDENTE,2022-10-20
8460,7190,pix,,,-500,ESTORNADO,15/01/2025
8461,2925,Dinheiro,7,,10565.58,Pago,2022-08-22
8462,2082,Dinheiro,11,,11216.56,PENDENTE,2022-07-24
8463,1523,PIX,3,,14773.45,PAGO,2024-03-29
8464,3595,PIX,1,,10661.53,PENDENTE,2023-10-07
8465,7704,PIX,6,,11240.3,PENDENTE,2023-10-03
8466,3725,Cartão,9,Mastercard,14611.88,PENDENTE,2025-03-23
8467,11326,Boleto,,,6497.9,PAGO,2023-09-19
8468,9621,PIX,12,,5331.16,ESTORNADO,99/99/9999
8469,6246,Dinheiro,11,,9982.58,ESTORNADO,2022-04-17
8470,983,PIX,7,,4462.87,PENDENTE,2023-09-22
8471,7595,PIX,1,,10358.16,PAGO,2024-06-14
8472,4310,Boleto,7,,5285.36,ESTORNADO,2024-05-23
8473,7210,Dinheiro,8,,7079.42,PAGO,2024-05-13
8474,8820,Dinheiro,1,,4406.92,ESTORNADO,2024-01-03
8475,5882,PIX,12,,14208.39,ESTORNADO,2023-02-20
8476,256,PIX,4,,R$500,PENDENTE,2025-01-23
8477,2632,pix,10,,6162.74,ESTORNADO,11-11-2023
8478,71,Boleto,3,,13887.32,PAGO,2024-08-26
8479,8153,pix,1,,0,PAGO,31/02/2025
8480,4191,Pix,,,891.41,PENDENTE,2022-05-23
8481,8142,PIX,8,,9877.44,ESTORNADO,2024-01-28
8482,2813,PIX,9,,8266.47,ESTORNADO,2024-08-05
8483,334,PIX,2,,10039.41,PENDENTE,2022-10-12
8484,10696,Cartão,8,Visa,5411.13,PAGO,10-03-2024
8485,8734,Cartão,7,,14632.38,PAGO,2023-09-16
8486,5204,Cartão,8,Visa,6101.06,ESTORNADO,2023-08-02
8487,2023,Dinheiro,3,,11934.91,PENDENTE,2024-01-10
8488,1952,PIX,9,,6387.12,ESTORNADO,2024-02-19
8489,2887,Cartão,10,,,PENDENTE,2024-04-29
8490,5368,Dinheiro,5,,4283.08,ESTORNADO,2025-04-10
8491,4946,Boleto,,,8085.92,PAGO,2024-06-08
8492,5378,Cartão,,Hipercard,770.85,ESTORNADO,2024-07-16
8493,10543,Cartao,2,,8728.29,ESTORNADO,2023-08-14
8494,9021,Dinheiro,3,,4809.88,ESTORNADO,2024-11-23
8495,10860,PIX,,,R$500,PAGO,2023-02-22
8496,9186,Cartão,4,Visa,13966.63,ESTORNADO,2022-10-10
8497,6516,Pixx,5,,7721.82,PAGO,2024-01-17
8498,9180,Dinheiro,6,,7003.64,ESTORNADO,2023-12-01
8499,7818,Boleto,10,,2731.14,PAGO,2024-07-01
8500,8976,Dinheiro,2,,9312.39,ESTORNADO,2024-12-03
8501,11960,Dinheiro,11,,1660.36,PENDENTE,2023-10-22
8502,3442,Cartão,,American Express,13042.67,PAGO,2023-07-31
8503,4770,PIX,,,7292.15,PAGO,2023-04-19
8504,193,Boleto,11,,,PAGO,99/99/9999
8505,1157,PIX,7,,-500,PAGO,2023-05-26
8506,3023,PIX,2,,,Pendente,2024-08-06
8507,8281,PIX,3,,10705.85,PAGO,31/02/2025
8508,4405,Boleto,,,6509.59,PAGO,2024-05-16
8509,5512,Cartão,2,Visa,3759.43,PAGO,2022-08-13
8510,8554,Pix,9,,3162.08,PAGO,2023-07-31
8511,2932,Dinheiro,6,,4731.85,PENDENTE,2022-06-29
8512,998,Boleto,8,,11153.01,ESTORNADO,2024-10-25
8513,10179,Cartão,2,,7455.07,PAGO,2022-04-28
8514,6521,Dinheiro,1,,14976.65,PAGO,10-21-2024
8515,501,PIX,1,,3771.98,PAGO,2022-05-23
8516,9864,Cartao,,Elo,3273.74,PAGO,2023-12-14
8517,2230,Pix,1,,3420.73,PENDENTE,2024-10-27
8518,1781,PIX ,8,,5414.09,PENDENTE,2024-10-07
8519,5025,,4,,10861.74,PENDENTE,2022-09-04
8520,3647,Boleto,4,,3588.67,ESTORNADO,2022-04-30
8521,4735,Cartão,10,,723.52,PENDENTE,2022-09-22
8522,1974,PIX,4,,10651.16,PENDENTE,2023-07-12
8523,834,Boleto,8,,9132.39,PENDENTE,2023-09-30
8524,2713,Boleto,9,,3369.28,ESTORNADO,2024-09-12
8525,1384,Boleto,8,,12066.02,PAGO,2024-09-01
8526,4266,Dinheiro,2,,4163.74,ESTORNADO,2025-04-07
8527,1205,Boleto,,,950.42,ESTORNADO,2024-10-10
8528,5037,Dinheiro,3,,13376.68,Estornado,2024-12-25
8529,6523,PIX,doze,,7666.0,PAGO,2023-12-11
8530,11659,Cartão,10,,3509.75,PAGO,2023-10-01
8531,6002,Pix,10,Visa,14359.44,PENDENTE,2022-05-09
8532,2401,PIX,12,,3283.54,ESTORNADO,2024-08-06
8533,5332,pix,5,,5478.47,PAGO,2023-11-26
8534,8563,Cartão,12,American Express,mil,PENDENTE,2022-04-26
8535,3169,Dinheiro,3,,2281.16,,2022-08-22
8536,7090,Dinheiro,6,,10375.26,ESTORNADO,2023-07-16
8537,5394,Boleto,8,,mil,PAGO,2024-02-07
8538,6515,Pix,2,,mil,ESTORNADO,2022-05-21
8539,6495,Dinheiro,12,,6342.81,ESTORNADO,2023-07-25
8540,3429,PIX,,,10970.7,pago,2024-11-06
8541,7594,PIX,1,,9898.37,ESTORNADO,2022-07-21
8542,6242,Dinheiro,7,,14955.04,PAGO,2023-03-02
8543,3471,Cartão,11,Hipercard,mil,PAGO,2024-11-09
8544,5545,PIX,,,9943.57,PAGO,2022-04-15
8545,6177,Boleto,,,1920.29,PAGO,2023-06-10
8546,7958,Dinheiro,6,,4990.18,ESTORNADO,2024-03-19
8547,9796,Boleto,3,,11115.76,PAGO,2022-05-31
8548,3900,PIX,doze,,11963.98,PAGO,2023-12-09
8549,888,Dinheiro,10,,5221.03,ESTORNADO,2023-04-03
8550,1553,PIX,3,,4839.67,ESTORNADO,2025-04-11
8551,1391,PIX,9,,4992.31,PENDENTE,31/02/2025
8552,11664,Dinheiro,6,,,ESTORNADO,2022-10-11
8553,8597,Cartão,12,Mastercard,14691.28,ESTORNADO,2023-07-19
8554,2,Dinheiro,6,,12513.33,ESTORNADO,16/11/2022
8555,3166,Dinheiro,5,,13927.5,PAGO,2024-02-02
8556,4348,Dinheiro,9,,4099.4,ESTORNADO,2024-10-04
8557,6541,Dinheiro,5,,,PENDENTE,2022-10-26
8558,3860,Boleto,9,,14756.69,PENDENTE,2023-08-12
8559,4401,Boleto,4,,,PENDENTE,2022-06-19
8560,6921,Dinheiro,11,,14767.74,ESTORNADO,2023-11-27
8561,2002,Boleto,11,,8019.31,ESTORNADO,2024-10-17
8562,10769,PIX,3,,5284.94,ESTORNADO,2022-09-25
8563,5907,Dinheiro,,,6200.35,PENDENTE,2022-11-21
8564,2374,PIX,8,,10859.69,PAGO,2022-09-02
8565,7158,Boleto,5,,13162.62,ESTORNADO,2023-12-27
8566,6191,Dinheiro,7,,142.31,ESTORNADO,2024-06-10
8567,7920,Dinheiro,8,,12815.92,PAGO,2024-03-21
8568,11342,Dinheiro,2,,,ESTORNADO,2024-09-27
8569,621,Cartão,3,Elo,8113.13,ESTORNADO,2024-02-11
8570,9744,Dinheiro,9,,12216.09,PENDENTE,2024-09-23
8571,10821,Dinheiro,0,,2614.48,ESTORNADO,2024-12-22
8572,1310,PIX,12,,12172.76,PENDENTE,2024-11-24
8573,8911,PIX,10,,5690.65,PAGO,2023-02-06
8574,7196,Dinheiro,12,,12535.69,PAGO,2023-03-15
8575,350,Dinheiro,12,,12473.46,PENDENTE,2024-03-27
8576,10130,Boleto,12,,14777.66,ESTORNADO,2022-01-10
8577,4664,PIX,doze,,11777.92,PAGO,2024-08-14
8578,4440,PIX,4,,,PAGO,2022-06-02
8579,940,Cartão,8,Mastercard,-500,PENDENTE,2022-01-09
8580,4522,Boleto,12,,14308.82,PENDENTE,2025-01-10
8581,5719,Boleto,8,,745.01,PAGO,2024-03-31
8582,7665,PIX,9,,3107.45,ESTORNADO,2023-07-18
8583,7412,boleto,8,,11624.93,PAGO,2024-06-29
8584,1763,pix,12,,9601.73,PAGO,2023-09-05
8585,6205,Cartão,,Mastercard,574.6,PENDENTE,2024-06-19
8586,974,PIX,6,,348.74,PAGO,2022-10-19
8587,10429,Dinheiro,7,,13371.07,ESTORNADO,2022-09-04
8588,9560,Dinheiro,4,,10832.68,PENDENTE,2023-04-24
8589,10005,PIX,5,,10673.19,PAGO,2022-12-04
8590,1287,PIX,11,,1868.31,Pago,2025-02-12
8591,6252,Cartão,6,American Express,492.53,ESTORNADO,2023-06-30
8592,10193,PIX,11,,992.49,PENDENTE,2024-10-25
8593,7036,PIX,11,,277.09,ESTORNADO,2022-10-08
8594,4045,Dinheiro,5,,10659.85,ESTORNADO,2023-05-30
8595,7671,Boleto,8,,7601.19,PENDENTE,2023-05-04
8596,8687,boleto,,,6027.2,PENDENTE,2024-07-16
8597,1788,PIX,6,,3001.07,ESTORNADO,2024-09-18
8598,9284,Cartão,7,Mastercard,4285.82,ESTORNADO,2023-04-02
8599,8326,Cartão,2,Mastercard,11783.7,PENDENTE,2023-12-30
8600,1773,PIX,1,,R$500,PAGO ,2024-06-11
8601,7499,PIX,4,,4727.58,ESTORNADO,2024-05-25
8602,93,Cartão,12,American Express,9666.55,PAGO,06/06/2024
8603,7908,Boleto,4,,12678.72,PENDENTE,2024-02-28
8604,4017,Boleto,3,,8712.38,PENDENTE,2024-11-07
8605,5945,Boleto,3,,2240.89,ESTORNADO,2024-03-05
8606,839,PIX,9,,4674.26,PENDENTE,2022-11-27
8607,4179,Cartão,,Hipercard,13382.65,PAGO,2024-09-15
8608,7043,Cartão,6,Elo,4754.13,PENDENTE,2023-08-17
8609,309,Cartão,,Elo,4703.35,PAGO,2022-07-21
8610,9571,Boleto,6,,3225.38,ESTORNADO,2023-11-04
8611,5387,Dinheiro,-5,,0,ESTORNADO,2024-07-04
8612,3647,Dinheiro,10,,7225.3,ESTORNADO,2024-10-25
8613,283,Cartao,3,,7484.91,PAGO,2024-10-15
8614,2826,PIX,2,,901.6,Pagoo,2024-07-06
8615,3245,PIX,8,,10956.49,Estornado,2024-07-13
8616,2135,Boleto,11,,4543.5,ESTORNADO,99/99/9999
8617,7424,PIX ,11,Elo,8348.91,PENDENTE,2022-04-20
8618,6286,Cartão,-1,Elo,7128.49,PENDENTE,2023-03-09
8619,4463,PIX,3,,11424.78,PAGO,2024-07-25
8620,4260,Cartão,2,Visa,4677.56,PAGO,2022-09-06
8621,3096,Boleto,8,,391.03,ESTORNADO,2024-05-27
8622,5353,Dinheiro,1,,737.64,ESTORNADO,2022-09-26
8623,7284,Boleto,2,,0,ESTORNADO,2025-03-30
8624,1466,PIX,12,,,ESTORNADO,2022-08-16
8625,2488,PIX,11,,,ESTORNADO,2024-05-27
8626,6156,Cartão,,Mastercard,,PAGO,2023-08-05
8627,3929,boleto,2,,9550.94,pago,2024-08-19
8628,3645,PIX,11,,,ESTORNADO,2022-01-22
8629,1185,Boleto,8,,10108.58,PENDENTE,2023-12-03
8630,8404,PIX,8,,4897.72,PAGO,2022-06-19
8631,10160,Boleto,,,14404.15,PAGO,2024-11-21
8632,2368,Cartão,9,Mastercard,5923.64,PENDENTE,2023-01-22
8633,4699,PIX,10,,1637.92,PENDENTE,2023-05-16
8634,4500,Dinheiro,3,,14791.29,PENDENTE,2025-03-20
8635,8318,PIX,1,,,PAGO,2022-12-01
8636,8538,Cartão,7,,284.36,PAGO,2024-07-14
8637,2341,Dinheiro,4,,11660.21,PAGO,2023-01-10
8638,9305,PIX,7,,4925.85,PENDENTE,2022-08-12
8639,4297,Cartão,7,,14611.42,ESTORNADO,2025-01-30
8640,6814,Boleto,8,,1828.56,ESTORNADO,2023-10-14
8641,8493,Cartão,9,,4125.74,ESTORNADO,2024-01-18
8642,6942,Boleto,3,,3070.89,PENDENTE,2025-03-03
8643,5235,Boleto,6,,14998.42,ESTORNADO,2022-12-13
8644,2015,Dinheiro,3,,,,31/02/2025
8645,5318,Dinheiro,11,,3427.75,ESTORNADO,2024-04-20
8646,4924,PIX,9,,6587.65,PAGO,2022-11-16
8647,2787,Dinheiro,3,,8601.72,PENDENTE,2022-07-18
8648,5335,Cartão,3,Visa,3714.75,ESTORNADO,2023-01-06
8649,7546,Boleto,3,,13211.08,ESTORNADO,2023-03-09
8650,2256,Pix,9,American Express,10061.34,PENDENTE,2022-07-17
8651,9300,Pix,5,,9585.93,PENDENTE,2023/12/08
8652,2237,Cartão,2,Hipercard,819.74,PAGO,2023-09-13
8653,9203,PIX,8,,8763.01,ESTORNADO,2022-11-14
8654,2697,Cartão,9,Visa,3956.04,PAGO ,2022-12-28
8655,7109,Cartão,5,Visa,,PENDENTE,2022-09-17
8656,5195,Boleto,3,,5669.32,PENDENTE,2022-05-01
8657,5533,Cartão,1,Visa,,ESTORNADO,2022-08-10
8658,7140,boleto,9,,13476.41,PENDENTE,2022-09-04
8659,3253,Cartão,2,Elo,9331.5,PAGO,2023-06-24
8660,5165,PIX,7,,7881.33,PAGO,2022-07-05
8661,4519,,3,,10079.48,ESTORNADO,2025-02-09
8662,3063,Cartão,0,American Express,0,ESTORNADO,2023-11-14
8663,8199,PIX,7,,,PAGO,2025-02-22
8664,50,Cartão,12,Hipercard,0,PAGO,2025-04-05
8665,8508,Boleto,,,R$500,PENDENTE,2024-09-28
8666,8306,Dinheiro,6,,9460.27,PAGO,2022-05-19
8667,10868,Dinheiro,8,,847.94,PENDENTE,2024-06-07
8668,2554,Cartao,,,R$500,PAGO,2022-10-09
8669,9676,Boleto,3,,8450.86,PENDENTE,2025-01-06
8670,5863,Cartão,2,Mastercard,4040.65,ESTORNADO,2022-08-16
8671,1673,Pix,2,American Express,14153.9,PAGO,2023-03-08
8672,9453,Dinheiro,7,,468.23,PENDENTE,99/99/9999
8673,9017,Boleto,,,919.81,PENDENTE,2022-04-18
8674,11661,Dinheiro,1,,697.03,PENDENTE,2023-07-06
8675,6691,PIX,doze,,5565.87,PENDENTE,2022-03-25
8676,760,Dinheiro,9,,11955.41,PENDENTE,2024-06-08
8677,1319,Cartao,1,,,PENDENTE,2022-10-24
8678,7168,Boleto,5,,9026.25,,2023-01-18
8679,11689,PIX,9,,5325.45,PAGO,2022-01-20
8680,3561,PIX,6,,3536.17,ESTORNADO,99/99/9999
8681,355,Dinheiro,4,,7837.3,PAGO,2024-04-01
8682,3698,Boleto,,,1738.87,PAGO,2024-10-20
8683,817,Boleto,11,,10318.84,ESTORNADO,2024-01-04
8684,6015,PIX,doze,,97.88,PENDENTE,2024-12-08
8685,6755,PIX,7,,13027.75,ESTORNADO,2025-03-11
8686,1570,Dinheiro,8,,12830.84,PAGO,2023-02-12
8687,5246,Dinheiro,8,,13834.91,,2022-09-05
8688,11718,Dinheiro,7,,7376.88,PAGO,2024-01-08
8689,2681,Cartão,7,,,Pago,2023-04-03
8690,2463,Cartão,4,Hipercard,12341.13,PENDENTE,2023-06-22
8691,7972,Cartão,11,Mastercard,8249.36,ESTORNADO,19/07/2024
8692,4690,pix,doze,Visa,4284.5,PENDENTE,2024-06-27
8693,6960,Dinheiro,4,,9403.16,PAGO,2025-01-27
8694,522,Boleto,8,,12433.01,PENDENTE,2024-01-12
8695,4423,Cartão,10,Hipercard,9296.11,PENDENTE,2022-01-09
8696,4808,Cartão,,Mastercard,10475.91,ESTORNADO,2023-04-05
8697,3117,Dinheiro,10,,14545.58,ESTORNADO,2023-02-03
8698,1373,Boleto,12,,818.38,PAGO,2022-09-12
8699,11300,Boleto,12,,6749.13,ESTORNADO,2022-05-12
8700,5254,Boleto,6,,8028.29,ESTORNADO,2022-12-21
8701,7475,PIX,6,,-500,,2022-09-08
8702,5860,Cartão,0,Elo,6572.18,PENDENTE,2024-04-04
8703,7013,Cartão,8,Mastercard,9219.36,PAGO,2024-03-18
8704,418,Cartão,2,Visa,383.9,PENDENTE,2022-09-15
8705,4900,Cartão,-1,Mastercard,R$500,PAGO,2022-11-28
8706,1671,PIX,12,,13743.1,PENDENTE,2023-05-17
8707,3844,Boleto,6,,14035.52,PAGO,2024-11-23
8708,8218,PIX,8,,14435.33,ESTORNADO,2024-12-06
8709,10300,PIX,2,,12836.95,PENDENTE,2023-01-03
8710,9962,Cartão,4,American Express,10455.94,PAGO,2024-01-02
8711,4572,Dinheiro,12,,13156.67,ESTORNADO,2023-06-08
8712,7092,Boleto,3,,0,ESTORNADO,2022-08-18
8713,8180,Boleto,9,,7549.42,ESTORNADO,2025-02-02
8714,7987,Cartão,3,Elo,25.07,PENDENTE,2024-07-30
8715,11675,Boleto,12,,1591.14,PAGO,2023-04-30
8716,10513,Cartão,12,,4644.24,ESTORNADO,2024-05-20
8717,4212,PIX,7,,26.84,PAGO,2024-11-20
8718,4298,Cartão,5,Hipercard,1572.33,PENDENTE,2022-09-27
8719,7541,Dinheiro,5,,4219.19,PAGO,2023-09-17
8720,9537,Boleto,10,,2418.91,Estornado,2024-02-14
8721,1210,Dinheiro,2,,10455.6,ESTORNADO,2024-12-10
8722,9230,PIX,2,,3652.16,PAGO,2023-08-29
8723,821,Dinheiro,9,,4039.24,Estornado,2023-05-16
8724,371,,12,,4199.5,PENDENTE,2024-07-05
8725,2826,PIX,5,,mil,ESTORNADO,2024-07-14
8726,2463,Cartão,doze,American Express,,PENDENTE,2023-06-22
8727,388,Boleto,5,,8421.22,PENDENTE,2025-01-16
8728,7183,Dinheiro,2,,712.88,ESTORNADO,2022-12-12
8729,4124,Boleto,7,,4519.18,ESTORNADO,2023-01-07
8730,3557,Cartão,8,Hipercard,2826.06,PENDENTE,2024-09-16
8731,1723,PIX ,8,Visa,234.3,ESTORNADO,2022-09-07
8732,2363,Dinheiro,-1,,8742.05,PENDENTE,2022-11-11
8733,5687,Boleto,3,,10749.36,ESTORNADO,2023-12-09
8734,8920,Cartão,6,American Express,R$500,PAGO ,31/02/2025
8735,207,PIX,1,,14184.45,PAGO,2024-09-05
8736,9459,Boleto,4,,12822.91,PAGO,2024-10-31
8737,4230,PIX,5,,12110.86,ESTORNADO,2022-01-19
8738,9011,PIX ,12,,4222.16,ESTORNADO,99/99/9999
8739,6459,Boleto,,,10111.15,ESTORNADO,2024-06-18
8740,444,Cartão,5,Visa,10377.25,ESTORNADO,2024-01-11
8741,10937,PIX,5,,3827.58,PENDENTE,2024-11-07
8742,2824,,4,,4304.43,PAGO,2024-10-01
8743,8802,Cartão,3,,,ESTORNADO,2024-04-10
8744,23,Cartão,8,American Express,13610.6,PAGO,2023-07-16
8745,6114,Dinheiro,5,,8993.18,PENDENTE,2023-09-25
8746,7673,PIX,8,,,PAGO,2024-03-16
8747,5068,PIX,11,,726.24,ESTORNADO,2025-01-01
8748,6122,PIX,11,,4932.37,PAGO,2025-03-02
8749,1421,Cartão,3,Elo,6858.09,ESTORNADO,2023-02-01
8750,1307,Boleto,6,,11961.94,ESTORNADO,2022-01-28
8751,5565,Boleto,8,,-500,PENDENTE,2022-07-27
8752,8886,PIX,0,,mil,ESTORNADO,2023-07-04
8753,586,Cartão,12,American Express,11151.89,PAGO,2023-03-13
8754,9007,PIX,7,,4303.54,PAGO,2025/03/06
8755,9487,Cartão,9,Hipercard,12511.03,ESTORNADO,2023-05-12
8756,1955,Cartão,7,American Express,14103.32,PAGO,2022-11-06
8757,1476,PIX,6,,4382.62,PAGO,2024-04-29
8758,1880,Dinheiro,6,,1672.8,ESTORNADO,2023-09-16
8759,3430,Cartão,11,Visa,4630.58,PAGO,05/02/2024
8760,9350,Boleto,9,,12775.6,PAGO ,2024-06-21
8761,2976,Cartão,10,,13595.27,PAGO,2022-08-22
8762,3120,PIX,10,,2937.45,PENDENTE,2023-07-21
8763,7932,PIX,12,,9121.51,ESTORNADO,2022-04-18
8764,1044,PIX,5,,2994.59,PAGO,2024-08-08
8765,9517,,12,,14127.7,PENDENTE,2023-06-15
8766,4755,PIX,2,,7195.79,ESTORNADO,2023-12-25
8767,767,Cartão,1,,1321.1,Estornado,2024-08-13
8768,10990,Boleto,9,,13055.94,ESTORNADO,2022-03-12
8769,756,Boleto,7,,12716.06,ESTORNADO,2024-01-07
8770,387,Dinheiro,11,,14499.3,ESTORNADO,2024-11-09
8771,7149,Cartão,1,Visa,7203.15,PENDENTE,2024-07-04
8772,114,Dinheiro,12,,,ESTORNADO,2024-12-04
8773,7511,Boleto,2,,11352.61,ESTORNADO,2023-06-05
8774,462,PIX,9,,2184.43,ESTORNADO,2023-05-26
8775,7601,Cartão,9,Mastercard,7675.86,PAGO,2024-06-23
8776,10946,Boleto,5,,12793.85,Pago,2024-05-22
8777,743,PIX,5,,7086.73,PAGO,2024-04-12
8778,6480,PIX,2,,4780.82,PENDENTE,2022-01-31
8779,1020,Dinheiro,5,,6009.44,ESTORNADO,2022-04-22
8780,5236,Cartão,6,Visa,,PENDENTE,2023-04-23
8781,5084,PIX,12,,9145.54,PAGO,2025-01-20
8782,2133,Cartão,10,American Express,4400.81,PAGO,2022-08-02
8783,8721,PIX,8,,8427.0,PENDENTE,2024-02-19
8784,5506,Dinheiro,10,,6507.9,PAGO,2023-12-13
8785,8638,Dinheiro,3,,6569.8,Pendente,2022-04-04
8786,715,Cartão,12,Mastercard,R$500,PAGO,2025-01-02
8787,335,Cartão,4,Hipercard,1662.54,PENDENTE,2023-11-28
8788,4203,Dinheiro,2,,,PAGO,2023-05-03
8789,2725,Boleto,7,,9599.77,ESTORNADO,30/05/2024
8790,530,PIX,3,,12540.5,PENDENTE,2022-09-16
8791,9512,Dinheiro,,,6593.66,PENDENTE,2024-07-14
8792,2094,Dinheiro,8,,11637.97,Pagoo,2022-01-15
8793,6712,Cartão,7,,7814.44,ESTORNADO,2022-07-20
8794,1269,Boleto,5,,,PENDENTE,2024-02-06
8795,6285,PIX,5,,8108.03,Pagoo,2022-06-30
8796,9827,Boleto,5,,6525.59,PAGO,2022-05-24
8797,1761,Cartão,11,American Express,,PENDENTE,2022-12-19
8798,8576,PIX,3,,9169.72,ESTORNADO,2023-03-30
8799,9079,PIX,4,,8452.45,ESTORNADO,2022-12-07
8800,2763,Cartao,9,,6092.27,PAGO,2023-08-12
8801,11316,PIX,9,,11530.37,ESTORNADO,2024-04-09
8802,11633,Boleto,3,,6233.09,PENDENTE,2023-07-27
8803,5583,Boleto,3,,8513.6,PENDENTE,2022-12-23
8804,9364,Boleto,3,,R$500,PAGO,2023-01-03
8805,5021,Cartão,12,Mastercard,6701.01,ESTORNADO,2024-05-28
8806,1297,Boleto,4,,9699.34,PENDENTE,2023-01-31
8807,1353,PIX,10,,14980.36,PENDENTE,2024-01-16
8808,5816,Cartão,1,,7019.22,PENDENTE,2023-10-28
8809,3346,Cartão,3,Mastercard,14583.43,ESTORNADO,2024-01-02
8810,1661,Cartão,8,American Express,14524.58,ESTORNADO,2022-12-24
8811,9160,Boleto,0,,8811.87,PAGO,2024-08-28
8812,5075,Boleto,10,,1465.9,ESTORNADO,2022-09-14
8813,7830,Boleto,3,,11459.28,PENDENTE,2022-01-09
8814,5781,PIX,9,,3769.17,PENDENTE,2025-04-14
8815,5283,Cartão,12,Mastercard,,ESTORNADO,19/07/2023
8816,6046,PIX,3,,946.95,PAGO,2024-04-12
8817,7377,Boleto,2,,5110.13,PENDENTE,04/06/2022
8818,7315,PIX,12,,9635.0,PAGO,2024-06-06
8819,7521,pix,5,,,PAGO,2023-12-14
8820,7177,Dinheiro,1,,9317.85,PENDENTE,2025-04-07
8821,9377,Cartão,,Elo,2880.91,PAGO,2024-06-17
8822,4799,PIX,4,,1825.29,PENDENTE,2025-01-14
8823,5564,PIX,5,,3194.6,PENDENTE,2023-10-14
8824,7437,PIX,7,,7684.22,PAGO,2024-09-15
8825,9780,Cartão,5,Elo,,ESTORNADO,2025-02-12
8826,2459,Boleto,10,,9706.89,PENDENTE,2024-01-31
8827,9217,Dinheiro,2,,7466.44,PENDENTE,2023-04-01
8828,3861,Boleto,8,,7167.41,PENDENTE,13/11/2022
8829,9673,PIX,5,,1077.2,PENDENTE,2022-03-02
8830,11631,Boleto,,,7347.19,Estornado,2024-12-27
8831,3444,PIX,7,,R$500,PAGO,2025-02-19
8832,11050,Boleto,11,,8164.99,PENDENTE,2023-08-25
8833,6183,PIX,7,,,PENDENTE,2023-03-18
8834,7365,Boleto,6,,2812.79,pago,2025-03-25
8835,3120,boleto,4,,5276.4,ESTORNADO,2022-04-09
8836,4019,PIX,7,,11314.72,ESTORNADO,2022-01-17
8837,9814,Boleto,1,,14236.33,ESTORNADO,2024-11-18
8838,1088,PIX,12,,,PENDENTE,2023-05-26
8839,10614,Dinheiro,7,,3648.34,PAGO,2023-08-01
8840,4524,PIX,3,,4603.84,ESTORNADO,2024-07-16
8841,7462,Dinheiro,3,,7019.28,,2024-12-18
8842,619,Cartão,4,Mastercard,9911.3,PAGO,2024-07-07
8843,3237,PIX,2,,2776.98,PENDENTE,2024/02/13
8844,7625,Boleto,3,,10447.72,ESTORNADO,08-26-2022
8845,182,Boleto,5,,7093.81,Pendente,2024-12-01
8846,6361,Boleto,6,,,ESTORNADO,2024-11-13
8847,5116,PIX,4,,5979.66,ESTORNADO,2023-02-08
8848,9658,PIX,,,14360.88,PAGO,2022-01-16
8849,4120,Boleto,,,10524.71,PENDENTE,2022-12-11
8850,4765,Dinheiro,7,,5695.68,ESTORNADO,2022-06-20
8851,7013,Cartão,5,Hipercard,13574.48,Pagoo,2023-06-16
8852,8486,Cartão,9,American Express,10853.3,PENDENTE,2024-06-23
8853,8757,Boleto,-5,,2425.05,ESTORNADO,2024-04-10
8854,5176,,7,Visa,5165.23,ESTORNADO,2022-03-25
8855,706,PIX,-1,,12636.76,PAGO,31/02/2025
8856,7948,PIX,9,,2625.02,ESTORNADO,2024-06-26
8857,9218,Dinheiro,12,,11094.62,PAGO,2022-04-25
8858,2695,Dinheiro,11,,6045.18,,2024-11-22
8859,4706,Cartão,12,Mastercard,3412.02,PENDENTE,2024-05-01
8860,2019,PIX,4,,5369.84,PENDENTE,2024-06-13
8861,127,Dinheiro,9,,13834.98,PAGO ,2025-04-01
8862,2667,Boleto,2,,14654.55,PAGO,2024-06-12
8863,1099,Cartao,7,,8946.06,PAGO,2023-03-25
8864,964,Cartão,1,Mastercard,7356.85,PAGO,2025-03-31
8865,1935,Boleto,4,,4061.84,ESTORNADO,2023-07-11
8866,7153,PIX,-1,,5001.46,ESTORNADO,2022-12-18
8867,6239,PIX,11,,1846.67,PENDENTE,2023-07-19
8868,6617,PIX,,,660.86,ESTORNADO,2024-01-14
8869,9706,Cartão,1,Hipercard,3712.3,PAGO,2024-06-19
8870,152,Boleto,8,,326.06,PENDENTE,31/02/2025
8871,3601,Boleto,10,,8946.9,PENDENTE,2022-04-01
8872,6714,Cartão,8,American Express,1297.0,Pago,2024-08-24
8873,8574,Cartão,11,Visa,6622.73,PENDENTE,2024-05-22
8874,3195,Dinheiro,12,,7496.94,ESTORNADO,2023-06-04
8875,4366,PIX,3,,R$500,PAGO,2023-11-22
8876,881,Cartão,4,Visa,8017.52,ESTORNADO,11-17-2024
8877,6189,PIX,-5,,7431.09,ESTORNADO,2023-08-03
8878,8432,Boleto,12,,1826.86,PENDENTE,2024-01-22
8879,1909,,7,,9992.13,ESTORNADO,2022-07-27
8880,2621,Dinheiro,1,,99.89,ESTORNADO,2025-01-03
8881,5772,PIX,2,,1650.85,PAGO,2022-01-15
8882,4912,PIX,2,,9353.29,ESTORNADO,2023-01-15
8883,2866,PIX,2,,585.31,PENDENTE,2023-01-08
8884,1431,Dinheiro,4,,0,PENDENTE,2023-01-30
8885,853,Cartão,2,Mastercard,14117.37,PAGO,2025-03-03
8886,8755,PIX,3,,849.27,PENDENTE,27/02/2024
8887,11581,PIX,5,,1429.77,PENDENTE,2022-05-18
8888,3774,PIX,12,,0,ESTORNADO,2023-05-22
8889,2374,PIX ,3,,11043.55,ESTORNADO,2025-04-06
8890,6182,Cartão,12,Hipercard,13895.22,PENDENTE,2023-04-28
8891,5111,PIX,5,,14994.82,ESTORNADO,2023-11-04
8892,4624,PIX,4,,9033.04,PAGO,2022-03-12
8893,5197,Boleto,1,,6091.15,ESTORNADO,2022-03-09
8894,4903,Dinheiro,4,,-500,ESTORNADO,2023-12-31
8895,8126,PIX,6,,12830.86,PENDENTE,2024-07-09
8896,4187,Cartão,,Hipercard,,ESTORNADO,2024-01-14
8897,9718,Boleto,4,,10098.18,ESTORNADO,2024-11-08
8898,6432,Pix,6,,11112.75,PAGO,2024-05-17
8899,9344,PIX,10,,1587.68,ESTORNADO,99/99/9999
8900,1705,Cartão,12,Visa,10470.32,ESTORNADO,2024-07-04
8901,33,Cartão,8,Hipercard,7578.09,PAGO,2025-02-09
8902,11342,PIX ,2,Visa,2352.55,ESTORNADO,2023-09-09
8903,7533,PIX,5,,5662.8,ESTORNADO,2023-07-14
8904,5228,PIX,3,,13290.73,PAGO,2024-03-18
8905,7260,Dinheiro,6,,13726.96,ESTORNADO,2023-11-15
8906,7000,Cartão,,American Express,6785.97,PENDENTE,2024-02-13
8907,515,PIX,9,,12984.0,ESTORNADO,2025-01-30
8908,2796,Boleto,1,,8909.24,ESTORNADO,2024-02-08
8909,9180,Cartão,11,Visa,12847.66,PAGO,2023-12-06
8910,5138,PIX,9,,2238.98,PAGO,2024-06-03
8911,5475,Boleto,2,,14916.16,ESTORNADO,2024-10-20
8912,8710,Boleto,12,,9012.89,PENDENTE,2023-06-29
8913,11362,Dinheiro,8,,3366.08,PAGO,2022-09-26
8914,2715,Cartão,6,Hipercard,9391.19,ESTORNADO,2023-10-17
8915,7554,Dinheiro,6,,5311.25,ESTORNADO,2025-01-18
8916,338,Cartão,12,Mastercard,0,ESTORNADO,2022-07-19
8917,321,PIX,10,,521.06,ESTORNADO,2024-07-23
8918,8302,PIX,1,,14298.14,PENDENTE,2025-03-22
8919,5329,Boleto,4,,10952.56,PENDENTE,2022-09-20
8920,4023,Dinheiro,3,,12807.66,ESTORNADO,2024-10-11
8921,7968,Cartão,8,American Express,4495.25,PAGO,2024-02-03
8922,1631,Cartão,4,Hipercard,6378.73,PAGO,2025-01-16
8923,2346,Boleto,4,,1847.84,PAGO,2023-11-23
8924,6581,PIX,12,,139.14,ESTORNADO,2023-09-20
8925,4856,Boleto,9,,8286.28,PAGO,2024-10-14
8926,40,Boleto,5,,11937.49,ESTORNADO,2022-04-04
8927,4055,Dinheiro,11,,145.89,PENDENTE,2023-04-28
8928,1798,Dinheiro,,,10096.84,PENDENTE,2022-11-22
8929,9864,Cartão,-5,,1815.15,PENDENTE,2022-02-13
8930,2866,Dinheiro,5,,0,PENDENTE,2025-03-11
8931,1338,Boleto,2,,8767.69,PAGO,2023-02-25
8932,4705,PIX,8,,1521.3,ESTORNADO,2023-05-03
8933,3384,Dinheiro,5,,6902.46,PENDENTE,2024-12-10
8934,8466,Cartão,3,Hipercard,5921.95,PENDENTE,2025-04-07
8935,3086,PIX ,11,,mil,PENDENTE,2025-03-29
8936,3016,Pixx,1,,7481.27,PENDENTE,2023-03-21
8937,3015,PIX,3,,7153.76,PENDENTE,2023-02-28
8938,1278,PIX,,,14808.56,PAGO,2024-06-28
8939,11284,Boleto,9,,,PAGO,2023-07-24
8940,2729,Cartão,10,Mastercard,13860.01,PENDENTE,2022-06-29
8941,3630,Cartão,5,,2443.12,PAGO,2024-09-09
8942,7537,PIX,4,,2754.21,ESTORNADO,2024-08-16
8943,6082,Dinheiro,10,,9891.49,PAGO,2022-06-09
8944,5641,Boleto,3,,mil,PAGO,2024-06-24
8945,5059,PIX,9,,461.08,PAGO,2025-04-02
8946,9330,PIX,11,,13125.43,ESTORNADO,2023-03-18
8947,3756,Cartão,5,,9097.31,ESTORNADO,2022-09-07
8948,5024,Boleto,6,,,PENDENTE,2025-01-25
8949,6058,Dinheiro,2,,11923.52,PENDENTE,2022-10-19
8950,3603,PIX,8,,3592.66,PENDENTE,2025-03-11
8951,7549,,12,,3305.95,PAGO,2023-11-10
8952,10036,PIX,6,,11816.67,PAGO,2022-02-15
8953,1475,Dinheiro,6,,9199.41,PAGO,2023-03-08
8954,6245,PIX,3,,6513.13,PENDENTE,2024-02-19
8955,9315,PIX,1,,0,ESTORNADO,2024-05-16
8956,1867,Boleto,11,,10638.07,PAGO,2023-10-19
8957,1581,Cartao,,,2195.23,PAGO,2022-01-13
8958,9328,boleto,,,6787.34,PAGO,27/11/2022
8959,8770,Cartão,-1,Hipercard,6153.76,PAGO,2022-07-04
8960,6026,PIX,3,,11396.65,PAGO,22/01/2025
8961,3022,Cartão,3,Visa,11061.24,ESTORNADO,2022-11-04
8962,3966,Dinheiro,8,,6196.84,PAGO,2024-06-16
8963,4731,Dinheiro,5,,1052.47,PENDENTE,2023-08-03
8964,5649,PIX,4,,1212.0,ESTORNADO,2024-03-21
8965,9026,Dinheiro,11,,14642.51,PENDENTE,99/99/9999
8966,9898,Cartao,5,,11620.1,ESTORNADO,2023-12-14
8967,840,PIX,4,,147.25,PAGO,2022-09-12
8968,9038,Cartão,0,Mastercard,9156.03,PENDENTE,2024-08-24
8969,3210,Cartão,8,Elo,2253.83,PAGO,02-24-2025
8970,3885,Boleto,11,,13013.44,Pendente,2025-03-31
8971,4557,Boleto,4,,13284.43,ESTORNADO,2024-10-08
8972,4130,Boleto,2,,12581.06,ESTORNADO,2024-08-30
8973,2897,Dinheiro,1,,,ESTORNADO,2022-12-14
8974,7233,Boleto,0,,8250.15,PENDENTE,2024-10-31
8975,6932,Boleto,8,,6520.98,Estornado,2022-07-30
8976,10635,Cartão,11,Mastercard,12368.25,ESTORNADO,2023-10-02
8977,9372,PIX,8,,5556.62,PAGO,2025/01/13
8978,3683,Cartão,7,Mastercard,1422.28,ESTORNADO,2023-04-10
8979,2699,PIX,4,,13110.4,PENDENTE,2022-03-24
8980,8414,PIX,3,,3776.63,ESTORNADO,2024-10-01
8981,6402,Cartão,1,,4154.13,PENDENTE,31/02/2025
8982,8051,Cartão,3,,1751.18,Pagoo,2025-03-22
8983,1701,Cartão,12,American Express,4102.81,PENDENTE,2022-02-18
8984,6403,Cartão,12,Elo,mil,PAGO,2022-10-25
8985,9383,Boleto,3,,264.05,ESTORNADO,2023-08-27
8986,3846,PIX,10,,14747.83,PENDENTE,2022-03-05
8987,4416,Dinheiro,10,,,PENDENTE,2023-12-21
8988,9718,Boleto,,,1859.03,PAGO,2023-04-22
8989,4047,Cartão,12,American Express,13095.62,PAGO,2024-10-08
8990,2620,Boleto,,,6182.38,PENDENTE,2025-04-15
8991,1946,Boleto,3,,5564.39,PENDENTE,2023-04-20
8992,3749,PIX,1,,13469.9,PENDENTE,2025-01-15
8993,10637,PIX,6,,12105.76,PAGO,2023-06-04
8994,7488,Dinheiro,6,,213.52,PENDENTE,08-03-2024
8995,991,Boleto,10,,922.77,ESTORNADO,2023-06-24
8996,2158,Cartão,6,,1058.02,ESTORNADO,2025-02-21
8997,7354,Dinheiro,8,,5267.87,ESTORNADO,2024-05-23
8998,386,PIX,,,398.66,ESTORNADO,2022/11/28
8999,1832,PIX,12,,4633.71,PENDENTE,2023-08-12
9000,7650,Boleto,6,,953.08,PAGO,2023-01-17
9001,7826,Dinheiro,11,,8796.02,PAGO,2023-09-13
9002,2623,Boleto,1,,1078.29,PENDENTE,2022-01-04
9003,8064,PIX,7,,2897.57,PENDENTE,2023-11-24
9004,3475,Cartão,3,,10120.81,PENDENTE,2022-05-31
9005,6692,Boleto,0,,R$500,ESTORNADO,2025-02-11
9006,7389,Dinheiro,7,,2558.09,ESTORNADO,2023-08-02
9007,2626,Cartão,1,American Express,1422.25,PENDENTE,2023-08-04
9008,11485,Cartão,2,Visa,913.5,PENDENTE,2023-05-15
9009,4400,Dinheiro,4,,6086.42,ESTORNADO,2024-03-30
9010,515,Cartão,8,Mastercard,7676.21,PENDENTE,2024-01-21
9011,4998,PIX,7,,11843.9,PAGO,2023-12-10
9012,8841,Boleto,8,,,PENDENTE,2022-03-23
9013,5447,Dinheiro,1,,4489.24,ESTORNADO,2023-07-05
9014,3097,Boleto,8,,9100.19,PENDENTE,2023-10-04
9015,4305,Dinheiro,-1,,2894.84,PAGO,2025-04-05
9016,167,PIX,3,,14899.81,,2024-06-04
9017,4927,PIX,2,,4695.29,PAGO ,2022-01-25
9018,1586,PIX,4,,8120.34,PAGO,2022-11-18
9019,9557,Pixx,11,,mil,ESTORNADO,2024-11-17
9020,7872,Pix,9,,3642.48,ESTORNADO,2025-03-21
9021,8280,Dinheiro,5,,,PAGO,2025-01-31
9022,179,PIX,3,,,,2022-04-25
9023,3063,Boleto,11,,1686.25,PENDENTE,2024-11-21
9024,10474,Boleto,,,12600.82,PENDENTE,2022-06-09
9025,5005,boleto,1,,10651.82,PENDENTE,2022-08-15
9026,3844,Boleto,10,,113.3,ESTORNADO,2024-08-02
9027,6420,Cartão,12,,14568.44,PENDENTE,2022/12/16
9028,104,Cartão,6,,9442.18,PAGO,2024-12-19
9029,2046,PIX,3,,1330.28,PAGO,2022-11-23
9030,7493,Dinheiro,7,,5222.33,ESTORNADO,2023-12-07
9031,7146,Dinheiro,3,,11333.31,ESTORNADO,2025-02-09
9032,8005,Cartão,3,Hipercard,10954.01,ESTORNADO,99/99/9999
9033,3001,Boleto,9,,651.22,PAGO,2024-07-17
9034,8973,Boleto,10,,14276.52,PENDENTE,2025-02-11
9035,1957,Dinheiro,6,,8004.09,ESTORNADO,2022-08-15
9036,9586,PIX,5,,9703.03,PENDENTE,2022-07-07
9037,61,Dinheiro,8,,9440.59,PAGO,2023-03-06
9038,6732,Cartão,10,Mastercard,3580.73,Pagoo,2024-04-03
9039,2517,Boleto,11,,11332.8,PENDENTE,2023-09-01
9040,879,Cartão,-5,American Express,8730.95,PAGO,2024-08-02
9041,2258,PIX,doze,,12165.24,PAGO,2023-03-04
9042,9215,Cartão,12,Hipercard,425.53,ESTORNADO,2022-05-22
9043,7444,PIX,8,,11544.98,PAGO,31/02/2025
9044,3957,boleto,12,,12423.49,PAGO,2023-04-01
9045,11970,Boleto,,,13994.97,PAGO,2024-11-05
9046,422,Dinheiro,8,,11452.79,ESTORNADO,2023-05-08
9047,9129,Dinheiro,9,,8397.42,ESTORNADO,2023-06-07
9048,6266,Dinheiro,9,,12296.71,ESTORNADO,99/99/9999
9049,7508,Dinheiro,3,,5394.73,PAGO,08-06-2024
9050,7243,PIX,4,,9196.36,PENDENTE,2023-07-07
9051,8410,Boleto,3,,2260.59,PENDENTE,2024-11-03
9052,7617,PIX,11,,7251.17,PAGO,2022-10-31
9053,11926,Cartão,4,Hipercard,7993.12,ESTORNADO,31/02/2025
9054,1058,Cartão,11,Mastercard,5861.08,ESTORNADO,10-02-2024
9055,4644,PIX ,11,,9252.75,PENDENTE,2022/04/08
9056,9628,Dinheiro,8,,12166.23,PAGO,2024-03-24
9057,783,PIX,12,,973.39,ESTORNADO,04-29-2024
9058,6766,PIX,10,,5112.82,PENDENTE,2022-04-25
9059,1610,Boleto,6,,11656.19,ESTORNADO,2023-07-10
9060,5493,boleto,0,American Express,8066.4,ESTORNADO,2023-04-23
9061,11920,PIX,3,,12404.8,PAGO,2024-04-21
9062,3717,Cartão,2,Visa,2354.52,PAGO,2023-03-16
9063,4053,PIX,4,,12163.18,PENDENTE,2024-12-16
9064,5423,Dinheiro,2,,4858.95,PAGO,31/02/2025
9065,10902,PIX,11,,4869.38,PAGO,2024-05-08
9066,9859,PIX,12,,8136.7,PENDENTE,2024-03-27
9067,8279,PIX,,,2773.01,PAGO,2023-11-02
9068,8349,Boleto,4,,12156.69,ESTORNADO,31/02/2025
9069,8335,Dinheiro,5,,,ESTORNADO,2023-05-24
9070,6889,Boleto,12,,5219.93,PAGO,2023-05-30
9071,5844,Cartão,3,Mastercard,901.43,PENDENTE,2024-11-03
9072,8898,PIX,6,,6725.86,PAGO,2023-09-03
9073,6548,PIX,2,,14063.22,ESTORNADO,2022-07-13
9074,9103,Dinheiro,3,,13848.15,PENDENTE,2022-01-07
9075,9427,PIX,4,,6152.98,PAGO,2024-02-24
9076,4619,Dinheiro,-5,,1749.95,ESTORNADO,2023-04-02
9077,2147,PIX,2,,14353.26,PENDENTE,2024-11-03
9078,4227,Cartão,7,Elo,11029.18,ESTORNADO,2024-04-09
9079,5548,PIX ,,,9800.46,ESTORNADO,2024-05-24
9080,4802,Dinheiro,2,,mil,PENDENTE,2022-06-08
9081,2031,Dinheiro,6,,14611.24,PENDENTE,2023-09-01
9082,11675,Boleto,2,,9767.79,ESTORNADO,2023-12-21
9083,4085,Boleto,-1,,13892.31,ESTORNADO,2023-10-27
9084,11175,PIX,12,,1842.84,PAGO,2022-01-02
9085,917,Dinheiro,11,,9886.92,PENDENTE,02-17-2024
9086,11756,PIX,8,,5864.25,PENDENTE,2023-07-14
9087,6438,Cartão,3,,8403.11,ESTORNADO,2022-05-02
9088,5405,Boleto,1,,8988.0,PENDENTE,2024-12-09
9089,3198,Boleto,,,5568.22,PENDENTE,2024-04-06
9090,6750,PIX,6,,14067.6,PAGO,2023-01-06
9091,11697,Boleto,5,,mil,PENDENTE,2023-07-11
9092,3370,Boleto,12,,,ESTORNADO,2023-04-12
9093,640,PIX,-1,,12845.36,PAGO,2022-07-10
9094,4299,Cartão,-1,,11988.19,PAGO,2024-08-11
9095,2607,Cartão,8,Mastercard,12985.91,PENDENTE,2023-09-22
9096,347,Boleto,11,,9337.26,ESTORNADO,2022-01-22
9097,5779,Dinheiro,12,,7814.83,PENDENTE,2022-10-13
9098,1059,Cartão,,Visa,7471.83,Pendente,2025-04-10
9099,3603,PIX,3,,12304.78,PENDENTE,2023-04-06
9100,3411,Boleto,7,,-500,PENDENTE,2022-04-09
9101,11696,boleto,2,,2186.22,PAGO,2022-06-28
9102,7049,Dinheiro,6,,9468.06,PAGO,99/99/9999
9103,7208,PIX,2,,0,ESTORNADO,2022-10-12
9104,7692,Cartão,8,Elo,0,ESTORNADO,2024-09-12
9105,668,PIX,7,,7291.71,PAGO,2024-12-27
9106,9586,boleto,2,,13350.14,ESTORNADO,2023-02-03
9107,5964,Boleto,6,,4334.55,PAGO,2024-12-24
9108,11574,Dinheiro,6,,11208.4,PENDENTE,2022-07-07
9109,1143,Cartão,10,American Express,5695.49,PAGO,2023-07-08
9110,3478,Boleto,1,,4980.62,ESTORNADO,2022-09-11
9111,9276,Boleto,9,,0,PAGO,2023-10-20
9112,7018,Cartão,10,Visa,7772.18,Pago,2025-03-07
9113,6510,Boleto,5,,8465.91,ESTORNADO,2022-02-06
9114,6672,PIX,10,,1025.93,ESTORNADO,2023-06-09
9115,8707,Dinheiro,6,,7103.73,PAGO,2024-01-11
9116,790,Pixx,3,,,PENDENTE,2023-10-25
9117,2367,Boleto,7,,6623.47,Pagoo,2023-10-05
9118,5667,,10,,501.23,PENDENTE,2024-05-20
9119,3820,Cartão,4,American Express,7751.9,PAGO,2024-03-08
9120,9050,Boleto,5,,,ESTORNADO,2024-09-20
9121,2279,Dinheiro,5,,14502.17,ESTORNADO,2023-07-23
9122,274,Dinheiro,2,,,PAGO,2023/07/12
9123,7580,Boleto,3,,,PAGO,2023-11-07
9124,7488,Pixx,5,,8776.69,PENDENTE,2024-12-20
9125,5769,Cartão,4,Mastercard,1264.76,PAGO,31/02/2025
9126,2368,PIX,9,,7981.93,PENDENTE,2023-10-15
9127,4442,Boleto,10,,1459.9,PENDENTE,2024-09-10
9128,7178,Pix,2,Visa,,PAGO,2022-08-08
9129,713,PIX,7,,mil,PENDENTE,2024-11-10
9130,11226,Dinheiro,12,,7805.23,PAGO,2024-12-14
9131,57,Boleto,9,,10955.74,PENDENTE,2023-07-17
9132,7859,Boleto,4,,9186.89,PENDENTE,2023-11-25
9133,7477,Dinheiro,10,,3732.11,ESTORNADO,2023-02-10
9134,1564,Cartão,1,Visa,9048.71,PENDENTE,2023-11-07
9135,4802,PIX,4,,305.54,PAGO,2025-02-12
9136,7663,Dinheiro,7,,5333.14,PAGO,2022-05-19
9137,7709,PIX,5,,7699.85,PAGO,2022-12-24
9138,4138,Dinheiro,4,,12736.95,PAGO ,2022-08-13
9139,6383,Boleto,11,,11789.23,ESTORNADO,2022-01-01
9140,2862,Cartão,8,Mastercard,3270.67,PENDENTE,2024-04-08
9141,3845,Dinheiro,,,3247.77,ESTORNADO,2023-01-22
9142,4984,Dinheiro,4,,14456.68,PAGO,2024-09-28
9143,1118,Boleto,1,,14210.91,PENDENTE,2024-02-02
9144,7537,Boleto,4,,10137.59,ESTORNADO,2023-12-07
9145,8729,Cartão,9,Mastercard,1166.27,ESTORNADO,2025-02-24
9146,5487,Dinheiro,9,,1413.3,ESTORNADO,99/99/9999
9147,4386,Boleto,9,,3462.17,ESTORNADO,2023-04-19
9148,9355,Dinheiro,doze,,9683.22,PENDENTE,11/11/2022
9149,1867,,4,,5989.92,PAGO,2022-07-11
9150,4930,PIX,3,,7576.99,PENDENTE,2024-06-29
9151,2650,Dinheiro,4,,99.08,ESTORNADO,2025-02-12
9152,6104,Cartão,12,,12545.11,PAGO,2023-12-16
9153,2292,Boleto,12,,R$500,PAGO,31/02/2025
9154,4802,Dinheiro,5,,3481.12,PENDENTE,2023-11-22
9155,7080,Boleto,12,,12973.12,ESTORNADO,2022-03-23
9156,7146,PIX,4,,12489.83,PENDENTE,2023-04-12
9157,9484,Dinheiro,8,,11158.16,PENDENTE,2025-04-05
9158,72,PIX,10,,,PAGO,2022-04-06
9159,45,Boleto,8,,2662.5,PAGO,2022-05-14
9160,1984,Cartão,10,Visa,4263.48,PENDENTE,2022-04-20
9161,745,Boleto,1,,2789.16,PENDENTE,2024-10-04
9162,5020,Cartao,3,,14857.51,ESTORNADO,2024-10-08
9163,2770,PIX,-5,,11280.2,ESTORNADO,2022-09-20
9164,4450,Cartão,2,Hipercard,10953.54,ESTORNADO,2024-08-23
9165,679,Boleto,7,,10713.91,Pago,2023-02-21
9166,6363,Dinheiro,6,,10473.04,PENDENTE,2023-09-26
9167,511,,3,,R$500,ESTORNADO,2025-03-03
9168,8892,PIX,,,10251.85,PENDENTE,31/02/2025
9169,249,Boleto,8,,5401.18,ESTORNADO,2025/03/02
9170,125,Dinheiro,12,,2853.62,PAGO,2023-11-06
9171,3043,Cartão,10,Mastercard,74.77,PENDENTE,2024-04-16
9172,5403,Pixx,2,,5103.99,PAGO,2023-10-07
9173,344,Boleto,12,,13812.14,PAGO,2024-12-07
9174,2250,Boleto,10,,1820.28,PENDENTE,2022-01-02
9175,310,Cartão,6,Elo,12859.07,PENDENTE,2024-10-16
9176,7439,Boleto,8,,3021.24,PENDENTE,2023-10-26
9177,343,Boleto,7,,,PAGO,2025-02-05
9178,3468,PIX,8,,R$500,PENDENTE,2022-07-24
9179,4267,Cartão,4,Visa,3407.14,PAGO,2022-10-04
9180,7505,Cartão,4,,5723.85,PENDENTE,2023-02-10
9181,4699,PIX,doze,,10569.35,ESTORNADO,2025-01-11
9182,3477,Boleto,7,,13893.32,ESTORNADO,2022-09-25
9183,2620,Boleto,3,,65.76,PAGO,2023-01-03
9184,6062,PIX,12,,12834.06,Pago,2025-03-29
9185,4583,PIX,9,,R$500,PENDENTE,2024-05-20
9186,6349,Dinheiro,4,,0,PAGO,2022-04-12
9187,2491,Dinheiro,11,,3832.02,PAGO,99/99/9999
9188,134,Cartão,10,,8974.43,ESTORNADO,2024-12-21
9189,1711,PIX,2,,13159.56,PAGO,2023-03-30
9190,941,Cartão,11,Elo,249.21,ESTORNADO,2023-08-29
9191,5112,Cartão,2,American Express,2442.63,ESTORNADO,2023-03-09
9192,540,PIX,11,,13170.6,PAGO,2022-02-08
9193,4421,PIX,12,,13262.22,PAGO,2022-11-27
9194,257,Cartão,0,,12432.17,,2022-03-08
9195,6171,Dinheiro,2,,R$500,PAGO,2024-12-06
9196,8871,Pix,4,,7482.82,PENDENTE,2023-01-30
9197,7434,Boleto,9,,14835.54,PENDENTE,2025-03-22
9198,7934,Dinheiro,2,,12625.28,PAGO,2025-01-18
9199,9946,PIX,2,,13627.22,PAGO,2022-12-04
9200,3637,PIX,1,,9769.12,PAGO,2022-09-27
9201,6243,PIX,9,,4200.34,PENDENTE,2024-05-28
9202,2603,Dinheiro,4,,9575.16,PAGO,2023-01-27
9203,158,Cartão,7,American Express,R$500,PAGO,2024-04-03
9204,6124,Dinheiro,9,,13473.14,PENDENTE,31/02/2025
9205,6805,Dinheiro,11,,13990.35,PAGO,2025-04-10
9206,8559,Cartão,4,American Express,8178.75,PAGO,2022-05-24
9207,4996,Dinheiro,6,,7546.19,PAGO,2023-10-11
9208,8549,Boleto,0,,10731.85,PAGO ,2023-01-31
9209,4766,Dinheiro,7,,10055.52,ESTORNADO,2022-06-04
9210,6917,boleto,7,,13847.61,ESTORNADO,2024/03/31
9211,1376,Dinheiro,10,,11753.61,ESTORNADO,2023-08-17
9212,7394,PIX,9,,337.16,PAGO,2022-07-11
9213,2922,Cartão,-5,Hipercard,6259.21,ESTORNADO,2023-04-21
9214,8406,Cartão,6,Visa,13681.9,ESTORNADO,2022/06/14
9215,8143,PIX,2,,0,PAGO,2022-05-04
9216,976,Cartão,1,Elo,R$500,PAGO,2022-05-14
9217,2096,Cartão,8,,12648.44,Pagoo,2022-02-24
9218,5300,Cartão,11,American Express,4307.64,Estornado,2022-08-23
9219,4011,Dinheiro,6,,4216.95,PENDENTE,2022-05-23
9220,5055,Dinheiro,10,,3030.88,PENDENTE,2022-12-11
9221,9201,PIX,1,,1702.74,PAGO,2022-08-28
9222,504,Pix,9,,4115.77,PENDENTE,2024-01-18
9223,6583,Boleto,9,,11991.63,ESTORNADO,12-02-2024
9224,735,,4,,11714.3,ESTORNADO,2022-08-12
9225,8553,Dinheiro,9,,9464.41,PENDENTE,2022-05-12
9226,6469,Dinheiro,12,,3588.98,PENDENTE,2023-11-06
9227,8590,Cartão,2,Elo,3038.18,PENDENTE,2024-12-29
9228,8562,Dinheiro,doze,,1826.8,PAGO,2022-06-12
9229,4741,pix,1,,-500,PENDENTE,2022-12-24
9230,3243,PIX,2,,14651.47,PENDENTE,2023-11-26
9231,5364,Cartão,3,Elo,,ESTORNADO,2024-09-07
9232,5616,Cartão,3,Mastercard,927.55,ESTORNADO,2022-09-03
9233,5187,Cartão,8,Mastercard,,ESTORNADO,12-13-2022
9234,11353,Boleto,11,,7199.65,PENDENTE,2022-10-22
9235,2300,PIX,12,,3515.55,ESTORNADO,2025-01-23
9236,2730,Dinheiro,9,,-500,PENDENTE,2024-08-11
9237,11149,Boleto,8,,2898.36,ESTORNADO,2023-04-13
9238,3403,Cartão,9,,692.58,ESTORNADO,2024-10-05
9239,2562,boleto,,Visa,11206.67,PENDENTE,2025-01-19
9240,2298,Dinheiro,6,,8450.41,PENDENTE,2022-04-14
9241,4614,PIX,7,,8183.56,ESTORNADO,2022-11-26
9242,3329,boleto,5,,4847.18,PAGO,2023-07-03
9243,10733,PIX,6,,0,ESTORNADO,2025-02-22
9244,5996,Cartão,,Visa,13553.98,Estornado,2024-11-19
9245,1877,,11,,2781.53,PAGO,2024-06-29
9246,1043,PIX,9,,2984.56,PAGO,2023-07-06
9247,8278,Cartão,5,,2095.58,Pendente,2024-09-25
9248,6777,Boleto,4,,9294.48,PENDENTE,2024-07-22
9249,5741,Dinheiro,11,,6767.58,ESTORNADO,2023-12-23
9250,8899,Dinheiro,6,,3146.05,ESTORNADO,2022-11-12
9251,11640,Boleto,3,,560.26,PENDENTE,2024-04-15
9252,3172,Cartão,11,,9514.93,PAGO,2024-06-21
9253,8812,Dinheiro,4,,11400.45,PAGO,2025-01-23
9254,4299,Cartão,6,Elo,7142.61,ESTORNADO,2022-06-05
9255,7345,Cartão,4,Elo,6673.17,PAGO,29/10/2023
9256,4748,PIX,11,,4092.43,ESTORNADO,2023-12-29
9257,4261,PIX,11,,0,PAGO,2022-02-16
9258,9747,PIX,2,,5149.71,PAGO,2023-01-05
9259,6295,PIX,5,,2126.24,PAGO,99/99/9999
9260,11567,pix,8,,4987.72,PENDENTE,2025-02-02
9261,7150,Boleto,12,,4322.23,PAGO,99/99/9999
9262,10753,Boleto,9,,11728.59,PAGO,2025-03-09
9263,2538,Cartão,4,Hipercard,4564.75,ESTORNADO,15/02/2024
9264,1123,PIX,6,,12683.67,PENDENTE,2022-12-23
9265,2277,PIX,7,,2380.41,PAGO,2023-09-13
9266,8905,Dinheiro,1,,13822.15,PENDENTE,2023-12-25
9267,252,Pix,9,,5106.49,PAGO,2023-07-22
9268,4602,PIX,7,,14636.48,PAGO,2024-07-23
9269,192,PIX,9,,11420.1,ESTORNADO,2025-03-02
9270,2472,Dinheiro,3,,11194.8,PENDENTE,2022-10-29
9271,10608,Cartão,,Hipercard,13308.1,PENDENTE,2022-05-11
9272,9091,Cartão,-5,Hipercard,6484.9,PENDENTE,2024-10-04
9273,5952,PIX,9,,9804.1,PENDENTE,2022-04-10
9274,9709,Cartão,9,Mastercard,10419.76,ESTORNADO,2024-10-27
9275,9474,Boleto,3,,0,PAGO,2022-02-16
9276,3183,Cartão,1,American Express,11601.64,PENDENTE,2023-07-04
9277,941,Cartao,10,,,PAGO,2023-12-15
9278,4054,Boleto,7,,R$500,PAGO,2025-01-08
9279,8462,PIX,3,,14039.14,PAGO,2025-03-07
9280,7815,Boleto,0,,4646.05,PENDENTE,2022-03-02
9281,1751,Boleto,8,,11753.53,PAGO ,2024-07-15
9282,1870,Cartão,5,Visa,8533.58,PENDENTE,2024-05-10
9283,9331,Cartão,3,Visa,8582.48,PAGO ,2022-09-25
9284,3566,Boleto,2,,7504.56,ESTORNADO,2022-09-07
9285,3,Dinheiro,8,,2558.22,ESTORNADO,2024-12-16
9286,7733,Cartão,3,,,ESTORNADO,2025-03-11
9287,9756,Cartão,5,,11059.49,PAGO,2023-01-13
9288,9693,Cartão,7,Hipercard,11979.08,PENDENTE,2024-10-30
9289,4028,Cartão,11,Visa,4583.55,PENDENTE,2022-01-04
9290,9676,PIX,11,,mil,PENDENTE,2025-02-26
9291,3068,PIX,12,,3513.87,ESTORNADO,2022-02-25
9292,3284,PIX,5,,14899.39,Pagoo,2024-11-12
9293,4789,PIX,5,,13667.48,PENDENTE,2023-08-09
9294,4419,Boleto,-5,,8513.38,PENDENTE,99/99/9999
9295,3579,Dinheiro,5,,13170.13,ESTORNADO,2024-10-04
9296,4075,Dinheiro,4,,2473.75,PENDENTE,2024-11-18
9297,1948,boleto,7,,12917.94,PENDENTE,2022-07-16
9298,7349,Dinheiro,5,,8717.08,ESTORNADO,2023-01-08
9299,252,Cartão,-1,Elo,7767.5,PAGO,2022-11-08
9300,1710,Boleto,10,,13563.59,PAGO,2024-09-25
9301,2873,Pix,4,Mastercard,5274.09,PENDENTE,2023-06-19
9302,4143,PIX,5,,1733.95,ESTORNADO,2023-12-18
9303,4655,PIX,12,,-500,PAGO,2024-04-21
9304,10851,PIX,1,,14097.22,ESTORNADO,2023-07-14
9305,2367,Dinheiro,5,,7294.2,PAGO,2023-09-13
9306,6936,PIX ,5,Mastercard,6184.64,ESTORNADO,2022-02-14
9307,8004,Cartão,doze,Elo,R$500,PENDENTE,2022-07-11
9308,2697,Boleto,11,,0,ESTORNADO,2024-05-10
9309,2214,Cartão,10,American Express,2371.77,PENDENTE,2022-08-27
9310,8220,Dinheiro,3,,,PAGO,2024-11-25
9311,9575,Boleto,1,,1597.66,ESTORNADO,2025-03-20
9312,2942,Dinheiro,-1,,6058.71,ESTORNADO,2023-12-04
9313,7913,PIX,4,,876.94,PENDENTE,2023-10-05
9314,642,Cartão,9,,10343.47,PAGO,2022-11-13
9315,4007,Cartão,9,American Express,9706.85,PENDENTE,2022-08-17
9316,8756,Cartão,9,American Express,1674.26,,2025-02-25
9317,6491,Boleto,8,,3891.2,PENDENTE,99/99/9999
9318,1995,PIX,7,,1607.17,PENDENTE,2022-02-20
9319,3003,Cartão,1,American Express,12054.87,ESTORNADO,2024-05-13
9320,3680,PIX,10,,12189.76,ESTORNADO,2023-01-15
9321,2273,PIX,,,14189.17,ESTORNADO,2022-10-01
9322,8182,Dinheiro,,,8031.53,PENDENTE,2023-03-24
9323,1390,Boleto,1,,4087.8,PENDENTE,2023-09-21
9324,9601,Dinheiro,2,,7809.19,ESTORNADO,2022-03-27
9325,7953,Cartão,7,,mil,ESTORNADO,2023-08-21
9326,6894,PIX,9,,10846.07,ESTORNADO,2024-09-21
9327,571,Boleto,10,,14069.89,pago,2023-11-03
9328,7127,Boleto,10,,763.83,PAGO,2022-07-30
9329,8835,Boleto,3,,5994.62,PAGO,2022-03-10
9330,1783,Boleto,doze,,12155.61,ESTORNADO,2023-10-21
9331,1524,Dinheiro,9,,4770.15,ESTORNADO,2023-12-19
9332,4690,,6,,0,PENDENTE,2023-01-01
9333,5970,Cartao,4,Elo,,PENDENTE,2024-06-01
9334,2011,Cartão,5,American Express,3118.23,Pagoo,2025-02-24
9335,1235,Dinheiro,2,,3711.62,PENDENTE,2024-02-02
9336,4788,Dinheiro,5,,11036.5,PENDENTE,2023-10-11
9337,1934,Cartão,7,Hipercard,3607.37,PENDENTE,2025-01-09
9338,4914,Boleto,0,,3943.72,Pago,2022-05-08
9339,6404,Dinheiro,8,,,PENDENTE,2023-07-17
9340,9718,Dinheiro,9,,2101.71,Estornado,2022-01-28
9341,3823,Dinheiro,8,,8243.05,PENDENTE,2024-11-17
9342,9982,Cartão,7,,1846.83,PENDENTE,2022-11-03
9343,8669,Boleto,-5,,14199.39,,2024-03-18
9344,466,PIX,11,,1278.44,ESTORNADO,2024-07-12
9345,2906,Cartão,3,Mastercard,7675.27,PENDENTE,2022-01-22
9346,7644,Cartão,3,Elo,6736.36,PENDENTE,2023-12-14
9347,1589,Boleto,,,8397.81,ESTORNADO,2024-01-11
9348,8432,Boleto,,,413.08,PENDENTE,2024-11-15
9349,8894,Dinheiro,7,,10085.37,PENDENTE,2022-02-14
9350,7180,PIX,7,,4257.12,Pago,2022-02-15
9351,1644,Cartão,6,,R$500,PAGO,2022-08-06
9352,5247,PIX,12,,,PAGO,2024-05-07
9353,4707,Boleto,6,,11248.68,PAGO,2024-03-04
9354,3610,Dinheiro,11,,-500,PAGO,2025/04/02
9355,10482,Pixx,5,,13895.56,PAGO,2022-10-07
9356,9906,Cartão,9,Mastercard,,ESTORNADO,2023-03-05
9357,1007,Cartão,12,Visa,4608.25,ESTORNADO,2024-11-27
9358,5197,PIX,5,,7370.53,ESTORNADO,99/99/9999
9359,6376,Boleto,2,,464.75,PENDENTE,2023-06-29
9360,8695,Cartão,1,Hipercard,7899.32,PENDENTE,2024-03-09
9361,731,pix,,American Express,2244.53,PENDENTE,2022-08-18
9362,11987,Boleto,4,,,ESTORNADO,2022-04-18
9363,1920,PIX,5,,11082.94,PENDENTE,2022-10-05
9364,1623,Cartão,7,Mastercard,924.46,ESTORNADO,2024-05-23
9365,1973,Cartão,6,Visa,14309.92,PENDENTE,2022-10-07
9366,4726,Boleto,12,,7343.39,ESTORNADO,2024-11-21
9367,10238,Cartão,3,Mastercard,2513.83,ESTORNADO,2022-12-15
9368,9042,Cartão,doze,Elo,R$500,ESTORNADO,2022-10-19
9369,4822,PIX,6,,,PAGO,2024-07-30
9370,11049,Cartão,9,Visa,10329.55,PENDENTE,2023-11-14
9371,11581,PIX,8,,13298.8,PAGO,2024-11-01
9372,4919,Boleto,3,,10115.79,ESTORNADO,2022-05-25
9373,3670,Boleto,11,,12967.15,ESTORNADO,2022-01-01
9374,2932,PIX,8,,8585.77,ESTORNADO,2024-12-02
9375,897,Cartão,5,Visa,3989.55,PENDENTE,2024-01-03
9376,409,Boleto,,,11870.63,PENDENTE,2022-01-01
9377,3412,Boleto,3,,615.73,,2024-03-08
9378,766,Dinheiro,11,,12546.05,PAGO,2023-04-11
9379,7963,Dinheiro,10,,12346.61,ESTORNADO,2022-07-15
9380,11108,Dinheiro,12,,10715.31,PENDENTE,2022-02-22
9381,8806,Cartao,5,,10594.94,Pago,2024-06-21
9382,598,PIX,10,,13647.08,PAGO,2024-11-11
9383,284,Cartão,1,Hipercard,10420.5,PAGO,2024-10-11
9384,1360,Cartão,10,Mastercard,5615.47,ESTORNADO,2024-12-09
9385,8974,PIX,11,,10522.14,ESTORNADO,2024-08-01
9386,2251,Boleto,5,,4463.56,PAGO,2023-06-01
9387,7348,Cartão,,American Express,10269.7,PENDENTE,2023-01-22
9388,6435,Cartão,-1,Mastercard,14950.86,PENDENTE,2023-07-13
9389,2238,Cartão,-1,Mastercard,4493.41,ESTORNADO,2024-03-25
9390,8532,Boleto,1,,13363.27,Pago,2023-08-11
9391,3894,Dinheiro,1,,9811.14,PAGO,31/02/2025
9392,3733,Pixx,3,,13386.66,PAGO,2022-12-16
9393,1420,Dinheiro,,,1290.17,ESTORNADO,2024-02-09
9394,5865,PIX,11,,5633.95,PENDENTE,2022-09-01
9395,8784,Cartão,-1,Elo,5787.61,ESTORNADO,2022-12-15
9396,4035,Dinheiro,3,,7116.31,PAGO,2022-08-15
9397,3165,Dinheiro,5,,14276.44,ESTORNADO,31/02/2025
9398,11691,Dinheiro,2,,670.06,PENDENTE,2022-10-07
9399,6141,PIX,6,,816.85,PENDENTE,2023-02-23
9400,515,Cartão,doze,American Express,-500,PENDENTE,2023-08-14
9401,8483,PIX,0,,R$500,ESTORNADO,2022-10-15
9402,8162,PIX,7,,13882.72,PENDENTE,2024-06-07
9403,1179,PIX,4,,5601.18,PAGO,2025-03-16
9404,8179,Cartão,2,Mastercard,3449.57,PENDENTE,99/99/9999
9405,5699,Boleto,2,,1990.13,PENDENTE,2022-01-23
9406,9358,Dinheiro,0,,11548.46,ESTORNADO,2022-06-10
9407,9816,Dinheiro,10,,622.81,ESTORNADO,2024-04-04
9408,4735,Boleto,12,,3971.0,PENDENTE,31/02/2025
9409,3204,Dinheiro,-1,,5352.16,PAGO,2023-01-05
9410,7947,Dinheiro,2,,0,ESTORNADO,2023-02-01
9411,6342,Cartão,1,Visa,R$500,PAGO,2022-03-12
9412,8057,Dinheiro,6,,10406.05,PAGO,2025-04-03
9413,6067,Dinheiro,6,,6096.99,ESTORNADO,2025-03-04
9414,3072,PIX,8,,11475.28,PAGO,2023-03-30
9415,2831,PIX,-1,,8188.2,PENDENTE,2025-03-25
9416,4149,PIX,8,,7495.15,PAGO,2022-01-10
9417,2069,Dinheiro,2,,7985.31,ESTORNADO,2023-12-08
9418,2028,Boleto,8,,7457.01,PENDENTE,2022-01-30
9419,9171,PIX,3,,8924.62,ESTORNADO,31/02/2025
9420,11904,pix,7,Mastercard,13179.57,PENDENTE,2024-10-12
9421,7945,Cartão,3,Mastercard,14060.53,PAGO,2022/05/26
9422,109,Boleto,3,,9856.47,PENDENTE,2022-10-31
9423,2202,Boleto,-5,,9693.16,ESTORNADO,2024-08-03
9424,6247,Dinheiro,5,,8455.43,ESTORNADO,2022-03-21
9425,4822,Cartão,-1,Mastercard,,ESTORNADO,2023-10-28
9426,3023,Cartão,7,Mastercard,11720.19,PENDENTE,2024-02-19
9427,9310,pix,2,,321.56,ESTORNADO,2023-02-28
9428,9578,Boleto,3,,10839.8,PAGO,2022-08-15
9429,3045,Dinheiro,9,,91.88,Estornado,2025-02-13
9430,2832,PIX,3,,10134.32,PENDENTE,2023-05-11
9431,5573,Cartão,12,Hipercard,mil,Pago,2025-02-04
9432,7921,PIX,6,,11811.99,ESTORNADO,2022-12-11
9433,3409,Cartão,12,,4068.89,PAGO,2024-10-23
9434,8029,Boleto,9,,14583.01,PAGO,2022-02-07
9435,2237,boleto,6,,11777.72,ESTORNADO,2024-11-11
9436,8031,Boleto,12,,5852.33,PENDENTE,2024-04-18
9437,6623,Boleto,7,,13718.27,PENDENTE,2022-07-18
9438,11167,PIX,4,,6795.29,PAGO,2023-08-28
9439,4794,PIX,9,,12165.35,ESTORNADO,2022-06-29
9440,10245,PIX,7,,14214.63,PAGO,2022-08-30
9441,1244,Boleto,12,,9623.04,ESTORNADO,2022-10-01
9442,1176,Boleto,11,,11792.92,PAGO,2022-02-28
9443,9815,Dinheiro,9,,14577.21,PENDENTE,2024-08-02
9444,4993,Dinheiro,7,,4392.63,PENDENTE,2024-12-09
9445,6538,Dinheiro,1,,-500,PAGO,2024-08-21
9446,3386,Dinheiro,10,,418.31,PENDENTE,2022-06-15
9447,6289,Cartão,1,,8228.12,PENDENTE,2023-11-09
9448,3882,Boleto,4,,14972.67,PAGO,2024-06-17
9449,8975,Boleto,10,,2008.6,ESTORNADO,2022-11-07
9450,148,PIX,2,,5185.03,PENDENTE,2025-03-17
9451,921,PIX,9,,10056.29,Estornado,05-30-2024
9452,9863,Dinheiro,,,7691.71,PENDENTE,2022-05-01
9453,3887,Cartão,,Mastercard,7614.34,PENDENTE,2024-01-16
9454,6622,Dinheiro,1,,7263.23,PAGO,2024-03-28
9455,4649,pix,8,,10792.34,PENDENTE,2024-09-17
9456,3698,Cartão,4,American Express,13494.49,ESTORNADO,2023-08-26
9457,9849,Dinheiro,2,,1899.44,PAGO,2022-08-01
9458,10529,PIX,9,,,PENDENTE,2022-07-13
9459,1244,PIX,3,,0,PENDENTE,2024-12-12
9460,1946,Boleto,5,,12036.62,pago,2023-05-29
9461,8164,Cartão,6,American Express,187.01,ESTORNADO,2023-11-09
9462,3628,Cartão,0,Visa,1191.04,PENDENTE,2022-02-21
9463,7861,Dinheiro,-5,,3527.84,PENDENTE,2023-10-13
9464,7286,Cartão,7,,9516.33,Pagoo,2022-12-12
9465,1263,Boleto,9,,1886.94,PAGO,2024-07-16
9466,3378,PIX,2,,2294.24,PENDENTE,2023-05-28
9467,2232,Dinheiro,,,-500,ESTORNADO,2025-03-09
9468,7572,Cartão,-1,American Express,8808.36,ESTORNADO,2023-09-24
9469,7335,Boleto,5,,4514.87,PENDENTE,2024-08-23
9470,3728,,-1,American Express,3471.63,ESTORNADO,2024-01-07
9471,7093,Dinheiro,11,,6312.08,ESTORNADO,2022-07-11
9472,2410,PIX,7,,R$500,PAGO,2023-01-23
9473,11231,PIX,12,,11910.69,PAGO,2024-03-30
9474,4875,Dinheiro,10,,3811.96,PENDENTE,2022-04-07
9475,3225,Dinheiro,,,7448.63,PAGO,2022-01-17
9476,11873,Dinheiro,doze,,5218.43,,2023-07-24
9477,6307,,10,,2134.77,PENDENTE,2023-06-04
9478,5322,Cartão,11,Mastercard,13699.99,ESTORNADO,2024/10/29
9479,2086,Dinheiro,8,,276.45,PAGO ,2022-12-21
9480,737,Boleto,1,,9743.91,PAGO,2024-06-07
9481,6304,Dinheiro,9,,2561.57,ESTORNADO,2023-12-18
9482,9387,Cartão,6,Elo,7566.32,ESTORNADO,2022-02-07
9483,11356,boleto,,,11273.61,PENDENTE,2024-01-01
9484,10626,Cartão,12,,R$500,Pago,2023-08-01
9485,9779,Cartão,2,American Express,4600.65,PENDENTE,2024-07-28
9486,8630,Cartão,4,American Express,2451.81,ESTORNADO,2022-09-13
9487,3833,Cartão,,,2666.03,ESTORNADO,2023-03-14
9488,9199,PIX,9,,960.13,ESTORNADO,2024-05-11
9489,6467,Dinheiro,9,,,PENDENTE,2024-09-16
9490,4694,PIX,7,,9262.68,ESTORNADO,2022-02-11
9491,9075,Dinheiro,11,,1299.9,PENDENTE,2024-09-17
9492,3992,Dinheiro,10,,6866.92,PENDENTE,2022-06-26
9493,4558,Cartão,-5,Mastercard,14359.01,PAGO,2024-09-07
9494,8023,Boleto,12,,14059.06,PAGO,2023-07-13
9495,9031,Cartão,,Elo,686.49,PAGO,01-30-2024
9496,8775,Cartão,12,Hipercard,6921.4,ESTORNADO,2024-04-11
9497,10958,Cartão,1,Elo,662.11,PAGO ,2023-08-12
9498,3744,Boleto,4,,,PENDENTE,2023-03-11
9499,7219,Boleto,5,,2922.49,PENDENTE,2023-02-06
9500,5651,Boleto,5,,7410.62,PAGO,2025-01-31
9501,8335,Dinheiro,9,,,ESTORNADO,2022-06-28
9502,3327,PIX,6,,387.89,ESTORNADO,2024-04-05
9503,6723,PIX,,,10305.72,ESTORNADO,2022-11-07
9504,5767,Boleto,9,,1238.75,PAGO,2022-06-13
9505,9603,Dinheiro,12,,6299.04,ESTORNADO,2024-01-28
9506,8880,PIX,4,,11527.63,ESTORNADO,2025-03-24
9507,2968,PIX,,,4540.22,ESTORNADO,2022/06/27
9508,6821,PIX,2,,10448.12,ESTORNADO,2024-12-15
9509,3441,Dinheiro,1,,11794.84,ESTORNADO,2024-08-30
9510,4196,Dinheiro,5,,7578.98,ESTORNADO,2024-08-15
9511,4330,Dinheiro,4,,3312.01,PAGO,2023-04-25
9512,3892,Dinheiro,3,,11955.88,PENDENTE,2022-12-06
9513,9522,PIX,11,,8323.17,ESTORNADO,2024-11-02
9514,6600,Boleto,7,,,ESTORNADO,2024-05-16
9515,6437,Dinheiro,11,,6088.65,PAGO,2023-07-11
9516,1080,Boleto,8,,8844.15,PAGO,2024-08-07
9517,7443,Cartão,9,Mastercard,3387.57,PAGO,2025-02-24
9518,8328,Dinheiro,4,,,PENDENTE,2022/12/08
9519,11321,Pixx,12,,10715.56,ESTORNADO,2023-04-03
9520,4811,Dinheiro,1,,811.9,PENDENTE,2022-05-16
9521,4487,Boleto,10,,-500,ESTORNADO,2023-10-15
9522,3755,Dinheiro,1,,mil,PAGO,2024-02-03
9523,6,Boleto,9,,3637.2,PAGO,2024-07-01
9524,1469,Cartão,10,,10841.9,ESTORNADO,2024-01-09
9525,5668,Cartão,0,Hipercard,1588.29,PAGO,2023-11-19
9526,5056,Cartão,0,Hipercard,5369.29,ESTORNADO,2023-02-10
9527,8399,Dinheiro,doze,,11535.02,PENDENTE,2024-10-14
9528,7249,Dinheiro,3,,930.9,ESTORNADO,2023-11-10
9529,3068,Dinheiro,9,,10486.52,ESTORNADO,2022-09-29
9530,5687,Boleto,,,13394.61,PENDENTE,2023-09-15
9531,6771,PIX,5,,mil,PAGO,2024-01-02
9532,2757,Dinheiro,6,,5269.59,PENDENTE,2025-03-03
9533,236,Pix,12,,9593.29,PENDENTE,04-18-2022
9534,9269,Dinheiro,3,,11815.24,,2022-03-04
9535,5889,Boleto,,,10866.62,PAGO,2024-10-22
9536,6634,Dinheiro,10,,10717.61,PENDENTE,2022-01-15
9537,3508,Cartão,7,Mastercard,4947.02,Pagoo,2023-09-10
9538,2019,Dinheiro,5,,5025.98,ESTORNADO,2022-01-23
9539,1898,Cartão,10,American Express,10936.67,ESTORNADO,2024-03-20
9540,5482,Dinheiro,5,,2706.99,PAGO,2024-12-25
9541,8687,Dinheiro,8,,5290.44,PAGO,07-07-2024
9542,8857,Cartão,3,,,PAGO,2023-04-06
9543,8174,Cartão,8,,2352.57,ESTORNADO,2023-07-09
9544,5660,Boleto,12,,11679.54,PENDENTE,2023-12-28
9545,11157,PIX,3,,14197.61,PAGO,2024-10-05
9546,3385,Dinheiro,7,,3804.36,ESTORNADO,30/07/2022
9547,9508,,,Mastercard,11255.05,ESTORNADO,2022-06-29
9548,822,Dinheiro,1,,11250.57,PENDENTE,2023-10-22
9549,68,PIX,7,,4362.55,PENDENTE,2022-01-29
9550,3148,pix,8,,7341.47,PAGO,2022-12-21
9551,7975,Dinheiro,,,1402.47,PENDENTE,2024-07-09
9552,8715,Dinheiro,12,,8604.84,ESTORNADO,2024-10-09
9553,5333,PIX,doze,,7282.34,PAGO,2023-08-03
9554,3795,Dinheiro,6,,12716.39,PENDENTE,2023-06-16
9555,2673,Pixx,8,,9414.31,PAGO,2024-10-18
9556,680,Boleto,6,,8031.85,ESTORNADO,2023-05-17
9557,7684,PIX,2,,5763.7,PAGO,2024-05-07
9558,683,Boleto,12,,,PENDENTE,2023-11-24
9559,11667,Cartão,7,,846.12,PAGO ,2022-02-14
9560,7821,Boleto,6,,10508.94,PENDENTE,2023-07-16
9561,7560,PIX,7,,R$500,PENDENTE,2022-07-27
9562,1159,Dinheiro,11,,,PAGO,2024-02-11
9563,1687,Boleto,10,,11972.55,PAGO,2022-11-14
9564,433,Dinheiro,7,,R$500,PENDENTE,2024-07-01
9565,5873,Dinheiro,11,,4571.92,Pago,2022-08-26
9566,1726,Dinheiro,10,,5608.1,ESTORNADO,2024-07-15
9567,5925,Dinheiro,2,,5477.78,PAGO,2023-05-24
9568,3327,PIX,1,,1793.99,PAGO,2022-05-13
9569,9377,Dinheiro,3,,11893.1,ESTORNADO,2023-02-28
9570,7157,Cartão,,,1182.13,PAGO,2022-07-29
9571,6668,Dinheiro,-5,,13087.11,,2023-02-22
9572,7397,PIX,0,,0,PAGO,2024-10-04
9573,9267,Cartão,,American Express,10488.56,Estornado,2024-12-13
9574,2557,Cartão,12,Hipercard,4634.88,PENDENTE,2024-02-05
9575,2893,PIX,6,,1406.24,PAGO,2025-03-22
9576,10048,Cartao,7,,2751.66,ESTORNADO,2024-03-05
9577,6602,PIX,3,,8351.47,pago,2024-07-15
9578,8039,Dinheiro,0,,4488.52,PAGO,2023-11-19
9579,246,Boleto,,,3584.76,pago,2022-08-02
9580,1273,Dinheiro,2,,2336.19,ESTORNADO,2022-11-07
9581,9129,Cartão,1,,7164.98,PAGO,2023-12-16
9582,7833,Boleto,10,,14629.72,ESTORNADO,2024-08-11
9583,970,PIX,6,,11957.36,PENDENTE,99/99/9999
9584,8287,Pixx,6,,12820.48,ESTORNADO,2023-05-22
9585,2227,Cartão,12,Visa,13820.8,ESTORNADO,2023-03-14
9586,6864,PIX,7,,3774.43,ESTORNADO,2023-07-29
9587,759,Boleto,doze,,5246.77,PENDENTE,2024/01/26
9588,5839,Cartão,9,Visa,13620.91,PENDENTE,2024-09-29
9589,9193,PIX,10,,7026.46,PENDENTE,2023-01-03
9590,4375,PIX,9,,7671.14,ESTORNADO,2024-02-02
9591,8083,Dinheiro,7,,8308.04,PAGO,2024-06-12
9592,8679,PIX,1,,4865.84,PENDENTE,2022-03-25
9593,8617,PIX,3,,12770.28,PAGO,2023-06-25
9594,10339,PIX,2,,6208.3,ESTORNADO,2024-05-17
9595,1266,PIX,,,6424.3,ESTORNADO,2024-10-03
9596,3021,Dinheiro,4,,11735.38,PAGO,2024-12-11
9597,2445,PIX,12,,R$500,PAGO,2024-08-01
9598,9078,PIX,2,,5658.81,ESTORNADO,2025-02-15
9599,1738,PIX,3,,9034.23,,2023-01-05
9600,2365,Cartão,10,Mastercard,3638.08,ESTORNADO,2022-02-03
9601,2820,Cartão,2,Mastercard,,PAGO,2025-03-02
9602,8326,Dinheiro,9,,9858.53,PAGO,2024-06-02
9603,2955,boleto,8,,13954.32,ESTORNADO,2022-08-07
9604,9858,Cartão,2,Hipercard,10953.73,PAGO,31/02/2025
9605,5579,Dinheiro,11,,11849.85,ESTORNADO,2022-03-06
9606,2138,PIX,11,,8616.35,Estornado,2025-01-19
9607,7435,Dinheiro,-5,,2457.89,PAGO,2023-08-01
9608,3172,Boleto,,,6986.78,PENDENTE,2024-04-12
9609,3009,PIX,12,,3664.54,PENDENTE,2024-12-02
9610,10,Boleto,7,,4762.06,ESTORNADO,2023-06-08
9611,9467,Dinheiro,10,,2157.22,PAGO,2022-01-01
9612,1102,Cartão,4,Visa,10810.72,ESTORNADO,2022-05-24
9613,4931,PIX,3,,10371.47,PAGO,2023-10-22
9614,2604,Cartão,10,,755.45,PAGO,2023-02-19
9615,3131,Dinheiro,,,3451.91,ESTORNADO,2023-01-20
9616,549,PIX,7,,13079.9,PAGO,2022-08-31
9617,1284,Dinheiro,6,,4525.02,PAGO,2024-08-07
9618,7388,Cartão,6,Elo,R$500,PENDENTE,2022-09-04
9619,658,PIX,8,,14030.46,PENDENTE,2023-12-20
9620,10523,Dinheiro,2,,-500,PAGO,2024-06-21
9621,4361,Cartão,4,Mastercard,6604.61,Pagoo,2022-06-24
9622,3723,Dinheiro,9,,mil,PAGO,2023-04-23
9623,9845,PIX,,,13332.56,PAGO,2024-12-18
9624,9970,PIX,6,,3895.52,ESTORNADO,2023-09-05
9625,7472,Cartão,12,,6564.84,ESTORNADO,2024-11-19
9626,8624,Boleto,10,,12107.45,PENDENTE,2022-01-23
9627,9595,PIX,8,,10111.15,PENDENTE,2023-01-04
9628,8479,Boleto,9,,8371.51,PENDENTE,2023-02-16
9629,4873,PIX,10,,11883.66,PENDENTE,2022-04-03
9630,4767,boleto,7,,2076.23,PENDENTE,2023-12-22
9631,5559,Dinheiro,12,,14123.64,PENDENTE,2022-05-24
9632,5266,Dinheiro,1,,8084.36,ESTORNADO,2022-08-10
9633,4387,Dinheiro,,,11896.64,PENDENTE,2023-07-27
9634,2978,Boleto,8,,,PAGO,2024-02-05
9635,1970,PIX,11,,10624.22,ESTORNADO,31/02/2025
9636,9977,Cartão,1,American Express,5507.56,ESTORNADO,26/01/2023
9637,1371,Boleto,,,3904.62,PENDENTE,2022-11-16
9638,3333,PIX,9,,1667.25,PENDENTE,2023-01-31
9639,3644,Boleto,10,,8797.98,PAGO,2023-04-11
9640,773,Cartão,1,American Express,6988.45,PENDENTE,2024-12-13
9641,4050,Boleto,3,,2357.8,PENDENTE,2022-01-18
9642,7298,Dinheiro,11,,2140.83,PENDENTE,2024-08-16
9643,9992,Boleto,5,,928.69,PAGO,07/12/2022
9644,3217,Cartão,2,Visa,13266.96,ESTORNADO,2024-01-01
9645,9622,PIX,10,,12387.29,ESTORNADO,2022-02-28
9646,9204,PIX,8,,8499.48,pago,2024-04-16
9647,9763,PIX,1,,7408.56,PAGO,2025-01-08
9648,3168,Cartão,11,Hipercard,9088.21,ESTORNADO,2024-11-08
9649,3694,Dinheiro,7,,544.47,ESTORNADO,2022-08-22
9650,3450,Cartão,6,Visa,850.6,PENDENTE,99/99/9999
9651,8013,Boleto,6,,12712.66,ESTORNADO,2022-02-22
9652,8594,PIX,9,,10010.46,PAGO,2022-10-13
9653,1752,Boleto,5,,12490.74,PAGO,2025-02-02
9654,11612,PIX,12,,14042.61,PENDENTE,2024-08-26
9655,2617,Cartão,6,Elo,12458.54,PAGO,2024-09-02
9656,4157,Cartão,3,Hipercard,14224.77,PENDENTE,2024/02/26
9657,6645,Dinheiro,5,,12224.87,PAGO,2023-09-15
9658,687,Dinheiro,11,,9402.06,PENDENTE,2022-05-20
9659,8870,Dinheiro,8,,14077.03,PAGO,2023-02-15
9660,4092,PIX ,12,Elo,2524.31,ESTORNADO,2022-12-03
9661,5622,Boleto,7,,1094.85,PAGO,2022-11-17
9662,3735,Cartão,3,Visa,14671.82,ESTORNADO,2024-08-13
9663,3613,Cartão,8,Elo,13656.71,PAGO,2024-09-25
9664,1519,Boleto,8,,5224.67,PAGO,2023-07-04
9665,8852,Cartão,12,Mastercard,2567.36,ESTORNADO,2022/06/29
9666,227,Dinheiro,5,,4084.19,PENDENTE,2024-09-14
9667,5786,Cartão,12,American Express,3253.38,ESTORNADO,2022-06-18
9668,2619,Cartão,12,American Express,8064.58,ESTORNADO,2023/08/19
9669,2051,Dinheiro,1,,13532.93,ESTORNADO,2023-06-28
9670,526,Dinheiro,,,5186.87,PENDENTE,06/02/2022
9671,4812,Dinheiro,2,,1447.99,PENDENTE,2023-05-09
9672,2961,Pix,7,,2702.78,PENDENTE,2024-06-07
9673,1143,PIX,0,,11747.76,Pendente,2024-06-20
9674,2587,Cartão,,Visa,10062.12,PENDENTE,2023-10-09
9675,1250,Dinheiro,8,,14460.12,ESTORNADO,2024-08-23
9676,8306,Dinheiro,2,,2705.1,ESTORNADO,2025/01/02
9677,8565,Dinheiro,6,,9425.81,PENDENTE,2022-06-23
9678,805,Cartão,10,Mastercard,2450.66,PAGO,2022-11-30
9679,7648,Cartão,9,Visa,5146.7,PAGO,2023-12-16
9680,2877,Boleto,6,,12210.22,PENDENTE,2024-03-05
9681,3554,Boleto,,,10950.7,PAGO,2024-10-01
9682,1249,Boleto,10,,11872.74,PENDENTE,2024/10/13
9683,2572,Dinheiro,4,,12274.94,PAGO,2022-11-18
9684,1694,Boleto,,,3026.4,Pendente,2023-04-22
9685,6779,Dinheiro,4,,13610.61,PENDENTE,2024-10-06
9686,9330,Boleto,10,,13643.56,Pagoo,2024-03-28
9687,1423,Cartao,4,,11254.86,PENDENTE,2022-04-10
9688,7330,boleto,4,,10415.07,PENDENTE,2024-12-05
9689,3218,Dinheiro,3,,7133.85,PENDENTE,2023-12-20
9690,9109,Boleto,5,,7339.61,PENDENTE,12-19-2024
9691,4288,Dinheiro,5,,5726.63,ESTORNADO,2024-01-11
9692,5954,Boleto,2,,2514.81,,2022-03-20
9693,2730,Dinheiro,7,,6401.1,PENDENTE,2023-02-01
9694,2776,Boleto,10,,0,ESTORNADO,2023-12-20
9695,10850,Cartão,4,American Express,727.62,,2024-03-25
9696,3775,PIX,12,,5681.78,Estornado,2023-07-23
9697,535,Boleto,5,,2549.67,PAGO,2022-09-14
9698,3062,PIX,5,,11896.78,PAGO,2024-09-17
9699,9078,Cartão,1,American Express,11320.56,ESTORNADO,2022-03-07
9700,9967,Cartão,12,Mastercard,14828.99,PENDENTE,2022-06-01
9701,6477,Dinheiro,-1,,12957.24,ESTORNADO,2025-02-25
9702,1716,Boleto,0,,1304.11,PENDENTE,2025-02-01
9703,9865,Dinheiro,7,,2738.97,ESTORNADO,2025-01-06
9704,7833,Boleto,7,,3693.58,ESTORNADO,2022-12-10
9705,10944,Dinheiro,1,,12408.49,PENDENTE,2025-04-08
9706,733,PIX,10,,1273.44,PAGO,2023-01-02
9707,4065,PIX,doze,,2750.5,PENDENTE,2025-01-15
9708,3797,Boleto,3,,6344.8,PAGO ,2025-04-07
9709,6168,Cartao,5,,4725.05,PENDENTE,2022-07-02
9710,7732,PIX,4,,10246.78,ESTORNADO,2022/08/31
9711,655,Boleto,8,,10976.68,PENDENTE,31/02/2025
9712,2168,PIX,4,,2400.99,PAGO,2023-02-13
9713,10335,PIX,2,,8632.48,Estornado,2023-01-19
9714,4608,Cartão,8,American Express,11343.37,PENDENTE,2023-12-10
9715,9365,Boleto,12,,12894.05,ESTORNADO,2022-01-28
9716,10803,PIX,11,,12740.92,Pendente,2024-11-25
9717,3483,Cartão,doze,Hipercard,5717.74,PENDENTE,2022-02-13
9718,8783,Dinheiro,9,,3447.84,PAGO,2023-07-17
9719,51,PIX,-1,,11564.06,Pagoo,2024-08-14
9720,2358,Dinheiro,1,,13651.62,PAGO,2022-08-07
9721,9488,PIX,8,,5507.12,PENDENTE,2025-04-10
9722,8093,Dinheiro,11,,14326.04,PENDENTE,2024-06-30
9723,2514,Boleto,10,,1170.5,ESTORNADO,2023-08-02
9724,10205,Boleto,3,,2854.71,PAGO ,2023-12-04
9725,2752,Dinheiro,1,,13498.94,ESTORNADO,2022-08-10
9726,5537,Cartão,-1,Elo,1657.47,ESTORNADO,2022-07-09
9727,6582,PIX,5,,6872.19,PENDENTE,2024-03-28
9728,9699,Cartão,3,Visa,4795.59,ESTORNADO,2024-05-23
9729,1806,PIX,,,-500,ESTORNADO,2023-11-17
9730,6539,Pix,3,,10992.24,ESTORNADO,2023-11-17
9731,5746,Cartão,1,Mastercard,5389.68,PAGO,2023-01-25
9732,4030,Cartão,8,Elo,4123.22,ESTORNADO,2022-10-26
9733,3630,Dinheiro,10,,5811.15,PENDENTE,2024-02-07
9734,7970,Boleto,0,,5097.03,ESTORNADO,01-09-2023
9735,7211,Cartão,5,American Express,13738.91,Pagoo,2024-05-20
9736,430,Dinheiro,,,0,ESTORNADO,2023-08-07
9737,1934,Boleto,1,,5132.77,PAGO,2024-07-16
9738,11686,Cartão,2,Visa,1209.35,ESTORNADO,2023-03-24
9739,9803,Boleto,3,,7829.53,ESTORNADO,31/02/2025
9740,1872,Dinheiro,doze,,9433.19,PAGO,2025-03-18
9741,3704,Boleto,7,,13725.72,Pagoo,2023-10-02
9742,9666,,9,,7090.5,ESTORNADO,2023-01-28
9743,7579,Cartão,4,Hipercard,4824.11,PENDENTE,2023-04-30
9744,5820,Cartão,7,,10859.9,PAGO,2022-05-19
9745,1297,PIX,3,,4799.91,PENDENTE,99/99/9999
9746,3809,Boleto,1,,10296.33,ESTORNADO,2022-11-14
9747,898,PIX,6,,14936.92,pago,2024-10-08
9748,983,Boleto,0,,12794.92,PENDENTE,2022-01-18
9749,10358,Dinheiro,4,,8682.43,PENDENTE,2022-06-11
9750,5680,Boleto,3,,9043.91,PAGO,2024-03-28
9751,5492,Cartão,12,Elo,R$500,PENDENTE,2022-05-25
9752,5380,Boleto,,,854.95,PAGO,2023-12-28
9753,7361,Cartão,12,Hipercard,5797.28,ESTORNADO,2022-11-10
9754,1722,Pixx,3,,13200.56,PAGO,2024-05-15
9755,8314,boleto,,Visa,,pago,31/02/2025
9756,170,PIX,8,,2406.97,PENDENTE,2024-07-28
9757,8200,Boleto,8,,-500,ESTORNADO,2022-07-04
9758,2790,Dinheiro,10,,14016.2,PENDENTE,2024-09-01
9759,6769,Boleto,2,,6256.55,PENDENTE,2022-06-28
9760,8607,Dinheiro,11,,14071.15,PAGO,2024-04-19
9761,3562,Cartão,5,Elo,6129.91,ESTORNADO,2024-05-11
9762,6349,Cartão,12,Elo,13414.83,PENDENTE,2024-01-04
9763,848,Boleto,8,,219.39,PENDENTE,2023-07-06
9764,151,Boleto,7,,5524.58,PENDENTE,2023-09-09
9765,9588,Cartão,1,,11960.84,ESTORNADO,2022-10-12
9766,7909,Boleto,10,,R$500,PAGO,2025-02-07
9767,11062,Dinheiro,-1,,11891.79,ESTORNADO,2022-07-02
9768,5966,Pixx,10,,7815.73,Pago,09-07-2023
9769,8361,Boleto,3,,12353.96,ESTORNADO,2024-11-06
9770,9197,Cartão,-1,Hipercard,5314.86,Pendente,2023-07-08
9771,1482,,10,,10109.45,PAGO,2023-10-20
9772,6894,Boleto,,,11583.64,PENDENTE,2024-12-26
9773,352,Dinheiro,9,,6703.15,PAGO,99/99/9999
9774,9645,Cartão,10,Visa,4414.57,ESTORNADO,2022-06-16
9775,215,Dinheiro,10,,2922.84,PAGO,2024-08-28
9776,5546,Cartão,6,Mastercard,R$500,PENDENTE,2024-02-27
9777,3986,PIX,,,10044.26,ESTORNADO,2024-10-21
9778,4336,PIX,1,,mil,PENDENTE,99/99/9999
9779,1895,Boleto,8,,5009.29,PAGO,2024-07-31
9780,9760,Boleto,5,,0,ESTORNADO,2023-08-18
9781,3336,Cartão,11,,10738.74,Estornado,2025-02-13
9782,9560,PIX,8,,4572.71,PENDENTE,2024-02-22
9783,4917,Cartão,4,,5527.22,PAGO,2024-01-04
9784,1355,Cartão,9,Elo,,Pendente,2024-05-13
9785,3876,Boleto,4,,5022.78,ESTORNADO,2022-08-26
9786,6703,Cartão,6,Elo,7981.12,PENDENTE,2024-01-31
9787,4976,PIX,7,,13539.56,PENDENTE,2024-03-26
9788,10158,Cartão,6,Elo,2469.94,ESTORNADO,2024-08-06
9789,791,Dinheiro,11,,4025.76,PAGO,2024-12-05
9790,6889,Dinheiro,0,,7676.61,PENDENTE,2022-12-02
9791,2834,boleto,7,Hipercard,14789.06,PENDENTE,2023-08-06
9792,2917,Cartão,3,,4588.82,ESTORNADO,2024-11-01
9793,3660,Cartão,10,Hipercard,12047.84,PAGO,2024-07-02
9794,3373,PIX,10,,0,PENDENTE,2022-03-31
9795,1550,pix,-1,,5351.35,PAGO,2023-07-31
9796,3771,Boleto,4,,4991.15,ESTORNADO,2024-04-09
9797,1653,Cartão,2,Visa,9685.68,PAGO,06-02-2022
9798,3804,Dinheiro,7,,1278.53,ESTORNADO,2023-02-07
9799,9042,PIX,3,,2285.64,PAGO,2022-06-10
9800,4224,Cartão,2,,10616.17,PAGO,2022-02-27
9801,4636,Boleto,11,,1323.2,PAGO,2023-01-15
9802,1487,Cartão,11,,7695.27,pago,2022-06-09
9803,5985,PIX,,,,PAGO,2023-01-08
9804,1598,Dinheiro,doze,,13128.92,PAGO,2023-07-19
9805,3733,Boleto,9,,2129.81,PENDENTE,2023-03-19
9806,9871,Dinheiro,4,,mil,PENDENTE,2024-02-28
9807,8623,Cartão,5,Elo,4033.3,PAGO,2022-07-02
9808,4170,Cartão,8,Hipercard,417.44,PAGO,99/99/9999
9809,9212,PIX,1,,5993.65,ESTORNADO,2024-10-11
9810,155,PIX,4,,2424.3,PENDENTE,2022-04-15
9811,9903,Boleto,4,,14939.53,PENDENTE,2023-07-01
9812,7379,Dinheiro,3,,10221.21,ESTORNADO,2025-01-15
9813,9212,Dinheiro,4,,,PENDENTE,2024-05-15
9814,5755,PIX,4,,14007.86,PAGO,2022/08/29
9815,9079,Dinheiro,1,,8207.54,PAGO,2023-03-13
9816,8174,Dinheiro,4,,8700.74,PAGO,2024-08-18
9817,6932,Cartão,1,Mastercard,13438.45,PAGO,2024-07-28
9818,2743,PIX,6,,8295.04,PENDENTE,2023-01-28
9819,5501,PIX,7,,5057.07,ESTORNADO,2022-09-08
9820,7079,PIX,-1,,10697.36,PENDENTE,2024-06-01
9821,1858,Dinheiro,9,,4245.94,PAGO,2023-09-21
9822,2109,PIX,11,,-500,PAGO,2022-07-18
9823,1453,Boleto,,,3092.18,PAGO,2024-01-27
9824,4667,Dinheiro,3,,mil,PENDENTE,2023-04-19
9825,4781,Boleto,2,,3068.96,PAGO,2022-11-19
9826,10058,Boleto,9,,13048.79,PAGO,2024-10-04
9827,8686,Dinheiro,3,,6601.03,Pago,2022/05/25
9828,5806,Boleto,3,,8509.06,PENDENTE,31/02/2025
9829,9768,Boleto,3,,8200.91,PENDENTE,2023-09-26
9830,6161,PIX,6,,978.63,ESTORNADO,2023-07-30
9831,2386,Pix,5,,8236.29,ESTORNADO,2024-05-15
9832,758,Cartão,2,Mastercard,7279.95,PENDENTE,2024-01-07
9833,49,Boleto,1,,10612.05,PENDENTE,2024-10-03
9834,3182,Pix,12,Visa,5381.47,PENDENTE,2022-04-11
9835,1886,PIX,9,,5229.24,Pagoo,19/01/2022
9836,8832,PIX,doze,,5933.64,PAGO,2022-06-16
9837,6193,Boleto,6,,12369.33,PENDENTE,2024-05-02
9838,4136,Dinheiro,2,,3471.54,ESTORNADO,2022-06-30
9839,7657,Cartão,4,Hipercard,5144.67,ESTORNADO,31/02/2025
9840,8095,Cartão,12,Visa,1854.06,PENDENTE,99/99/9999
9841,3384,Cartão,4,Hipercard,13179.54,PAGO,2022-12-18
9842,6741,Boleto,4,,,ESTORNADO,2022-09-05
9843,5302,Boleto,2,,12900.65,PAGO,11/03/2024
9844,7403,Pix,-5,,,PENDENTE,2023-08-06
9845,9063,PIX,2,,11455.65,PAGO,2024-08-05
9846,3289,Dinheiro,10,,1686.64,PAGO,2023-02-09
9847,7406,Dinheiro,9,,1660.44,PAGO,2023-12-25
9848,3848,Boleto,9,,1820.5,PENDENTE,2025-04-08
9849,8282,PIX ,11,,3552.26,PAGO,2022-12-13
9850,9130,Boleto,1,,5872.5,Pagoo,2023-11-19
9851,8798,Cartao,5,,6391.45,PENDENTE,08-27-2024
9852,1307,,8,,8118.6,PAGO,2024-10-05
9853,778,Dinheiro,2,,1595.12,PAGO,2023-04-23
9854,9194,PIX,doze,,14592.67,PENDENTE,2023-07-04
9855,9308,Cartão,7,Mastercard,12923.76,PAGO,2023-12-11
9856,7308,Boleto,12,,9368.32,ESTORNADO,2022-06-21
9857,8208,Dinheiro,4,,9878.18,PENDENTE,2023-04-17
9858,1412,PIX,4,,9161.82,Pagoo,2023-05-29
9859,8848,boleto,11,,10587.4,PENDENTE,2024-11-19
9860,1546,Dinheiro,7,,3664.48,PAGO,2024-07-11
9861,419,Boleto,11,,11094.95,ESTORNADO,2023-12-15
9862,4469,Cartão,doze,,6202.67,ESTORNADO,2024-07-05
9863,5275,Boleto,10,,13869.66,PAGO,2024-08-30
9864,2198,Cartão,10,American Express,11827.91,PAGO ,2024-07-18
9865,2836,Cartão,9,,10192.61,Pendente,2024-01-20
9866,10432,Cartão,doze,,11126.98,PENDENTE,2022-01-09
9867,9615,PIX,12,,3698.84,PAGO,2022-03-03
9868,9697,Cartão,8,Elo,9825.36,ESTORNADO,2023-04-24
9869,2072,PIX,4,,mil,ESTORNADO,2023-07-03
9870,9847,PIX,1,,0,PAGO ,2024-07-22
9871,4270,,12,,642.31,PENDENTE,2024-01-28
9872,9538,PIX,7,,-500,ESTORNADO,2023-02-20
9873,834,PIX,4,,11339.49,ESTORNADO,2023-03-08
9874,700,Boleto,5,,14026.99,PAGO,2023-08-31
9875,6220,pix,6,American Express,1386.11,ESTORNADO,2024-05-13
9876,8304,Cartão,10,,1145.92,ESTORNADO,2023-08-10
9877,9403,Cartão,7,,10004.47,ESTORNADO,2023-09-01
9878,1837,Boleto,2,,,ESTORNADO,2022-06-04
9879,9125,,10,,2727.14,Pendente,2023-06-11
9880,11254,Cartão,4,,4776.03,ESTORNADO,2023-06-23
9881,5738,Cartão,2,Mastercard,-500,PAGO,2022-06-03
9882,7912,Dinheiro,7,,R$500,PENDENTE,2023-01-15
9883,9135,Boleto,4,,3634.04,ESTORNADO,2022-08-24
9884,2700,Boleto,10,,10400.87,PENDENTE,2024-01-14
9885,4979,Dinheiro,3,,,Pagoo,2022-09-24
9886,10804,Cartão,4,,,ESTORNADO,2022-05-10
9887,4573,Dinheiro,8,,864.19,PENDENTE,10-15-2022
9888,673,Dinheiro,7,,7145.55,ESTORNADO,2024-04-08
9889,9618,Dinheiro,doze,,249.53,PAGO,2024-05-11
9890,1286,Cartão,3,Elo,11002.54,PENDENTE,2023-05-14
9891,6336,Boleto,6,,,ESTORNADO,2023-04-13
9892,484,Dinheiro,5,,8449.01,PENDENTE,2025-03-16
9893,7368,Boleto,7,,,PAGO,2024-06-10
9894,11351,Boleto,12,,0,PAGO,2024-01-06
9895,11135,boleto,4,,14852.72,PAGO,2023-03-24
9896,7259,Dinheiro,8,,3590.7,PENDENTE,2023/06/07
9897,3857,PIX,4,,12261.85,ESTORNADO,31/02/2025
9898,2863,Dinheiro,9,,4394.54,PENDENTE,2024-03-10
9899,7974,PIX,doze,,,PENDENTE,2024-04-12
9900,11067,Pixx,1,,7603.36,PENDENTE,2022-05-07
9901,6442,Dinheiro,11,,12278.48,PENDENTE,2024-07-21
9902,5063,PIX,1,,449.18,ESTORNADO,2022-10-07
9903,10477,Cartão,1,Elo,13634.29,PENDENTE,2023-05-13
9904,8892,Cartão,5,Hipercard,,PENDENTE,2023-10-04
9905,9783,Dinheiro,7,,1713.85,ESTORNADO,2024-04-28
9906,7345,Boleto,4,,12169.17,pago,2024-03-24
9907,61,Dinheiro,8,,8672.56,PENDENTE,2022-01-30
9908,5535,Boleto,10,,1588.01,pago,2022-09-02
9909,3462,Boleto,2,,10305.62,PAGO,2022-10-04
9910,5045,Cartão,5,,7509.38,ESTORNADO,2022-12-28
9911,5266,PIX,10,,10602.17,ESTORNADO,2023-11-16
9912,4406,Cartão,6,,12087.37,PAGO,2023-09-15
9913,9125,Cartão,4,,10210.47,PAGO,2022-10-18
9914,4598,PIX,6,,6961.72,PENDENTE,2022-04-25
9915,4983,Boleto,1,,696.01,PENDENTE,2023-06-18
9916,8451,PIX,10,,,ESTORNADO,2022-10-08
9917,6537,PIX,3,,11213.21,PAGO,2022-04-12
9918,3214,Boleto,0,,2933.81,PAGO,31/02/2025
9919,8592,Boleto,3,,-500,ESTORNADO,2022-04-19
9920,3299,Cartão,7,Mastercard,R$500,PAGO,2023-01-19
9921,3437,Dinheiro,2,,8408.17,PENDENTE,2025-02-08
9922,9307,PIX,4,,5970.25,PENDENTE,2022-10-20
9923,8298,PIX,9,,14074.42,PAGO,2022-01-18
9924,5156,Cartão,,American Express,14305.32,PAGO,31/02/2025
9925,876,PIX,7,,0,PENDENTE,2024-11-30
9926,5350,Cartão,10,Mastercard,12769.37,PENDENTE,2023-12-15
9927,8047,boleto,2,Hipercard,8652.51,PAGO,2023-07-05
9928,8841,Boleto,11,,5899.49,PAGO,2023-10-25
9929,676,Dinheiro,8,,12947.94,PENDENTE,2022-08-31
9930,5166,Cartão,5,Elo,14306.08,PAGO,2022-08-01
9931,5313,pix,8,,5529.06,,2022-01-05
9932,5377,Cartão,8,,mil,ESTORNADO,2022-12-30
9933,4184,Cartão,9,Elo,14821.89,PENDENTE,2024-02-18
9934,6427,PIX,5,,9755.35,PENDENTE,2023-09-21
9935,8949,PIX,10,,9506.22,ESTORNADO,2023-10-03
9936,3778,Cartão,12,,0,Estornado,2024-03-03
9937,7993,PIX,11,,2362.68,ESTORNADO,2024-01-22
9938,4542,Dinheiro,4,,4972.95,Estornado,2022-12-09
9939,1693,PIX,12,,3520.68,PAGO,2023-08-02
9940,6921,boleto,6,,5770.69,PAGO,2024-11-20
9941,2439,Dinheiro,1,,1341.96,PENDENTE,2025-03-26
9942,6484,Cartão,11,,,PENDENTE,2024-03-20
9943,1462,Cartão,5,American Express,3120.02,PENDENTE,2022-12-16
9944,7820,Dinheiro,6,,10708.62,PENDENTE,2025-04-06
9945,6988,PIX,7,,9635.51,Estornado,2024-08-02
9946,9222,Boleto,3,,2617.11,PAGO,2025-03-29
9947,2637,boleto,12,,10200.2,PENDENTE,2024-06-16
9948,5196,Dinheiro,2,,1266.36,PAGO,2022-04-02
9949,1645,PIX,9,,14729.89,PENDENTE,2022-06-05
9950,3282,pix,11,Elo,500.95,PENDENTE,2022-04-19
9951,6324,PIX,5,,3926.19,PENDENTE,2024-05-07
9952,9867,PIX,3,,10096.79,ESTORNADO,05/04/2022
9953,10068,Boleto,5,,5558.32,PENDENTE,2022-01-14
9954,6406,Boleto,2,,2624.6,PAGO,19/05/2024
9955,4293,Pixx,1,,9062.9,ESTORNADO,2023-11-28
9956,8270,Boleto,2,,4505.19,ESTORNADO,2023-02-15
9957,7028,Cartão,1,,5246.44,PENDENTE,2023-10-29
9958,8315,PIX,,,-500,PAGO,2024-06-11
9959,11888,Boleto,9,,14483.32,PENDENTE,2022-07-30
9960,7446,Boleto,,,11813.05,PAGO,2024-11-08
9961,4799,Cartão,9,,2719.1,ESTORNADO,2022-08-10
9962,6930,Cartão,5,Hipercard,3770.52,PENDENTE,2024-10-07
9963,8194,pix,9,,2584.71,ESTORNADO,2025-02-20
9964,3236,Dinheiro,8,,0,pago,2022-04-22
9965,9134,Pixx,doze,,3216.21,PENDENTE,2022-06-05
9966,2166,PIX,,,8874.85,PAGO,2025-03-04
9967,511,Cartão,7,Visa,11932.13,ESTORNADO,2022-04-23
9968,10860,PIX,11,,12730.5,PAGO,2025-02-18
9969,553,Dinheiro,7,,5943.36,PENDENTE,2022-10-15
9970,4414,Cartão,6,,12925.71,ESTORNADO,2025-03-17
9971,1600,PIX,10,,13605.84,PAGO,2022-09-28
9972,4565,Cartão,12,Visa,14113.61,PENDENTE,2024-05-20
9973,4510,Dinheiro,6,,6555.72,PAGO,2024-11-23
9974,570,PIX,-5,,13993.87,PAGO,2024-11-12
9975,3389,Cartao,,,9613.59,,2023-01-11
9976,174,Dinheiro,7,,8351.14,ESTORNADO,2024-11-22
9977,11360,PIX,5,,9961.5,ESTORNADO,2023-12-09
9978,4014,PIX,11,,4714.43,PAGO,2024-03-25
9979,8495,Cartao,7,,880.61,ESTORNADO,2022-05-23
9980,9357,Dinheiro,12,,12336.45,PENDENTE,2024-09-17
9981,2902,PIX,6,,14019.72,PENDENTE,2024-08-03
9982,907,PIX,8,,10700.75,PAGO,99/99/9999
9983,7875,Cartão,,Mastercard,1592.74,PAGO,18/12/2024
9984,9020,Cartão,7,Visa,7350.09,PENDENTE,2022-05-29
9985,1741,Boleto,6,,7506.32,ESTORNADO,99/99/9999
9986,2718,Boleto,7,,14150.39,ESTORNADO,2024-07-09
9987,2091,PIX,8,,11625.57,PENDENTE,2024-05-30
9988,9230,Dinheiro,12,,12738.81,PENDENTE,2024-10-30
9989,8300,PIX,5,,1786.5,PAGO,2024-11-17
9990,3522,Boleto,10,,293.2,ESTORNADO,2022-02-12
9991,7144,Dinheiro,3,,5624.14,pago,2023-07-12
9992,8530,Boleto,12,,,PAGO,2022-08-31
9993,8834,Boleto,11,,2237.78,ESTORNADO,2024-10-13
9994,8133,PIX,-1,,,PENDENTE,2022-03-09
9995,2524,PIX,8,,10033.87,Pagoo,2022-03-16
9996,5344,PIX,9,,5089.74,ESTORNADO,2023-06-10
9997,6763,Dinheiro,2,,3934.91,PAGO,2024-07-23
9998,6549,Boleto,12,,13342.05,PENDENTE,2023-04-19
9999,219,Cartão,11,Elo,7487.9,PENDENTE,31/02/2025
10000,8680,PIX,8,,6149.9,,2023-11-02